ID No.,Name,Posistion,Current School,Age,Speed,Strength,Tech,Agi,Int,Overall,Victory,Local,Playtime,Money,Hometown
1,Joe Bob,OG,Air Force,3,0,0,0,0,0,0,0,0,0,0,0
2,Joe Bob,OG,Air Force,2,0,0,0,0,0,0,0,0,0,0,0
3,Joe Bob,FB,Air Force,3,0,0,0,0,0,0,0,0,0,0,0
4,Joe Bob,WR,Air Force,3,0,0,0,0,0,0,0,0,0,0,0
5,Joe Bob,QB,Air Force,1,0,0,0,0,0,0,0,0,0,0,0
6,Joe Bob,OG,Air Force,1,0,0,0,0,0,0,0,0,0,0,0
7,Joe Bob,OG,Air Force,1,0,0,0,0,0,0,0,0,0,0,0
8,Joe Bob,OG,Air Force,4,0,0,0,0,0,0,0,0,0,0,0
9,Joe Bob,OG,Air Force,1,0,0,0,0,0,0,0,0,0,0,0
10,Joe Bob,OG,Air Force,2,0,0,0,0,0,0,0,0,0,0,0
11,Joe Bob,OG,Air Force,2,0,0,0,0,0,0,0,0,0,0,0
12,Joe Bob,OT,Air Force,1,0,0,0,0,0,0,0,0,0,0,0
13,Joe Bob,OG,Air Force,1,0,0,0,0,0,0,0,0,0,0,0
14,Joe Bob,OG,Air Force,4,0,0,0,0,0,0,0,0,0,0,0
15,Joe Bob,OG,Air Force,3,0,0,0,0,0,0,0,0,0,0,0
16,Joe Bob,WR,Air Force,3,0,0,0,0,0,0,0,0,0,0,0
17,Joe Bob,OG,Air Force,3,0,0,0,0,0,0,0,0,0,0,0
18,Joe Bob,RB,Air Force,3,0,0,0,0,0,0,0,0,0,0,0
19,Joe Bob,OT,Air Force,4,0,0,0,0,0,0,0,0,0,0,0
20,Joe Bob,OG,Air Force,1,0,0,0,0,0,0,0,0,0,0,0
21,Joe Bob,OG,Air Force,3,0,0,0,0,0,0,0,0,0,0,0
22,Joe Bob,OG,Air Force,1,0,0,0,0,0,0,0,0,0,0,0
23,Joe Bob,OG,Air Force,3,0,0,0,0,0,0,0,0,0,0,0
24,Joe Bob,OG,Air Force,2,0,0,0,0,0,0,0,0,0,0,0
25,Joe Bob,OG,Air Force,4,0,0,0,0,0,0,0,0,0,0,0
26,Joe Bob,OG,Air Force,1,0,0,0,0,0,0,0,0,0,0,0
27,Joe Bob,OT,Air Force,3,0,0,0,0,0,0,0,0,0,0,0
28,Joe Bob,OG,Air Force,4,0,0,0,0,0,0,0,0,0,0,0
29,Joe Bob,OG,Air Force,3,0,0,0,0,0,0,0,0,0,0,0
30,Joe Bob,OG,Air Force,3,0,0,0,0,0,0,0,0,0,0,0
31,Joe Bob,OG,Air Force,2,0,0,0,0,0,0,0,0,0,0,0
32,Joe Bob,OG,Air Force,3,0,0,0,0,0,0,0,0,0,0,0
33,Joe Bob,OG,Air Force,2,0,0,0,0,0,0,0,0,0,0,0
34,Joe Bob,RB,Air Force,3,0,0,0,0,0,0,0,0,0,0,0
35,Joe Bob,OG,Air Force,4,0,0,0,0,0,0,0,0,0,0,0
36,Joe Bob,WR,Air Force,2,0,0,0,0,0,0,0,0,0,0,0
37,Joe Bob,OG,Air Force,2,0,0,0,0,0,0,0,0,0,0,0
38,Joe Bob,WR,Air Force,2,0,0,0,0,0,0,0,0,0,0,0
39,Joe Bob,WR,Air Force,4,0,0,0,0,0,0,0,0,0,0,0
40,Joe Bob,FB,Air Force,1,0,0,0,0,0,0,0,0,0,0,0
41,Joe Bob,OG,Air Force,3,0,0,0,0,0,0,0,0,0,0,0
42,Joe Bob,OT,Air Force,2,0,0,0,0,0,0,0,0,0,0,0
43,Joe Bob,OT,Air Force,3,0,0,0,0,0,0,0,0,0,0,0
44,Joe Bob,FB,Air Force,2,0,0,0,0,0,0,0,0,0,0,0
45,Joe Bob,OG,Air Force,4,0,0,0,0,0,0,0,0,0,0,0
46,Joe Bob,OG,Air Force,1,0,0,0,0,0,0,0,0,0,0,0
47,Joe Bob,OG,Air Force,2,0,0,0,0,0,0,0,0,0,0,0
48,Joe Bob,OG,Air Force,1,0,0,0,0,0,0,0,0,0,0,0
49,Joe Bob,OG,Air Force,2,0,0,0,0,0,0,0,0,0,0,0
50,Joe Bob,OG,Air Force,2,0,0,0,0,0,0,0,0,0,0,0
51,Joe Bob,OG,Air Force,1,0,0,0,0,0,0,0,0,0,0,0
52,Joe Bob,OG,Air Force,3,0,0,0,0,0,0,0,0,0,0,0
53,Joe Bob,OG,Air Force,2,0,0,0,0,0,0,0,0,0,0,0
54,Joe Bob,OG,Air Force,3,0,0,0,0,0,0,0,0,0,0,0
55,Joe Bob,WR,Air Force,3,0,0,0,0,0,0,0,0,0,0,0
56,Joe Bob,FB,Air Force,3,0,0,0,0,0,0,0,0,0,0,0
57,Joe Bob,OG,Air Force,1,0,0,0,0,0,0,0,0,0,0,0
58,Joe Bob,OG,Air Force,2,0,0,0,0,0,0,0,0,0,0,0
59,Joe Bob,OG,Air Force,4,0,0,0,0,0,0,0,0,0,0,0
60,Joe Bob,OG,Air Force,4,0,0,0,0,0,0,0,0,0,0,0
61,Joe Bob,OG,Air Force,4,0,0,0,0,0,0,0,0,0,0,0
62,Joe Bob,WR,Air Force,1,0,0,0,0,0,0,0,0,0,0,0
63,Joe Bob,OG,Air Force,2,0,0,0,0,0,0,0,0,0,0,0
64,Joe Bob,WR,Air Force,2,0,0,0,0,0,0,0,0,0,0,0
65,Joe Bob,OG,Air Force,4,0,0,0,0,0,0,0,0,0,0,0
66,Joe Bob,OG,Air Force,2,0,0,0,0,0,0,0,0,0,0,0
67,Joe Bob,OG,Air Force,2,0,0,0,0,0,0,0,0,0,0,0
68,Joe Bob,OG,Air Force,2,0,0,0,0,0,0,0,0,0,0,0
69,Joe Bob,OG,Air Force,2,0,0,0,0,0,0,0,0,0,0,0
70,Joe Bob,OG,Air Force,2,0,0,0,0,0,0,0,0,0,0,0
71,Joe Bob,WR,Air Force,2,0,0,0,0,0,0,0,0,0,0,0
72,Joe Bob,OG,Air Force,3,0,0,0,0,0,0,0,0,0,0,0
73,Joe Bob,OG,Air Force,3,0,0,0,0,0,0,0,0,0,0,0
74,Joe Bob,OG,Air Force,1,0,0,0,0,0,0,0,0,0,0,0
75,Joe Bob,OG,Air Force,3,0,0,0,0,0,0,0,0,0,0,0
76,Joe Bob,WR,Akron,1,0,0,0,0,0,0,0,0,0,0,0
77,Joe Bob,QB,Akron,2,0,0,0,0,0,0,0,0,0,0,0
78,Joe Bob,OG,Akron,4,0,0,0,0,0,0,0,0,0,0,0
79,Joe Bob,WR,Akron,2,0,0,0,0,0,0,0,0,0,0,0
80,Joe Bob,OG,Akron,1,0,0,0,0,0,0,0,0,0,0,0
81,Joe Bob,OG,Akron,2,0,0,0,0,0,0,0,0,0,0,0
82,Joe Bob,OG,Akron,2,0,0,0,0,0,0,0,0,0,0,0
83,Joe Bob,OG,Akron,2,0,0,0,0,0,0,0,0,0,0,0
84,Joe Bob,OG,Akron,3,0,0,0,0,0,0,0,0,0,0,0
85,Joe Bob,OG,Akron,2,0,0,0,0,0,0,0,0,0,0,0
86,Joe Bob,FB,Akron,3,0,0,0,0,0,0,0,0,0,0,0
87,Joe Bob,OG,Akron,1,0,0,0,0,0,0,0,0,0,0,0
88,Joe Bob,OG,Akron,2,0,0,0,0,0,0,0,0,0,0,0
89,Joe Bob,OG,Akron,4,0,0,0,0,0,0,0,0,0,0,0
90,Joe Bob,RB,Akron,3,0,0,0,0,0,0,0,0,0,0,0
91,Joe Bob,OG,Akron,4,0,0,0,0,0,0,0,0,0,0,0
92,Joe Bob,QB,Akron,1,0,0,0,0,0,0,0,0,0,0,0
93,Joe Bob,OG,Akron,4,0,0,0,0,0,0,0,0,0,0,0
94,Joe Bob,FB,Akron,2,0,0,0,0,0,0,0,0,0,0,0
95,Joe Bob,OG,Akron,4,0,0,0,0,0,0,0,0,0,0,0
96,Joe Bob,WR,Akron,2,0,0,0,0,0,0,0,0,0,0,0
97,Joe Bob,OG,Akron,2,0,0,0,0,0,0,0,0,0,0,0
98,Joe Bob,OG,Akron,1,0,0,0,0,0,0,0,0,0,0,0
99,Joe Bob,OG,Akron,2,0,0,0,0,0,0,0,0,0,0,0
100,Joe Bob,OG,Akron,2,0,0,0,0,0,0,0,0,0,0,0
101,Joe Bob,OG,Akron,1,0,0,0,0,0,0,0,0,0,0,0
102,Joe Bob,OG,Akron,3,0,0,0,0,0,0,0,0,0,0,0
103,Joe Bob,OG,Akron,2,0,0,0,0,0,0,0,0,0,0,0
104,Joe Bob,OG,Akron,4,0,0,0,0,0,0,0,0,0,0,0
105,Joe Bob,FB,Akron,3,0,0,0,0,0,0,0,0,0,0,0
106,Joe Bob,OG,Akron,3,0,0,0,0,0,0,0,0,0,0,0
107,Joe Bob,OG,Akron,1,0,0,0,0,0,0,0,0,0,0,0
108,Joe Bob,OG,Akron,3,0,0,0,0,0,0,0,0,0,0,0
109,Joe Bob,OG,Akron,4,0,0,0,0,0,0,0,0,0,0,0
110,Joe Bob,OG,Akron,2,0,0,0,0,0,0,0,0,0,0,0
111,Joe Bob,QB,Akron,3,0,0,0,0,0,0,0,0,0,0,0
112,Joe Bob,OG,Akron,3,0,0,0,0,0,0,0,0,0,0,0
113,Joe Bob,WR,Akron,4,0,0,0,0,0,0,0,0,0,0,0
114,Joe Bob,OG,Akron,1,0,0,0,0,0,0,0,0,0,0,0
115,Joe Bob,OG,Akron,4,0,0,0,0,0,0,0,0,0,0,0
116,Joe Bob,OG,Akron,1,0,0,0,0,0,0,0,0,0,0,0
117,Joe Bob,OG,Akron,4,0,0,0,0,0,0,0,0,0,0,0
118,Joe Bob,OG,Akron,1,0,0,0,0,0,0,0,0,0,0,0
119,Joe Bob,OG,Akron,1,0,0,0,0,0,0,0,0,0,0,0
120,Joe Bob,OG,Akron,1,0,0,0,0,0,0,0,0,0,0,0
121,Joe Bob,OG,Akron,1,0,0,0,0,0,0,0,0,0,0,0
122,Joe Bob,OT,Akron,1,0,0,0,0,0,0,0,0,0,0,0
123,Joe Bob,OG,Akron,2,0,0,0,0,0,0,0,0,0,0,0
124,Joe Bob,OG,Akron,4,0,0,0,0,0,0,0,0,0,0,0
125,Joe Bob,QB,Akron,1,0,0,0,0,0,0,0,0,0,0,0
126,Joe Bob,OG,Akron,3,0,0,0,0,0,0,0,0,0,0,0
127,Joe Bob,WR,Akron,2,0,0,0,0,0,0,0,0,0,0,0
128,Joe Bob,OT,Akron,3,0,0,0,0,0,0,0,0,0,0,0
129,Joe Bob,OG,Akron,4,0,0,0,0,0,0,0,0,0,0,0
130,Joe Bob,WR,Akron,3,0,0,0,0,0,0,0,0,0,0,0
131,Joe Bob,FB,Akron,4,0,0,0,0,0,0,0,0,0,0,0
132,Joe Bob,OT,Akron,3,0,0,0,0,0,0,0,0,0,0,0
133,Joe Bob,OG,Akron,4,0,0,0,0,0,0,0,0,0,0,0
134,Joe Bob,OG,Akron,2,0,0,0,0,0,0,0,0,0,0,0
135,Joe Bob,OG,Akron,1,0,0,0,0,0,0,0,0,0,0,0
136,Joe Bob,OT,Akron,1,0,0,0,0,0,0,0,0,0,0,0
137,Joe Bob,OG,Akron,1,0,0,0,0,0,0,0,0,0,0,0
138,Joe Bob,OG,Akron,4,0,0,0,0,0,0,0,0,0,0,0
139,Joe Bob,OG,Akron,3,0,0,0,0,0,0,0,0,0,0,0
140,Joe Bob,OG,Akron,2,0,0,0,0,0,0,0,0,0,0,0
141,Joe Bob,OG,Akron,2,0,0,0,0,0,0,0,0,0,0,0
142,Joe Bob,OG,Akron,1,0,0,0,0,0,0,0,0,0,0,0
143,Joe Bob,QB,Akron,1,0,0,0,0,0,0,0,0,0,0,0
144,Joe Bob,OG,Akron,1,0,0,0,0,0,0,0,0,0,0,0
145,Joe Bob,OG,Akron,3,0,0,0,0,0,0,0,0,0,0,0
146,Joe Bob,OG,Akron,1,0,0,0,0,0,0,0,0,0,0,0
147,Joe Bob,OG,Akron,4,0,0,0,0,0,0,0,0,0,0,0
148,Joe Bob,OG,Akron,1,0,0,0,0,0,0,0,0,0,0,0
149,Joe Bob,OG,Akron,1,0,0,0,0,0,0,0,0,0,0,0
150,Joe Bob,OG,Akron,1,0,0,0,0,0,0,0,0,0,0,0
151,Joe Bob,OG,Alabama,4,0,0,0,0,0,0,0,0,0,0,0
152,Joe Bob,OG,Alabama,1,0,0,0,0,0,0,0,0,0,0,0
153,Joe Bob,OG,Alabama,2,0,0,0,0,0,0,0,0,0,0,0
154,Joe Bob,OG,Alabama,3,0,0,0,0,0,0,0,0,0,0,0
155,Joe Bob,OG,Alabama,2,0,0,0,0,0,0,0,0,0,0,0
156,Joe Bob,OG,Alabama,2,0,0,0,0,0,0,0,0,0,0,0
157,Joe Bob,OG,Alabama,2,0,0,0,0,0,0,0,0,0,0,0
158,Joe Bob,OG,Alabama,2,0,0,0,0,0,0,0,0,0,0,0
159,Joe Bob,OG,Alabama,4,0,0,0,0,0,0,0,0,0,0,0
160,Joe Bob,OT,Alabama,3,0,0,0,0,0,0,0,0,0,0,0
161,Joe Bob,OG,Alabama,3,0,0,0,0,0,0,0,0,0,0,0
162,Joe Bob,OT,Alabama,3,0,0,0,0,0,0,0,0,0,0,0
163,Joe Bob,OG,Alabama,1,0,0,0,0,0,0,0,0,0,0,0
164,Joe Bob,OG,Alabama,4,0,0,0,0,0,0,0,0,0,0,0
165,Joe Bob,OG,Alabama,4,0,0,0,0,0,0,0,0,0,0,0
166,Joe Bob,QB,Alabama,1,0,0,0,0,0,0,0,0,0,0,0
167,Joe Bob,OG,Alabama,1,0,0,0,0,0,0,0,0,0,0,0
168,Joe Bob,OG,Alabama,1,0,0,0,0,0,0,0,0,0,0,0
169,Joe Bob,OG,Alabama,1,0,0,0,0,0,0,0,0,0,0,0
170,Joe Bob,OG,Alabama,2,0,0,0,0,0,0,0,0,0,0,0
171,Joe Bob,OG,Alabama,2,0,0,0,0,0,0,0,0,0,0,0
172,Joe Bob,OG,Alabama,2,0,0,0,0,0,0,0,0,0,0,0
173,Joe Bob,OG,Alabama,3,0,0,0,0,0,0,0,0,0,0,0
174,Joe Bob,OG,Alabama,3,0,0,0,0,0,0,0,0,0,0,0
175,Joe Bob,OT,Alabama,2,0,0,0,0,0,0,0,0,0,0,0
176,Joe Bob,OG,Alabama,4,0,0,0,0,0,0,0,0,0,0,0
177,Joe Bob,WR,Alabama,2,0,0,0,0,0,0,0,0,0,0,0
178,Joe Bob,OG,Alabama,2,0,0,0,0,0,0,0,0,0,0,0
179,Joe Bob,OG,Alabama,1,0,0,0,0,0,0,0,0,0,0,0
180,Joe Bob,OG,Alabama,2,0,0,0,0,0,0,0,0,0,0,0
181,Joe Bob,WR,Alabama,3,0,0,0,0,0,0,0,0,0,0,0
182,Joe Bob,OG,Alabama,4,0,0,0,0,0,0,0,0,0,0,0
183,Joe Bob,OG,Alabama,4,0,0,0,0,0,0,0,0,0,0,0
184,Joe Bob,OG,Alabama,1,0,0,0,0,0,0,0,0,0,0,0
185,Joe Bob,WR,Alabama,3,0,0,0,0,0,0,0,0,0,0,0
186,Joe Bob,OG,Alabama,4,0,0,0,0,0,0,0,0,0,0,0
187,Joe Bob,OG,Alabama,3,0,0,0,0,0,0,0,0,0,0,0
188,Joe Bob,WR,Alabama,3,0,0,0,0,0,0,0,0,0,0,0
189,Joe Bob,OG,Alabama,4,0,0,0,0,0,0,0,0,0,0,0
190,Joe Bob,OG,Alabama,3,0,0,0,0,0,0,0,0,0,0,0
191,Joe Bob,OG,Alabama,1,0,0,0,0,0,0,0,0,0,0,0
192,Joe Bob,WR,Alabama,3,0,0,0,0,0,0,0,0,0,0,0
193,Joe Bob,WR,Alabama,2,0,0,0,0,0,0,0,0,0,0,0
194,Joe Bob,OG,Alabama,4,0,0,0,0,0,0,0,0,0,0,0
195,Joe Bob,OG,Alabama,4,0,0,0,0,0,0,0,0,0,0,0
196,Joe Bob,OG,Alabama,3,0,0,0,0,0,0,0,0,0,0,0
197,Joe Bob,OG,Alabama,1,0,0,0,0,0,0,0,0,0,0,0
198,Joe Bob,OG,Alabama,2,0,0,0,0,0,0,0,0,0,0,0
199,Joe Bob,OG,Alabama,2,0,0,0,0,0,0,0,0,0,0,0
200,Joe Bob,OG,Alabama,2,0,0,0,0,0,0,0,0,0,0,0
201,Joe Bob,OG,Alabama,3,0,0,0,0,0,0,0,0,0,0,0
202,Joe Bob,OG,Alabama,3,0,0,0,0,0,0,0,0,0,0,0
203,Joe Bob,OG,Alabama,3,0,0,0,0,0,0,0,0,0,0,0
204,Joe Bob,WR,Alabama,3,0,0,0,0,0,0,0,0,0,0,0
205,Joe Bob,OT,Alabama,2,0,0,0,0,0,0,0,0,0,0,0
206,Joe Bob,QB,Alabama,1,0,0,0,0,0,0,0,0,0,0,0
207,Joe Bob,QB,Alabama,4,0,0,0,0,0,0,0,0,0,0,0
208,Joe Bob,OT,Alabama,3,0,0,0,0,0,0,0,0,0,0,0
209,Joe Bob,OG,Alabama,4,0,0,0,0,0,0,0,0,0,0,0
210,Joe Bob,OG,Alabama,4,0,0,0,0,0,0,0,0,0,0,0
211,Joe Bob,OG,Alabama,1,0,0,0,0,0,0,0,0,0,0,0
212,Joe Bob,OG,Alabama,1,0,0,0,0,0,0,0,0,0,0,0
213,Joe Bob,WR,Alabama,2,0,0,0,0,0,0,0,0,0,0,0
214,Joe Bob,OG,Alabama,1,0,0,0,0,0,0,0,0,0,0,0
215,Joe Bob,OG,Alabama,3,0,0,0,0,0,0,0,0,0,0,0
216,Joe Bob,OG,Alabama,3,0,0,0,0,0,0,0,0,0,0,0
217,Joe Bob,WR,Alabama,4,0,0,0,0,0,0,0,0,0,0,0
218,Joe Bob,OG,Alabama,2,0,0,0,0,0,0,0,0,0,0,0
219,Joe Bob,RB,Alabama,3,0,0,0,0,0,0,0,0,0,0,0
220,Joe Bob,RB,Alabama,4,0,0,0,0,0,0,0,0,0,0,0
221,Joe Bob,OT,Alabama,3,0,0,0,0,0,0,0,0,0,0,0
222,Joe Bob,OG,Alabama,4,0,0,0,0,0,0,0,0,0,0,0
223,Joe Bob,OG,Alabama,4,0,0,0,0,0,0,0,0,0,0,0
224,Joe Bob,OG,Alabama,4,0,0,0,0,0,0,0,0,0,0,0
225,Joe Bob,WR,Alabama,1,0,0,0,0,0,0,0,0,0,0,0
226,Joe Bob,WR,App. St.,1,0,0,0,0,0,0,0,0,0,0,0
227,Joe Bob,OG,App. St.,1,0,0,0,0,0,0,0,0,0,0,0
228,Joe Bob,WR,App. St.,1,0,0,0,0,0,0,0,0,0,0,0
229,Joe Bob,OG,App. St.,4,0,0,0,0,0,0,0,0,0,0,0
230,Joe Bob,OG,App. St.,3,0,0,0,0,0,0,0,0,0,0,0
231,Joe Bob,OG,App. St.,1,0,0,0,0,0,0,0,0,0,0,0
232,Joe Bob,OG,App. St.,3,0,0,0,0,0,0,0,0,0,0,0
233,Joe Bob,OG,App. St.,4,0,0,0,0,0,0,0,0,0,0,0
234,Joe Bob,FB,App. St.,1,0,0,0,0,0,0,0,0,0,0,0
235,Joe Bob,OG,App. St.,4,0,0,0,0,0,0,0,0,0,0,0
236,Joe Bob,OG,App. St.,3,0,0,0,0,0,0,0,0,0,0,0
237,Joe Bob,OT,App. St.,4,0,0,0,0,0,0,0,0,0,0,0
238,Joe Bob,OG,App. St.,4,0,0,0,0,0,0,0,0,0,0,0
239,Joe Bob,OG,App. St.,3,0,0,0,0,0,0,0,0,0,0,0
240,Joe Bob,OT,App. St.,1,0,0,0,0,0,0,0,0,0,0,0
241,Joe Bob,QB,App. St.,4,0,0,0,0,0,0,0,0,0,0,0
242,Joe Bob,OG,App. St.,3,0,0,0,0,0,0,0,0,0,0,0
243,Joe Bob,OG,App. St.,3,0,0,0,0,0,0,0,0,0,0,0
244,Joe Bob,OG,App. St.,3,0,0,0,0,0,0,0,0,0,0,0
245,Joe Bob,OT,App. St.,2,0,0,0,0,0,0,0,0,0,0,0
246,Joe Bob,WR,App. St.,2,0,0,0,0,0,0,0,0,0,0,0
247,Joe Bob,OG,App. St.,1,0,0,0,0,0,0,0,0,0,0,0
248,Joe Bob,OG,App. St.,2,0,0,0,0,0,0,0,0,0,0,0
249,Joe Bob,OG,App. St.,3,0,0,0,0,0,0,0,0,0,0,0
250,Joe Bob,OG,App. St.,2,0,0,0,0,0,0,0,0,0,0,0
251,Joe Bob,OG,App. St.,1,0,0,0,0,0,0,0,0,0,0,0
252,Joe Bob,OG,App. St.,1,0,0,0,0,0,0,0,0,0,0,0
253,Joe Bob,OG,App. St.,3,0,0,0,0,0,0,0,0,0,0,0
254,Joe Bob,OG,App. St.,1,0,0,0,0,0,0,0,0,0,0,0
255,Joe Bob,OG,App. St.,2,0,0,0,0,0,0,0,0,0,0,0
256,Joe Bob,OG,App. St.,3,0,0,0,0,0,0,0,0,0,0,0
257,Joe Bob,RB,App. St.,2,0,0,0,0,0,0,0,0,0,0,0
258,Joe Bob,FB,App. St.,4,0,0,0,0,0,0,0,0,0,0,0
259,Joe Bob,OG,App. St.,2,0,0,0,0,0,0,0,0,0,0,0
260,Joe Bob,RB,App. St.,3,0,0,0,0,0,0,0,0,0,0,0
261,Joe Bob,OG,App. St.,4,0,0,0,0,0,0,0,0,0,0,0
262,Joe Bob,OT,App. St.,3,0,0,0,0,0,0,0,0,0,0,0
263,Joe Bob,WR,App. St.,1,0,0,0,0,0,0,0,0,0,0,0
264,Joe Bob,OG,App. St.,4,0,0,0,0,0,0,0,0,0,0,0
265,Joe Bob,OG,App. St.,1,0,0,0,0,0,0,0,0,0,0,0
266,Joe Bob,OG,App. St.,1,0,0,0,0,0,0,0,0,0,0,0
267,Joe Bob,OG,App. St.,1,0,0,0,0,0,0,0,0,0,0,0
268,Joe Bob,OG,App. St.,1,0,0,0,0,0,0,0,0,0,0,0
269,Joe Bob,OG,App. St.,2,0,0,0,0,0,0,0,0,0,0,0
270,Joe Bob,OG,App. St.,2,0,0,0,0,0,0,0,0,0,0,0
271,Joe Bob,OG,App. St.,1,0,0,0,0,0,0,0,0,0,0,0
272,Joe Bob,OG,App. St.,1,0,0,0,0,0,0,0,0,0,0,0
273,Joe Bob,OG,App. St.,3,0,0,0,0,0,0,0,0,0,0,0
274,Joe Bob,OG,App. St.,3,0,0,0,0,0,0,0,0,0,0,0
275,Joe Bob,OG,App. St.,2,0,0,0,0,0,0,0,0,0,0,0
276,Joe Bob,RB,App. St.,3,0,0,0,0,0,0,0,0,0,0,0
277,Joe Bob,WR,App. St.,3,0,0,0,0,0,0,0,0,0,0,0
278,Joe Bob,OG,App. St.,4,0,0,0,0,0,0,0,0,0,0,0
279,Joe Bob,OG,App. St.,4,0,0,0,0,0,0,0,0,0,0,0
280,Joe Bob,OG,App. St.,4,0,0,0,0,0,0,0,0,0,0,0
281,Joe Bob,OG,App. St.,3,0,0,0,0,0,0,0,0,0,0,0
282,Joe Bob,OT,App. St.,2,0,0,0,0,0,0,0,0,0,0,0
283,Joe Bob,OT,App. St.,2,0,0,0,0,0,0,0,0,0,0,0
284,Joe Bob,OG,App. St.,2,0,0,0,0,0,0,0,0,0,0,0
285,Joe Bob,OG,App. St.,2,0,0,0,0,0,0,0,0,0,0,0
286,Joe Bob,OG,App. St.,1,0,0,0,0,0,0,0,0,0,0,0
287,Joe Bob,OG,App. St.,4,0,0,0,0,0,0,0,0,0,0,0
288,Joe Bob,OG,App. St.,2,0,0,0,0,0,0,0,0,0,0,0
289,Joe Bob,FB,App. St.,3,0,0,0,0,0,0,0,0,0,0,0
290,Joe Bob,OG,App. St.,3,0,0,0,0,0,0,0,0,0,0,0
291,Joe Bob,RB,App. St.,2,0,0,0,0,0,0,0,0,0,0,0
292,Joe Bob,QB,App. St.,4,0,0,0,0,0,0,0,0,0,0,0
293,Joe Bob,OG,App. St.,1,0,0,0,0,0,0,0,0,0,0,0
294,Joe Bob,OG,App. St.,3,0,0,0,0,0,0,0,0,0,0,0
295,Joe Bob,OG,App. St.,4,0,0,0,0,0,0,0,0,0,0,0
296,Joe Bob,OG,App. St.,3,0,0,0,0,0,0,0,0,0,0,0
297,Joe Bob,OT,App. St.,2,0,0,0,0,0,0,0,0,0,0,0
298,Joe Bob,OT,App. St.,1,0,0,0,0,0,0,0,0,0,0,0
299,Joe Bob,OG,App. St.,4,0,0,0,0,0,0,0,0,0,0,0
300,Joe Bob,OT,App. St.,3,0,0,0,0,0,0,0,0,0,0,0
301,Joe Bob,OG,Arizona,4,0,0,0,0,0,0,0,0,0,0,0
302,Joe Bob,OG,Arizona,2,0,0,0,0,0,0,0,0,0,0,0
303,Joe Bob,OG,Arizona,2,0,0,0,0,0,0,0,0,0,0,0
304,Joe Bob,OG,Arizona,2,0,0,0,0,0,0,0,0,0,0,0
305,Joe Bob,OG,Arizona,3,0,0,0,0,0,0,0,0,0,0,0
306,Joe Bob,OG,Arizona,2,0,0,0,0,0,0,0,0,0,0,0
307,Joe Bob,OG,Arizona,3,0,0,0,0,0,0,0,0,0,0,0
308,Joe Bob,OG,Arizona,4,0,0,0,0,0,0,0,0,0,0,0
309,Joe Bob,WR,Arizona,2,0,0,0,0,0,0,0,0,0,0,0
310,Joe Bob,RB,Arizona,1,0,0,0,0,0,0,0,0,0,0,0
311,Joe Bob,RB,Arizona,2,0,0,0,0,0,0,0,0,0,0,0
312,Joe Bob,WR,Arizona,4,0,0,0,0,0,0,0,0,0,0,0
313,Joe Bob,RB,Arizona,1,0,0,0,0,0,0,0,0,0,0,0
314,Joe Bob,OG,Arizona,3,0,0,0,0,0,0,0,0,0,0,0
315,Joe Bob,OT,Arizona,1,0,0,0,0,0,0,0,0,0,0,0
316,Joe Bob,OG,Arizona,4,0,0,0,0,0,0,0,0,0,0,0
317,Joe Bob,WR,Arizona,1,0,0,0,0,0,0,0,0,0,0,0
318,Joe Bob,OG,Arizona,4,0,0,0,0,0,0,0,0,0,0,0
319,Joe Bob,OG,Arizona,1,0,0,0,0,0,0,0,0,0,0,0
320,Joe Bob,OG,Arizona,2,0,0,0,0,0,0,0,0,0,0,0
321,Joe Bob,OG,Arizona,1,0,0,0,0,0,0,0,0,0,0,0
322,Joe Bob,OG,Arizona,1,0,0,0,0,0,0,0,0,0,0,0
323,Joe Bob,OG,Arizona,2,0,0,0,0,0,0,0,0,0,0,0
324,Joe Bob,OG,Arizona,1,0,0,0,0,0,0,0,0,0,0,0
325,Joe Bob,OG,Arizona,2,0,0,0,0,0,0,0,0,0,0,0
326,Joe Bob,OG,Arizona,2,0,0,0,0,0,0,0,0,0,0,0
327,Joe Bob,OG,Arizona,3,0,0,0,0,0,0,0,0,0,0,0
328,Joe Bob,WR,Arizona,2,0,0,0,0,0,0,0,0,0,0,0
329,Joe Bob,RB,Arizona,2,0,0,0,0,0,0,0,0,0,0,0
330,Joe Bob,OG,Arizona,1,0,0,0,0,0,0,0,0,0,0,0
331,Joe Bob,OT,Arizona,2,0,0,0,0,0,0,0,0,0,0,0
332,Joe Bob,OG,Arizona,4,0,0,0,0,0,0,0,0,0,0,0
333,Joe Bob,OG,Arizona,3,0,0,0,0,0,0,0,0,0,0,0
334,Joe Bob,OG,Arizona,4,0,0,0,0,0,0,0,0,0,0,0
335,Joe Bob,WR,Arizona,1,0,0,0,0,0,0,0,0,0,0,0
336,Joe Bob,OT,Arizona,1,0,0,0,0,0,0,0,0,0,0,0
337,Joe Bob,RB,Arizona,1,0,0,0,0,0,0,0,0,0,0,0
338,Joe Bob,OG,Arizona,4,0,0,0,0,0,0,0,0,0,0,0
339,Joe Bob,OG,Arizona,1,0,0,0,0,0,0,0,0,0,0,0
340,Joe Bob,OG,Arizona,2,0,0,0,0,0,0,0,0,0,0,0
341,Joe Bob,OG,Arizona,1,0,0,0,0,0,0,0,0,0,0,0
342,Joe Bob,OG,Arizona,2,0,0,0,0,0,0,0,0,0,0,0
343,Joe Bob,OG,Arizona,2,0,0,0,0,0,0,0,0,0,0,0
344,Joe Bob,FB,Arizona,1,0,0,0,0,0,0,0,0,0,0,0
345,Joe Bob,OG,Arizona,3,0,0,0,0,0,0,0,0,0,0,0
346,Joe Bob,OT,Arizona,3,0,0,0,0,0,0,0,0,0,0,0
347,Joe Bob,OG,Arizona,4,0,0,0,0,0,0,0,0,0,0,0
348,Joe Bob,OT,Arizona,2,0,0,0,0,0,0,0,0,0,0,0
349,Joe Bob,RB,Arizona,1,0,0,0,0,0,0,0,0,0,0,0
350,Joe Bob,OG,Arizona,1,0,0,0,0,0,0,0,0,0,0,0
351,Joe Bob,OG,Arizona,3,0,0,0,0,0,0,0,0,0,0,0
352,Joe Bob,OG,Arizona,1,0,0,0,0,0,0,0,0,0,0,0
353,Joe Bob,OG,Arizona,4,0,0,0,0,0,0,0,0,0,0,0
354,Joe Bob,OG,Arizona,2,0,0,0,0,0,0,0,0,0,0,0
355,Joe Bob,OG,Arizona,2,0,0,0,0,0,0,0,0,0,0,0
356,Joe Bob,OG,Arizona,2,0,0,0,0,0,0,0,0,0,0,0
357,Joe Bob,OG,Arizona,2,0,0,0,0,0,0,0,0,0,0,0
358,Joe Bob,OG,Arizona,1,0,0,0,0,0,0,0,0,0,0,0
359,Joe Bob,QB,Arizona,3,0,0,0,0,0,0,0,0,0,0,0
360,Joe Bob,OG,Arizona,4,0,0,0,0,0,0,0,0,0,0,0
361,Joe Bob,OG,Arizona,2,0,0,0,0,0,0,0,0,0,0,0
362,Joe Bob,OG,Arizona,4,0,0,0,0,0,0,0,0,0,0,0
363,Joe Bob,QB,Arizona,3,0,0,0,0,0,0,0,0,0,0,0
364,Joe Bob,FB,Arizona,3,0,0,0,0,0,0,0,0,0,0,0
365,Joe Bob,OG,Arizona,1,0,0,0,0,0,0,0,0,0,0,0
366,Joe Bob,OG,Arizona,4,0,0,0,0,0,0,0,0,0,0,0
367,Joe Bob,RB,Arizona,2,0,0,0,0,0,0,0,0,0,0,0
368,Joe Bob,OG,Arizona,3,0,0,0,0,0,0,0,0,0,0,0
369,Joe Bob,WR,Arizona,1,0,0,0,0,0,0,0,0,0,0,0
370,Joe Bob,OG,Arizona,2,0,0,0,0,0,0,0,0,0,0,0
371,Joe Bob,OG,Arizona,1,0,0,0,0,0,0,0,0,0,0,0
372,Joe Bob,OG,Arizona,2,0,0,0,0,0,0,0,0,0,0,0
373,Joe Bob,OG,Arizona,2,0,0,0,0,0,0,0,0,0,0,0
374,Joe Bob,OG,Arizona,1,0,0,0,0,0,0,0,0,0,0,0
375,Joe Bob,OG,Arizona,3,0,0,0,0,0,0,0,0,0,0,0
376,Joe Bob,OG,Arizona State,2,0,0,0,0,0,0,0,0,0,0,0
377,Joe Bob,OG,Arizona State,4,0,0,0,0,0,0,0,0,0,0,0
378,Joe Bob,QB,Arizona State,2,0,0,0,0,0,0,0,0,0,0,0
379,Joe Bob,OG,Arizona State,3,0,0,0,0,0,0,0,0,0,0,0
380,Joe Bob,OG,Arizona State,4,0,0,0,0,0,0,0,0,0,0,0
381,Joe Bob,OG,Arizona State,3,0,0,0,0,0,0,0,0,0,0,0
382,Joe Bob,OG,Arizona State,1,0,0,0,0,0,0,0,0,0,0,0
383,Joe Bob,OG,Arizona State,3,0,0,0,0,0,0,0,0,0,0,0
384,Joe Bob,OG,Arizona State,4,0,0,0,0,0,0,0,0,0,0,0
385,Joe Bob,WR,Arizona State,3,0,0,0,0,0,0,0,0,0,0,0
386,Joe Bob,OG,Arizona State,4,0,0,0,0,0,0,0,0,0,0,0
387,Joe Bob,OG,Arizona State,1,0,0,0,0,0,0,0,0,0,0,0
388,Joe Bob,OG,Arizona State,3,0,0,0,0,0,0,0,0,0,0,0
389,Joe Bob,WR,Arizona State,1,0,0,0,0,0,0,0,0,0,0,0
390,Joe Bob,WR,Arizona State,4,0,0,0,0,0,0,0,0,0,0,0
391,Joe Bob,OG,Arizona State,1,0,0,0,0,0,0,0,0,0,0,0
392,Joe Bob,OG,Arizona State,1,0,0,0,0,0,0,0,0,0,0,0
393,Joe Bob,OG,Arizona State,4,0,0,0,0,0,0,0,0,0,0,0
394,Joe Bob,OG,Arizona State,1,0,0,0,0,0,0,0,0,0,0,0
395,Joe Bob,OG,Arizona State,1,0,0,0,0,0,0,0,0,0,0,0
396,Joe Bob,OG,Arizona State,1,0,0,0,0,0,0,0,0,0,0,0
397,Joe Bob,OG,Arizona State,4,0,0,0,0,0,0,0,0,0,0,0
398,Joe Bob,OG,Arizona State,4,0,0,0,0,0,0,0,0,0,0,0
399,Joe Bob,OG,Arizona State,3,0,0,0,0,0,0,0,0,0,0,0
400,Joe Bob,RB,Arizona State,2,0,0,0,0,0,0,0,0,0,0,0
401,Joe Bob,WR,Arizona State,3,0,0,0,0,0,0,0,0,0,0,0
402,Joe Bob,OG,Arizona State,4,0,0,0,0,0,0,0,0,0,0,0
403,Joe Bob,OG,Arizona State,3,0,0,0,0,0,0,0,0,0,0,0
404,Joe Bob,OG,Arizona State,4,0,0,0,0,0,0,0,0,0,0,0
405,Joe Bob,OT,Arizona State,3,0,0,0,0,0,0,0,0,0,0,0
406,Joe Bob,OG,Arizona State,4,0,0,0,0,0,0,0,0,0,0,0
407,Joe Bob,OG,Arizona State,2,0,0,0,0,0,0,0,0,0,0,0
408,Joe Bob,OT,Arizona State,4,0,0,0,0,0,0,0,0,0,0,0
409,Joe Bob,OT,Arizona State,1,0,0,0,0,0,0,0,0,0,0,0
410,Joe Bob,OG,Arizona State,1,0,0,0,0,0,0,0,0,0,0,0
411,Joe Bob,OG,Arizona State,4,0,0,0,0,0,0,0,0,0,0,0
412,Joe Bob,OG,Arizona State,2,0,0,0,0,0,0,0,0,0,0,0
413,Joe Bob,OG,Arizona State,2,0,0,0,0,0,0,0,0,0,0,0
414,Joe Bob,OG,Arizona State,2,0,0,0,0,0,0,0,0,0,0,0
415,Joe Bob,OG,Arizona State,1,0,0,0,0,0,0,0,0,0,0,0
416,Joe Bob,OG,Arizona State,1,0,0,0,0,0,0,0,0,0,0,0
417,Joe Bob,OG,Arizona State,4,0,0,0,0,0,0,0,0,0,0,0
418,Joe Bob,OT,Arizona State,2,0,0,0,0,0,0,0,0,0,0,0
419,Joe Bob,OG,Arizona State,3,0,0,0,0,0,0,0,0,0,0,0
420,Joe Bob,WR,Arizona State,3,0,0,0,0,0,0,0,0,0,0,0
421,Joe Bob,FB,Arizona State,4,0,0,0,0,0,0,0,0,0,0,0
422,Joe Bob,RB,Arizona State,1,0,0,0,0,0,0,0,0,0,0,0
423,Joe Bob,OT,Arizona State,1,0,0,0,0,0,0,0,0,0,0,0
424,Joe Bob,OG,Arizona State,4,0,0,0,0,0,0,0,0,0,0,0
425,Joe Bob,OG,Arizona State,1,0,0,0,0,0,0,0,0,0,0,0
426,Joe Bob,OG,Arizona State,2,0,0,0,0,0,0,0,0,0,0,0
427,Joe Bob,OG,Arizona State,3,0,0,0,0,0,0,0,0,0,0,0
428,Joe Bob,OG,Arizona State,1,0,0,0,0,0,0,0,0,0,0,0
429,Joe Bob,OG,Arizona State,1,0,0,0,0,0,0,0,0,0,0,0
430,Joe Bob,OG,Arizona State,2,0,0,0,0,0,0,0,0,0,0,0
431,Joe Bob,OG,Arizona State,2,0,0,0,0,0,0,0,0,0,0,0
432,Joe Bob,OG,Arizona State,3,0,0,0,0,0,0,0,0,0,0,0
433,Joe Bob,WR,Arizona State,3,0,0,0,0,0,0,0,0,0,0,0
434,Joe Bob,OG,Arizona State,4,0,0,0,0,0,0,0,0,0,0,0
435,Joe Bob,WR,Arizona State,2,0,0,0,0,0,0,0,0,0,0,0
436,Joe Bob,OG,Arizona State,1,0,0,0,0,0,0,0,0,0,0,0
437,Joe Bob,OT,Arizona State,4,0,0,0,0,0,0,0,0,0,0,0
438,Joe Bob,OG,Arizona State,4,0,0,0,0,0,0,0,0,0,0,0
439,Joe Bob,OG,Arizona State,1,0,0,0,0,0,0,0,0,0,0,0
440,Joe Bob,OG,Arizona State,1,0,0,0,0,0,0,0,0,0,0,0
441,Joe Bob,OT,Arizona State,1,0,0,0,0,0,0,0,0,0,0,0
442,Joe Bob,WR,Arizona State,1,0,0,0,0,0,0,0,0,0,0,0
443,Joe Bob,OG,Arizona State,2,0,0,0,0,0,0,0,0,0,0,0
444,Joe Bob,OG,Arizona State,1,0,0,0,0,0,0,0,0,0,0,0
445,Joe Bob,OG,Arizona State,1,0,0,0,0,0,0,0,0,0,0,0
446,Joe Bob,OG,Arizona State,2,0,0,0,0,0,0,0,0,0,0,0
447,Joe Bob,OG,Arizona State,3,0,0,0,0,0,0,0,0,0,0,0
448,Joe Bob,OT,Arizona State,2,0,0,0,0,0,0,0,0,0,0,0
449,Joe Bob,OG,Arizona State,4,0,0,0,0,0,0,0,0,0,0,0
450,Joe Bob,RB,Arizona State,1,0,0,0,0,0,0,0,0,0,0,0
451,Joe Bob,OG,Arkansas,4,0,0,0,0,0,0,0,0,0,0,0
452,Joe Bob,OG,Arkansas,2,0,0,0,0,0,0,0,0,0,0,0
453,Joe Bob,WR,Arkansas,4,0,0,0,0,0,0,0,0,0,0,0
454,Joe Bob,QB,Arkansas,4,0,0,0,0,0,0,0,0,0,0,0
455,Joe Bob,RB,Arkansas,2,0,0,0,0,0,0,0,0,0,0,0
456,Joe Bob,OG,Arkansas,3,0,0,0,0,0,0,0,0,0,0,0
457,Joe Bob,WR,Arkansas,1,0,0,0,0,0,0,0,0,0,0,0
458,Joe Bob,OG,Arkansas,2,0,0,0,0,0,0,0,0,0,0,0
459,Joe Bob,OG,Arkansas,4,0,0,0,0,0,0,0,0,0,0,0
460,Joe Bob,OG,Arkansas,3,0,0,0,0,0,0,0,0,0,0,0
461,Joe Bob,WR,Arkansas,3,0,0,0,0,0,0,0,0,0,0,0
462,Joe Bob,QB,Arkansas,4,0,0,0,0,0,0,0,0,0,0,0
463,Joe Bob,OG,Arkansas,3,0,0,0,0,0,0,0,0,0,0,0
464,Joe Bob,OG,Arkansas,1,0,0,0,0,0,0,0,0,0,0,0
465,Joe Bob,WR,Arkansas,3,0,0,0,0,0,0,0,0,0,0,0
466,Joe Bob,WR,Arkansas,1,0,0,0,0,0,0,0,0,0,0,0
467,Joe Bob,OG,Arkansas,4,0,0,0,0,0,0,0,0,0,0,0
468,Joe Bob,OG,Arkansas,4,0,0,0,0,0,0,0,0,0,0,0
469,Joe Bob,OG,Arkansas,3,0,0,0,0,0,0,0,0,0,0,0
470,Joe Bob,OG,Arkansas,1,0,0,0,0,0,0,0,0,0,0,0
471,Joe Bob,OG,Arkansas,1,0,0,0,0,0,0,0,0,0,0,0
472,Joe Bob,OG,Arkansas,1,0,0,0,0,0,0,0,0,0,0,0
473,Joe Bob,OG,Arkansas,2,0,0,0,0,0,0,0,0,0,0,0
474,Joe Bob,OG,Arkansas,3,0,0,0,0,0,0,0,0,0,0,0
475,Joe Bob,OG,Arkansas,3,0,0,0,0,0,0,0,0,0,0,0
476,Joe Bob,OG,Arkansas,2,0,0,0,0,0,0,0,0,0,0,0
477,Joe Bob,WR,Arkansas,2,0,0,0,0,0,0,0,0,0,0,0
478,Joe Bob,WR,Arkansas,2,0,0,0,0,0,0,0,0,0,0,0
479,Joe Bob,OG,Arkansas,1,0,0,0,0,0,0,0,0,0,0,0
480,Joe Bob,OT,Arkansas,4,0,0,0,0,0,0,0,0,0,0,0
481,Joe Bob,RB,Arkansas,3,0,0,0,0,0,0,0,0,0,0,0
482,Joe Bob,OT,Arkansas,4,0,0,0,0,0,0,0,0,0,0,0
483,Joe Bob,OG,Arkansas,3,0,0,0,0,0,0,0,0,0,0,0
484,Joe Bob,OG,Arkansas,1,0,0,0,0,0,0,0,0,0,0,0
485,Joe Bob,OG,Arkansas,1,0,0,0,0,0,0,0,0,0,0,0
486,Joe Bob,RB,Arkansas,1,0,0,0,0,0,0,0,0,0,0,0
487,Joe Bob,OG,Arkansas,4,0,0,0,0,0,0,0,0,0,0,0
488,Joe Bob,OG,Arkansas,2,0,0,0,0,0,0,0,0,0,0,0
489,Joe Bob,OG,Arkansas,2,0,0,0,0,0,0,0,0,0,0,0
490,Joe Bob,OG,Arkansas,3,0,0,0,0,0,0,0,0,0,0,0
491,Joe Bob,OG,Arkansas,2,0,0,0,0,0,0,0,0,0,0,0
492,Joe Bob,OG,Arkansas,3,0,0,0,0,0,0,0,0,0,0,0
493,Joe Bob,OG,Arkansas,4,0,0,0,0,0,0,0,0,0,0,0
494,Joe Bob,RB,Arkansas,3,0,0,0,0,0,0,0,0,0,0,0
495,Joe Bob,OG,Arkansas,4,0,0,0,0,0,0,0,0,0,0,0
496,Joe Bob,OG,Arkansas,4,0,0,0,0,0,0,0,0,0,0,0
497,Joe Bob,OG,Arkansas,3,0,0,0,0,0,0,0,0,0,0,0
498,Joe Bob,WR,Arkansas,1,0,0,0,0,0,0,0,0,0,0,0
499,Joe Bob,WR,Arkansas,1,0,0,0,0,0,0,0,0,0,0,0
500,Joe Bob,OG,Arkansas,1,0,0,0,0,0,0,0,0,0,0,0
501,Joe Bob,WR,Arkansas,2,0,0,0,0,0,0,0,0,0,0,0
502,Joe Bob,OG,Arkansas,4,0,0,0,0,0,0,0,0,0,0,0
503,Joe Bob,OG,Arkansas,3,0,0,0,0,0,0,0,0,0,0,0
504,Joe Bob,OG,Arkansas,1,0,0,0,0,0,0,0,0,0,0,0
505,Joe Bob,OG,Arkansas,2,0,0,0,0,0,0,0,0,0,0,0
506,Joe Bob,OG,Arkansas,4,0,0,0,0,0,0,0,0,0,0,0
507,Joe Bob,OG,Arkansas,1,0,0,0,0,0,0,0,0,0,0,0
508,Joe Bob,OG,Arkansas,3,0,0,0,0,0,0,0,0,0,0,0
509,Joe Bob,OG,Arkansas,3,0,0,0,0,0,0,0,0,0,0,0
510,Joe Bob,WR,Arkansas,3,0,0,0,0,0,0,0,0,0,0,0
511,Joe Bob,OG,Arkansas,4,0,0,0,0,0,0,0,0,0,0,0
512,Joe Bob,OG,Arkansas,3,0,0,0,0,0,0,0,0,0,0,0
513,Joe Bob,OT,Arkansas,4,0,0,0,0,0,0,0,0,0,0,0
514,Joe Bob,OG,Arkansas,4,0,0,0,0,0,0,0,0,0,0,0
515,Joe Bob,OG,Arkansas,3,0,0,0,0,0,0,0,0,0,0,0
516,Joe Bob,OG,Arkansas,2,0,0,0,0,0,0,0,0,0,0,0
517,Joe Bob,OG,Arkansas,3,0,0,0,0,0,0,0,0,0,0,0
518,Joe Bob,WR,Arkansas,2,0,0,0,0,0,0,0,0,0,0,0
519,Joe Bob,WR,Arkansas,1,0,0,0,0,0,0,0,0,0,0,0
520,Joe Bob,OG,Arkansas,1,0,0,0,0,0,0,0,0,0,0,0
521,Joe Bob,OG,Arkansas,3,0,0,0,0,0,0,0,0,0,0,0
522,Joe Bob,OG,Arkansas,4,0,0,0,0,0,0,0,0,0,0,0
523,Joe Bob,OG,Arkansas,3,0,0,0,0,0,0,0,0,0,0,0
524,Joe Bob,OG,Arkansas,1,0,0,0,0,0,0,0,0,0,0,0
525,Joe Bob,OG,Arkansas,1,0,0,0,0,0,0,0,0,0,0,0
526,Joe Bob,QB,Arkansas St.,3,0,0,0,0,0,0,0,0,0,0,0
527,Joe Bob,OG,Arkansas St.,1,0,0,0,0,0,0,0,0,0,0,0
528,Joe Bob,OG,Arkansas St.,1,0,0,0,0,0,0,0,0,0,0,0
529,Joe Bob,OG,Arkansas St.,3,0,0,0,0,0,0,0,0,0,0,0
530,Joe Bob,QB,Arkansas St.,2,0,0,0,0,0,0,0,0,0,0,0
531,Joe Bob,RB,Arkansas St.,4,0,0,0,0,0,0,0,0,0,0,0
532,Joe Bob,OG,Arkansas St.,2,0,0,0,0,0,0,0,0,0,0,0
533,Joe Bob,OG,Arkansas St.,3,0,0,0,0,0,0,0,0,0,0,0
534,Joe Bob,OT,Arkansas St.,3,0,0,0,0,0,0,0,0,0,0,0
535,Joe Bob,WR,Arkansas St.,2,0,0,0,0,0,0,0,0,0,0,0
536,Joe Bob,FB,Arkansas St.,1,0,0,0,0,0,0,0,0,0,0,0
537,Joe Bob,OG,Arkansas St.,4,0,0,0,0,0,0,0,0,0,0,0
538,Joe Bob,OG,Arkansas St.,4,0,0,0,0,0,0,0,0,0,0,0
539,Joe Bob,OG,Arkansas St.,4,0,0,0,0,0,0,0,0,0,0,0
540,Joe Bob,OG,Arkansas St.,1,0,0,0,0,0,0,0,0,0,0,0
541,Joe Bob,OG,Arkansas St.,1,0,0,0,0,0,0,0,0,0,0,0
542,Joe Bob,OG,Arkansas St.,2,0,0,0,0,0,0,0,0,0,0,0
543,Joe Bob,OG,Arkansas St.,1,0,0,0,0,0,0,0,0,0,0,0
544,Joe Bob,OG,Arkansas St.,1,0,0,0,0,0,0,0,0,0,0,0
545,Joe Bob,OG,Arkansas St.,1,0,0,0,0,0,0,0,0,0,0,0
546,Joe Bob,OG,Arkansas St.,2,0,0,0,0,0,0,0,0,0,0,0
547,Joe Bob,FB,Arkansas St.,3,0,0,0,0,0,0,0,0,0,0,0
548,Joe Bob,OG,Arkansas St.,2,0,0,0,0,0,0,0,0,0,0,0
549,Joe Bob,OG,Arkansas St.,2,0,0,0,0,0,0,0,0,0,0,0
550,Joe Bob,WR,Arkansas St.,3,0,0,0,0,0,0,0,0,0,0,0
551,Joe Bob,OG,Arkansas St.,4,0,0,0,0,0,0,0,0,0,0,0
552,Joe Bob,OG,Arkansas St.,4,0,0,0,0,0,0,0,0,0,0,0
553,Joe Bob,OG,Arkansas St.,4,0,0,0,0,0,0,0,0,0,0,0
554,Joe Bob,OG,Arkansas St.,2,0,0,0,0,0,0,0,0,0,0,0
555,Joe Bob,WR,Arkansas St.,1,0,0,0,0,0,0,0,0,0,0,0
556,Joe Bob,WR,Arkansas St.,1,0,0,0,0,0,0,0,0,0,0,0
557,Joe Bob,OG,Arkansas St.,1,0,0,0,0,0,0,0,0,0,0,0
558,Joe Bob,OG,Arkansas St.,1,0,0,0,0,0,0,0,0,0,0,0
559,Joe Bob,OG,Arkansas St.,4,0,0,0,0,0,0,0,0,0,0,0
560,Joe Bob,OG,Arkansas St.,4,0,0,0,0,0,0,0,0,0,0,0
561,Joe Bob,OG,Arkansas St.,2,0,0,0,0,0,0,0,0,0,0,0
562,Joe Bob,OG,Arkansas St.,3,0,0,0,0,0,0,0,0,0,0,0
563,Joe Bob,OG,Arkansas St.,3,0,0,0,0,0,0,0,0,0,0,0
564,Joe Bob,OG,Arkansas St.,2,0,0,0,0,0,0,0,0,0,0,0
565,Joe Bob,OG,Arkansas St.,4,0,0,0,0,0,0,0,0,0,0,0
566,Joe Bob,OG,Arkansas St.,1,0,0,0,0,0,0,0,0,0,0,0
567,Joe Bob,OG,Arkansas St.,3,0,0,0,0,0,0,0,0,0,0,0
568,Joe Bob,OG,Arkansas St.,4,0,0,0,0,0,0,0,0,0,0,0
569,Joe Bob,OT,Arkansas St.,3,0,0,0,0,0,0,0,0,0,0,0
570,Joe Bob,OT,Arkansas St.,1,0,0,0,0,0,0,0,0,0,0,0
571,Joe Bob,OT,Arkansas St.,1,0,0,0,0,0,0,0,0,0,0,0
572,Joe Bob,OG,Arkansas St.,4,0,0,0,0,0,0,0,0,0,0,0
573,Joe Bob,WR,Arkansas St.,3,0,0,0,0,0,0,0,0,0,0,0
574,Joe Bob,OG,Arkansas St.,3,0,0,0,0,0,0,0,0,0,0,0
575,Joe Bob,OG,Arkansas St.,2,0,0,0,0,0,0,0,0,0,0,0
576,Joe Bob,OG,Arkansas St.,2,0,0,0,0,0,0,0,0,0,0,0
577,Joe Bob,OG,Arkansas St.,1,0,0,0,0,0,0,0,0,0,0,0
578,Joe Bob,OG,Arkansas St.,3,0,0,0,0,0,0,0,0,0,0,0
579,Joe Bob,OG,Arkansas St.,2,0,0,0,0,0,0,0,0,0,0,0
580,Joe Bob,OG,Arkansas St.,3,0,0,0,0,0,0,0,0,0,0,0
581,Joe Bob,OG,Arkansas St.,3,0,0,0,0,0,0,0,0,0,0,0
582,Joe Bob,FB,Arkansas St.,2,0,0,0,0,0,0,0,0,0,0,0
583,Joe Bob,QB,Arkansas St.,1,0,0,0,0,0,0,0,0,0,0,0
584,Joe Bob,QB,Arkansas St.,2,0,0,0,0,0,0,0,0,0,0,0
585,Joe Bob,OG,Arkansas St.,3,0,0,0,0,0,0,0,0,0,0,0
586,Joe Bob,OG,Arkansas St.,4,0,0,0,0,0,0,0,0,0,0,0
587,Joe Bob,OG,Arkansas St.,3,0,0,0,0,0,0,0,0,0,0,0
588,Joe Bob,WR,Arkansas St.,1,0,0,0,0,0,0,0,0,0,0,0
589,Joe Bob,OG,Arkansas St.,4,0,0,0,0,0,0,0,0,0,0,0
590,Joe Bob,WR,Arkansas St.,2,0,0,0,0,0,0,0,0,0,0,0
591,Joe Bob,OG,Arkansas St.,4,0,0,0,0,0,0,0,0,0,0,0
592,Joe Bob,OG,Arkansas St.,1,0,0,0,0,0,0,0,0,0,0,0
593,Joe Bob,OG,Arkansas St.,2,0,0,0,0,0,0,0,0,0,0,0
594,Joe Bob,OG,Arkansas St.,4,0,0,0,0,0,0,0,0,0,0,0
595,Joe Bob,OG,Arkansas St.,1,0,0,0,0,0,0,0,0,0,0,0
596,Joe Bob,OG,Arkansas St.,1,0,0,0,0,0,0,0,0,0,0,0
597,Joe Bob,OG,Arkansas St.,1,0,0,0,0,0,0,0,0,0,0,0
598,Joe Bob,OG,Arkansas St.,2,0,0,0,0,0,0,0,0,0,0,0
599,Joe Bob,OG,Arkansas St.,2,0,0,0,0,0,0,0,0,0,0,0
600,Joe Bob,OG,Arkansas St.,2,0,0,0,0,0,0,0,0,0,0,0
601,Joe Bob,FB,Army,2,0,0,0,0,0,0,0,0,0,0,0
602,Joe Bob,WR,Army,2,0,0,0,0,0,0,0,0,0,0,0
603,Joe Bob,OG,Army,4,0,0,0,0,0,0,0,0,0,0,0
604,Joe Bob,WR,Army,3,0,0,0,0,0,0,0,0,0,0,0
605,Joe Bob,OG,Army,4,0,0,0,0,0,0,0,0,0,0,0
606,Joe Bob,OG,Army,3,0,0,0,0,0,0,0,0,0,0,0
607,Joe Bob,OG,Army,3,0,0,0,0,0,0,0,0,0,0,0
608,Joe Bob,WR,Army,4,0,0,0,0,0,0,0,0,0,0,0
609,Joe Bob,OT,Army,1,0,0,0,0,0,0,0,0,0,0,0
610,Joe Bob,QB,Army,1,0,0,0,0,0,0,0,0,0,0,0
611,Joe Bob,OG,Army,3,0,0,0,0,0,0,0,0,0,0,0
612,Joe Bob,OG,Army,1,0,0,0,0,0,0,0,0,0,0,0
613,Joe Bob,OG,Army,2,0,0,0,0,0,0,0,0,0,0,0
614,Joe Bob,OG,Army,1,0,0,0,0,0,0,0,0,0,0,0
615,Joe Bob,OG,Army,2,0,0,0,0,0,0,0,0,0,0,0
616,Joe Bob,OG,Army,2,0,0,0,0,0,0,0,0,0,0,0
617,Joe Bob,QB,Army,1,0,0,0,0,0,0,0,0,0,0,0
618,Joe Bob,OG,Army,3,0,0,0,0,0,0,0,0,0,0,0
619,Joe Bob,OT,Army,2,0,0,0,0,0,0,0,0,0,0,0
620,Joe Bob,OG,Army,4,0,0,0,0,0,0,0,0,0,0,0
621,Joe Bob,WR,Army,2,0,0,0,0,0,0,0,0,0,0,0
622,Joe Bob,QB,Army,4,0,0,0,0,0,0,0,0,0,0,0
623,Joe Bob,OG,Army,4,0,0,0,0,0,0,0,0,0,0,0
624,Joe Bob,OG,Army,3,0,0,0,0,0,0,0,0,0,0,0
625,Joe Bob,OG,Army,4,0,0,0,0,0,0,0,0,0,0,0
626,Joe Bob,OG,Army,3,0,0,0,0,0,0,0,0,0,0,0
627,Joe Bob,OG,Army,1,0,0,0,0,0,0,0,0,0,0,0
628,Joe Bob,OT,Army,1,0,0,0,0,0,0,0,0,0,0,0
629,Joe Bob,OG,Army,2,0,0,0,0,0,0,0,0,0,0,0
630,Joe Bob,OG,Army,2,0,0,0,0,0,0,0,0,0,0,0
631,Joe Bob,OG,Army,2,0,0,0,0,0,0,0,0,0,0,0
632,Joe Bob,OG,Army,2,0,0,0,0,0,0,0,0,0,0,0
633,Joe Bob,OG,Army,4,0,0,0,0,0,0,0,0,0,0,0
634,Joe Bob,OT,Army,2,0,0,0,0,0,0,0,0,0,0,0
635,Joe Bob,OG,Army,3,0,0,0,0,0,0,0,0,0,0,0
636,Joe Bob,OG,Army,3,0,0,0,0,0,0,0,0,0,0,0
637,Joe Bob,RB,Army,3,0,0,0,0,0,0,0,0,0,0,0
638,Joe Bob,OG,Army,1,0,0,0,0,0,0,0,0,0,0,0
639,Joe Bob,OG,Army,3,0,0,0,0,0,0,0,0,0,0,0
640,Joe Bob,OG,Army,2,0,0,0,0,0,0,0,0,0,0,0
641,Joe Bob,OG,Army,3,0,0,0,0,0,0,0,0,0,0,0
642,Joe Bob,RB,Army,1,0,0,0,0,0,0,0,0,0,0,0
643,Joe Bob,OG,Army,2,0,0,0,0,0,0,0,0,0,0,0
644,Joe Bob,OG,Army,1,0,0,0,0,0,0,0,0,0,0,0
645,Joe Bob,OG,Army,2,0,0,0,0,0,0,0,0,0,0,0
646,Joe Bob,OG,Army,2,0,0,0,0,0,0,0,0,0,0,0
647,Joe Bob,OG,Army,1,0,0,0,0,0,0,0,0,0,0,0
648,Joe Bob,OG,Army,2,0,0,0,0,0,0,0,0,0,0,0
649,Joe Bob,OG,Army,2,0,0,0,0,0,0,0,0,0,0,0
650,Joe Bob,OG,Army,3,0,0,0,0,0,0,0,0,0,0,0
651,Joe Bob,OG,Army,2,0,0,0,0,0,0,0,0,0,0,0
652,Joe Bob,OG,Army,3,0,0,0,0,0,0,0,0,0,0,0
653,Joe Bob,OG,Army,3,0,0,0,0,0,0,0,0,0,0,0
654,Joe Bob,OG,Army,2,0,0,0,0,0,0,0,0,0,0,0
655,Joe Bob,OG,Army,1,0,0,0,0,0,0,0,0,0,0,0
656,Joe Bob,OT,Army,3,0,0,0,0,0,0,0,0,0,0,0
657,Joe Bob,OG,Army,4,0,0,0,0,0,0,0,0,0,0,0
658,Joe Bob,WR,Army,3,0,0,0,0,0,0,0,0,0,0,0
659,Joe Bob,OG,Army,1,0,0,0,0,0,0,0,0,0,0,0
660,Joe Bob,OG,Army,1,0,0,0,0,0,0,0,0,0,0,0
661,Joe Bob,OG,Army,3,0,0,0,0,0,0,0,0,0,0,0
662,Joe Bob,FB,Army,1,0,0,0,0,0,0,0,0,0,0,0
663,Joe Bob,OG,Army,1,0,0,0,0,0,0,0,0,0,0,0
664,Joe Bob,OG,Army,4,0,0,0,0,0,0,0,0,0,0,0
665,Joe Bob,OG,Army,1,0,0,0,0,0,0,0,0,0,0,0
666,Joe Bob,OG,Army,4,0,0,0,0,0,0,0,0,0,0,0
667,Joe Bob,OG,Army,1,0,0,0,0,0,0,0,0,0,0,0
668,Joe Bob,OG,Army,1,0,0,0,0,0,0,0,0,0,0,0
669,Joe Bob,OG,Army,1,0,0,0,0,0,0,0,0,0,0,0
670,Joe Bob,OG,Army,4,0,0,0,0,0,0,0,0,0,0,0
671,Joe Bob,OG,Army,1,0,0,0,0,0,0,0,0,0,0,0
672,Joe Bob,OG,Army,3,0,0,0,0,0,0,0,0,0,0,0
673,Joe Bob,QB,Army,2,0,0,0,0,0,0,0,0,0,0,0
674,Joe Bob,WR,Army,2,0,0,0,0,0,0,0,0,0,0,0
675,Joe Bob,OG,Army,4,0,0,0,0,0,0,0,0,0,0,0
676,Joe Bob,OG,Auburn,3,0,0,0,0,0,0,0,0,0,0,0
677,Joe Bob,OG,Auburn,4,0,0,0,0,0,0,0,0,0,0,0
678,Joe Bob,WR,Auburn,2,0,0,0,0,0,0,0,0,0,0,0
679,Joe Bob,WR,Auburn,3,0,0,0,0,0,0,0,0,0,0,0
680,Joe Bob,OG,Auburn,1,0,0,0,0,0,0,0,0,0,0,0
681,Joe Bob,WR,Auburn,4,0,0,0,0,0,0,0,0,0,0,0
682,Joe Bob,WR,Auburn,1,0,0,0,0,0,0,0,0,0,0,0
683,Joe Bob,OG,Auburn,1,0,0,0,0,0,0,0,0,0,0,0
684,Joe Bob,OG,Auburn,3,0,0,0,0,0,0,0,0,0,0,0
685,Joe Bob,OG,Auburn,2,0,0,0,0,0,0,0,0,0,0,0
686,Joe Bob,OG,Auburn,1,0,0,0,0,0,0,0,0,0,0,0
687,Joe Bob,OG,Auburn,1,0,0,0,0,0,0,0,0,0,0,0
688,Joe Bob,OG,Auburn,1,0,0,0,0,0,0,0,0,0,0,0
689,Joe Bob,OG,Auburn,2,0,0,0,0,0,0,0,0,0,0,0
690,Joe Bob,OG,Auburn,4,0,0,0,0,0,0,0,0,0,0,0
691,Joe Bob,WR,Auburn,2,0,0,0,0,0,0,0,0,0,0,0
692,Joe Bob,OG,Auburn,3,0,0,0,0,0,0,0,0,0,0,0
693,Joe Bob,WR,Auburn,3,0,0,0,0,0,0,0,0,0,0,0
694,Joe Bob,QB,Auburn,3,0,0,0,0,0,0,0,0,0,0,0
695,Joe Bob,OG,Auburn,4,0,0,0,0,0,0,0,0,0,0,0
696,Joe Bob,WR,Auburn,4,0,0,0,0,0,0,0,0,0,0,0
697,Joe Bob,OG,Auburn,3,0,0,0,0,0,0,0,0,0,0,0
698,Joe Bob,WR,Auburn,4,0,0,0,0,0,0,0,0,0,0,0
699,Joe Bob,WR,Auburn,1,0,0,0,0,0,0,0,0,0,0,0
700,Joe Bob,OT,Auburn,2,0,0,0,0,0,0,0,0,0,0,0
701,Joe Bob,OG,Auburn,1,0,0,0,0,0,0,0,0,0,0,0
702,Joe Bob,OG,Auburn,1,0,0,0,0,0,0,0,0,0,0,0
703,Joe Bob,OG,Auburn,2,0,0,0,0,0,0,0,0,0,0,0
704,Joe Bob,OG,Auburn,2,0,0,0,0,0,0,0,0,0,0,0
705,Joe Bob,OG,Auburn,3,0,0,0,0,0,0,0,0,0,0,0
706,Joe Bob,WR,Auburn,3,0,0,0,0,0,0,0,0,0,0,0
707,Joe Bob,OG,Auburn,4,0,0,0,0,0,0,0,0,0,0,0
708,Joe Bob,QB,Auburn,2,0,0,0,0,0,0,0,0,0,0,0
709,Joe Bob,OG,Auburn,4,0,0,0,0,0,0,0,0,0,0,0
710,Joe Bob,RB,Auburn,4,0,0,0,0,0,0,0,0,0,0,0
711,Joe Bob,OG,Auburn,4,0,0,0,0,0,0,0,0,0,0,0
712,Joe Bob,OG,Auburn,1,0,0,0,0,0,0,0,0,0,0,0
713,Joe Bob,OG,Auburn,4,0,0,0,0,0,0,0,0,0,0,0
714,Joe Bob,WR,Auburn,4,0,0,0,0,0,0,0,0,0,0,0
715,Joe Bob,WR,Auburn,4,0,0,0,0,0,0,0,0,0,0,0
716,Joe Bob,OG,Auburn,1,0,0,0,0,0,0,0,0,0,0,0
717,Joe Bob,OG,Auburn,1,0,0,0,0,0,0,0,0,0,0,0
718,Joe Bob,OG,Auburn,4,0,0,0,0,0,0,0,0,0,0,0
719,Joe Bob,OG,Auburn,2,0,0,0,0,0,0,0,0,0,0,0
720,Joe Bob,OG,Auburn,3,0,0,0,0,0,0,0,0,0,0,0
721,Joe Bob,WR,Auburn,1,0,0,0,0,0,0,0,0,0,0,0
722,Joe Bob,OG,Auburn,4,0,0,0,0,0,0,0,0,0,0,0
723,Joe Bob,OG,Auburn,1,0,0,0,0,0,0,0,0,0,0,0
724,Joe Bob,OG,Auburn,3,0,0,0,0,0,0,0,0,0,0,0
725,Joe Bob,OG,Auburn,2,0,0,0,0,0,0,0,0,0,0,0
726,Joe Bob,WR,Auburn,3,0,0,0,0,0,0,0,0,0,0,0
727,Joe Bob,QB,Auburn,4,0,0,0,0,0,0,0,0,0,0,0
728,Joe Bob,OG,Auburn,2,0,0,0,0,0,0,0,0,0,0,0
729,Joe Bob,OG,Auburn,1,0,0,0,0,0,0,0,0,0,0,0
730,Joe Bob,WR,Auburn,3,0,0,0,0,0,0,0,0,0,0,0
731,Joe Bob,OG,Auburn,4,0,0,0,0,0,0,0,0,0,0,0
732,Joe Bob,OG,Auburn,1,0,0,0,0,0,0,0,0,0,0,0
733,Joe Bob,WR,Auburn,2,0,0,0,0,0,0,0,0,0,0,0
734,Joe Bob,OG,Auburn,3,0,0,0,0,0,0,0,0,0,0,0
735,Joe Bob,OG,Auburn,4,0,0,0,0,0,0,0,0,0,0,0
736,Joe Bob,OT,Auburn,3,0,0,0,0,0,0,0,0,0,0,0
737,Joe Bob,WR,Auburn,1,0,0,0,0,0,0,0,0,0,0,0
738,Joe Bob,FB,Auburn,3,0,0,0,0,0,0,0,0,0,0,0
739,Joe Bob,WR,Auburn,1,0,0,0,0,0,0,0,0,0,0,0
740,Joe Bob,OG,Auburn,4,0,0,0,0,0,0,0,0,0,0,0
741,Joe Bob,OG,Auburn,3,0,0,0,0,0,0,0,0,0,0,0
742,Joe Bob,OG,Auburn,2,0,0,0,0,0,0,0,0,0,0,0
743,Joe Bob,OG,Auburn,2,0,0,0,0,0,0,0,0,0,0,0
744,Joe Bob,OG,Auburn,1,0,0,0,0,0,0,0,0,0,0,0
745,Joe Bob,OG,Auburn,1,0,0,0,0,0,0,0,0,0,0,0
746,Joe Bob,OG,Auburn,2,0,0,0,0,0,0,0,0,0,0,0
747,Joe Bob,OG,Auburn,2,0,0,0,0,0,0,0,0,0,0,0
748,Joe Bob,OG,Auburn,3,0,0,0,0,0,0,0,0,0,0,0
749,Joe Bob,OG,Auburn,2,0,0,0,0,0,0,0,0,0,0,0
750,Joe Bob,RB,Auburn,2,0,0,0,0,0,0,0,0,0,0,0
751,Joe Bob,WR,Ball St.,2,0,0,0,0,0,0,0,0,0,0,0
752,Joe Bob,OG,Ball St.,4,0,0,0,0,0,0,0,0,0,0,0
753,Joe Bob,WR,Ball St.,4,0,0,0,0,0,0,0,0,0,0,0
754,Joe Bob,QB,Ball St.,2,0,0,0,0,0,0,0,0,0,0,0
755,Joe Bob,WR,Ball St.,4,0,0,0,0,0,0,0,0,0,0,0
756,Joe Bob,OG,Ball St.,1,0,0,0,0,0,0,0,0,0,0,0
757,Joe Bob,OG,Ball St.,1,0,0,0,0,0,0,0,0,0,0,0
758,Joe Bob,OG,Ball St.,1,0,0,0,0,0,0,0,0,0,0,0
759,Joe Bob,OG,Ball St.,1,0,0,0,0,0,0,0,0,0,0,0
760,Joe Bob,OG,Ball St.,4,0,0,0,0,0,0,0,0,0,0,0
761,Joe Bob,OG,Ball St.,2,0,0,0,0,0,0,0,0,0,0,0
762,Joe Bob,OG,Ball St.,2,0,0,0,0,0,0,0,0,0,0,0
763,Joe Bob,OG,Ball St.,2,0,0,0,0,0,0,0,0,0,0,0
764,Joe Bob,OG,Ball St.,1,0,0,0,0,0,0,0,0,0,0,0
765,Joe Bob,OG,Ball St.,1,0,0,0,0,0,0,0,0,0,0,0
766,Joe Bob,OG,Ball St.,3,0,0,0,0,0,0,0,0,0,0,0
767,Joe Bob,OG,Ball St.,2,0,0,0,0,0,0,0,0,0,0,0
768,Joe Bob,QB,Ball St.,4,0,0,0,0,0,0,0,0,0,0,0
769,Joe Bob,OG,Ball St.,4,0,0,0,0,0,0,0,0,0,0,0
770,Joe Bob,WR,Ball St.,3,0,0,0,0,0,0,0,0,0,0,0
771,Joe Bob,WR,Ball St.,1,0,0,0,0,0,0,0,0,0,0,0
772,Joe Bob,QB,Ball St.,1,0,0,0,0,0,0,0,0,0,0,0
773,Joe Bob,OG,Ball St.,1,0,0,0,0,0,0,0,0,0,0,0
774,Joe Bob,WR,Ball St.,2,0,0,0,0,0,0,0,0,0,0,0
775,Joe Bob,OG,Ball St.,4,0,0,0,0,0,0,0,0,0,0,0
776,Joe Bob,OG,Ball St.,3,0,0,0,0,0,0,0,0,0,0,0
777,Joe Bob,OG,Ball St.,1,0,0,0,0,0,0,0,0,0,0,0
778,Joe Bob,OG,Ball St.,2,0,0,0,0,0,0,0,0,0,0,0
779,Joe Bob,OT,Ball St.,3,0,0,0,0,0,0,0,0,0,0,0
780,Joe Bob,OG,Ball St.,4,0,0,0,0,0,0,0,0,0,0,0
781,Joe Bob,OG,Ball St.,3,0,0,0,0,0,0,0,0,0,0,0
782,Joe Bob,OG,Ball St.,3,0,0,0,0,0,0,0,0,0,0,0
783,Joe Bob,WR,Ball St.,3,0,0,0,0,0,0,0,0,0,0,0
784,Joe Bob,OT,Ball St.,4,0,0,0,0,0,0,0,0,0,0,0
785,Joe Bob,OG,Ball St.,2,0,0,0,0,0,0,0,0,0,0,0
786,Joe Bob,WR,Ball St.,4,0,0,0,0,0,0,0,0,0,0,0
787,Joe Bob,OG,Ball St.,4,0,0,0,0,0,0,0,0,0,0,0
788,Joe Bob,OG,Ball St.,3,0,0,0,0,0,0,0,0,0,0,0
789,Joe Bob,OT,Ball St.,2,0,0,0,0,0,0,0,0,0,0,0
790,Joe Bob,OG,Ball St.,2,0,0,0,0,0,0,0,0,0,0,0
791,Joe Bob,RB,Ball St.,1,0,0,0,0,0,0,0,0,0,0,0
792,Joe Bob,FB,Ball St.,1,0,0,0,0,0,0,0,0,0,0,0
793,Joe Bob,OG,Ball St.,1,0,0,0,0,0,0,0,0,0,0,0
794,Joe Bob,OG,Ball St.,2,0,0,0,0,0,0,0,0,0,0,0
795,Joe Bob,OG,Ball St.,4,0,0,0,0,0,0,0,0,0,0,0
796,Joe Bob,OG,Ball St.,2,0,0,0,0,0,0,0,0,0,0,0
797,Joe Bob,OG,Ball St.,1,0,0,0,0,0,0,0,0,0,0,0
798,Joe Bob,OG,Ball St.,2,0,0,0,0,0,0,0,0,0,0,0
799,Joe Bob,OG,Ball St.,3,0,0,0,0,0,0,0,0,0,0,0
800,Joe Bob,OG,Ball St.,2,0,0,0,0,0,0,0,0,0,0,0
801,Joe Bob,OG,Ball St.,2,0,0,0,0,0,0,0,0,0,0,0
802,Joe Bob,QB,Ball St.,3,0,0,0,0,0,0,0,0,0,0,0
803,Joe Bob,WR,Ball St.,2,0,0,0,0,0,0,0,0,0,0,0
804,Joe Bob,WR,Ball St.,3,0,0,0,0,0,0,0,0,0,0,0
805,Joe Bob,OG,Ball St.,2,0,0,0,0,0,0,0,0,0,0,0
806,Joe Bob,OG,Ball St.,3,0,0,0,0,0,0,0,0,0,0,0
807,Joe Bob,OT,Ball St.,3,0,0,0,0,0,0,0,0,0,0,0
808,Joe Bob,WR,Ball St.,3,0,0,0,0,0,0,0,0,0,0,0
809,Joe Bob,RB,Ball St.,1,0,0,0,0,0,0,0,0,0,0,0
810,Joe Bob,OG,Ball St.,4,0,0,0,0,0,0,0,0,0,0,0
811,Joe Bob,OG,Ball St.,4,0,0,0,0,0,0,0,0,0,0,0
812,Joe Bob,OG,Ball St.,4,0,0,0,0,0,0,0,0,0,0,0
813,Joe Bob,OG,Ball St.,1,0,0,0,0,0,0,0,0,0,0,0
814,Joe Bob,OG,Ball St.,1,0,0,0,0,0,0,0,0,0,0,0
815,Joe Bob,OG,Ball St.,2,0,0,0,0,0,0,0,0,0,0,0
816,Joe Bob,OG,Ball St.,1,0,0,0,0,0,0,0,0,0,0,0
817,Joe Bob,OG,Ball St.,1,0,0,0,0,0,0,0,0,0,0,0
818,Joe Bob,OG,Ball St.,1,0,0,0,0,0,0,0,0,0,0,0
819,Joe Bob,OG,Ball St.,2,0,0,0,0,0,0,0,0,0,0,0
820,Joe Bob,RB,Ball St.,2,0,0,0,0,0,0,0,0,0,0,0
821,Joe Bob,OG,Ball St.,2,0,0,0,0,0,0,0,0,0,0,0
822,Joe Bob,OG,Ball St.,2,0,0,0,0,0,0,0,0,0,0,0
823,Joe Bob,WR,Ball St.,4,0,0,0,0,0,0,0,0,0,0,0
824,Joe Bob,OG,Ball St.,3,0,0,0,0,0,0,0,0,0,0,0
825,Joe Bob,OG,Ball St.,3,0,0,0,0,0,0,0,0,0,0,0
826,Joe Bob,OG,Baylor,4,0,0,0,0,0,0,0,0,0,0,0
827,Joe Bob,OT,Baylor,2,0,0,0,0,0,0,0,0,0,0,0
828,Joe Bob,WR,Baylor,1,0,0,0,0,0,0,0,0,0,0,0
829,Joe Bob,FB,Baylor,4,0,0,0,0,0,0,0,0,0,0,0
830,Joe Bob,OG,Baylor,4,0,0,0,0,0,0,0,0,0,0,0
831,Joe Bob,OG,Baylor,4,0,0,0,0,0,0,0,0,0,0,0
832,Joe Bob,OG,Baylor,3,0,0,0,0,0,0,0,0,0,0,0
833,Joe Bob,OG,Baylor,3,0,0,0,0,0,0,0,0,0,0,0
834,Joe Bob,OG,Baylor,1,0,0,0,0,0,0,0,0,0,0,0
835,Joe Bob,OG,Baylor,1,0,0,0,0,0,0,0,0,0,0,0
836,Joe Bob,OG,Baylor,2,0,0,0,0,0,0,0,0,0,0,0
837,Joe Bob,OG,Baylor,2,0,0,0,0,0,0,0,0,0,0,0
838,Joe Bob,OG,Baylor,4,0,0,0,0,0,0,0,0,0,0,0
839,Joe Bob,OG,Baylor,4,0,0,0,0,0,0,0,0,0,0,0
840,Joe Bob,OG,Baylor,2,0,0,0,0,0,0,0,0,0,0,0
841,Joe Bob,OG,Baylor,1,0,0,0,0,0,0,0,0,0,0,0
842,Joe Bob,WR,Baylor,3,0,0,0,0,0,0,0,0,0,0,0
843,Joe Bob,WR,Baylor,1,0,0,0,0,0,0,0,0,0,0,0
844,Joe Bob,OT,Baylor,4,0,0,0,0,0,0,0,0,0,0,0
845,Joe Bob,OG,Baylor,4,0,0,0,0,0,0,0,0,0,0,0
846,Joe Bob,WR,Baylor,3,0,0,0,0,0,0,0,0,0,0,0
847,Joe Bob,OG,Baylor,4,0,0,0,0,0,0,0,0,0,0,0
848,Joe Bob,OG,Baylor,1,0,0,0,0,0,0,0,0,0,0,0
849,Joe Bob,OG,Baylor,2,0,0,0,0,0,0,0,0,0,0,0
850,Joe Bob,OG,Baylor,1,0,0,0,0,0,0,0,0,0,0,0
851,Joe Bob,OG,Baylor,3,0,0,0,0,0,0,0,0,0,0,0
852,Joe Bob,OG,Baylor,2,0,0,0,0,0,0,0,0,0,0,0
853,Joe Bob,OG,Baylor,3,0,0,0,0,0,0,0,0,0,0,0
854,Joe Bob,OG,Baylor,3,0,0,0,0,0,0,0,0,0,0,0
855,Joe Bob,QB,Baylor,2,0,0,0,0,0,0,0,0,0,0,0
856,Joe Bob,OG,Baylor,4,0,0,0,0,0,0,0,0,0,0,0
857,Joe Bob,FB,Baylor,2,0,0,0,0,0,0,0,0,0,0,0
858,Joe Bob,OG,Baylor,3,0,0,0,0,0,0,0,0,0,0,0
859,Joe Bob,OG,Baylor,4,0,0,0,0,0,0,0,0,0,0,0
860,Joe Bob,OG,Baylor,3,0,0,0,0,0,0,0,0,0,0,0
861,Joe Bob,WR,Baylor,1,0,0,0,0,0,0,0,0,0,0,0
862,Joe Bob,OG,Baylor,3,0,0,0,0,0,0,0,0,0,0,0
863,Joe Bob,RB,Baylor,1,0,0,0,0,0,0,0,0,0,0,0
864,Joe Bob,OG,Baylor,4,0,0,0,0,0,0,0,0,0,0,0
865,Joe Bob,OG,Baylor,1,0,0,0,0,0,0,0,0,0,0,0
866,Joe Bob,OG,Baylor,2,0,0,0,0,0,0,0,0,0,0,0
867,Joe Bob,OG,Baylor,1,0,0,0,0,0,0,0,0,0,0,0
868,Joe Bob,OG,Baylor,1,0,0,0,0,0,0,0,0,0,0,0
869,Joe Bob,OG,Baylor,2,0,0,0,0,0,0,0,0,0,0,0
870,Joe Bob,OG,Baylor,1,0,0,0,0,0,0,0,0,0,0,0
871,Joe Bob,OG,Baylor,2,0,0,0,0,0,0,0,0,0,0,0
872,Joe Bob,OG,Baylor,2,0,0,0,0,0,0,0,0,0,0,0
873,Joe Bob,OG,Baylor,3,0,0,0,0,0,0,0,0,0,0,0
874,Joe Bob,WR,Baylor,2,0,0,0,0,0,0,0,0,0,0,0
875,Joe Bob,WR,Baylor,2,0,0,0,0,0,0,0,0,0,0,0
876,Joe Bob,OG,Baylor,4,0,0,0,0,0,0,0,0,0,0,0
877,Joe Bob,WR,Baylor,3,0,0,0,0,0,0,0,0,0,0,0
878,Joe Bob,OG,Baylor,4,0,0,0,0,0,0,0,0,0,0,0
879,Joe Bob,OT,Baylor,3,0,0,0,0,0,0,0,0,0,0,0
880,Joe Bob,OG,Baylor,3,0,0,0,0,0,0,0,0,0,0,0
881,Joe Bob,QB,Baylor,4,0,0,0,0,0,0,0,0,0,0,0
882,Joe Bob,WR,Baylor,1,0,0,0,0,0,0,0,0,0,0,0
883,Joe Bob,WR,Baylor,1,0,0,0,0,0,0,0,0,0,0,0
884,Joe Bob,OG,Baylor,3,0,0,0,0,0,0,0,0,0,0,0
885,Joe Bob,OG,Baylor,1,0,0,0,0,0,0,0,0,0,0,0
886,Joe Bob,OG,Baylor,2,0,0,0,0,0,0,0,0,0,0,0
887,Joe Bob,OG,Baylor,1,0,0,0,0,0,0,0,0,0,0,0
888,Joe Bob,OG,Baylor,1,0,0,0,0,0,0,0,0,0,0,0
889,Joe Bob,OG,Baylor,1,0,0,0,0,0,0,0,0,0,0,0
890,Joe Bob,OG,Baylor,2,0,0,0,0,0,0,0,0,0,0,0
891,Joe Bob,OG,Baylor,3,0,0,0,0,0,0,0,0,0,0,0
892,Joe Bob,QB,Baylor,2,0,0,0,0,0,0,0,0,0,0,0
893,Joe Bob,OG,Baylor,4,0,0,0,0,0,0,0,0,0,0,0
894,Joe Bob,WR,Baylor,2,0,0,0,0,0,0,0,0,0,0,0
895,Joe Bob,OG,Baylor,4,0,0,0,0,0,0,0,0,0,0,0
896,Joe Bob,OG,Baylor,4,0,0,0,0,0,0,0,0,0,0,0
897,Joe Bob,OG,Baylor,2,0,0,0,0,0,0,0,0,0,0,0
898,Joe Bob,OG,Baylor,4,0,0,0,0,0,0,0,0,0,0,0
899,Joe Bob,OT,Baylor,3,0,0,0,0,0,0,0,0,0,0,0
900,Joe Bob,OG,Baylor,4,0,0,0,0,0,0,0,0,0,0,0
901,Joe Bob,OT,Boise St.,1,0,0,0,0,0,0,0,0,0,0,0
902,Joe Bob,OG,Boise St.,1,0,0,0,0,0,0,0,0,0,0,0
903,Joe Bob,OG,Boise St.,1,0,0,0,0,0,0,0,0,0,0,0
904,Joe Bob,OG,Boise St.,1,0,0,0,0,0,0,0,0,0,0,0
905,Joe Bob,OG,Boise St.,1,0,0,0,0,0,0,0,0,0,0,0
906,Joe Bob,OG,Boise St.,4,0,0,0,0,0,0,0,0,0,0,0
907,Joe Bob,OG,Boise St.,2,0,0,0,0,0,0,0,0,0,0,0
908,Joe Bob,OG,Boise St.,4,0,0,0,0,0,0,0,0,0,0,0
909,Joe Bob,OG,Boise St.,2,0,0,0,0,0,0,0,0,0,0,0
910,Joe Bob,OG,Boise St.,3,0,0,0,0,0,0,0,0,0,0,0
911,Joe Bob,OG,Boise St.,4,0,0,0,0,0,0,0,0,0,0,0
912,Joe Bob,OG,Boise St.,4,0,0,0,0,0,0,0,0,0,0,0
913,Joe Bob,OG,Boise St.,1,0,0,0,0,0,0,0,0,0,0,0
914,Joe Bob,OG,Boise St.,3,0,0,0,0,0,0,0,0,0,0,0
915,Joe Bob,QB,Boise St.,1,0,0,0,0,0,0,0,0,0,0,0
916,Joe Bob,OG,Boise St.,1,0,0,0,0,0,0,0,0,0,0,0
917,Joe Bob,OG,Boise St.,1,0,0,0,0,0,0,0,0,0,0,0
918,Joe Bob,WR,Boise St.,2,0,0,0,0,0,0,0,0,0,0,0
919,Joe Bob,OG,Boise St.,1,0,0,0,0,0,0,0,0,0,0,0
920,Joe Bob,OG,Boise St.,1,0,0,0,0,0,0,0,0,0,0,0
921,Joe Bob,OG,Boise St.,2,0,0,0,0,0,0,0,0,0,0,0
922,Joe Bob,OG,Boise St.,2,0,0,0,0,0,0,0,0,0,0,0
923,Joe Bob,OG,Boise St.,3,0,0,0,0,0,0,0,0,0,0,0
924,Joe Bob,OG,Boise St.,2,0,0,0,0,0,0,0,0,0,0,0
925,Joe Bob,OG,Boise St.,3,0,0,0,0,0,0,0,0,0,0,0
926,Joe Bob,OG,Boise St.,3,0,0,0,0,0,0,0,0,0,0,0
927,Joe Bob,OG,Boise St.,2,0,0,0,0,0,0,0,0,0,0,0
928,Joe Bob,OG,Boise St.,4,0,0,0,0,0,0,0,0,0,0,0
929,Joe Bob,OT,Boise St.,2,0,0,0,0,0,0,0,0,0,0,0
930,Joe Bob,OG,Boise St.,4,0,0,0,0,0,0,0,0,0,0,0
931,Joe Bob,OG,Boise St.,3,0,0,0,0,0,0,0,0,0,0,0
932,Joe Bob,OG,Boise St.,1,0,0,0,0,0,0,0,0,0,0,0
933,Joe Bob,OG,Boise St.,1,0,0,0,0,0,0,0,0,0,0,0
934,Joe Bob,OG,Boise St.,3,0,0,0,0,0,0,0,0,0,0,0
935,Joe Bob,WR,Boise St.,1,0,0,0,0,0,0,0,0,0,0,0
936,Joe Bob,OG,Boise St.,1,0,0,0,0,0,0,0,0,0,0,0
937,Joe Bob,OG,Boise St.,1,0,0,0,0,0,0,0,0,0,0,0
938,Joe Bob,OG,Boise St.,2,0,0,0,0,0,0,0,0,0,0,0
939,Joe Bob,OG,Boise St.,1,0,0,0,0,0,0,0,0,0,0,0
940,Joe Bob,OG,Boise St.,1,0,0,0,0,0,0,0,0,0,0,0
941,Joe Bob,OG,Boise St.,1,0,0,0,0,0,0,0,0,0,0,0
942,Joe Bob,QB,Boise St.,4,0,0,0,0,0,0,0,0,0,0,0
943,Joe Bob,OG,Boise St.,3,0,0,0,0,0,0,0,0,0,0,0
944,Joe Bob,OG,Boise St.,1,0,0,0,0,0,0,0,0,0,0,0
945,Joe Bob,OG,Boise St.,3,0,0,0,0,0,0,0,0,0,0,0
946,Joe Bob,OG,Boise St.,2,0,0,0,0,0,0,0,0,0,0,0
947,Joe Bob,RB,Boise St.,2,0,0,0,0,0,0,0,0,0,0,0
948,Joe Bob,OG,Boise St.,4,0,0,0,0,0,0,0,0,0,0,0
949,Joe Bob,OG,Boise St.,3,0,0,0,0,0,0,0,0,0,0,0
950,Joe Bob,OG,Boise St.,3,0,0,0,0,0,0,0,0,0,0,0
951,Joe Bob,WR,Boise St.,3,0,0,0,0,0,0,0,0,0,0,0
952,Joe Bob,WR,Boise St.,3,0,0,0,0,0,0,0,0,0,0,0
953,Joe Bob,OG,Boise St.,1,0,0,0,0,0,0,0,0,0,0,0
954,Joe Bob,OG,Boise St.,4,0,0,0,0,0,0,0,0,0,0,0
955,Joe Bob,WR,Boise St.,4,0,0,0,0,0,0,0,0,0,0,0
956,Joe Bob,OG,Boise St.,1,0,0,0,0,0,0,0,0,0,0,0
957,Joe Bob,OG,Boise St.,3,0,0,0,0,0,0,0,0,0,0,0
958,Joe Bob,OG,Boise St.,2,0,0,0,0,0,0,0,0,0,0,0
959,Joe Bob,OG,Boise St.,1,0,0,0,0,0,0,0,0,0,0,0
960,Joe Bob,OG,Boise St.,1,0,0,0,0,0,0,0,0,0,0,0
961,Joe Bob,OG,Boise St.,1,0,0,0,0,0,0,0,0,0,0,0
962,Joe Bob,OG,Boise St.,2,0,0,0,0,0,0,0,0,0,0,0
963,Joe Bob,OG,Boise St.,4,0,0,0,0,0,0,0,0,0,0,0
964,Joe Bob,WR,Boise St.,2,0,0,0,0,0,0,0,0,0,0,0
965,Joe Bob,OG,Boise St.,2,0,0,0,0,0,0,0,0,0,0,0
966,Joe Bob,WR,Boise St.,2,0,0,0,0,0,0,0,0,0,0,0
967,Joe Bob,OG,Boise St.,3,0,0,0,0,0,0,0,0,0,0,0
968,Joe Bob,OG,Boise St.,3,0,0,0,0,0,0,0,0,0,0,0
969,Joe Bob,WR,Boise St.,4,0,0,0,0,0,0,0,0,0,0,0
970,Joe Bob,OG,Boise St.,3,0,0,0,0,0,0,0,0,0,0,0
971,Joe Bob,WR,Boise St.,3,0,0,0,0,0,0,0,0,0,0,0
972,Joe Bob,FB,Boise St.,4,0,0,0,0,0,0,0,0,0,0,0
973,Joe Bob,WR,Boise St.,1,0,0,0,0,0,0,0,0,0,0,0
974,Joe Bob,OG,Boise St.,4,0,0,0,0,0,0,0,0,0,0,0
975,Joe Bob,QB,Boise St.,1,0,0,0,0,0,0,0,0,0,0,0
976,Joe Bob,OG,Boston College,2,0,0,0,0,0,0,0,0,0,0,0
977,Joe Bob,OG,Boston College,2,0,0,0,0,0,0,0,0,0,0,0
978,Joe Bob,OG,Boston College,3,0,0,0,0,0,0,0,0,0,0,0
979,Joe Bob,WR,Boston College,3,0,0,0,0,0,0,0,0,0,0,0
980,Joe Bob,OG,Boston College,3,0,0,0,0,0,0,0,0,0,0,0
981,Joe Bob,OG,Boston College,1,0,0,0,0,0,0,0,0,0,0,0
982,Joe Bob,OG,Boston College,4,0,0,0,0,0,0,0,0,0,0,0
983,Joe Bob,OG,Boston College,4,0,0,0,0,0,0,0,0,0,0,0
984,Joe Bob,OG,Boston College,4,0,0,0,0,0,0,0,0,0,0,0
985,Joe Bob,OG,Boston College,4,0,0,0,0,0,0,0,0,0,0,0
986,Joe Bob,OT,Boston College,4,0,0,0,0,0,0,0,0,0,0,0
987,Joe Bob,OT,Boston College,4,0,0,0,0,0,0,0,0,0,0,0
988,Joe Bob,RB,Boston College,4,0,0,0,0,0,0,0,0,0,0,0
989,Joe Bob,OG,Boston College,1,0,0,0,0,0,0,0,0,0,0,0
990,Joe Bob,OG,Boston College,2,0,0,0,0,0,0,0,0,0,0,0
991,Joe Bob,OG,Boston College,4,0,0,0,0,0,0,0,0,0,0,0
992,Joe Bob,OG,Boston College,2,0,0,0,0,0,0,0,0,0,0,0
993,Joe Bob,OG,Boston College,1,0,0,0,0,0,0,0,0,0,0,0
994,Joe Bob,WR,Boston College,1,0,0,0,0,0,0,0,0,0,0,0
995,Joe Bob,OG,Boston College,4,0,0,0,0,0,0,0,0,0,0,0
996,Joe Bob,OG,Boston College,1,0,0,0,0,0,0,0,0,0,0,0
997,Joe Bob,OG,Boston College,3,0,0,0,0,0,0,0,0,0,0,0
998,Joe Bob,OG,Boston College,2,0,0,0,0,0,0,0,0,0,0,0
999,Joe Bob,QB,Boston College,3,0,0,0,0,0,0,0,0,0,0,0
1000,Joe Bob,RB,Boston College,3,0,0,0,0,0,0,0,0,0,0,0
1001,Joe Bob,OG,Boston College,2,0,0,0,0,0,0,0,0,0,0,0
1002,Joe Bob,OG,Boston College,4,0,0,0,0,0,0,0,0,0,0,0
1003,Joe Bob,OG,Boston College,3,0,0,0,0,0,0,0,0,0,0,0
1004,Joe Bob,OG,Boston College,3,0,0,0,0,0,0,0,0,0,0,0
1005,Joe Bob,OG,Boston College,1,0,0,0,0,0,0,0,0,0,0,0
1006,Joe Bob,WR,Boston College,4,0,0,0,0,0,0,0,0,0,0,0
1007,Joe Bob,OG,Boston College,4,0,0,0,0,0,0,0,0,0,0,0
1008,Joe Bob,OG,Boston College,1,0,0,0,0,0,0,0,0,0,0,0
1009,Joe Bob,OG,Boston College,4,0,0,0,0,0,0,0,0,0,0,0
1010,Joe Bob,OG,Boston College,1,0,0,0,0,0,0,0,0,0,0,0
1011,Joe Bob,OG,Boston College,3,0,0,0,0,0,0,0,0,0,0,0
1012,Joe Bob,OG,Boston College,4,0,0,0,0,0,0,0,0,0,0,0
1013,Joe Bob,OG,Boston College,3,0,0,0,0,0,0,0,0,0,0,0
1014,Joe Bob,OG,Boston College,3,0,0,0,0,0,0,0,0,0,0,0
1015,Joe Bob,OT,Boston College,2,0,0,0,0,0,0,0,0,0,0,0
1016,Joe Bob,OG,Boston College,1,0,0,0,0,0,0,0,0,0,0,0
1017,Joe Bob,OT,Boston College,1,0,0,0,0,0,0,0,0,0,0,0
1018,Joe Bob,OG,Boston College,1,0,0,0,0,0,0,0,0,0,0,0
1019,Joe Bob,OG,Boston College,1,0,0,0,0,0,0,0,0,0,0,0
1020,Joe Bob,OG,Boston College,1,0,0,0,0,0,0,0,0,0,0,0
1021,Joe Bob,OG,Boston College,3,0,0,0,0,0,0,0,0,0,0,0
1022,Joe Bob,OG,Boston College,2,0,0,0,0,0,0,0,0,0,0,0
1023,Joe Bob,QB,Boston College,2,0,0,0,0,0,0,0,0,0,0,0
1024,Joe Bob,FB,Boston College,1,0,0,0,0,0,0,0,0,0,0,0
1025,Joe Bob,OG,Boston College,4,0,0,0,0,0,0,0,0,0,0,0
1026,Joe Bob,OT,Boston College,4,0,0,0,0,0,0,0,0,0,0,0
1027,Joe Bob,OG,Boston College,2,0,0,0,0,0,0,0,0,0,0,0
1028,Joe Bob,RB,Boston College,4,0,0,0,0,0,0,0,0,0,0,0
1029,Joe Bob,OT,Boston College,1,0,0,0,0,0,0,0,0,0,0,0
1030,Joe Bob,QB,Boston College,4,0,0,0,0,0,0,0,0,0,0,0
1031,Joe Bob,OG,Boston College,4,0,0,0,0,0,0,0,0,0,0,0
1032,Joe Bob,OG,Boston College,1,0,0,0,0,0,0,0,0,0,0,0
1033,Joe Bob,OG,Boston College,3,0,0,0,0,0,0,0,0,0,0,0
1034,Joe Bob,OG,Boston College,2,0,0,0,0,0,0,0,0,0,0,0
1035,Joe Bob,OG,Boston College,1,0,0,0,0,0,0,0,0,0,0,0
1036,Joe Bob,OG,Boston College,2,0,0,0,0,0,0,0,0,0,0,0
1037,Joe Bob,OG,Boston College,1,0,0,0,0,0,0,0,0,0,0,0
1038,Joe Bob,OG,Boston College,1,0,0,0,0,0,0,0,0,0,0,0
1039,Joe Bob,OG,Boston College,3,0,0,0,0,0,0,0,0,0,0,0
1040,Joe Bob,OG,Boston College,2,0,0,0,0,0,0,0,0,0,0,0
1041,Joe Bob,OG,Boston College,3,0,0,0,0,0,0,0,0,0,0,0
1042,Joe Bob,OG,Boston College,3,0,0,0,0,0,0,0,0,0,0,0
1043,Joe Bob,OG,Boston College,2,0,0,0,0,0,0,0,0,0,0,0
1044,Joe Bob,OG,Boston College,4,0,0,0,0,0,0,0,0,0,0,0
1045,Joe Bob,OG,Boston College,1,0,0,0,0,0,0,0,0,0,0,0
1046,Joe Bob,OG,Boston College,4,0,0,0,0,0,0,0,0,0,0,0
1047,Joe Bob,OG,Boston College,2,0,0,0,0,0,0,0,0,0,0,0
1048,Joe Bob,OG,Boston College,3,0,0,0,0,0,0,0,0,0,0,0
1049,Joe Bob,OG,Boston College,2,0,0,0,0,0,0,0,0,0,0,0
1050,Joe Bob,OG,Boston College,1,0,0,0,0,0,0,0,0,0,0,0
1051,Joe Bob,OG,Bowling Green,1,0,0,0,0,0,0,0,0,0,0,0
1052,Joe Bob,OG,Bowling Green,3,0,0,0,0,0,0,0,0,0,0,0
1053,Joe Bob,OG,Bowling Green,4,0,0,0,0,0,0,0,0,0,0,0
1054,Joe Bob,OG,Bowling Green,3,0,0,0,0,0,0,0,0,0,0,0
1055,Joe Bob,OG,Bowling Green,3,0,0,0,0,0,0,0,0,0,0,0
1056,Joe Bob,OG,Bowling Green,3,0,0,0,0,0,0,0,0,0,0,0
1057,Joe Bob,WR,Bowling Green,4,0,0,0,0,0,0,0,0,0,0,0
1058,Joe Bob,OG,Bowling Green,2,0,0,0,0,0,0,0,0,0,0,0
1059,Joe Bob,QB,Bowling Green,3,0,0,0,0,0,0,0,0,0,0,0
1060,Joe Bob,OG,Bowling Green,3,0,0,0,0,0,0,0,0,0,0,0
1061,Joe Bob,OT,Bowling Green,3,0,0,0,0,0,0,0,0,0,0,0
1062,Joe Bob,WR,Bowling Green,2,0,0,0,0,0,0,0,0,0,0,0
1063,Joe Bob,OG,Bowling Green,2,0,0,0,0,0,0,0,0,0,0,0
1064,Joe Bob,QB,Bowling Green,1,0,0,0,0,0,0,0,0,0,0,0
1065,Joe Bob,WR,Bowling Green,4,0,0,0,0,0,0,0,0,0,0,0
1066,Joe Bob,OG,Bowling Green,4,0,0,0,0,0,0,0,0,0,0,0
1067,Joe Bob,OG,Bowling Green,2,0,0,0,0,0,0,0,0,0,0,0
1068,Joe Bob,OG,Bowling Green,4,0,0,0,0,0,0,0,0,0,0,0
1069,Joe Bob,OT,Bowling Green,2,0,0,0,0,0,0,0,0,0,0,0
1070,Joe Bob,OG,Bowling Green,1,0,0,0,0,0,0,0,0,0,0,0
1071,Joe Bob,OG,Bowling Green,2,0,0,0,0,0,0,0,0,0,0,0
1072,Joe Bob,OG,Bowling Green,3,0,0,0,0,0,0,0,0,0,0,0
1073,Joe Bob,OG,Bowling Green,1,0,0,0,0,0,0,0,0,0,0,0
1074,Joe Bob,OG,Bowling Green,2,0,0,0,0,0,0,0,0,0,0,0
1075,Joe Bob,OG,Bowling Green,3,0,0,0,0,0,0,0,0,0,0,0
1076,Joe Bob,WR,Bowling Green,3,0,0,0,0,0,0,0,0,0,0,0
1077,Joe Bob,FB,Bowling Green,4,0,0,0,0,0,0,0,0,0,0,0
1078,Joe Bob,OG,Bowling Green,4,0,0,0,0,0,0,0,0,0,0,0
1079,Joe Bob,OG,Bowling Green,4,0,0,0,0,0,0,0,0,0,0,0
1080,Joe Bob,OG,Bowling Green,3,0,0,0,0,0,0,0,0,0,0,0
1081,Joe Bob,OT,Bowling Green,3,0,0,0,0,0,0,0,0,0,0,0
1082,Joe Bob,FB,Bowling Green,1,0,0,0,0,0,0,0,0,0,0,0
1083,Joe Bob,OT,Bowling Green,3,0,0,0,0,0,0,0,0,0,0,0
1084,Joe Bob,OG,Bowling Green,4,0,0,0,0,0,0,0,0,0,0,0
1085,Joe Bob,OG,Bowling Green,3,0,0,0,0,0,0,0,0,0,0,0
1086,Joe Bob,OT,Bowling Green,1,0,0,0,0,0,0,0,0,0,0,0
1087,Joe Bob,OG,Bowling Green,4,0,0,0,0,0,0,0,0,0,0,0
1088,Joe Bob,OG,Bowling Green,2,0,0,0,0,0,0,0,0,0,0,0
1089,Joe Bob,OT,Bowling Green,1,0,0,0,0,0,0,0,0,0,0,0
1090,Joe Bob,OG,Bowling Green,4,0,0,0,0,0,0,0,0,0,0,0
1091,Joe Bob,OG,Bowling Green,1,0,0,0,0,0,0,0,0,0,0,0
1092,Joe Bob,OG,Bowling Green,2,0,0,0,0,0,0,0,0,0,0,0
1093,Joe Bob,OG,Bowling Green,2,0,0,0,0,0,0,0,0,0,0,0
1094,Joe Bob,OG,Bowling Green,2,0,0,0,0,0,0,0,0,0,0,0
1095,Joe Bob,OG,Bowling Green,2,0,0,0,0,0,0,0,0,0,0,0
1096,Joe Bob,FB,Bowling Green,4,0,0,0,0,0,0,0,0,0,0,0
1097,Joe Bob,OG,Bowling Green,3,0,0,0,0,0,0,0,0,0,0,0
1098,Joe Bob,OG,Bowling Green,2,0,0,0,0,0,0,0,0,0,0,0
1099,Joe Bob,OG,Bowling Green,4,0,0,0,0,0,0,0,0,0,0,0
1100,Joe Bob,OT,Bowling Green,2,0,0,0,0,0,0,0,0,0,0,0
1101,Joe Bob,WR,Bowling Green,1,0,0,0,0,0,0,0,0,0,0,0
1102,Joe Bob,RB,Bowling Green,1,0,0,0,0,0,0,0,0,0,0,0
1103,Joe Bob,OG,Bowling Green,4,0,0,0,0,0,0,0,0,0,0,0
1104,Joe Bob,OG,Bowling Green,4,0,0,0,0,0,0,0,0,0,0,0
1105,Joe Bob,OG,Bowling Green,3,0,0,0,0,0,0,0,0,0,0,0
1106,Joe Bob,OG,Bowling Green,2,0,0,0,0,0,0,0,0,0,0,0
1107,Joe Bob,OG,Bowling Green,1,0,0,0,0,0,0,0,0,0,0,0
1108,Joe Bob,OG,Bowling Green,1,0,0,0,0,0,0,0,0,0,0,0
1109,Joe Bob,OG,Bowling Green,2,0,0,0,0,0,0,0,0,0,0,0
1110,Joe Bob,OG,Bowling Green,4,0,0,0,0,0,0,0,0,0,0,0
1111,Joe Bob,OG,Bowling Green,2,0,0,0,0,0,0,0,0,0,0,0
1112,Joe Bob,OG,Bowling Green,3,0,0,0,0,0,0,0,0,0,0,0
1113,Joe Bob,RB,Bowling Green,1,0,0,0,0,0,0,0,0,0,0,0
1114,Joe Bob,OG,Bowling Green,1,0,0,0,0,0,0,0,0,0,0,0
1115,Joe Bob,OG,Bowling Green,3,0,0,0,0,0,0,0,0,0,0,0
1116,Joe Bob,OG,Bowling Green,1,0,0,0,0,0,0,0,0,0,0,0
1117,Joe Bob,QB,Bowling Green,4,0,0,0,0,0,0,0,0,0,0,0
1118,Joe Bob,OG,Bowling Green,4,0,0,0,0,0,0,0,0,0,0,0
1119,Joe Bob,RB,Bowling Green,3,0,0,0,0,0,0,0,0,0,0,0
1120,Joe Bob,OG,Bowling Green,4,0,0,0,0,0,0,0,0,0,0,0
1121,Joe Bob,WR,Bowling Green,1,0,0,0,0,0,0,0,0,0,0,0
1122,Joe Bob,OG,Bowling Green,2,0,0,0,0,0,0,0,0,0,0,0
1123,Joe Bob,OG,Bowling Green,1,0,0,0,0,0,0,0,0,0,0,0
1124,Joe Bob,OG,Bowling Green,2,0,0,0,0,0,0,0,0,0,0,0
1125,Joe Bob,OG,Bowling Green,1,0,0,0,0,0,0,0,0,0,0,0
1126,Joe Bob,OG,Buffalo,2,0,0,0,0,0,0,0,0,0,0,0
1127,Joe Bob,OG,Buffalo,2,0,0,0,0,0,0,0,0,0,0,0
1128,Joe Bob,OG,Buffalo,2,0,0,0,0,0,0,0,0,0,0,0
1129,Joe Bob,OG,Buffalo,4,0,0,0,0,0,0,0,0,0,0,0
1130,Joe Bob,RB,Buffalo,2,0,0,0,0,0,0,0,0,0,0,0
1131,Joe Bob,OG,Buffalo,3,0,0,0,0,0,0,0,0,0,0,0
1132,Joe Bob,OG,Buffalo,4,0,0,0,0,0,0,0,0,0,0,0
1133,Joe Bob,OG,Buffalo,3,0,0,0,0,0,0,0,0,0,0,0
1134,Joe Bob,OG,Buffalo,1,0,0,0,0,0,0,0,0,0,0,0
1135,Joe Bob,OT,Buffalo,3,0,0,0,0,0,0,0,0,0,0,0
1136,Joe Bob,OG,Buffalo,1,0,0,0,0,0,0,0,0,0,0,0
1137,Joe Bob,OG,Buffalo,3,0,0,0,0,0,0,0,0,0,0,0
1138,Joe Bob,OG,Buffalo,1,0,0,0,0,0,0,0,0,0,0,0
1139,Joe Bob,OG,Buffalo,2,0,0,0,0,0,0,0,0,0,0,0
1140,Joe Bob,OG,Buffalo,4,0,0,0,0,0,0,0,0,0,0,0
1141,Joe Bob,OG,Buffalo,1,0,0,0,0,0,0,0,0,0,0,0
1142,Joe Bob,OG,Buffalo,1,0,0,0,0,0,0,0,0,0,0,0
1143,Joe Bob,OG,Buffalo,1,0,0,0,0,0,0,0,0,0,0,0
1144,Joe Bob,OG,Buffalo,2,0,0,0,0,0,0,0,0,0,0,0
1145,Joe Bob,OG,Buffalo,3,0,0,0,0,0,0,0,0,0,0,0
1146,Joe Bob,OG,Buffalo,3,0,0,0,0,0,0,0,0,0,0,0
1147,Joe Bob,OG,Buffalo,2,0,0,0,0,0,0,0,0,0,0,0
1148,Joe Bob,WR,Buffalo,2,0,0,0,0,0,0,0,0,0,0,0
1149,Joe Bob,OG,Buffalo,4,0,0,0,0,0,0,0,0,0,0,0
1150,Joe Bob,OT,Buffalo,2,0,0,0,0,0,0,0,0,0,0,0
1151,Joe Bob,OG,Buffalo,4,0,0,0,0,0,0,0,0,0,0,0
1152,Joe Bob,WR,Buffalo,2,0,0,0,0,0,0,0,0,0,0,0
1153,Joe Bob,OT,Buffalo,3,0,0,0,0,0,0,0,0,0,0,0
1154,Joe Bob,QB,Buffalo,4,0,0,0,0,0,0,0,0,0,0,0
1155,Joe Bob,WR,Buffalo,4,0,0,0,0,0,0,0,0,0,0,0
1156,Joe Bob,RB,Buffalo,1,0,0,0,0,0,0,0,0,0,0,0
1157,Joe Bob,OG,Buffalo,3,0,0,0,0,0,0,0,0,0,0,0
1158,Joe Bob,OG,Buffalo,1,0,0,0,0,0,0,0,0,0,0,0
1159,Joe Bob,OG,Buffalo,2,0,0,0,0,0,0,0,0,0,0,0
1160,Joe Bob,OG,Buffalo,1,0,0,0,0,0,0,0,0,0,0,0
1161,Joe Bob,OG,Buffalo,1,0,0,0,0,0,0,0,0,0,0,0
1162,Joe Bob,OG,Buffalo,1,0,0,0,0,0,0,0,0,0,0,0
1163,Joe Bob,OG,Buffalo,1,0,0,0,0,0,0,0,0,0,0,0
1164,Joe Bob,OG,Buffalo,3,0,0,0,0,0,0,0,0,0,0,0
1165,Joe Bob,OG,Buffalo,2,0,0,0,0,0,0,0,0,0,0,0
1166,Joe Bob,OG,Buffalo,3,0,0,0,0,0,0,0,0,0,0,0
1167,Joe Bob,RB,Buffalo,2,0,0,0,0,0,0,0,0,0,0,0
1168,Joe Bob,OG,Buffalo,3,0,0,0,0,0,0,0,0,0,0,0
1169,Joe Bob,OG,Buffalo,4,0,0,0,0,0,0,0,0,0,0,0
1170,Joe Bob,OG,Buffalo,2,0,0,0,0,0,0,0,0,0,0,0
1171,Joe Bob,OG,Buffalo,4,0,0,0,0,0,0,0,0,0,0,0
1172,Joe Bob,WR,Buffalo,3,0,0,0,0,0,0,0,0,0,0,0
1173,Joe Bob,QB,Buffalo,4,0,0,0,0,0,0,0,0,0,0,0
1174,Joe Bob,WR,Buffalo,4,0,0,0,0,0,0,0,0,0,0,0
1175,Joe Bob,OG,Buffalo,4,0,0,0,0,0,0,0,0,0,0,0
1176,Joe Bob,OT,Buffalo,4,0,0,0,0,0,0,0,0,0,0,0
1177,Joe Bob,OG,Buffalo,4,0,0,0,0,0,0,0,0,0,0,0
1178,Joe Bob,OG,Buffalo,1,0,0,0,0,0,0,0,0,0,0,0
1179,Joe Bob,OG,Buffalo,3,0,0,0,0,0,0,0,0,0,0,0
1180,Joe Bob,OG,Buffalo,1,0,0,0,0,0,0,0,0,0,0,0
1181,Joe Bob,OT,Buffalo,3,0,0,0,0,0,0,0,0,0,0,0
1182,Joe Bob,OG,Buffalo,1,0,0,0,0,0,0,0,0,0,0,0
1183,Joe Bob,OG,Buffalo,2,0,0,0,0,0,0,0,0,0,0,0
1184,Joe Bob,OG,Buffalo,4,0,0,0,0,0,0,0,0,0,0,0
1185,Joe Bob,QB,Buffalo,4,0,0,0,0,0,0,0,0,0,0,0
1186,Joe Bob,OG,Buffalo,1,0,0,0,0,0,0,0,0,0,0,0
1187,Joe Bob,OG,Buffalo,3,0,0,0,0,0,0,0,0,0,0,0
1188,Joe Bob,OG,Buffalo,1,0,0,0,0,0,0,0,0,0,0,0
1189,Joe Bob,OT,Buffalo,4,0,0,0,0,0,0,0,0,0,0,0
1190,Joe Bob,OG,Buffalo,4,0,0,0,0,0,0,0,0,0,0,0
1191,Joe Bob,OG,Buffalo,1,0,0,0,0,0,0,0,0,0,0,0
1192,Joe Bob,OG,Buffalo,1,0,0,0,0,0,0,0,0,0,0,0
1193,Joe Bob,OG,Buffalo,1,0,0,0,0,0,0,0,0,0,0,0
1194,Joe Bob,OT,Buffalo,2,0,0,0,0,0,0,0,0,0,0,0
1195,Joe Bob,OG,Buffalo,1,0,0,0,0,0,0,0,0,0,0,0
1196,Joe Bob,OG,Buffalo,3,0,0,0,0,0,0,0,0,0,0,0
1197,Joe Bob,OG,Buffalo,1,0,0,0,0,0,0,0,0,0,0,0
1198,Joe Bob,OG,Buffalo,3,0,0,0,0,0,0,0,0,0,0,0
1199,Joe Bob,OG,Buffalo,3,0,0,0,0,0,0,0,0,0,0,0
1200,Joe Bob,OT,Buffalo,2,0,0,0,0,0,0,0,0,0,0,0
1201,Joe Bob,OG,BYU,4,0,0,0,0,0,0,0,0,0,0,0
1202,Joe Bob,FB,BYU,2,0,0,0,0,0,0,0,0,0,0,0
1203,Joe Bob,OG,BYU,4,0,0,0,0,0,0,0,0,0,0,0
1204,Joe Bob,OG,BYU,3,0,0,0,0,0,0,0,0,0,0,0
1205,Joe Bob,OT,BYU,4,0,0,0,0,0,0,0,0,0,0,0
1206,Joe Bob,OG,BYU,1,0,0,0,0,0,0,0,0,0,0,0
1207,Joe Bob,OG,BYU,3,0,0,0,0,0,0,0,0,0,0,0
1208,Joe Bob,WR,BYU,1,0,0,0,0,0,0,0,0,0,0,0
1209,Joe Bob,OG,BYU,4,0,0,0,0,0,0,0,0,0,0,0
1210,Joe Bob,OG,BYU,1,0,0,0,0,0,0,0,0,0,0,0
1211,Joe Bob,OG,BYU,2,0,0,0,0,0,0,0,0,0,0,0
1212,Joe Bob,OG,BYU,2,0,0,0,0,0,0,0,0,0,0,0
1213,Joe Bob,OG,BYU,1,0,0,0,0,0,0,0,0,0,0,0
1214,Joe Bob,OG,BYU,2,0,0,0,0,0,0,0,0,0,0,0
1215,Joe Bob,OG,BYU,1,0,0,0,0,0,0,0,0,0,0,0
1216,Joe Bob,OG,BYU,4,0,0,0,0,0,0,0,0,0,0,0
1217,Joe Bob,OG,BYU,2,0,0,0,0,0,0,0,0,0,0,0
1218,Joe Bob,OG,BYU,3,0,0,0,0,0,0,0,0,0,0,0
1219,Joe Bob,WR,BYU,2,0,0,0,0,0,0,0,0,0,0,0
1220,Joe Bob,WR,BYU,1,0,0,0,0,0,0,0,0,0,0,0
1221,Joe Bob,OG,BYU,3,0,0,0,0,0,0,0,0,0,0,0
1222,Joe Bob,OG,BYU,2,0,0,0,0,0,0,0,0,0,0,0
1223,Joe Bob,OG,BYU,3,0,0,0,0,0,0,0,0,0,0,0
1224,Joe Bob,RB,BYU,2,0,0,0,0,0,0,0,0,0,0,0
1225,Joe Bob,OG,BYU,3,0,0,0,0,0,0,0,0,0,0,0
1226,Joe Bob,OT,BYU,1,0,0,0,0,0,0,0,0,0,0,0
1227,Joe Bob,OG,BYU,4,0,0,0,0,0,0,0,0,0,0,0
1228,Joe Bob,RB,BYU,3,0,0,0,0,0,0,0,0,0,0,0
1229,Joe Bob,OG,BYU,1,0,0,0,0,0,0,0,0,0,0,0
1230,Joe Bob,OG,BYU,4,0,0,0,0,0,0,0,0,0,0,0
1231,Joe Bob,OT,BYU,2,0,0,0,0,0,0,0,0,0,0,0
1232,Joe Bob,OG,BYU,1,0,0,0,0,0,0,0,0,0,0,0
1233,Joe Bob,OG,BYU,1,0,0,0,0,0,0,0,0,0,0,0
1234,Joe Bob,OG,BYU,1,0,0,0,0,0,0,0,0,0,0,0
1235,Joe Bob,OG,BYU,2,0,0,0,0,0,0,0,0,0,0,0
1236,Joe Bob,OG,BYU,3,0,0,0,0,0,0,0,0,0,0,0
1237,Joe Bob,WR,BYU,2,0,0,0,0,0,0,0,0,0,0,0
1238,Joe Bob,OT,BYU,2,0,0,0,0,0,0,0,0,0,0,0
1239,Joe Bob,RB,BYU,2,0,0,0,0,0,0,0,0,0,0,0
1240,Joe Bob,OG,BYU,3,0,0,0,0,0,0,0,0,0,0,0
1241,Joe Bob,OG,BYU,3,0,0,0,0,0,0,0,0,0,0,0
1242,Joe Bob,OT,BYU,4,0,0,0,0,0,0,0,0,0,0,0
1243,Joe Bob,OG,BYU,2,0,0,0,0,0,0,0,0,0,0,0
1244,Joe Bob,WR,BYU,3,0,0,0,0,0,0,0,0,0,0,0
1245,Joe Bob,QB,BYU,1,0,0,0,0,0,0,0,0,0,0,0
1246,Joe Bob,WR,BYU,1,0,0,0,0,0,0,0,0,0,0,0
1247,Joe Bob,OG,BYU,4,0,0,0,0,0,0,0,0,0,0,0
1248,Joe Bob,QB,BYU,1,0,0,0,0,0,0,0,0,0,0,0
1249,Joe Bob,OG,BYU,4,0,0,0,0,0,0,0,0,0,0,0
1250,Joe Bob,OG,BYU,1,0,0,0,0,0,0,0,0,0,0,0
1251,Joe Bob,WR,BYU,1,0,0,0,0,0,0,0,0,0,0,0
1252,Joe Bob,OG,BYU,2,0,0,0,0,0,0,0,0,0,0,0
1253,Joe Bob,OT,BYU,3,0,0,0,0,0,0,0,0,0,0,0
1254,Joe Bob,OG,BYU,1,0,0,0,0,0,0,0,0,0,0,0
1255,Joe Bob,OG,BYU,4,0,0,0,0,0,0,0,0,0,0,0
1256,Joe Bob,OG,BYU,3,0,0,0,0,0,0,0,0,0,0,0
1257,Joe Bob,OG,BYU,3,0,0,0,0,0,0,0,0,0,0,0
1258,Joe Bob,FB,BYU,1,0,0,0,0,0,0,0,0,0,0,0
1259,Joe Bob,WR,BYU,3,0,0,0,0,0,0,0,0,0,0,0
1260,Joe Bob,OT,BYU,4,0,0,0,0,0,0,0,0,0,0,0
1261,Joe Bob,QB,BYU,4,0,0,0,0,0,0,0,0,0,0,0
1262,Joe Bob,OG,BYU,4,0,0,0,0,0,0,0,0,0,0,0
1263,Joe Bob,OG,BYU,1,0,0,0,0,0,0,0,0,0,0,0
1264,Joe Bob,WR,BYU,4,0,0,0,0,0,0,0,0,0,0,0
1265,Joe Bob,OG,BYU,2,0,0,0,0,0,0,0,0,0,0,0
1266,Joe Bob,OT,BYU,4,0,0,0,0,0,0,0,0,0,0,0
1267,Joe Bob,OG,BYU,4,0,0,0,0,0,0,0,0,0,0,0
1268,Joe Bob,OG,BYU,3,0,0,0,0,0,0,0,0,0,0,0
1269,Joe Bob,OG,BYU,1,0,0,0,0,0,0,0,0,0,0,0
1270,Joe Bob,OG,BYU,3,0,0,0,0,0,0,0,0,0,0,0
1271,Joe Bob,OG,BYU,2,0,0,0,0,0,0,0,0,0,0,0
1272,Joe Bob,QB,BYU,3,0,0,0,0,0,0,0,0,0,0,0
1273,Joe Bob,RB,BYU,3,0,0,0,0,0,0,0,0,0,0,0
1274,Joe Bob,OG,BYU,1,0,0,0,0,0,0,0,0,0,0,0
1275,Joe Bob,OG,BYU,4,0,0,0,0,0,0,0,0,0,0,0
1276,Joe Bob,OT,C. Michigan,3,0,0,0,0,0,0,0,0,0,0,0
1277,Joe Bob,OT,C. Michigan,3,0,0,0,0,0,0,0,0,0,0,0
1278,Joe Bob,OT,C. Michigan,1,0,0,0,0,0,0,0,0,0,0,0
1279,Joe Bob,RB,C. Michigan,4,0,0,0,0,0,0,0,0,0,0,0
1280,Joe Bob,OG,C. Michigan,4,0,0,0,0,0,0,0,0,0,0,0
1281,Joe Bob,OG,C. Michigan,1,0,0,0,0,0,0,0,0,0,0,0
1282,Joe Bob,OG,C. Michigan,4,0,0,0,0,0,0,0,0,0,0,0
1283,Joe Bob,OG,C. Michigan,2,0,0,0,0,0,0,0,0,0,0,0
1284,Joe Bob,OG,C. Michigan,1,0,0,0,0,0,0,0,0,0,0,0
1285,Joe Bob,OG,C. Michigan,2,0,0,0,0,0,0,0,0,0,0,0
1286,Joe Bob,OG,C. Michigan,1,0,0,0,0,0,0,0,0,0,0,0
1287,Joe Bob,OG,C. Michigan,1,0,0,0,0,0,0,0,0,0,0,0
1288,Joe Bob,OG,C. Michigan,1,0,0,0,0,0,0,0,0,0,0,0
1289,Joe Bob,OG,C. Michigan,1,0,0,0,0,0,0,0,0,0,0,0
1290,Joe Bob,OG,C. Michigan,1,0,0,0,0,0,0,0,0,0,0,0
1291,Joe Bob,OG,C. Michigan,1,0,0,0,0,0,0,0,0,0,0,0
1292,Joe Bob,OG,C. Michigan,1,0,0,0,0,0,0,0,0,0,0,0
1293,Joe Bob,OG,C. Michigan,1,0,0,0,0,0,0,0,0,0,0,0
1294,Joe Bob,OG,C. Michigan,2,0,0,0,0,0,0,0,0,0,0,0
1295,Joe Bob,OG,C. Michigan,1,0,0,0,0,0,0,0,0,0,0,0
1296,Joe Bob,OG,C. Michigan,2,0,0,0,0,0,0,0,0,0,0,0
1297,Joe Bob,QB,C. Michigan,3,0,0,0,0,0,0,0,0,0,0,0
1298,Joe Bob,OG,C. Michigan,3,0,0,0,0,0,0,0,0,0,0,0
1299,Joe Bob,OT,C. Michigan,3,0,0,0,0,0,0,0,0,0,0,0
1300,Joe Bob,OG,C. Michigan,2,0,0,0,0,0,0,0,0,0,0,0
1301,Joe Bob,RB,C. Michigan,3,0,0,0,0,0,0,0,0,0,0,0
1302,Joe Bob,WR,C. Michigan,4,0,0,0,0,0,0,0,0,0,0,0
1303,Joe Bob,OG,C. Michigan,4,0,0,0,0,0,0,0,0,0,0,0
1304,Joe Bob,OG,C. Michigan,4,0,0,0,0,0,0,0,0,0,0,0
1305,Joe Bob,OG,C. Michigan,4,0,0,0,0,0,0,0,0,0,0,0
1306,Joe Bob,OG,C. Michigan,3,0,0,0,0,0,0,0,0,0,0,0
1307,Joe Bob,OG,C. Michigan,2,0,0,0,0,0,0,0,0,0,0,0
1308,Joe Bob,OT,C. Michigan,1,0,0,0,0,0,0,0,0,0,0,0
1309,Joe Bob,OG,C. Michigan,2,0,0,0,0,0,0,0,0,0,0,0
1310,Joe Bob,OG,C. Michigan,1,0,0,0,0,0,0,0,0,0,0,0
1311,Joe Bob,OG,C. Michigan,1,0,0,0,0,0,0,0,0,0,0,0
1312,Joe Bob,OG,C. Michigan,3,0,0,0,0,0,0,0,0,0,0,0
1313,Joe Bob,OG,C. Michigan,1,0,0,0,0,0,0,0,0,0,0,0
1314,Joe Bob,OG,C. Michigan,2,0,0,0,0,0,0,0,0,0,0,0
1315,Joe Bob,OG,C. Michigan,4,0,0,0,0,0,0,0,0,0,0,0
1316,Joe Bob,OG,C. Michigan,1,0,0,0,0,0,0,0,0,0,0,0
1317,Joe Bob,OG,C. Michigan,3,0,0,0,0,0,0,0,0,0,0,0
1318,Joe Bob,OG,C. Michigan,4,0,0,0,0,0,0,0,0,0,0,0
1319,Joe Bob,OG,C. Michigan,3,0,0,0,0,0,0,0,0,0,0,0
1320,Joe Bob,OG,C. Michigan,1,0,0,0,0,0,0,0,0,0,0,0
1321,Joe Bob,RB,C. Michigan,2,0,0,0,0,0,0,0,0,0,0,0
1322,Joe Bob,FB,C. Michigan,2,0,0,0,0,0,0,0,0,0,0,0
1323,Joe Bob,WR,C. Michigan,1,0,0,0,0,0,0,0,0,0,0,0
1324,Joe Bob,OG,C. Michigan,1,0,0,0,0,0,0,0,0,0,0,0
1325,Joe Bob,OG,C. Michigan,3,0,0,0,0,0,0,0,0,0,0,0
1326,Joe Bob,OG,C. Michigan,4,0,0,0,0,0,0,0,0,0,0,0
1327,Joe Bob,OG,C. Michigan,2,0,0,0,0,0,0,0,0,0,0,0
1328,Joe Bob,OG,C. Michigan,3,0,0,0,0,0,0,0,0,0,0,0
1329,Joe Bob,OG,C. Michigan,2,0,0,0,0,0,0,0,0,0,0,0
1330,Joe Bob,WR,C. Michigan,4,0,0,0,0,0,0,0,0,0,0,0
1331,Joe Bob,OG,C. Michigan,2,0,0,0,0,0,0,0,0,0,0,0
1332,Joe Bob,OG,C. Michigan,3,0,0,0,0,0,0,0,0,0,0,0
1333,Joe Bob,OG,C. Michigan,3,0,0,0,0,0,0,0,0,0,0,0
1334,Joe Bob,WR,C. Michigan,3,0,0,0,0,0,0,0,0,0,0,0
1335,Joe Bob,WR,C. Michigan,1,0,0,0,0,0,0,0,0,0,0,0
1336,Joe Bob,OT,C. Michigan,2,0,0,0,0,0,0,0,0,0,0,0
1337,Joe Bob,OG,C. Michigan,4,0,0,0,0,0,0,0,0,0,0,0
1338,Joe Bob,WR,C. Michigan,4,0,0,0,0,0,0,0,0,0,0,0
1339,Joe Bob,OG,C. Michigan,4,0,0,0,0,0,0,0,0,0,0,0
1340,Joe Bob,OG,C. Michigan,1,0,0,0,0,0,0,0,0,0,0,0
1341,Joe Bob,OG,C. Michigan,4,0,0,0,0,0,0,0,0,0,0,0
1342,Joe Bob,OT,C. Michigan,2,0,0,0,0,0,0,0,0,0,0,0
1343,Joe Bob,OG,C. Michigan,1,0,0,0,0,0,0,0,0,0,0,0
1344,Joe Bob,OG,C. Michigan,1,0,0,0,0,0,0,0,0,0,0,0
1345,Joe Bob,OG,C. Michigan,3,0,0,0,0,0,0,0,0,0,0,0
1346,Joe Bob,OG,C. Michigan,1,0,0,0,0,0,0,0,0,0,0,0
1347,Joe Bob,OG,C. Michigan,2,0,0,0,0,0,0,0,0,0,0,0
1348,Joe Bob,OG,C. Michigan,3,0,0,0,0,0,0,0,0,0,0,0
1349,Joe Bob,FB,C. Michigan,3,0,0,0,0,0,0,0,0,0,0,0
1350,Joe Bob,QB,C. Michigan,4,0,0,0,0,0,0,0,0,0,0,0
1351,Joe Bob,OG,California,3,0,0,0,0,0,0,0,0,0,0,0
1352,Joe Bob,OG,California,3,0,0,0,0,0,0,0,0,0,0,0
1353,Joe Bob,OG,California,3,0,0,0,0,0,0,0,0,0,0,0
1354,Joe Bob,OT,California,3,0,0,0,0,0,0,0,0,0,0,0
1355,Joe Bob,RB,California,1,0,0,0,0,0,0,0,0,0,0,0
1356,Joe Bob,OG,California,4,0,0,0,0,0,0,0,0,0,0,0
1357,Joe Bob,OG,California,4,0,0,0,0,0,0,0,0,0,0,0
1358,Joe Bob,OG,California,3,0,0,0,0,0,0,0,0,0,0,0
1359,Joe Bob,OG,California,1,0,0,0,0,0,0,0,0,0,0,0
1360,Joe Bob,OG,California,4,0,0,0,0,0,0,0,0,0,0,0
1361,Joe Bob,OG,California,1,0,0,0,0,0,0,0,0,0,0,0
1362,Joe Bob,WR,California,1,0,0,0,0,0,0,0,0,0,0,0
1363,Joe Bob,OG,California,4,0,0,0,0,0,0,0,0,0,0,0
1364,Joe Bob,OG,California,2,0,0,0,0,0,0,0,0,0,0,0
1365,Joe Bob,OG,California,2,0,0,0,0,0,0,0,0,0,0,0
1366,Joe Bob,OG,California,1,0,0,0,0,0,0,0,0,0,0,0
1367,Joe Bob,OG,California,2,0,0,0,0,0,0,0,0,0,0,0
1368,Joe Bob,OG,California,2,0,0,0,0,0,0,0,0,0,0,0
1369,Joe Bob,QB,California,3,0,0,0,0,0,0,0,0,0,0,0
1370,Joe Bob,OG,California,3,0,0,0,0,0,0,0,0,0,0,0
1371,Joe Bob,OT,California,2,0,0,0,0,0,0,0,0,0,0,0
1372,Joe Bob,OG,California,4,0,0,0,0,0,0,0,0,0,0,0
1373,Joe Bob,WR,California,1,0,0,0,0,0,0,0,0,0,0,0
1374,Joe Bob,QB,California,1,0,0,0,0,0,0,0,0,0,0,0
1375,Joe Bob,OG,California,4,0,0,0,0,0,0,0,0,0,0,0
1376,Joe Bob,OG,California,3,0,0,0,0,0,0,0,0,0,0,0
1377,Joe Bob,OG,California,4,0,0,0,0,0,0,0,0,0,0,0
1378,Joe Bob,OG,California,3,0,0,0,0,0,0,0,0,0,0,0
1379,Joe Bob,OT,California,2,0,0,0,0,0,0,0,0,0,0,0
1380,Joe Bob,OG,California,1,0,0,0,0,0,0,0,0,0,0,0
1381,Joe Bob,OG,California,1,0,0,0,0,0,0,0,0,0,0,0
1382,Joe Bob,OG,California,3,0,0,0,0,0,0,0,0,0,0,0
1383,Joe Bob,OG,California,4,0,0,0,0,0,0,0,0,0,0,0
1384,Joe Bob,OG,California,2,0,0,0,0,0,0,0,0,0,0,0
1385,Joe Bob,OG,California,3,0,0,0,0,0,0,0,0,0,0,0
1386,Joe Bob,OG,California,1,0,0,0,0,0,0,0,0,0,0,0
1387,Joe Bob,OG,California,4,0,0,0,0,0,0,0,0,0,0,0
1388,Joe Bob,OG,California,2,0,0,0,0,0,0,0,0,0,0,0
1389,Joe Bob,OG,California,4,0,0,0,0,0,0,0,0,0,0,0
1390,Joe Bob,OG,California,3,0,0,0,0,0,0,0,0,0,0,0
1391,Joe Bob,WR,California,2,0,0,0,0,0,0,0,0,0,0,0
1392,Joe Bob,OG,California,2,0,0,0,0,0,0,0,0,0,0,0
1393,Joe Bob,OT,California,3,0,0,0,0,0,0,0,0,0,0,0
1394,Joe Bob,OG,California,1,0,0,0,0,0,0,0,0,0,0,0
1395,Joe Bob,OG,California,2,0,0,0,0,0,0,0,0,0,0,0
1396,Joe Bob,OG,California,4,0,0,0,0,0,0,0,0,0,0,0
1397,Joe Bob,OG,California,2,0,0,0,0,0,0,0,0,0,0,0
1398,Joe Bob,OG,California,1,0,0,0,0,0,0,0,0,0,0,0
1399,Joe Bob,OG,California,2,0,0,0,0,0,0,0,0,0,0,0
1400,Joe Bob,OG,California,2,0,0,0,0,0,0,0,0,0,0,0
1401,Joe Bob,OG,California,2,0,0,0,0,0,0,0,0,0,0,0
1402,Joe Bob,OG,California,4,0,0,0,0,0,0,0,0,0,0,0
1403,Joe Bob,OG,California,1,0,0,0,0,0,0,0,0,0,0,0
1404,Joe Bob,OG,California,3,0,0,0,0,0,0,0,0,0,0,0
1405,Joe Bob,OG,California,3,0,0,0,0,0,0,0,0,0,0,0
1406,Joe Bob,OT,California,3,0,0,0,0,0,0,0,0,0,0,0
1407,Joe Bob,OG,California,4,0,0,0,0,0,0,0,0,0,0,0
1408,Joe Bob,WR,California,3,0,0,0,0,0,0,0,0,0,0,0
1409,Joe Bob,OG,California,1,0,0,0,0,0,0,0,0,0,0,0
1410,Joe Bob,OG,California,3,0,0,0,0,0,0,0,0,0,0,0
1411,Joe Bob,OG,California,1,0,0,0,0,0,0,0,0,0,0,0
1412,Joe Bob,OG,California,1,0,0,0,0,0,0,0,0,0,0,0
1413,Joe Bob,OG,California,4,0,0,0,0,0,0,0,0,0,0,0
1414,Joe Bob,OT,California,1,0,0,0,0,0,0,0,0,0,0,0
1415,Joe Bob,OG,California,1,0,0,0,0,0,0,0,0,0,0,0
1416,Joe Bob,OG,California,1,0,0,0,0,0,0,0,0,0,0,0
1417,Joe Bob,OG,California,2,0,0,0,0,0,0,0,0,0,0,0
1418,Joe Bob,OG,California,2,0,0,0,0,0,0,0,0,0,0,0
1419,Joe Bob,OG,California,3,0,0,0,0,0,0,0,0,0,0,0
1420,Joe Bob,OG,California,2,0,0,0,0,0,0,0,0,0,0,0
1421,Joe Bob,WR,California,2,0,0,0,0,0,0,0,0,0,0,0
1422,Joe Bob,OG,California,1,0,0,0,0,0,0,0,0,0,0,0
1423,Joe Bob,WR,California,2,0,0,0,0,0,0,0,0,0,0,0
1424,Joe Bob,OG,California,4,0,0,0,0,0,0,0,0,0,0,0
1425,Joe Bob,OT,California,3,0,0,0,0,0,0,0,0,0,0,0
1426,Joe Bob,OT,Charlotte,3,0,0,0,0,0,0,0,0,0,0,0
1427,Joe Bob,RB,Charlotte,4,0,0,0,0,0,0,0,0,0,0,0
1428,Joe Bob,OG,Charlotte,4,0,0,0,0,0,0,0,0,0,0,0
1429,Joe Bob,WR,Charlotte,4,0,0,0,0,0,0,0,0,0,0,0
1430,Joe Bob,OG,Charlotte,3,0,0,0,0,0,0,0,0,0,0,0
1431,Joe Bob,OG,Charlotte,4,0,0,0,0,0,0,0,0,0,0,0
1432,Joe Bob,OG,Charlotte,1,0,0,0,0,0,0,0,0,0,0,0
1433,Joe Bob,OG,Charlotte,1,0,0,0,0,0,0,0,0,0,0,0
1434,Joe Bob,OG,Charlotte,1,0,0,0,0,0,0,0,0,0,0,0
1435,Joe Bob,OG,Charlotte,2,0,0,0,0,0,0,0,0,0,0,0
1436,Joe Bob,OG,Charlotte,1,0,0,0,0,0,0,0,0,0,0,0
1437,Joe Bob,OG,Charlotte,3,0,0,0,0,0,0,0,0,0,0,0
1438,Joe Bob,OG,Charlotte,1,0,0,0,0,0,0,0,0,0,0,0
1439,Joe Bob,OG,Charlotte,3,0,0,0,0,0,0,0,0,0,0,0
1440,Joe Bob,OG,Charlotte,2,0,0,0,0,0,0,0,0,0,0,0
1441,Joe Bob,OG,Charlotte,3,0,0,0,0,0,0,0,0,0,0,0
1442,Joe Bob,OG,Charlotte,4,0,0,0,0,0,0,0,0,0,0,0
1443,Joe Bob,OG,Charlotte,2,0,0,0,0,0,0,0,0,0,0,0
1444,Joe Bob,OG,Charlotte,3,0,0,0,0,0,0,0,0,0,0,0
1445,Joe Bob,WR,Charlotte,3,0,0,0,0,0,0,0,0,0,0,0
1446,Joe Bob,OG,Charlotte,4,0,0,0,0,0,0,0,0,0,0,0
1447,Joe Bob,WR,Charlotte,4,0,0,0,0,0,0,0,0,0,0,0
1448,Joe Bob,OT,Charlotte,1,0,0,0,0,0,0,0,0,0,0,0
1449,Joe Bob,WR,Charlotte,1,0,0,0,0,0,0,0,0,0,0,0
1450,Joe Bob,OG,Charlotte,4,0,0,0,0,0,0,0,0,0,0,0
1451,Joe Bob,OT,Charlotte,1,0,0,0,0,0,0,0,0,0,0,0
1452,Joe Bob,OG,Charlotte,2,0,0,0,0,0,0,0,0,0,0,0
1453,Joe Bob,OG,Charlotte,1,0,0,0,0,0,0,0,0,0,0,0
1454,Joe Bob,WR,Charlotte,3,0,0,0,0,0,0,0,0,0,0,0
1455,Joe Bob,OG,Charlotte,1,0,0,0,0,0,0,0,0,0,0,0
1456,Joe Bob,OG,Charlotte,1,0,0,0,0,0,0,0,0,0,0,0
1457,Joe Bob,OG,Charlotte,2,0,0,0,0,0,0,0,0,0,0,0
1458,Joe Bob,OG,Charlotte,2,0,0,0,0,0,0,0,0,0,0,0
1459,Joe Bob,OG,Charlotte,4,0,0,0,0,0,0,0,0,0,0,0
1460,Joe Bob,WR,Charlotte,2,0,0,0,0,0,0,0,0,0,0,0
1461,Joe Bob,OG,Charlotte,1,0,0,0,0,0,0,0,0,0,0,0
1462,Joe Bob,QB,Charlotte,4,0,0,0,0,0,0,0,0,0,0,0
1463,Joe Bob,OG,Charlotte,4,0,0,0,0,0,0,0,0,0,0,0
1464,Joe Bob,OT,Charlotte,1,0,0,0,0,0,0,0,0,0,0,0
1465,Joe Bob,OG,Charlotte,1,0,0,0,0,0,0,0,0,0,0,0
1466,Joe Bob,OG,Charlotte,1,0,0,0,0,0,0,0,0,0,0,0
1467,Joe Bob,OT,Charlotte,1,0,0,0,0,0,0,0,0,0,0,0
1468,Joe Bob,OG,Charlotte,1,0,0,0,0,0,0,0,0,0,0,0
1469,Joe Bob,OG,Charlotte,3,0,0,0,0,0,0,0,0,0,0,0
1470,Joe Bob,OG,Charlotte,1,0,0,0,0,0,0,0,0,0,0,0
1471,Joe Bob,OG,Charlotte,3,0,0,0,0,0,0,0,0,0,0,0
1472,Joe Bob,OG,Charlotte,2,0,0,0,0,0,0,0,0,0,0,0
1473,Joe Bob,WR,Charlotte,2,0,0,0,0,0,0,0,0,0,0,0
1474,Joe Bob,OG,Charlotte,4,0,0,0,0,0,0,0,0,0,0,0
1475,Joe Bob,QB,Charlotte,2,0,0,0,0,0,0,0,0,0,0,0
1476,Joe Bob,OG,Charlotte,3,0,0,0,0,0,0,0,0,0,0,0
1477,Joe Bob,WR,Charlotte,3,0,0,0,0,0,0,0,0,0,0,0
1478,Joe Bob,WR,Charlotte,4,0,0,0,0,0,0,0,0,0,0,0
1479,Joe Bob,OT,Charlotte,1,0,0,0,0,0,0,0,0,0,0,0
1480,Joe Bob,OG,Charlotte,3,0,0,0,0,0,0,0,0,0,0,0
1481,Joe Bob,RB,Charlotte,4,0,0,0,0,0,0,0,0,0,0,0
1482,Joe Bob,OG,Charlotte,4,0,0,0,0,0,0,0,0,0,0,0
1483,Joe Bob,OG,Charlotte,4,0,0,0,0,0,0,0,0,0,0,0
1484,Joe Bob,OG,Charlotte,2,0,0,0,0,0,0,0,0,0,0,0
1485,Joe Bob,OG,Charlotte,2,0,0,0,0,0,0,0,0,0,0,0
1486,Joe Bob,OG,Charlotte,1,0,0,0,0,0,0,0,0,0,0,0
1487,Joe Bob,OG,Charlotte,1,0,0,0,0,0,0,0,0,0,0,0
1488,Joe Bob,OG,Charlotte,1,0,0,0,0,0,0,0,0,0,0,0
1489,Joe Bob,OG,Charlotte,4,0,0,0,0,0,0,0,0,0,0,0
1490,Joe Bob,OG,Charlotte,2,0,0,0,0,0,0,0,0,0,0,0
1491,Joe Bob,OG,Charlotte,3,0,0,0,0,0,0,0,0,0,0,0
1492,Joe Bob,RB,Charlotte,3,0,0,0,0,0,0,0,0,0,0,0
1493,Joe Bob,WR,Charlotte,2,0,0,0,0,0,0,0,0,0,0,0
1494,Joe Bob,OG,Charlotte,4,0,0,0,0,0,0,0,0,0,0,0
1495,Joe Bob,OG,Charlotte,3,0,0,0,0,0,0,0,0,0,0,0
1496,Joe Bob,OG,Charlotte,2,0,0,0,0,0,0,0,0,0,0,0
1497,Joe Bob,OT,Charlotte,2,0,0,0,0,0,0,0,0,0,0,0
1498,Joe Bob,WR,Charlotte,3,0,0,0,0,0,0,0,0,0,0,0
1499,Joe Bob,OT,Charlotte,4,0,0,0,0,0,0,0,0,0,0,0
1500,Joe Bob,OG,Charlotte,4,0,0,0,0,0,0,0,0,0,0,0
1501,Joe Bob,QB,Cincinnati,3,0,0,0,0,0,0,0,0,0,0,0
1502,Joe Bob,OG,Cincinnati,4,0,0,0,0,0,0,0,0,0,0,0
1503,Joe Bob,OG,Cincinnati,4,0,0,0,0,0,0,0,0,0,0,0
1504,Joe Bob,WR,Cincinnati,2,0,0,0,0,0,0,0,0,0,0,0
1505,Joe Bob,OG,Cincinnati,1,0,0,0,0,0,0,0,0,0,0,0
1506,Joe Bob,OG,Cincinnati,4,0,0,0,0,0,0,0,0,0,0,0
1507,Joe Bob,OG,Cincinnati,4,0,0,0,0,0,0,0,0,0,0,0
1508,Joe Bob,OG,Cincinnati,2,0,0,0,0,0,0,0,0,0,0,0
1509,Joe Bob,OG,Cincinnati,3,0,0,0,0,0,0,0,0,0,0,0
1510,Joe Bob,WR,Cincinnati,1,0,0,0,0,0,0,0,0,0,0,0
1511,Joe Bob,OT,Cincinnati,2,0,0,0,0,0,0,0,0,0,0,0
1512,Joe Bob,QB,Cincinnati,2,0,0,0,0,0,0,0,0,0,0,0
1513,Joe Bob,OG,Cincinnati,3,0,0,0,0,0,0,0,0,0,0,0
1514,Joe Bob,OG,Cincinnati,2,0,0,0,0,0,0,0,0,0,0,0
1515,Joe Bob,WR,Cincinnati,4,0,0,0,0,0,0,0,0,0,0,0
1516,Joe Bob,OG,Cincinnati,2,0,0,0,0,0,0,0,0,0,0,0
1517,Joe Bob,QB,Cincinnati,3,0,0,0,0,0,0,0,0,0,0,0
1518,Joe Bob,OG,Cincinnati,4,0,0,0,0,0,0,0,0,0,0,0
1519,Joe Bob,WR,Cincinnati,1,0,0,0,0,0,0,0,0,0,0,0
1520,Joe Bob,OG,Cincinnati,4,0,0,0,0,0,0,0,0,0,0,0
1521,Joe Bob,OG,Cincinnati,1,0,0,0,0,0,0,0,0,0,0,0
1522,Joe Bob,OG,Cincinnati,4,0,0,0,0,0,0,0,0,0,0,0
1523,Joe Bob,OG,Cincinnati,1,0,0,0,0,0,0,0,0,0,0,0
1524,Joe Bob,RB,Cincinnati,1,0,0,0,0,0,0,0,0,0,0,0
1525,Joe Bob,OG,Cincinnati,1,0,0,0,0,0,0,0,0,0,0,0
1526,Joe Bob,OT,Cincinnati,2,0,0,0,0,0,0,0,0,0,0,0
1527,Joe Bob,OG,Cincinnati,4,0,0,0,0,0,0,0,0,0,0,0
1528,Joe Bob,OG,Cincinnati,3,0,0,0,0,0,0,0,0,0,0,0
1529,Joe Bob,OG,Cincinnati,2,0,0,0,0,0,0,0,0,0,0,0
1530,Joe Bob,RB,Cincinnati,3,0,0,0,0,0,0,0,0,0,0,0
1531,Joe Bob,OG,Cincinnati,1,0,0,0,0,0,0,0,0,0,0,0
1532,Joe Bob,OG,Cincinnati,3,0,0,0,0,0,0,0,0,0,0,0
1533,Joe Bob,OG,Cincinnati,4,0,0,0,0,0,0,0,0,0,0,0
1534,Joe Bob,OG,Cincinnati,3,0,0,0,0,0,0,0,0,0,0,0
1535,Joe Bob,OG,Cincinnati,4,0,0,0,0,0,0,0,0,0,0,0
1536,Joe Bob,OG,Cincinnati,1,0,0,0,0,0,0,0,0,0,0,0
1537,Joe Bob,WR,Cincinnati,3,0,0,0,0,0,0,0,0,0,0,0
1538,Joe Bob,OG,Cincinnati,1,0,0,0,0,0,0,0,0,0,0,0
1539,Joe Bob,OT,Cincinnati,1,0,0,0,0,0,0,0,0,0,0,0
1540,Joe Bob,OG,Cincinnati,4,0,0,0,0,0,0,0,0,0,0,0
1541,Joe Bob,OG,Cincinnati,3,0,0,0,0,0,0,0,0,0,0,0
1542,Joe Bob,OG,Cincinnati,4,0,0,0,0,0,0,0,0,0,0,0
1543,Joe Bob,OG,Cincinnati,2,0,0,0,0,0,0,0,0,0,0,0
1544,Joe Bob,OG,Cincinnati,2,0,0,0,0,0,0,0,0,0,0,0
1545,Joe Bob,OG,Cincinnati,2,0,0,0,0,0,0,0,0,0,0,0
1546,Joe Bob,OG,Cincinnati,3,0,0,0,0,0,0,0,0,0,0,0
1547,Joe Bob,OG,Cincinnati,1,0,0,0,0,0,0,0,0,0,0,0
1548,Joe Bob,OG,Cincinnati,3,0,0,0,0,0,0,0,0,0,0,0
1549,Joe Bob,OG,Cincinnati,3,0,0,0,0,0,0,0,0,0,0,0
1550,Joe Bob,WR,Cincinnati,3,0,0,0,0,0,0,0,0,0,0,0
1551,Joe Bob,WR,Cincinnati,1,0,0,0,0,0,0,0,0,0,0,0
1552,Joe Bob,RB,Cincinnati,1,0,0,0,0,0,0,0,0,0,0,0
1553,Joe Bob,OT,Cincinnati,3,0,0,0,0,0,0,0,0,0,0,0
1554,Joe Bob,OG,Cincinnati,1,0,0,0,0,0,0,0,0,0,0,0
1555,Joe Bob,OG,Cincinnati,4,0,0,0,0,0,0,0,0,0,0,0
1556,Joe Bob,OG,Cincinnati,2,0,0,0,0,0,0,0,0,0,0,0
1557,Joe Bob,OG,Cincinnati,1,0,0,0,0,0,0,0,0,0,0,0
1558,Joe Bob,OT,Cincinnati,2,0,0,0,0,0,0,0,0,0,0,0
1559,Joe Bob,OG,Cincinnati,4,0,0,0,0,0,0,0,0,0,0,0
1560,Joe Bob,OG,Cincinnati,4,0,0,0,0,0,0,0,0,0,0,0
1561,Joe Bob,OG,Cincinnati,3,0,0,0,0,0,0,0,0,0,0,0
1562,Joe Bob,WR,Cincinnati,3,0,0,0,0,0,0,0,0,0,0,0
1563,Joe Bob,OG,Cincinnati,2,0,0,0,0,0,0,0,0,0,0,0
1564,Joe Bob,FB,Cincinnati,2,0,0,0,0,0,0,0,0,0,0,0
1565,Joe Bob,OG,Cincinnati,1,0,0,0,0,0,0,0,0,0,0,0
1566,Joe Bob,WR,Cincinnati,1,0,0,0,0,0,0,0,0,0,0,0
1567,Joe Bob,WR,Cincinnati,2,0,0,0,0,0,0,0,0,0,0,0
1568,Joe Bob,OG,Cincinnati,1,0,0,0,0,0,0,0,0,0,0,0
1569,Joe Bob,OG,Cincinnati,2,0,0,0,0,0,0,0,0,0,0,0
1570,Joe Bob,OG,Cincinnati,3,0,0,0,0,0,0,0,0,0,0,0
1571,Joe Bob,OG,Cincinnati,3,0,0,0,0,0,0,0,0,0,0,0
1572,Joe Bob,WR,Cincinnati,3,0,0,0,0,0,0,0,0,0,0,0
1573,Joe Bob,OG,Cincinnati,2,0,0,0,0,0,0,0,0,0,0,0
1574,Joe Bob,OG,Cincinnati,3,0,0,0,0,0,0,0,0,0,0,0
1575,Joe Bob,OT,Cincinnati,4,0,0,0,0,0,0,0,0,0,0,0
1576,Joe Bob,OG,Clemson,4,0,0,0,0,0,0,0,0,0,0,0
1577,Joe Bob,OG,Clemson,4,0,0,0,0,0,0,0,0,0,0,0
1578,Joe Bob,OG,Clemson,1,0,0,0,0,0,0,0,0,0,0,0
1579,Joe Bob,OG,Clemson,2,0,0,0,0,0,0,0,0,0,0,0
1580,Joe Bob,FB,Clemson,1,0,0,0,0,0,0,0,0,0,0,0
1581,Joe Bob,OT,Clemson,4,0,0,0,0,0,0,0,0,0,0,0
1582,Joe Bob,OG,Clemson,1,0,0,0,0,0,0,0,0,0,0,0
1583,Joe Bob,OG,Clemson,1,0,0,0,0,0,0,0,0,0,0,0
1584,Joe Bob,OG,Clemson,1,0,0,0,0,0,0,0,0,0,0,0
1585,Joe Bob,OG,Clemson,3,0,0,0,0,0,0,0,0,0,0,0
1586,Joe Bob,OG,Clemson,1,0,0,0,0,0,0,0,0,0,0,0
1587,Joe Bob,OG,Clemson,2,0,0,0,0,0,0,0,0,0,0,0
1588,Joe Bob,OG,Clemson,3,0,0,0,0,0,0,0,0,0,0,0
1589,Joe Bob,OG,Clemson,1,0,0,0,0,0,0,0,0,0,0,0
1590,Joe Bob,OG,Clemson,3,0,0,0,0,0,0,0,0,0,0,0
1591,Joe Bob,OG,Clemson,4,0,0,0,0,0,0,0,0,0,0,0
1592,Joe Bob,OG,Clemson,3,0,0,0,0,0,0,0,0,0,0,0
1593,Joe Bob,OG,Clemson,1,0,0,0,0,0,0,0,0,0,0,0
1594,Joe Bob,RB,Clemson,2,0,0,0,0,0,0,0,0,0,0,0
1595,Joe Bob,RB,Clemson,4,0,0,0,0,0,0,0,0,0,0,0
1596,Joe Bob,WR,Clemson,4,0,0,0,0,0,0,0,0,0,0,0
1597,Joe Bob,OG,Clemson,4,0,0,0,0,0,0,0,0,0,0,0
1598,Joe Bob,OT,Clemson,2,0,0,0,0,0,0,0,0,0,0,0
1599,Joe Bob,OG,Clemson,2,0,0,0,0,0,0,0,0,0,0,0
1600,Joe Bob,WR,Clemson,2,0,0,0,0,0,0,0,0,0,0,0
1601,Joe Bob,OG,Clemson,2,0,0,0,0,0,0,0,0,0,0,0
1602,Joe Bob,OG,Clemson,2,0,0,0,0,0,0,0,0,0,0,0
1603,Joe Bob,RB,Clemson,3,0,0,0,0,0,0,0,0,0,0,0
1604,Joe Bob,OG,Clemson,2,0,0,0,0,0,0,0,0,0,0,0
1605,Joe Bob,OG,Clemson,3,0,0,0,0,0,0,0,0,0,0,0
1606,Joe Bob,OG,Clemson,3,0,0,0,0,0,0,0,0,0,0,0
1607,Joe Bob,RB,Clemson,2,0,0,0,0,0,0,0,0,0,0,0
1608,Joe Bob,FB,Clemson,4,0,0,0,0,0,0,0,0,0,0,0
1609,Joe Bob,WR,Clemson,2,0,0,0,0,0,0,0,0,0,0,0
1610,Joe Bob,OG,Clemson,4,0,0,0,0,0,0,0,0,0,0,0
1611,Joe Bob,QB,Clemson,4,0,0,0,0,0,0,0,0,0,0,0
1612,Joe Bob,OG,Clemson,4,0,0,0,0,0,0,0,0,0,0,0
1613,Joe Bob,OG,Clemson,1,0,0,0,0,0,0,0,0,0,0,0
1614,Joe Bob,OG,Clemson,4,0,0,0,0,0,0,0,0,0,0,0
1615,Joe Bob,WR,Clemson,2,0,0,0,0,0,0,0,0,0,0,0
1616,Joe Bob,OG,Clemson,1,0,0,0,0,0,0,0,0,0,0,0
1617,Joe Bob,OG,Clemson,1,0,0,0,0,0,0,0,0,0,0,0
1618,Joe Bob,OG,Clemson,2,0,0,0,0,0,0,0,0,0,0,0
1619,Joe Bob,OG,Clemson,2,0,0,0,0,0,0,0,0,0,0,0
1620,Joe Bob,OG,Clemson,2,0,0,0,0,0,0,0,0,0,0,0
1621,Joe Bob,OG,Clemson,2,0,0,0,0,0,0,0,0,0,0,0
1622,Joe Bob,RB,Clemson,2,0,0,0,0,0,0,0,0,0,0,0
1623,Joe Bob,OG,Clemson,4,0,0,0,0,0,0,0,0,0,0,0
1624,Joe Bob,OG,Clemson,3,0,0,0,0,0,0,0,0,0,0,0
1625,Joe Bob,OG,Clemson,3,0,0,0,0,0,0,0,0,0,0,0
1626,Joe Bob,OG,Clemson,3,0,0,0,0,0,0,0,0,0,0,0
1627,Joe Bob,OT,Clemson,3,0,0,0,0,0,0,0,0,0,0,0
1628,Joe Bob,OG,Clemson,1,0,0,0,0,0,0,0,0,0,0,0
1629,Joe Bob,OG,Clemson,4,0,0,0,0,0,0,0,0,0,0,0
1630,Joe Bob,OG,Clemson,1,0,0,0,0,0,0,0,0,0,0,0
1631,Joe Bob,OG,Clemson,4,0,0,0,0,0,0,0,0,0,0,0
1632,Joe Bob,OG,Clemson,1,0,0,0,0,0,0,0,0,0,0,0
1633,Joe Bob,OG,Clemson,1,0,0,0,0,0,0,0,0,0,0,0
1634,Joe Bob,OG,Clemson,1,0,0,0,0,0,0,0,0,0,0,0
1635,Joe Bob,OG,Clemson,1,0,0,0,0,0,0,0,0,0,0,0
1636,Joe Bob,OG,Clemson,4,0,0,0,0,0,0,0,0,0,0,0
1637,Joe Bob,OG,Clemson,2,0,0,0,0,0,0,0,0,0,0,0
1638,Joe Bob,OG,Clemson,2,0,0,0,0,0,0,0,0,0,0,0
1639,Joe Bob,OG,Clemson,1,0,0,0,0,0,0,0,0,0,0,0
1640,Joe Bob,OG,Clemson,1,0,0,0,0,0,0,0,0,0,0,0
1641,Joe Bob,OG,Clemson,2,0,0,0,0,0,0,0,0,0,0,0
1642,Joe Bob,OG,Clemson,3,0,0,0,0,0,0,0,0,0,0,0
1643,Joe Bob,OG,Clemson,3,0,0,0,0,0,0,0,0,0,0,0
1644,Joe Bob,WR,Clemson,2,0,0,0,0,0,0,0,0,0,0,0
1645,Joe Bob,OG,Clemson,4,0,0,0,0,0,0,0,0,0,0,0
1646,Joe Bob,WR,Clemson,1,0,0,0,0,0,0,0,0,0,0,0
1647,Joe Bob,OG,Clemson,4,0,0,0,0,0,0,0,0,0,0,0
1648,Joe Bob,OG,Clemson,4,0,0,0,0,0,0,0,0,0,0,0
1649,Joe Bob,OG,Clemson,3,0,0,0,0,0,0,0,0,0,0,0
1650,Joe Bob,OG,Clemson,4,0,0,0,0,0,0,0,0,0,0,0
1651,Joe Bob,OT,Coastal Carolina,3,0,0,0,0,0,0,0,0,0,0,0
1652,Joe Bob,OT,Coastal Carolina,2,0,0,0,0,0,0,0,0,0,0,0
1653,Joe Bob,OG,Coastal Carolina,1,0,0,0,0,0,0,0,0,0,0,0
1654,Joe Bob,OG,Coastal Carolina,1,0,0,0,0,0,0,0,0,0,0,0
1655,Joe Bob,OG,Coastal Carolina,2,0,0,0,0,0,0,0,0,0,0,0
1656,Joe Bob,OG,Coastal Carolina,1,0,0,0,0,0,0,0,0,0,0,0
1657,Joe Bob,OG,Coastal Carolina,1,0,0,0,0,0,0,0,0,0,0,0
1658,Joe Bob,OG,Coastal Carolina,3,0,0,0,0,0,0,0,0,0,0,0
1659,Joe Bob,OG,Coastal Carolina,1,0,0,0,0,0,0,0,0,0,0,0
1660,Joe Bob,OG,Coastal Carolina,3,0,0,0,0,0,0,0,0,0,0,0
1661,Joe Bob,OG,Coastal Carolina,2,0,0,0,0,0,0,0,0,0,0,0
1662,Joe Bob,OG,Coastal Carolina,3,0,0,0,0,0,0,0,0,0,0,0
1663,Joe Bob,OG,Coastal Carolina,3,0,0,0,0,0,0,0,0,0,0,0
1664,Joe Bob,FB,Coastal Carolina,2,0,0,0,0,0,0,0,0,0,0,0
1665,Joe Bob,QB,Coastal Carolina,1,0,0,0,0,0,0,0,0,0,0,0
1666,Joe Bob,OG,Coastal Carolina,2,0,0,0,0,0,0,0,0,0,0,0
1667,Joe Bob,OG,Coastal Carolina,4,0,0,0,0,0,0,0,0,0,0,0
1668,Joe Bob,WR,Coastal Carolina,4,0,0,0,0,0,0,0,0,0,0,0
1669,Joe Bob,OG,Coastal Carolina,1,0,0,0,0,0,0,0,0,0,0,0
1670,Joe Bob,OG,Coastal Carolina,2,0,0,0,0,0,0,0,0,0,0,0
1671,Joe Bob,OG,Coastal Carolina,1,0,0,0,0,0,0,0,0,0,0,0
1672,Joe Bob,OG,Coastal Carolina,2,0,0,0,0,0,0,0,0,0,0,0
1673,Joe Bob,OG,Coastal Carolina,1,0,0,0,0,0,0,0,0,0,0,0
1674,Joe Bob,OG,Coastal Carolina,2,0,0,0,0,0,0,0,0,0,0,0
1675,Joe Bob,OG,Coastal Carolina,3,0,0,0,0,0,0,0,0,0,0,0
1676,Joe Bob,OG,Coastal Carolina,1,0,0,0,0,0,0,0,0,0,0,0
1677,Joe Bob,OG,Coastal Carolina,2,0,0,0,0,0,0,0,0,0,0,0
1678,Joe Bob,OG,Coastal Carolina,3,0,0,0,0,0,0,0,0,0,0,0
1679,Joe Bob,OG,Coastal Carolina,2,0,0,0,0,0,0,0,0,0,0,0
1680,Joe Bob,OG,Coastal Carolina,4,0,0,0,0,0,0,0,0,0,0,0
1681,Joe Bob,WR,Coastal Carolina,3,0,0,0,0,0,0,0,0,0,0,0
1682,Joe Bob,OG,Coastal Carolina,1,0,0,0,0,0,0,0,0,0,0,0
1683,Joe Bob,OG,Coastal Carolina,3,0,0,0,0,0,0,0,0,0,0,0
1684,Joe Bob,OG,Coastal Carolina,4,0,0,0,0,0,0,0,0,0,0,0
1685,Joe Bob,OG,Coastal Carolina,1,0,0,0,0,0,0,0,0,0,0,0
1686,Joe Bob,OG,Coastal Carolina,4,0,0,0,0,0,0,0,0,0,0,0
1687,Joe Bob,OT,Coastal Carolina,1,0,0,0,0,0,0,0,0,0,0,0
1688,Joe Bob,OG,Coastal Carolina,1,0,0,0,0,0,0,0,0,0,0,0
1689,Joe Bob,OG,Coastal Carolina,4,0,0,0,0,0,0,0,0,0,0,0
1690,Joe Bob,OG,Coastal Carolina,2,0,0,0,0,0,0,0,0,0,0,0
1691,Joe Bob,OG,Coastal Carolina,2,0,0,0,0,0,0,0,0,0,0,0
1692,Joe Bob,OG,Coastal Carolina,3,0,0,0,0,0,0,0,0,0,0,0
1693,Joe Bob,OG,Coastal Carolina,1,0,0,0,0,0,0,0,0,0,0,0
1694,Joe Bob,OG,Coastal Carolina,2,0,0,0,0,0,0,0,0,0,0,0
1695,Joe Bob,OG,Coastal Carolina,4,0,0,0,0,0,0,0,0,0,0,0
1696,Joe Bob,OG,Coastal Carolina,2,0,0,0,0,0,0,0,0,0,0,0
1697,Joe Bob,OG,Coastal Carolina,4,0,0,0,0,0,0,0,0,0,0,0
1698,Joe Bob,WR,Coastal Carolina,2,0,0,0,0,0,0,0,0,0,0,0
1699,Joe Bob,OT,Coastal Carolina,3,0,0,0,0,0,0,0,0,0,0,0
1700,Joe Bob,QB,Coastal Carolina,4,0,0,0,0,0,0,0,0,0,0,0
1701,Joe Bob,OG,Coastal Carolina,4,0,0,0,0,0,0,0,0,0,0,0
1702,Joe Bob,FB,Coastal Carolina,4,0,0,0,0,0,0,0,0,0,0,0
1703,Joe Bob,OG,Coastal Carolina,3,0,0,0,0,0,0,0,0,0,0,0
1704,Joe Bob,OG,Coastal Carolina,1,0,0,0,0,0,0,0,0,0,0,0
1705,Joe Bob,OG,Coastal Carolina,1,0,0,0,0,0,0,0,0,0,0,0
1706,Joe Bob,OG,Coastal Carolina,4,0,0,0,0,0,0,0,0,0,0,0
1707,Joe Bob,OT,Coastal Carolina,1,0,0,0,0,0,0,0,0,0,0,0
1708,Joe Bob,OG,Coastal Carolina,1,0,0,0,0,0,0,0,0,0,0,0
1709,Joe Bob,OG,Coastal Carolina,1,0,0,0,0,0,0,0,0,0,0,0
1710,Joe Bob,OG,Coastal Carolina,3,0,0,0,0,0,0,0,0,0,0,0
1711,Joe Bob,OG,Coastal Carolina,1,0,0,0,0,0,0,0,0,0,0,0
1712,Joe Bob,OG,Coastal Carolina,2,0,0,0,0,0,0,0,0,0,0,0
1713,Joe Bob,OG,Coastal Carolina,1,0,0,0,0,0,0,0,0,0,0,0
1714,Joe Bob,OG,Coastal Carolina,3,0,0,0,0,0,0,0,0,0,0,0
1715,Joe Bob,OG,Coastal Carolina,3,0,0,0,0,0,0,0,0,0,0,0
1716,Joe Bob,OT,Coastal Carolina,2,0,0,0,0,0,0,0,0,0,0,0
1717,Joe Bob,OG,Coastal Carolina,3,0,0,0,0,0,0,0,0,0,0,0
1718,Joe Bob,OT,Coastal Carolina,3,0,0,0,0,0,0,0,0,0,0,0
1719,Joe Bob,OG,Coastal Carolina,4,0,0,0,0,0,0,0,0,0,0,0
1720,Joe Bob,RB,Coastal Carolina,4,0,0,0,0,0,0,0,0,0,0,0
1721,Joe Bob,WR,Coastal Carolina,1,0,0,0,0,0,0,0,0,0,0,0
1722,Joe Bob,QB,Coastal Carolina,1,0,0,0,0,0,0,0,0,0,0,0
1723,Joe Bob,OG,Coastal Carolina,4,0,0,0,0,0,0,0,0,0,0,0
1724,Joe Bob,WR,Coastal Carolina,4,0,0,0,0,0,0,0,0,0,0,0
1725,Joe Bob,OG,Coastal Carolina,1,0,0,0,0,0,0,0,0,0,0,0
1726,Joe Bob,OG,Colorado,1,0,0,0,0,0,0,0,0,0,0,0
1727,Joe Bob,WR,Colorado,2,0,0,0,0,0,0,0,0,0,0,0
1728,Joe Bob,OG,Colorado,1,0,0,0,0,0,0,0,0,0,0,0
1729,Joe Bob,OG,Colorado,1,0,0,0,0,0,0,0,0,0,0,0
1730,Joe Bob,OG,Colorado,2,0,0,0,0,0,0,0,0,0,0,0
1731,Joe Bob,RB,Colorado,2,0,0,0,0,0,0,0,0,0,0,0
1732,Joe Bob,OG,Colorado,4,0,0,0,0,0,0,0,0,0,0,0
1733,Joe Bob,WR,Colorado,1,0,0,0,0,0,0,0,0,0,0,0
1734,Joe Bob,OG,Colorado,4,0,0,0,0,0,0,0,0,0,0,0
1735,Joe Bob,OG,Colorado,3,0,0,0,0,0,0,0,0,0,0,0
1736,Joe Bob,OG,Colorado,3,0,0,0,0,0,0,0,0,0,0,0
1737,Joe Bob,QB,Colorado,4,0,0,0,0,0,0,0,0,0,0,0
1738,Joe Bob,WR,Colorado,4,0,0,0,0,0,0,0,0,0,0,0
1739,Joe Bob,FB,Colorado,1,0,0,0,0,0,0,0,0,0,0,0
1740,Joe Bob,OG,Colorado,4,0,0,0,0,0,0,0,0,0,0,0
1741,Joe Bob,OG,Colorado,1,0,0,0,0,0,0,0,0,0,0,0
1742,Joe Bob,OG,Colorado,3,0,0,0,0,0,0,0,0,0,0,0
1743,Joe Bob,OG,Colorado,4,0,0,0,0,0,0,0,0,0,0,0
1744,Joe Bob,OG,Colorado,2,0,0,0,0,0,0,0,0,0,0,0
1745,Joe Bob,OG,Colorado,2,0,0,0,0,0,0,0,0,0,0,0
1746,Joe Bob,WR,Colorado,2,0,0,0,0,0,0,0,0,0,0,0
1747,Joe Bob,OG,Colorado,4,0,0,0,0,0,0,0,0,0,0,0
1748,Joe Bob,OG,Colorado,1,0,0,0,0,0,0,0,0,0,0,0
1749,Joe Bob,OG,Colorado,3,0,0,0,0,0,0,0,0,0,0,0
1750,Joe Bob,RB,Colorado,2,0,0,0,0,0,0,0,0,0,0,0
1751,Joe Bob,WR,Colorado,3,0,0,0,0,0,0,0,0,0,0,0
1752,Joe Bob,WR,Colorado,1,0,0,0,0,0,0,0,0,0,0,0
1753,Joe Bob,OT,Colorado,3,0,0,0,0,0,0,0,0,0,0,0
1754,Joe Bob,QB,Colorado,4,0,0,0,0,0,0,0,0,0,0,0
1755,Joe Bob,OG,Colorado,4,0,0,0,0,0,0,0,0,0,0,0
1756,Joe Bob,OG,Colorado,4,0,0,0,0,0,0,0,0,0,0,0
1757,Joe Bob,OG,Colorado,2,0,0,0,0,0,0,0,0,0,0,0
1758,Joe Bob,OT,Colorado,1,0,0,0,0,0,0,0,0,0,0,0
1759,Joe Bob,OG,Colorado,1,0,0,0,0,0,0,0,0,0,0,0
1760,Joe Bob,OG,Colorado,1,0,0,0,0,0,0,0,0,0,0,0
1761,Joe Bob,OG,Colorado,1,0,0,0,0,0,0,0,0,0,0,0
1762,Joe Bob,OG,Colorado,3,0,0,0,0,0,0,0,0,0,0,0
1763,Joe Bob,OG,Colorado,1,0,0,0,0,0,0,0,0,0,0,0
1764,Joe Bob,OG,Colorado,3,0,0,0,0,0,0,0,0,0,0,0
1765,Joe Bob,QB,Colorado,2,0,0,0,0,0,0,0,0,0,0,0
1766,Joe Bob,FB,Colorado,2,0,0,0,0,0,0,0,0,0,0,0
1767,Joe Bob,OG,Colorado,3,0,0,0,0,0,0,0,0,0,0,0
1768,Joe Bob,OT,Colorado,4,0,0,0,0,0,0,0,0,0,0,0
1769,Joe Bob,OG,Colorado,3,0,0,0,0,0,0,0,0,0,0,0
1770,Joe Bob,OT,Colorado,3,0,0,0,0,0,0,0,0,0,0,0
1771,Joe Bob,RB,Colorado,1,0,0,0,0,0,0,0,0,0,0,0
1772,Joe Bob,OG,Colorado,1,0,0,0,0,0,0,0,0,0,0,0
1773,Joe Bob,OG,Colorado,4,0,0,0,0,0,0,0,0,0,0,0
1774,Joe Bob,RB,Colorado,3,0,0,0,0,0,0,0,0,0,0,0
1775,Joe Bob,OG,Colorado,4,0,0,0,0,0,0,0,0,0,0,0
1776,Joe Bob,OG,Colorado,4,0,0,0,0,0,0,0,0,0,0,0
1777,Joe Bob,FB,Colorado,1,0,0,0,0,0,0,0,0,0,0,0
1778,Joe Bob,OG,Colorado,1,0,0,0,0,0,0,0,0,0,0,0
1779,Joe Bob,WR,Colorado,4,0,0,0,0,0,0,0,0,0,0,0
1780,Joe Bob,OG,Colorado,4,0,0,0,0,0,0,0,0,0,0,0
1781,Joe Bob,OG,Colorado,2,0,0,0,0,0,0,0,0,0,0,0
1782,Joe Bob,OG,Colorado,2,0,0,0,0,0,0,0,0,0,0,0
1783,Joe Bob,WR,Colorado,1,0,0,0,0,0,0,0,0,0,0,0
1784,Joe Bob,WR,Colorado,2,0,0,0,0,0,0,0,0,0,0,0
1785,Joe Bob,OG,Colorado,2,0,0,0,0,0,0,0,0,0,0,0
1786,Joe Bob,OG,Colorado,3,0,0,0,0,0,0,0,0,0,0,0
1787,Joe Bob,OG,Colorado,2,0,0,0,0,0,0,0,0,0,0,0
1788,Joe Bob,RB,Colorado,3,0,0,0,0,0,0,0,0,0,0,0
1789,Joe Bob,OG,Colorado,3,0,0,0,0,0,0,0,0,0,0,0
1790,Joe Bob,OG,Colorado,2,0,0,0,0,0,0,0,0,0,0,0
1791,Joe Bob,OG,Colorado,4,0,0,0,0,0,0,0,0,0,0,0
1792,Joe Bob,RB,Colorado,4,0,0,0,0,0,0,0,0,0,0,0
1793,Joe Bob,OG,Colorado,3,0,0,0,0,0,0,0,0,0,0,0
1794,Joe Bob,OG,Colorado,1,0,0,0,0,0,0,0,0,0,0,0
1795,Joe Bob,OT,Colorado,4,0,0,0,0,0,0,0,0,0,0,0
1796,Joe Bob,OG,Colorado,4,0,0,0,0,0,0,0,0,0,0,0
1797,Joe Bob,OG,Colorado,1,0,0,0,0,0,0,0,0,0,0,0
1798,Joe Bob,OG,Colorado,1,0,0,0,0,0,0,0,0,0,0,0
1799,Joe Bob,OG,Colorado,2,0,0,0,0,0,0,0,0,0,0,0
1800,Joe Bob,OG,Colorado,4,0,0,0,0,0,0,0,0,0,0,0
1801,Joe Bob,OG,Colorado St.,3,0,0,0,0,0,0,0,0,0,0,0
1802,Joe Bob,OG,Colorado St.,2,0,0,0,0,0,0,0,0,0,0,0
1803,Joe Bob,QB,Colorado St.,1,0,0,0,0,0,0,0,0,0,0,0
1804,Joe Bob,OG,Colorado St.,3,0,0,0,0,0,0,0,0,0,0,0
1805,Joe Bob,OG,Colorado St.,2,0,0,0,0,0,0,0,0,0,0,0
1806,Joe Bob,OG,Colorado St.,3,0,0,0,0,0,0,0,0,0,0,0
1807,Joe Bob,OG,Colorado St.,2,0,0,0,0,0,0,0,0,0,0,0
1808,Joe Bob,WR,Colorado St.,4,0,0,0,0,0,0,0,0,0,0,0
1809,Joe Bob,OG,Colorado St.,1,0,0,0,0,0,0,0,0,0,0,0
1810,Joe Bob,OG,Colorado St.,3,0,0,0,0,0,0,0,0,0,0,0
1811,Joe Bob,OG,Colorado St.,1,0,0,0,0,0,0,0,0,0,0,0
1812,Joe Bob,WR,Colorado St.,1,0,0,0,0,0,0,0,0,0,0,0
1813,Joe Bob,OG,Colorado St.,4,0,0,0,0,0,0,0,0,0,0,0
1814,Joe Bob,OG,Colorado St.,3,0,0,0,0,0,0,0,0,0,0,0
1815,Joe Bob,OG,Colorado St.,4,0,0,0,0,0,0,0,0,0,0,0
1816,Joe Bob,OG,Colorado St.,2,0,0,0,0,0,0,0,0,0,0,0
1817,Joe Bob,OG,Colorado St.,2,0,0,0,0,0,0,0,0,0,0,0
1818,Joe Bob,OG,Colorado St.,2,0,0,0,0,0,0,0,0,0,0,0
1819,Joe Bob,OG,Colorado St.,3,0,0,0,0,0,0,0,0,0,0,0
1820,Joe Bob,OG,Colorado St.,1,0,0,0,0,0,0,0,0,0,0,0
1821,Joe Bob,OG,Colorado St.,3,0,0,0,0,0,0,0,0,0,0,0
1822,Joe Bob,OG,Colorado St.,2,0,0,0,0,0,0,0,0,0,0,0
1823,Joe Bob,WR,Colorado St.,3,0,0,0,0,0,0,0,0,0,0,0
1824,Joe Bob,WR,Colorado St.,4,0,0,0,0,0,0,0,0,0,0,0
1825,Joe Bob,OG,Colorado St.,1,0,0,0,0,0,0,0,0,0,0,0
1826,Joe Bob,RB,Colorado St.,3,0,0,0,0,0,0,0,0,0,0,0
1827,Joe Bob,OG,Colorado St.,4,0,0,0,0,0,0,0,0,0,0,0
1828,Joe Bob,OG,Colorado St.,4,0,0,0,0,0,0,0,0,0,0,0
1829,Joe Bob,OG,Colorado St.,1,0,0,0,0,0,0,0,0,0,0,0
1830,Joe Bob,OG,Colorado St.,1,0,0,0,0,0,0,0,0,0,0,0
1831,Joe Bob,OT,Colorado St.,1,0,0,0,0,0,0,0,0,0,0,0
1832,Joe Bob,OG,Colorado St.,4,0,0,0,0,0,0,0,0,0,0,0
1833,Joe Bob,OG,Colorado St.,1,0,0,0,0,0,0,0,0,0,0,0
1834,Joe Bob,OG,Colorado St.,2,0,0,0,0,0,0,0,0,0,0,0
1835,Joe Bob,WR,Colorado St.,2,0,0,0,0,0,0,0,0,0,0,0
1836,Joe Bob,OG,Colorado St.,2,0,0,0,0,0,0,0,0,0,0,0
1837,Joe Bob,OG,Colorado St.,2,0,0,0,0,0,0,0,0,0,0,0
1838,Joe Bob,OG,Colorado St.,4,0,0,0,0,0,0,0,0,0,0,0
1839,Joe Bob,OG,Colorado St.,2,0,0,0,0,0,0,0,0,0,0,0
1840,Joe Bob,WR,Colorado St.,4,0,0,0,0,0,0,0,0,0,0,0
1841,Joe Bob,OG,Colorado St.,3,0,0,0,0,0,0,0,0,0,0,0
1842,Joe Bob,WR,Colorado St.,1,0,0,0,0,0,0,0,0,0,0,0
1843,Joe Bob,OG,Colorado St.,2,0,0,0,0,0,0,0,0,0,0,0
1844,Joe Bob,RB,Colorado St.,3,0,0,0,0,0,0,0,0,0,0,0
1845,Joe Bob,OG,Colorado St.,3,0,0,0,0,0,0,0,0,0,0,0
1846,Joe Bob,OG,Colorado St.,2,0,0,0,0,0,0,0,0,0,0,0
1847,Joe Bob,OG,Colorado St.,2,0,0,0,0,0,0,0,0,0,0,0
1848,Joe Bob,WR,Colorado St.,4,0,0,0,0,0,0,0,0,0,0,0
1849,Joe Bob,OG,Colorado St.,4,0,0,0,0,0,0,0,0,0,0,0
1850,Joe Bob,OG,Colorado St.,3,0,0,0,0,0,0,0,0,0,0,0
1851,Joe Bob,OG,Colorado St.,1,0,0,0,0,0,0,0,0,0,0,0
1852,Joe Bob,OG,Colorado St.,2,0,0,0,0,0,0,0,0,0,0,0
1853,Joe Bob,QB,Colorado St.,1,0,0,0,0,0,0,0,0,0,0,0
1854,Joe Bob,WR,Colorado St.,4,0,0,0,0,0,0,0,0,0,0,0
1855,Joe Bob,OG,Colorado St.,1,0,0,0,0,0,0,0,0,0,0,0
1856,Joe Bob,OG,Colorado St.,2,0,0,0,0,0,0,0,0,0,0,0
1857,Joe Bob,OG,Colorado St.,4,0,0,0,0,0,0,0,0,0,0,0
1858,Joe Bob,OG,Colorado St.,2,0,0,0,0,0,0,0,0,0,0,0
1859,Joe Bob,OG,Colorado St.,1,0,0,0,0,0,0,0,0,0,0,0
1860,Joe Bob,OG,Colorado St.,2,0,0,0,0,0,0,0,0,0,0,0
1861,Joe Bob,OG,Colorado St.,3,0,0,0,0,0,0,0,0,0,0,0
1862,Joe Bob,OG,Colorado St.,1,0,0,0,0,0,0,0,0,0,0,0
1863,Joe Bob,OG,Colorado St.,3,0,0,0,0,0,0,0,0,0,0,0
1864,Joe Bob,OG,Colorado St.,4,0,0,0,0,0,0,0,0,0,0,0
1865,Joe Bob,WR,Colorado St.,2,0,0,0,0,0,0,0,0,0,0,0
1866,Joe Bob,OG,Colorado St.,1,0,0,0,0,0,0,0,0,0,0,0
1867,Joe Bob,OG,Colorado St.,2,0,0,0,0,0,0,0,0,0,0,0
1868,Joe Bob,OG,Colorado St.,4,0,0,0,0,0,0,0,0,0,0,0
1869,Joe Bob,WR,Colorado St.,4,0,0,0,0,0,0,0,0,0,0,0
1870,Joe Bob,OG,Colorado St.,4,0,0,0,0,0,0,0,0,0,0,0
1871,Joe Bob,OT,Colorado St.,2,0,0,0,0,0,0,0,0,0,0,0
1872,Joe Bob,OG,Colorado St.,3,0,0,0,0,0,0,0,0,0,0,0
1873,Joe Bob,RB,Colorado St.,1,0,0,0,0,0,0,0,0,0,0,0
1874,Joe Bob,OG,Colorado St.,1,0,0,0,0,0,0,0,0,0,0,0
1875,Joe Bob,OG,Colorado St.,1,0,0,0,0,0,0,0,0,0,0,0
1876,Joe Bob,OG,Connecticut,2,0,0,0,0,0,0,0,0,0,0,0
1877,Joe Bob,OG,Connecticut,2,0,0,0,0,0,0,0,0,0,0,0
1878,Joe Bob,OG,Connecticut,3,0,0,0,0,0,0,0,0,0,0,0
1879,Joe Bob,OG,Connecticut,3,0,0,0,0,0,0,0,0,0,0,0
1880,Joe Bob,QB,Connecticut,2,0,0,0,0,0,0,0,0,0,0,0
1881,Joe Bob,QB,Connecticut,4,0,0,0,0,0,0,0,0,0,0,0
1882,Joe Bob,WR,Connecticut,2,0,0,0,0,0,0,0,0,0,0,0
1883,Joe Bob,OG,Connecticut,4,0,0,0,0,0,0,0,0,0,0,0
1884,Joe Bob,OG,Connecticut,4,0,0,0,0,0,0,0,0,0,0,0
1885,Joe Bob,OG,Connecticut,4,0,0,0,0,0,0,0,0,0,0,0
1886,Joe Bob,OG,Connecticut,1,0,0,0,0,0,0,0,0,0,0,0
1887,Joe Bob,OG,Connecticut,4,0,0,0,0,0,0,0,0,0,0,0
1888,Joe Bob,WR,Connecticut,1,0,0,0,0,0,0,0,0,0,0,0
1889,Joe Bob,OG,Connecticut,4,0,0,0,0,0,0,0,0,0,0,0
1890,Joe Bob,OG,Connecticut,1,0,0,0,0,0,0,0,0,0,0,0
1891,Joe Bob,OG,Connecticut,2,0,0,0,0,0,0,0,0,0,0,0
1892,Joe Bob,OG,Connecticut,2,0,0,0,0,0,0,0,0,0,0,0
1893,Joe Bob,OG,Connecticut,1,0,0,0,0,0,0,0,0,0,0,0
1894,Joe Bob,OG,Connecticut,2,0,0,0,0,0,0,0,0,0,0,0
1895,Joe Bob,WR,Connecticut,2,0,0,0,0,0,0,0,0,0,0,0
1896,Joe Bob,OG,Connecticut,3,0,0,0,0,0,0,0,0,0,0,0
1897,Joe Bob,OG,Connecticut,3,0,0,0,0,0,0,0,0,0,0,0
1898,Joe Bob,OG,Connecticut,3,0,0,0,0,0,0,0,0,0,0,0
1899,Joe Bob,OT,Connecticut,2,0,0,0,0,0,0,0,0,0,0,0
1900,Joe Bob,WR,Connecticut,3,0,0,0,0,0,0,0,0,0,0,0
1901,Joe Bob,OG,Connecticut,4,0,0,0,0,0,0,0,0,0,0,0
1902,Joe Bob,OG,Connecticut,4,0,0,0,0,0,0,0,0,0,0,0
1903,Joe Bob,OG,Connecticut,4,0,0,0,0,0,0,0,0,0,0,0
1904,Joe Bob,OG,Connecticut,3,0,0,0,0,0,0,0,0,0,0,0
1905,Joe Bob,OG,Connecticut,1,0,0,0,0,0,0,0,0,0,0,0
1906,Joe Bob,OG,Connecticut,1,0,0,0,0,0,0,0,0,0,0,0
1907,Joe Bob,OG,Connecticut,1,0,0,0,0,0,0,0,0,0,0,0
1908,Joe Bob,OG,Connecticut,1,0,0,0,0,0,0,0,0,0,0,0
1909,Joe Bob,OG,Connecticut,1,0,0,0,0,0,0,0,0,0,0,0
1910,Joe Bob,OG,Connecticut,2,0,0,0,0,0,0,0,0,0,0,0
1911,Joe Bob,OG,Connecticut,3,0,0,0,0,0,0,0,0,0,0,0
1912,Joe Bob,RB,Connecticut,1,0,0,0,0,0,0,0,0,0,0,0
1913,Joe Bob,OG,Connecticut,1,0,0,0,0,0,0,0,0,0,0,0
1914,Joe Bob,OG,Connecticut,1,0,0,0,0,0,0,0,0,0,0,0
1915,Joe Bob,OG,Connecticut,2,0,0,0,0,0,0,0,0,0,0,0
1916,Joe Bob,OG,Connecticut,3,0,0,0,0,0,0,0,0,0,0,0
1917,Joe Bob,QB,Connecticut,2,0,0,0,0,0,0,0,0,0,0,0
1918,Joe Bob,OG,Connecticut,3,0,0,0,0,0,0,0,0,0,0,0
1919,Joe Bob,RB,Connecticut,1,0,0,0,0,0,0,0,0,0,0,0
1920,Joe Bob,OG,Connecticut,4,0,0,0,0,0,0,0,0,0,0,0
1921,Joe Bob,QB,Connecticut,4,0,0,0,0,0,0,0,0,0,0,0
1922,Joe Bob,OG,Connecticut,3,0,0,0,0,0,0,0,0,0,0,0
1923,Joe Bob,OG,Connecticut,1,0,0,0,0,0,0,0,0,0,0,0
1924,Joe Bob,OT,Connecticut,3,0,0,0,0,0,0,0,0,0,0,0
1925,Joe Bob,WR,Connecticut,1,0,0,0,0,0,0,0,0,0,0,0
1926,Joe Bob,OG,Connecticut,4,0,0,0,0,0,0,0,0,0,0,0
1927,Joe Bob,OG,Connecticut,1,0,0,0,0,0,0,0,0,0,0,0
1928,Joe Bob,OT,Connecticut,2,0,0,0,0,0,0,0,0,0,0,0
1929,Joe Bob,OG,Connecticut,4,0,0,0,0,0,0,0,0,0,0,0
1930,Joe Bob,OG,Connecticut,1,0,0,0,0,0,0,0,0,0,0,0
1931,Joe Bob,OG,Connecticut,3,0,0,0,0,0,0,0,0,0,0,0
1932,Joe Bob,OG,Connecticut,4,0,0,0,0,0,0,0,0,0,0,0
1933,Joe Bob,OT,Connecticut,3,0,0,0,0,0,0,0,0,0,0,0
1934,Joe Bob,OG,Connecticut,1,0,0,0,0,0,0,0,0,0,0,0
1935,Joe Bob,OG,Connecticut,3,0,0,0,0,0,0,0,0,0,0,0
1936,Joe Bob,OG,Connecticut,3,0,0,0,0,0,0,0,0,0,0,0
1937,Joe Bob,RB,Connecticut,2,0,0,0,0,0,0,0,0,0,0,0
1938,Joe Bob,OG,Connecticut,4,0,0,0,0,0,0,0,0,0,0,0
1939,Joe Bob,OT,Connecticut,2,0,0,0,0,0,0,0,0,0,0,0
1940,Joe Bob,OG,Connecticut,4,0,0,0,0,0,0,0,0,0,0,0
1941,Joe Bob,FB,Connecticut,3,0,0,0,0,0,0,0,0,0,0,0
1942,Joe Bob,OG,Connecticut,4,0,0,0,0,0,0,0,0,0,0,0
1943,Joe Bob,WR,Connecticut,4,0,0,0,0,0,0,0,0,0,0,0
1944,Joe Bob,OT,Connecticut,4,0,0,0,0,0,0,0,0,0,0,0
1945,Joe Bob,OT,Connecticut,1,0,0,0,0,0,0,0,0,0,0,0
1946,Joe Bob,OG,Connecticut,1,0,0,0,0,0,0,0,0,0,0,0
1947,Joe Bob,OG,Connecticut,2,0,0,0,0,0,0,0,0,0,0,0
1948,Joe Bob,OG,Connecticut,3,0,0,0,0,0,0,0,0,0,0,0
1949,Joe Bob,OG,Connecticut,1,0,0,0,0,0,0,0,0,0,0,0
1950,Joe Bob,OG,Connecticut,2,0,0,0,0,0,0,0,0,0,0,0
1951,Joe Bob,QB,Delaware,3,0,0,0,0,0,0,0,0,0,0,0
1952,Joe Bob,OT,Delaware,2,0,0,0,0,0,0,0,0,0,0,0
1953,Joe Bob,OG,Delaware,4,0,0,0,0,0,0,0,0,0,0,0
1954,Joe Bob,WR,Delaware,2,0,0,0,0,0,0,0,0,0,0,0
1955,Joe Bob,OG,Delaware,1,0,0,0,0,0,0,0,0,0,0,0
1956,Joe Bob,OG,Delaware,3,0,0,0,0,0,0,0,0,0,0,0
1957,Joe Bob,OT,Delaware,4,0,0,0,0,0,0,0,0,0,0,0
1958,Joe Bob,OT,Delaware,1,0,0,0,0,0,0,0,0,0,0,0
1959,Joe Bob,OG,Delaware,4,0,0,0,0,0,0,0,0,0,0,0
1960,Joe Bob,WR,Delaware,1,0,0,0,0,0,0,0,0,0,0,0
1961,Joe Bob,OG,Delaware,1,0,0,0,0,0,0,0,0,0,0,0
1962,Joe Bob,OG,Delaware,4,0,0,0,0,0,0,0,0,0,0,0
1963,Joe Bob,OG,Delaware,2,0,0,0,0,0,0,0,0,0,0,0
1964,Joe Bob,OG,Delaware,2,0,0,0,0,0,0,0,0,0,0,0
1965,Joe Bob,OG,Delaware,2,0,0,0,0,0,0,0,0,0,0,0
1966,Joe Bob,OG,Delaware,1,0,0,0,0,0,0,0,0,0,0,0
1967,Joe Bob,OG,Delaware,1,0,0,0,0,0,0,0,0,0,0,0
1968,Joe Bob,OG,Delaware,4,0,0,0,0,0,0,0,0,0,0,0
1969,Joe Bob,OT,Delaware,2,0,0,0,0,0,0,0,0,0,0,0
1970,Joe Bob,OG,Delaware,3,0,0,0,0,0,0,0,0,0,0,0
1971,Joe Bob,WR,Delaware,2,0,0,0,0,0,0,0,0,0,0,0
1972,Joe Bob,WR,Delaware,2,0,0,0,0,0,0,0,0,0,0,0
1973,Joe Bob,FB,Delaware,4,0,0,0,0,0,0,0,0,0,0,0
1974,Joe Bob,OG,Delaware,4,0,0,0,0,0,0,0,0,0,0,0
1975,Joe Bob,QB,Delaware,4,0,0,0,0,0,0,0,0,0,0,0
1976,Joe Bob,OG,Delaware,3,0,0,0,0,0,0,0,0,0,0,0
1977,Joe Bob,OG,Delaware,1,0,0,0,0,0,0,0,0,0,0,0
1978,Joe Bob,OG,Delaware,2,0,0,0,0,0,0,0,0,0,0,0
1979,Joe Bob,OG,Delaware,4,0,0,0,0,0,0,0,0,0,0,0
1980,Joe Bob,OG,Delaware,4,0,0,0,0,0,0,0,0,0,0,0
1981,Joe Bob,OG,Delaware,1,0,0,0,0,0,0,0,0,0,0,0
1982,Joe Bob,OG,Delaware,1,0,0,0,0,0,0,0,0,0,0,0
1983,Joe Bob,OG,Delaware,2,0,0,0,0,0,0,0,0,0,0,0
1984,Joe Bob,OG,Delaware,1,0,0,0,0,0,0,0,0,0,0,0
1985,Joe Bob,OG,Delaware,2,0,0,0,0,0,0,0,0,0,0,0
1986,Joe Bob,QB,Delaware,1,0,0,0,0,0,0,0,0,0,0,0
1987,Joe Bob,OG,Delaware,3,0,0,0,0,0,0,0,0,0,0,0
1988,Joe Bob,OG,Delaware,3,0,0,0,0,0,0,0,0,0,0,0
1989,Joe Bob,WR,Delaware,2,0,0,0,0,0,0,0,0,0,0,0
1990,Joe Bob,OG,Delaware,3,0,0,0,0,0,0,0,0,0,0,0
1991,Joe Bob,WR,Delaware,2,0,0,0,0,0,0,0,0,0,0,0
1992,Joe Bob,OG,Delaware,3,0,0,0,0,0,0,0,0,0,0,0
1993,Joe Bob,QB,Delaware,3,0,0,0,0,0,0,0,0,0,0,0
1994,Joe Bob,WR,Delaware,4,0,0,0,0,0,0,0,0,0,0,0
1995,Joe Bob,OG,Delaware,1,0,0,0,0,0,0,0,0,0,0,0
1996,Joe Bob,OG,Delaware,4,0,0,0,0,0,0,0,0,0,0,0
1997,Joe Bob,WR,Delaware,4,0,0,0,0,0,0,0,0,0,0,0
1998,Joe Bob,WR,Delaware,1,0,0,0,0,0,0,0,0,0,0,0
1999,Joe Bob,OG,Delaware,4,0,0,0,0,0,0,0,0,0,0,0
2000,Joe Bob,WR,Delaware,2,0,0,0,0,0,0,0,0,0,0,0
2001,Joe Bob,OG,Delaware,1,0,0,0,0,0,0,0,0,0,0,0
2002,Joe Bob,OG,Delaware,1,0,0,0,0,0,0,0,0,0,0,0
2003,Joe Bob,OG,Delaware,2,0,0,0,0,0,0,0,0,0,0,0
2004,Joe Bob,OG,Delaware,2,0,0,0,0,0,0,0,0,0,0,0
2005,Joe Bob,OG,Delaware,4,0,0,0,0,0,0,0,0,0,0,0
2006,Joe Bob,FB,Delaware,4,0,0,0,0,0,0,0,0,0,0,0
2007,Joe Bob,OG,Delaware,4,0,0,0,0,0,0,0,0,0,0,0
2008,Joe Bob,OG,Delaware,2,0,0,0,0,0,0,0,0,0,0,0
2009,Joe Bob,OT,Delaware,3,0,0,0,0,0,0,0,0,0,0,0
2010,Joe Bob,OG,Delaware,4,0,0,0,0,0,0,0,0,0,0,0
2011,Joe Bob,FB,Delaware,3,0,0,0,0,0,0,0,0,0,0,0
2012,Joe Bob,WR,Delaware,4,0,0,0,0,0,0,0,0,0,0,0
2013,Joe Bob,OG,Delaware,3,0,0,0,0,0,0,0,0,0,0,0
2014,Joe Bob,OG,Delaware,4,0,0,0,0,0,0,0,0,0,0,0
2015,Joe Bob,OG,Delaware,2,0,0,0,0,0,0,0,0,0,0,0
2016,Joe Bob,OT,Delaware,4,0,0,0,0,0,0,0,0,0,0,0
2017,Joe Bob,OG,Delaware,2,0,0,0,0,0,0,0,0,0,0,0
2018,Joe Bob,WR,Delaware,2,0,0,0,0,0,0,0,0,0,0,0
2019,Joe Bob,WR,Delaware,1,0,0,0,0,0,0,0,0,0,0,0
2020,Joe Bob,OG,Delaware,4,0,0,0,0,0,0,0,0,0,0,0
2021,Joe Bob,OG,Delaware,1,0,0,0,0,0,0,0,0,0,0,0
2022,Joe Bob,OG,Delaware,3,0,0,0,0,0,0,0,0,0,0,0
2023,Joe Bob,OG,Delaware,2,0,0,0,0,0,0,0,0,0,0,0
2024,Joe Bob,WR,Delaware,3,0,0,0,0,0,0,0,0,0,0,0
2025,Joe Bob,WR,Delaware,1,0,0,0,0,0,0,0,0,0,0,0
2026,Joe Bob,WR,Duke,4,0,0,0,0,0,0,0,0,0,0,0
2027,Joe Bob,OG,Duke,4,0,0,0,0,0,0,0,0,0,0,0
2028,Joe Bob,OG,Duke,4,0,0,0,0,0,0,0,0,0,0,0
2029,Joe Bob,OG,Duke,3,0,0,0,0,0,0,0,0,0,0,0
2030,Joe Bob,OG,Duke,1,0,0,0,0,0,0,0,0,0,0,0
2031,Joe Bob,OT,Duke,1,0,0,0,0,0,0,0,0,0,0,0
2032,Joe Bob,OG,Duke,4,0,0,0,0,0,0,0,0,0,0,0
2033,Joe Bob,OG,Duke,1,0,0,0,0,0,0,0,0,0,0,0
2034,Joe Bob,OG,Duke,4,0,0,0,0,0,0,0,0,0,0,0
2035,Joe Bob,OG,Duke,3,0,0,0,0,0,0,0,0,0,0,0
2036,Joe Bob,RB,Duke,1,0,0,0,0,0,0,0,0,0,0,0
2037,Joe Bob,OG,Duke,2,0,0,0,0,0,0,0,0,0,0,0
2038,Joe Bob,FB,Duke,2,0,0,0,0,0,0,0,0,0,0,0
2039,Joe Bob,OG,Duke,2,0,0,0,0,0,0,0,0,0,0,0
2040,Joe Bob,OG,Duke,3,0,0,0,0,0,0,0,0,0,0,0
2041,Joe Bob,WR,Duke,3,0,0,0,0,0,0,0,0,0,0,0
2042,Joe Bob,OG,Duke,3,0,0,0,0,0,0,0,0,0,0,0
2043,Joe Bob,WR,Duke,3,0,0,0,0,0,0,0,0,0,0,0
2044,Joe Bob,QB,Duke,4,0,0,0,0,0,0,0,0,0,0,0
2045,Joe Bob,OT,Duke,4,0,0,0,0,0,0,0,0,0,0,0
2046,Joe Bob,OG,Duke,4,0,0,0,0,0,0,0,0,0,0,0
2047,Joe Bob,QB,Duke,4,0,0,0,0,0,0,0,0,0,0,0
2048,Joe Bob,OG,Duke,1,0,0,0,0,0,0,0,0,0,0,0
2049,Joe Bob,OG,Duke,4,0,0,0,0,0,0,0,0,0,0,0
2050,Joe Bob,OT,Duke,1,0,0,0,0,0,0,0,0,0,0,0
2051,Joe Bob,OG,Duke,4,0,0,0,0,0,0,0,0,0,0,0
2052,Joe Bob,OG,Duke,4,0,0,0,0,0,0,0,0,0,0,0
2053,Joe Bob,OG,Duke,4,0,0,0,0,0,0,0,0,0,0,0
2054,Joe Bob,OG,Duke,2,0,0,0,0,0,0,0,0,0,0,0
2055,Joe Bob,OG,Duke,2,0,0,0,0,0,0,0,0,0,0,0
2056,Joe Bob,RB,Duke,1,0,0,0,0,0,0,0,0,0,0,0
2057,Joe Bob,WR,Duke,2,0,0,0,0,0,0,0,0,0,0,0
2058,Joe Bob,OG,Duke,1,0,0,0,0,0,0,0,0,0,0,0
2059,Joe Bob,OG,Duke,3,0,0,0,0,0,0,0,0,0,0,0
2060,Joe Bob,OG,Duke,2,0,0,0,0,0,0,0,0,0,0,0
2061,Joe Bob,OG,Duke,3,0,0,0,0,0,0,0,0,0,0,0
2062,Joe Bob,OG,Duke,3,0,0,0,0,0,0,0,0,0,0,0
2063,Joe Bob,OG,Duke,2,0,0,0,0,0,0,0,0,0,0,0
2064,Joe Bob,QB,Duke,4,0,0,0,0,0,0,0,0,0,0,0
2065,Joe Bob,OG,Duke,4,0,0,0,0,0,0,0,0,0,0,0
2066,Joe Bob,OG,Duke,3,0,0,0,0,0,0,0,0,0,0,0
2067,Joe Bob,OG,Duke,1,0,0,0,0,0,0,0,0,0,0,0
2068,Joe Bob,FB,Duke,4,0,0,0,0,0,0,0,0,0,0,0
2069,Joe Bob,OG,Duke,4,0,0,0,0,0,0,0,0,0,0,0
2070,Joe Bob,OG,Duke,1,0,0,0,0,0,0,0,0,0,0,0
2071,Joe Bob,OG,Duke,4,0,0,0,0,0,0,0,0,0,0,0
2072,Joe Bob,OG,Duke,2,0,0,0,0,0,0,0,0,0,0,0
2073,Joe Bob,OG,Duke,3,0,0,0,0,0,0,0,0,0,0,0
2074,Joe Bob,OG,Duke,2,0,0,0,0,0,0,0,0,0,0,0
2075,Joe Bob,OG,Duke,4,0,0,0,0,0,0,0,0,0,0,0
2076,Joe Bob,OG,Duke,1,0,0,0,0,0,0,0,0,0,0,0
2077,Joe Bob,OG,Duke,3,0,0,0,0,0,0,0,0,0,0,0
2078,Joe Bob,OG,Duke,2,0,0,0,0,0,0,0,0,0,0,0
2079,Joe Bob,OG,Duke,3,0,0,0,0,0,0,0,0,0,0,0
2080,Joe Bob,OG,Duke,2,0,0,0,0,0,0,0,0,0,0,0
2081,Joe Bob,OG,Duke,3,0,0,0,0,0,0,0,0,0,0,0
2082,Joe Bob,OT,Duke,3,0,0,0,0,0,0,0,0,0,0,0
2083,Joe Bob,OG,Duke,2,0,0,0,0,0,0,0,0,0,0,0
2084,Joe Bob,RB,Duke,3,0,0,0,0,0,0,0,0,0,0,0
2085,Joe Bob,OG,Duke,4,0,0,0,0,0,0,0,0,0,0,0
2086,Joe Bob,OG,Duke,4,0,0,0,0,0,0,0,0,0,0,0
2087,Joe Bob,OT,Duke,3,0,0,0,0,0,0,0,0,0,0,0
2088,Joe Bob,OG,Duke,1,0,0,0,0,0,0,0,0,0,0,0
2089,Joe Bob,OG,Duke,1,0,0,0,0,0,0,0,0,0,0,0
2090,Joe Bob,OG,Duke,1,0,0,0,0,0,0,0,0,0,0,0
2091,Joe Bob,OG,Duke,2,0,0,0,0,0,0,0,0,0,0,0
2092,Joe Bob,OG,Duke,3,0,0,0,0,0,0,0,0,0,0,0
2093,Joe Bob,OG,Duke,2,0,0,0,0,0,0,0,0,0,0,0
2094,Joe Bob,OG,Duke,3,0,0,0,0,0,0,0,0,0,0,0
2095,Joe Bob,OT,Duke,2,0,0,0,0,0,0,0,0,0,0,0
2096,Joe Bob,FB,Duke,2,0,0,0,0,0,0,0,0,0,0,0
2097,Joe Bob,WR,Duke,4,0,0,0,0,0,0,0,0,0,0,0
2098,Joe Bob,OG,Duke,1,0,0,0,0,0,0,0,0,0,0,0
2099,Joe Bob,QB,Duke,3,0,0,0,0,0,0,0,0,0,0,0
2100,Joe Bob,OT,Duke,4,0,0,0,0,0,0,0,0,0,0,0
2101,Joe Bob,OG,E. Michigan,4,0,0,0,0,0,0,0,0,0,0,0
2102,Joe Bob,OG,E. Michigan,1,0,0,0,0,0,0,0,0,0,0,0
2103,Joe Bob,OG,E. Michigan,1,0,0,0,0,0,0,0,0,0,0,0
2104,Joe Bob,WR,E. Michigan,1,0,0,0,0,0,0,0,0,0,0,0
2105,Joe Bob,OG,E. Michigan,4,0,0,0,0,0,0,0,0,0,0,0
2106,Joe Bob,OG,E. Michigan,1,0,0,0,0,0,0,0,0,0,0,0
2107,Joe Bob,OG,E. Michigan,2,0,0,0,0,0,0,0,0,0,0,0
2108,Joe Bob,QB,E. Michigan,2,0,0,0,0,0,0,0,0,0,0,0
2109,Joe Bob,OG,E. Michigan,1,0,0,0,0,0,0,0,0,0,0,0
2110,Joe Bob,OG,E. Michigan,1,0,0,0,0,0,0,0,0,0,0,0
2111,Joe Bob,OG,E. Michigan,4,0,0,0,0,0,0,0,0,0,0,0
2112,Joe Bob,OG,E. Michigan,2,0,0,0,0,0,0,0,0,0,0,0
2113,Joe Bob,RB,E. Michigan,3,0,0,0,0,0,0,0,0,0,0,0
2114,Joe Bob,OG,E. Michigan,3,0,0,0,0,0,0,0,0,0,0,0
2115,Joe Bob,WR,E. Michigan,2,0,0,0,0,0,0,0,0,0,0,0
2116,Joe Bob,OG,E. Michigan,4,0,0,0,0,0,0,0,0,0,0,0
2117,Joe Bob,OG,E. Michigan,1,0,0,0,0,0,0,0,0,0,0,0
2118,Joe Bob,OG,E. Michigan,4,0,0,0,0,0,0,0,0,0,0,0
2119,Joe Bob,RB,E. Michigan,4,0,0,0,0,0,0,0,0,0,0,0
2120,Joe Bob,WR,E. Michigan,2,0,0,0,0,0,0,0,0,0,0,0
2121,Joe Bob,OG,E. Michigan,4,0,0,0,0,0,0,0,0,0,0,0
2122,Joe Bob,OT,E. Michigan,3,0,0,0,0,0,0,0,0,0,0,0
2123,Joe Bob,OG,E. Michigan,3,0,0,0,0,0,0,0,0,0,0,0
2124,Joe Bob,OG,E. Michigan,4,0,0,0,0,0,0,0,0,0,0,0
2125,Joe Bob,OG,E. Michigan,2,0,0,0,0,0,0,0,0,0,0,0
2126,Joe Bob,OG,E. Michigan,1,0,0,0,0,0,0,0,0,0,0,0
2127,Joe Bob,WR,E. Michigan,1,0,0,0,0,0,0,0,0,0,0,0
2128,Joe Bob,OG,E. Michigan,1,0,0,0,0,0,0,0,0,0,0,0
2129,Joe Bob,OG,E. Michigan,1,0,0,0,0,0,0,0,0,0,0,0
2130,Joe Bob,OG,E. Michigan,4,0,0,0,0,0,0,0,0,0,0,0
2131,Joe Bob,OG,E. Michigan,2,0,0,0,0,0,0,0,0,0,0,0
2132,Joe Bob,OG,E. Michigan,1,0,0,0,0,0,0,0,0,0,0,0
2133,Joe Bob,OG,E. Michigan,1,0,0,0,0,0,0,0,0,0,0,0
2134,Joe Bob,OG,E. Michigan,3,0,0,0,0,0,0,0,0,0,0,0
2135,Joe Bob,OG,E. Michigan,1,0,0,0,0,0,0,0,0,0,0,0
2136,Joe Bob,OG,E. Michigan,2,0,0,0,0,0,0,0,0,0,0,0
2137,Joe Bob,OG,E. Michigan,3,0,0,0,0,0,0,0,0,0,0,0
2138,Joe Bob,WR,E. Michigan,2,0,0,0,0,0,0,0,0,0,0,0
2139,Joe Bob,RB,E. Michigan,4,0,0,0,0,0,0,0,0,0,0,0
2140,Joe Bob,OG,E. Michigan,2,0,0,0,0,0,0,0,0,0,0,0
2141,Joe Bob,OG,E. Michigan,4,0,0,0,0,0,0,0,0,0,0,0
2142,Joe Bob,WR,E. Michigan,4,0,0,0,0,0,0,0,0,0,0,0
2143,Joe Bob,OT,E. Michigan,3,0,0,0,0,0,0,0,0,0,0,0
2144,Joe Bob,WR,E. Michigan,1,0,0,0,0,0,0,0,0,0,0,0
2145,Joe Bob,OG,E. Michigan,3,0,0,0,0,0,0,0,0,0,0,0
2146,Joe Bob,OG,E. Michigan,1,0,0,0,0,0,0,0,0,0,0,0
2147,Joe Bob,OT,E. Michigan,4,0,0,0,0,0,0,0,0,0,0,0
2148,Joe Bob,OG,E. Michigan,1,0,0,0,0,0,0,0,0,0,0,0
2149,Joe Bob,OG,E. Michigan,1,0,0,0,0,0,0,0,0,0,0,0
2150,Joe Bob,OT,E. Michigan,1,0,0,0,0,0,0,0,0,0,0,0
2151,Joe Bob,OG,E. Michigan,1,0,0,0,0,0,0,0,0,0,0,0
2152,Joe Bob,OG,E. Michigan,2,0,0,0,0,0,0,0,0,0,0,0
2153,Joe Bob,OG,E. Michigan,1,0,0,0,0,0,0,0,0,0,0,0
2154,Joe Bob,OG,E. Michigan,4,0,0,0,0,0,0,0,0,0,0,0
2155,Joe Bob,OG,E. Michigan,2,0,0,0,0,0,0,0,0,0,0,0
2156,Joe Bob,OG,E. Michigan,3,0,0,0,0,0,0,0,0,0,0,0
2157,Joe Bob,OG,E. Michigan,4,0,0,0,0,0,0,0,0,0,0,0
2158,Joe Bob,OG,E. Michigan,4,0,0,0,0,0,0,0,0,0,0,0
2159,Joe Bob,WR,E. Michigan,1,0,0,0,0,0,0,0,0,0,0,0
2160,Joe Bob,OG,E. Michigan,1,0,0,0,0,0,0,0,0,0,0,0
2161,Joe Bob,RB,E. Michigan,1,0,0,0,0,0,0,0,0,0,0,0
2162,Joe Bob,OG,E. Michigan,4,0,0,0,0,0,0,0,0,0,0,0
2163,Joe Bob,OG,E. Michigan,1,0,0,0,0,0,0,0,0,0,0,0
2164,Joe Bob,OG,E. Michigan,2,0,0,0,0,0,0,0,0,0,0,0
2165,Joe Bob,OG,E. Michigan,2,0,0,0,0,0,0,0,0,0,0,0
2166,Joe Bob,OG,E. Michigan,2,0,0,0,0,0,0,0,0,0,0,0
2167,Joe Bob,OG,E. Michigan,1,0,0,0,0,0,0,0,0,0,0,0
2168,Joe Bob,OG,E. Michigan,2,0,0,0,0,0,0,0,0,0,0,0
2169,Joe Bob,OG,E. Michigan,3,0,0,0,0,0,0,0,0,0,0,0
2170,Joe Bob,OG,E. Michigan,3,0,0,0,0,0,0,0,0,0,0,0
2171,Joe Bob,OG,E. Michigan,3,0,0,0,0,0,0,0,0,0,0,0
2172,Joe Bob,RB,E. Michigan,2,0,0,0,0,0,0,0,0,0,0,0
2173,Joe Bob,WR,E. Michigan,3,0,0,0,0,0,0,0,0,0,0,0
2174,Joe Bob,OG,E. Michigan,4,0,0,0,0,0,0,0,0,0,0,0
2175,Joe Bob,OG,E. Michigan,3,0,0,0,0,0,0,0,0,0,0,0
2176,Joe Bob,OG,East Carolina,4,0,0,0,0,0,0,0,0,0,0,0
2177,Joe Bob,OG,East Carolina,3,0,0,0,0,0,0,0,0,0,0,0
2178,Joe Bob,OG,East Carolina,2,0,0,0,0,0,0,0,0,0,0,0
2179,Joe Bob,OG,East Carolina,1,0,0,0,0,0,0,0,0,0,0,0
2180,Joe Bob,OG,East Carolina,1,0,0,0,0,0,0,0,0,0,0,0
2181,Joe Bob,OG,East Carolina,1,0,0,0,0,0,0,0,0,0,0,0
2182,Joe Bob,OG,East Carolina,4,0,0,0,0,0,0,0,0,0,0,0
2183,Joe Bob,OG,East Carolina,2,0,0,0,0,0,0,0,0,0,0,0
2184,Joe Bob,OG,East Carolina,3,0,0,0,0,0,0,0,0,0,0,0
2185,Joe Bob,OG,East Carolina,1,0,0,0,0,0,0,0,0,0,0,0
2186,Joe Bob,OG,East Carolina,2,0,0,0,0,0,0,0,0,0,0,0
2187,Joe Bob,OG,East Carolina,2,0,0,0,0,0,0,0,0,0,0,0
2188,Joe Bob,OG,East Carolina,3,0,0,0,0,0,0,0,0,0,0,0
2189,Joe Bob,OG,East Carolina,2,0,0,0,0,0,0,0,0,0,0,0
2190,Joe Bob,WR,East Carolina,1,0,0,0,0,0,0,0,0,0,0,0
2191,Joe Bob,OG,East Carolina,3,0,0,0,0,0,0,0,0,0,0,0
2192,Joe Bob,RB,East Carolina,1,0,0,0,0,0,0,0,0,0,0,0
2193,Joe Bob,OG,East Carolina,3,0,0,0,0,0,0,0,0,0,0,0
2194,Joe Bob,OG,East Carolina,3,0,0,0,0,0,0,0,0,0,0,0
2195,Joe Bob,OT,East Carolina,3,0,0,0,0,0,0,0,0,0,0,0
2196,Joe Bob,OG,East Carolina,4,0,0,0,0,0,0,0,0,0,0,0
2197,Joe Bob,FB,East Carolina,3,0,0,0,0,0,0,0,0,0,0,0
2198,Joe Bob,OG,East Carolina,1,0,0,0,0,0,0,0,0,0,0,0
2199,Joe Bob,OG,East Carolina,4,0,0,0,0,0,0,0,0,0,0,0
2200,Joe Bob,OT,East Carolina,4,0,0,0,0,0,0,0,0,0,0,0
2201,Joe Bob,WR,East Carolina,1,0,0,0,0,0,0,0,0,0,0,0
2202,Joe Bob,OG,East Carolina,4,0,0,0,0,0,0,0,0,0,0,0
2203,Joe Bob,OT,East Carolina,1,0,0,0,0,0,0,0,0,0,0,0
2204,Joe Bob,OG,East Carolina,2,0,0,0,0,0,0,0,0,0,0,0
2205,Joe Bob,OG,East Carolina,4,0,0,0,0,0,0,0,0,0,0,0
2206,Joe Bob,OG,East Carolina,3,0,0,0,0,0,0,0,0,0,0,0
2207,Joe Bob,OG,East Carolina,1,0,0,0,0,0,0,0,0,0,0,0
2208,Joe Bob,OG,East Carolina,3,0,0,0,0,0,0,0,0,0,0,0
2209,Joe Bob,OG,East Carolina,2,0,0,0,0,0,0,0,0,0,0,0
2210,Joe Bob,OG,East Carolina,2,0,0,0,0,0,0,0,0,0,0,0
2211,Joe Bob,OG,East Carolina,4,0,0,0,0,0,0,0,0,0,0,0
2212,Joe Bob,WR,East Carolina,2,0,0,0,0,0,0,0,0,0,0,0
2213,Joe Bob,OG,East Carolina,4,0,0,0,0,0,0,0,0,0,0,0
2214,Joe Bob,QB,East Carolina,3,0,0,0,0,0,0,0,0,0,0,0
2215,Joe Bob,OT,East Carolina,3,0,0,0,0,0,0,0,0,0,0,0
2216,Joe Bob,WR,East Carolina,4,0,0,0,0,0,0,0,0,0,0,0
2217,Joe Bob,WR,East Carolina,4,0,0,0,0,0,0,0,0,0,0,0
2218,Joe Bob,WR,East Carolina,1,0,0,0,0,0,0,0,0,0,0,0
2219,Joe Bob,OG,East Carolina,4,0,0,0,0,0,0,0,0,0,0,0
2220,Joe Bob,OG,East Carolina,4,0,0,0,0,0,0,0,0,0,0,0
2221,Joe Bob,OG,East Carolina,2,0,0,0,0,0,0,0,0,0,0,0
2222,Joe Bob,OG,East Carolina,4,0,0,0,0,0,0,0,0,0,0,0
2223,Joe Bob,OG,East Carolina,1,0,0,0,0,0,0,0,0,0,0,0
2224,Joe Bob,OG,East Carolina,3,0,0,0,0,0,0,0,0,0,0,0
2225,Joe Bob,QB,East Carolina,2,0,0,0,0,0,0,0,0,0,0,0
2226,Joe Bob,OG,East Carolina,4,0,0,0,0,0,0,0,0,0,0,0
2227,Joe Bob,QB,East Carolina,2,0,0,0,0,0,0,0,0,0,0,0
2228,Joe Bob,OG,East Carolina,4,0,0,0,0,0,0,0,0,0,0,0
2229,Joe Bob,OG,East Carolina,2,0,0,0,0,0,0,0,0,0,0,0
2230,Joe Bob,OT,East Carolina,4,0,0,0,0,0,0,0,0,0,0,0
2231,Joe Bob,OT,East Carolina,1,0,0,0,0,0,0,0,0,0,0,0
2232,Joe Bob,OG,East Carolina,4,0,0,0,0,0,0,0,0,0,0,0
2233,Joe Bob,WR,East Carolina,4,0,0,0,0,0,0,0,0,0,0,0
2234,Joe Bob,OG,East Carolina,4,0,0,0,0,0,0,0,0,0,0,0
2235,Joe Bob,OG,East Carolina,4,0,0,0,0,0,0,0,0,0,0,0
2236,Joe Bob,OG,East Carolina,2,0,0,0,0,0,0,0,0,0,0,0
2237,Joe Bob,OG,East Carolina,2,0,0,0,0,0,0,0,0,0,0,0
2238,Joe Bob,OG,East Carolina,2,0,0,0,0,0,0,0,0,0,0,0
2239,Joe Bob,OG,East Carolina,1,0,0,0,0,0,0,0,0,0,0,0
2240,Joe Bob,OG,East Carolina,1,0,0,0,0,0,0,0,0,0,0,0
2241,Joe Bob,OG,East Carolina,4,0,0,0,0,0,0,0,0,0,0,0
2242,Joe Bob,WR,East Carolina,2,0,0,0,0,0,0,0,0,0,0,0
2243,Joe Bob,OG,East Carolina,3,0,0,0,0,0,0,0,0,0,0,0
2244,Joe Bob,QB,East Carolina,3,0,0,0,0,0,0,0,0,0,0,0
2245,Joe Bob,WR,East Carolina,3,0,0,0,0,0,0,0,0,0,0,0
2246,Joe Bob,RB,East Carolina,4,0,0,0,0,0,0,0,0,0,0,0
2247,Joe Bob,OG,East Carolina,4,0,0,0,0,0,0,0,0,0,0,0
2248,Joe Bob,OG,East Carolina,4,0,0,0,0,0,0,0,0,0,0,0
2249,Joe Bob,OG,East Carolina,3,0,0,0,0,0,0,0,0,0,0,0
2250,Joe Bob,WR,East Carolina,1,0,0,0,0,0,0,0,0,0,0,0
2251,Joe Bob,OG,FAU,1,0,0,0,0,0,0,0,0,0,0,0
2252,Joe Bob,OG,FAU,4,0,0,0,0,0,0,0,0,0,0,0
2253,Joe Bob,WR,FAU,4,0,0,0,0,0,0,0,0,0,0,0
2254,Joe Bob,OG,FAU,1,0,0,0,0,0,0,0,0,0,0,0
2255,Joe Bob,OG,FAU,1,0,0,0,0,0,0,0,0,0,0,0
2256,Joe Bob,OG,FAU,3,0,0,0,0,0,0,0,0,0,0,0
2257,Joe Bob,OG,FAU,2,0,0,0,0,0,0,0,0,0,0,0
2258,Joe Bob,OG,FAU,2,0,0,0,0,0,0,0,0,0,0,0
2259,Joe Bob,WR,FAU,1,0,0,0,0,0,0,0,0,0,0,0
2260,Joe Bob,OG,FAU,3,0,0,0,0,0,0,0,0,0,0,0
2261,Joe Bob,OG,FAU,3,0,0,0,0,0,0,0,0,0,0,0
2262,Joe Bob,FB,FAU,2,0,0,0,0,0,0,0,0,0,0,0
2263,Joe Bob,OG,FAU,4,0,0,0,0,0,0,0,0,0,0,0
2264,Joe Bob,RB,FAU,2,0,0,0,0,0,0,0,0,0,0,0
2265,Joe Bob,OG,FAU,3,0,0,0,0,0,0,0,0,0,0,0
2266,Joe Bob,OG,FAU,3,0,0,0,0,0,0,0,0,0,0,0
2267,Joe Bob,OT,FAU,4,0,0,0,0,0,0,0,0,0,0,0
2268,Joe Bob,OG,FAU,1,0,0,0,0,0,0,0,0,0,0,0
2269,Joe Bob,OT,FAU,3,0,0,0,0,0,0,0,0,0,0,0
2270,Joe Bob,WR,FAU,4,0,0,0,0,0,0,0,0,0,0,0
2271,Joe Bob,WR,FAU,1,0,0,0,0,0,0,0,0,0,0,0
2272,Joe Bob,OG,FAU,4,0,0,0,0,0,0,0,0,0,0,0
2273,Joe Bob,OG,FAU,2,0,0,0,0,0,0,0,0,0,0,0
2274,Joe Bob,OG,FAU,4,0,0,0,0,0,0,0,0,0,0,0
2275,Joe Bob,OG,FAU,1,0,0,0,0,0,0,0,0,0,0,0
2276,Joe Bob,WR,FAU,2,0,0,0,0,0,0,0,0,0,0,0
2277,Joe Bob,OG,FAU,2,0,0,0,0,0,0,0,0,0,0,0
2278,Joe Bob,OG,FAU,4,0,0,0,0,0,0,0,0,0,0,0
2279,Joe Bob,QB,FAU,4,0,0,0,0,0,0,0,0,0,0,0
2280,Joe Bob,OG,FAU,3,0,0,0,0,0,0,0,0,0,0,0
2281,Joe Bob,OG,FAU,2,0,0,0,0,0,0,0,0,0,0,0
2282,Joe Bob,WR,FAU,3,0,0,0,0,0,0,0,0,0,0,0
2283,Joe Bob,OG,FAU,4,0,0,0,0,0,0,0,0,0,0,0
2284,Joe Bob,QB,FAU,2,0,0,0,0,0,0,0,0,0,0,0
2285,Joe Bob,WR,FAU,3,0,0,0,0,0,0,0,0,0,0,0
2286,Joe Bob,OG,FAU,3,0,0,0,0,0,0,0,0,0,0,0
2287,Joe Bob,OT,FAU,4,0,0,0,0,0,0,0,0,0,0,0
2288,Joe Bob,OG,FAU,1,0,0,0,0,0,0,0,0,0,0,0
2289,Joe Bob,WR,FAU,3,0,0,0,0,0,0,0,0,0,0,0
2290,Joe Bob,OT,FAU,1,0,0,0,0,0,0,0,0,0,0,0
2291,Joe Bob,OG,FAU,1,0,0,0,0,0,0,0,0,0,0,0
2292,Joe Bob,OG,FAU,3,0,0,0,0,0,0,0,0,0,0,0
2293,Joe Bob,OG,FAU,4,0,0,0,0,0,0,0,0,0,0,0
2294,Joe Bob,OG,FAU,1,0,0,0,0,0,0,0,0,0,0,0
2295,Joe Bob,OG,FAU,3,0,0,0,0,0,0,0,0,0,0,0
2296,Joe Bob,OG,FAU,2,0,0,0,0,0,0,0,0,0,0,0
2297,Joe Bob,RB,FAU,3,0,0,0,0,0,0,0,0,0,0,0
2298,Joe Bob,WR,FAU,1,0,0,0,0,0,0,0,0,0,0,0
2299,Joe Bob,WR,FAU,3,0,0,0,0,0,0,0,0,0,0,0
2300,Joe Bob,OG,FAU,4,0,0,0,0,0,0,0,0,0,0,0
2301,Joe Bob,OG,FAU,4,0,0,0,0,0,0,0,0,0,0,0
2302,Joe Bob,OT,FAU,3,0,0,0,0,0,0,0,0,0,0,0
2303,Joe Bob,OG,FAU,1,0,0,0,0,0,0,0,0,0,0,0
2304,Joe Bob,WR,FAU,1,0,0,0,0,0,0,0,0,0,0,0
2305,Joe Bob,OG,FAU,4,0,0,0,0,0,0,0,0,0,0,0
2306,Joe Bob,OG,FAU,1,0,0,0,0,0,0,0,0,0,0,0
2307,Joe Bob,OG,FAU,4,0,0,0,0,0,0,0,0,0,0,0
2308,Joe Bob,OG,FAU,3,0,0,0,0,0,0,0,0,0,0,0
2309,Joe Bob,OG,FAU,2,0,0,0,0,0,0,0,0,0,0,0
2310,Joe Bob,OG,FAU,2,0,0,0,0,0,0,0,0,0,0,0
2311,Joe Bob,OG,FAU,2,0,0,0,0,0,0,0,0,0,0,0
2312,Joe Bob,OG,FAU,3,0,0,0,0,0,0,0,0,0,0,0
2313,Joe Bob,OG,FAU,3,0,0,0,0,0,0,0,0,0,0,0
2314,Joe Bob,WR,FAU,3,0,0,0,0,0,0,0,0,0,0,0
2315,Joe Bob,OG,FAU,2,0,0,0,0,0,0,0,0,0,0,0
2316,Joe Bob,WR,FAU,3,0,0,0,0,0,0,0,0,0,0,0
2317,Joe Bob,OG,FAU,4,0,0,0,0,0,0,0,0,0,0,0
2318,Joe Bob,WR,FAU,4,0,0,0,0,0,0,0,0,0,0,0
2319,Joe Bob,OG,FAU,4,0,0,0,0,0,0,0,0,0,0,0
2320,Joe Bob,OG,FAU,3,0,0,0,0,0,0,0,0,0,0,0
2321,Joe Bob,OG,FAU,4,0,0,0,0,0,0,0,0,0,0,0
2322,Joe Bob,OG,FAU,1,0,0,0,0,0,0,0,0,0,0,0
2323,Joe Bob,WR,FAU,1,0,0,0,0,0,0,0,0,0,0,0
2324,Joe Bob,OG,FAU,1,0,0,0,0,0,0,0,0,0,0,0
2325,Joe Bob,OG,FAU,1,0,0,0,0,0,0,0,0,0,0,0
2326,Joe Bob,OG,FIU,4,0,0,0,0,0,0,0,0,0,0,0
2327,Joe Bob,OG,FIU,2,0,0,0,0,0,0,0,0,0,0,0
2328,Joe Bob,OG,FIU,2,0,0,0,0,0,0,0,0,0,0,0
2329,Joe Bob,WR,FIU,1,0,0,0,0,0,0,0,0,0,0,0
2330,Joe Bob,OG,FIU,3,0,0,0,0,0,0,0,0,0,0,0
2331,Joe Bob,OG,FIU,1,0,0,0,0,0,0,0,0,0,0,0
2332,Joe Bob,OG,FIU,3,0,0,0,0,0,0,0,0,0,0,0
2333,Joe Bob,OG,FIU,2,0,0,0,0,0,0,0,0,0,0,0
2334,Joe Bob,OG,FIU,3,0,0,0,0,0,0,0,0,0,0,0
2335,Joe Bob,OG,FIU,3,0,0,0,0,0,0,0,0,0,0,0
2336,Joe Bob,OG,FIU,2,0,0,0,0,0,0,0,0,0,0,0
2337,Joe Bob,OG,FIU,3,0,0,0,0,0,0,0,0,0,0,0
2338,Joe Bob,OG,FIU,4,0,0,0,0,0,0,0,0,0,0,0
2339,Joe Bob,OG,FIU,3,0,0,0,0,0,0,0,0,0,0,0
2340,Joe Bob,FB,FIU,1,0,0,0,0,0,0,0,0,0,0,0
2341,Joe Bob,RB,FIU,3,0,0,0,0,0,0,0,0,0,0,0
2342,Joe Bob,OG,FIU,4,0,0,0,0,0,0,0,0,0,0,0
2343,Joe Bob,OG,FIU,1,0,0,0,0,0,0,0,0,0,0,0
2344,Joe Bob,OG,FIU,4,0,0,0,0,0,0,0,0,0,0,0
2345,Joe Bob,OG,FIU,2,0,0,0,0,0,0,0,0,0,0,0
2346,Joe Bob,OG,FIU,3,0,0,0,0,0,0,0,0,0,0,0
2347,Joe Bob,OT,FIU,2,0,0,0,0,0,0,0,0,0,0,0
2348,Joe Bob,OG,FIU,4,0,0,0,0,0,0,0,0,0,0,0
2349,Joe Bob,OG,FIU,1,0,0,0,0,0,0,0,0,0,0,0
2350,Joe Bob,OG,FIU,3,0,0,0,0,0,0,0,0,0,0,0
2351,Joe Bob,OG,FIU,1,0,0,0,0,0,0,0,0,0,0,0
2352,Joe Bob,OG,FIU,2,0,0,0,0,0,0,0,0,0,0,0
2353,Joe Bob,OG,FIU,2,0,0,0,0,0,0,0,0,0,0,0
2354,Joe Bob,OG,FIU,3,0,0,0,0,0,0,0,0,0,0,0
2355,Joe Bob,WR,FIU,3,0,0,0,0,0,0,0,0,0,0,0
2356,Joe Bob,OG,FIU,2,0,0,0,0,0,0,0,0,0,0,0
2357,Joe Bob,OG,FIU,3,0,0,0,0,0,0,0,0,0,0,0
2358,Joe Bob,OT,FIU,3,0,0,0,0,0,0,0,0,0,0,0
2359,Joe Bob,OG,FIU,2,0,0,0,0,0,0,0,0,0,0,0
2360,Joe Bob,WR,FIU,1,0,0,0,0,0,0,0,0,0,0,0
2361,Joe Bob,OT,FIU,4,0,0,0,0,0,0,0,0,0,0,0
2362,Joe Bob,WR,FIU,1,0,0,0,0,0,0,0,0,0,0,0
2363,Joe Bob,OG,FIU,1,0,0,0,0,0,0,0,0,0,0,0
2364,Joe Bob,OG,FIU,1,0,0,0,0,0,0,0,0,0,0,0
2365,Joe Bob,OG,FIU,2,0,0,0,0,0,0,0,0,0,0,0
2366,Joe Bob,OG,FIU,2,0,0,0,0,0,0,0,0,0,0,0
2367,Joe Bob,OG,FIU,3,0,0,0,0,0,0,0,0,0,0,0
2368,Joe Bob,OT,FIU,2,0,0,0,0,0,0,0,0,0,0,0
2369,Joe Bob,RB,FIU,2,0,0,0,0,0,0,0,0,0,0,0
2370,Joe Bob,QB,FIU,4,0,0,0,0,0,0,0,0,0,0,0
2371,Joe Bob,QB,FIU,4,0,0,0,0,0,0,0,0,0,0,0
2372,Joe Bob,OG,FIU,3,0,0,0,0,0,0,0,0,0,0,0
2373,Joe Bob,WR,FIU,4,0,0,0,0,0,0,0,0,0,0,0
2374,Joe Bob,OT,FIU,4,0,0,0,0,0,0,0,0,0,0,0
2375,Joe Bob,WR,FIU,4,0,0,0,0,0,0,0,0,0,0,0
2376,Joe Bob,OG,FIU,4,0,0,0,0,0,0,0,0,0,0,0
2377,Joe Bob,WR,FIU,1,0,0,0,0,0,0,0,0,0,0,0
2378,Joe Bob,OG,FIU,4,0,0,0,0,0,0,0,0,0,0,0
2379,Joe Bob,OG,FIU,4,0,0,0,0,0,0,0,0,0,0,0
2380,Joe Bob,OG,FIU,2,0,0,0,0,0,0,0,0,0,0,0
2381,Joe Bob,QB,FIU,2,0,0,0,0,0,0,0,0,0,0,0
2382,Joe Bob,OG,FIU,1,0,0,0,0,0,0,0,0,0,0,0
2383,Joe Bob,OG,FIU,1,0,0,0,0,0,0,0,0,0,0,0
2384,Joe Bob,OG,FIU,4,0,0,0,0,0,0,0,0,0,0,0
2385,Joe Bob,OG,FIU,2,0,0,0,0,0,0,0,0,0,0,0
2386,Joe Bob,QB,FIU,3,0,0,0,0,0,0,0,0,0,0,0
2387,Joe Bob,OG,FIU,3,0,0,0,0,0,0,0,0,0,0,0
2388,Joe Bob,OG,FIU,2,0,0,0,0,0,0,0,0,0,0,0
2389,Joe Bob,OG,FIU,4,0,0,0,0,0,0,0,0,0,0,0
2390,Joe Bob,OG,FIU,4,0,0,0,0,0,0,0,0,0,0,0
2391,Joe Bob,OG,FIU,4,0,0,0,0,0,0,0,0,0,0,0
2392,Joe Bob,QB,FIU,3,0,0,0,0,0,0,0,0,0,0,0
2393,Joe Bob,WR,FIU,3,0,0,0,0,0,0,0,0,0,0,0
2394,Joe Bob,OG,FIU,1,0,0,0,0,0,0,0,0,0,0,0
2395,Joe Bob,WR,FIU,1,0,0,0,0,0,0,0,0,0,0,0
2396,Joe Bob,OG,FIU,4,0,0,0,0,0,0,0,0,0,0,0
2397,Joe Bob,WR,FIU,1,0,0,0,0,0,0,0,0,0,0,0
2398,Joe Bob,OG,FIU,2,0,0,0,0,0,0,0,0,0,0,0
2399,Joe Bob,OG,FIU,1,0,0,0,0,0,0,0,0,0,0,0
2400,Joe Bob,RB,FIU,4,0,0,0,0,0,0,0,0,0,0,0
2401,Joe Bob,OG,Florida,1,0,0,0,0,0,0,0,0,0,0,0
2402,Joe Bob,OT,Florida,1,0,0,0,0,0,0,0,0,0,0,0
2403,Joe Bob,OG,Florida,4,0,0,0,0,0,0,0,0,0,0,0
2404,Joe Bob,OG,Florida,2,0,0,0,0,0,0,0,0,0,0,0
2405,Joe Bob,OG,Florida,1,0,0,0,0,0,0,0,0,0,0,0
2406,Joe Bob,OG,Florida,1,0,0,0,0,0,0,0,0,0,0,0
2407,Joe Bob,OG,Florida,3,0,0,0,0,0,0,0,0,0,0,0
2408,Joe Bob,OG,Florida,1,0,0,0,0,0,0,0,0,0,0,0
2409,Joe Bob,OG,Florida,2,0,0,0,0,0,0,0,0,0,0,0
2410,Joe Bob,OG,Florida,3,0,0,0,0,0,0,0,0,0,0,0
2411,Joe Bob,RB,Florida,2,0,0,0,0,0,0,0,0,0,0,0
2412,Joe Bob,OG,Florida,4,0,0,0,0,0,0,0,0,0,0,0
2413,Joe Bob,OG,Florida,2,0,0,0,0,0,0,0,0,0,0,0
2414,Joe Bob,OG,Florida,4,0,0,0,0,0,0,0,0,0,0,0
2415,Joe Bob,FB,Florida,3,0,0,0,0,0,0,0,0,0,0,0
2416,Joe Bob,OT,Florida,3,0,0,0,0,0,0,0,0,0,0,0
2417,Joe Bob,WR,Florida,1,0,0,0,0,0,0,0,0,0,0,0
2418,Joe Bob,OG,Florida,2,0,0,0,0,0,0,0,0,0,0,0
2419,Joe Bob,OG,Florida,4,0,0,0,0,0,0,0,0,0,0,0
2420,Joe Bob,OT,Florida,4,0,0,0,0,0,0,0,0,0,0,0
2421,Joe Bob,OG,Florida,1,0,0,0,0,0,0,0,0,0,0,0
2422,Joe Bob,OG,Florida,1,0,0,0,0,0,0,0,0,0,0,0
2423,Joe Bob,OG,Florida,1,0,0,0,0,0,0,0,0,0,0,0
2424,Joe Bob,OG,Florida,1,0,0,0,0,0,0,0,0,0,0,0
2425,Joe Bob,OG,Florida,1,0,0,0,0,0,0,0,0,0,0,0
2426,Joe Bob,OG,Florida,1,0,0,0,0,0,0,0,0,0,0,0
2427,Joe Bob,OG,Florida,3,0,0,0,0,0,0,0,0,0,0,0
2428,Joe Bob,OG,Florida,1,0,0,0,0,0,0,0,0,0,0,0
2429,Joe Bob,OG,Florida,2,0,0,0,0,0,0,0,0,0,0,0
2430,Joe Bob,OG,Florida,3,0,0,0,0,0,0,0,0,0,0,0
2431,Joe Bob,FB,Florida,3,0,0,0,0,0,0,0,0,0,0,0
2432,Joe Bob,OG,Florida,4,0,0,0,0,0,0,0,0,0,0,0
2433,Joe Bob,RB,Florida,4,0,0,0,0,0,0,0,0,0,0,0
2434,Joe Bob,OG,Florida,1,0,0,0,0,0,0,0,0,0,0,0
2435,Joe Bob,OG,Florida,3,0,0,0,0,0,0,0,0,0,0,0
2436,Joe Bob,OG,Florida,1,0,0,0,0,0,0,0,0,0,0,0
2437,Joe Bob,OG,Florida,2,0,0,0,0,0,0,0,0,0,0,0
2438,Joe Bob,OG,Florida,2,0,0,0,0,0,0,0,0,0,0,0
2439,Joe Bob,OT,Florida,1,0,0,0,0,0,0,0,0,0,0,0
2440,Joe Bob,OG,Florida,1,0,0,0,0,0,0,0,0,0,0,0
2441,Joe Bob,OG,Florida,2,0,0,0,0,0,0,0,0,0,0,0
2442,Joe Bob,OG,Florida,2,0,0,0,0,0,0,0,0,0,0,0
2443,Joe Bob,OG,Florida,3,0,0,0,0,0,0,0,0,0,0,0
2444,Joe Bob,OG,Florida,3,0,0,0,0,0,0,0,0,0,0,0
2445,Joe Bob,QB,Florida,2,0,0,0,0,0,0,0,0,0,0,0
2446,Joe Bob,FB,Florida,2,0,0,0,0,0,0,0,0,0,0,0
2447,Joe Bob,OG,Florida,1,0,0,0,0,0,0,0,0,0,0,0
2448,Joe Bob,OG,Florida,3,0,0,0,0,0,0,0,0,0,0,0
2449,Joe Bob,OG,Florida,4,0,0,0,0,0,0,0,0,0,0,0
2450,Joe Bob,WR,Florida,3,0,0,0,0,0,0,0,0,0,0,0
2451,Joe Bob,OG,Florida,2,0,0,0,0,0,0,0,0,0,0,0
2452,Joe Bob,OG,Florida,1,0,0,0,0,0,0,0,0,0,0,0
2453,Joe Bob,OG,Florida,1,0,0,0,0,0,0,0,0,0,0,0
2454,Joe Bob,OG,Florida,1,0,0,0,0,0,0,0,0,0,0,0
2455,Joe Bob,OG,Florida,4,0,0,0,0,0,0,0,0,0,0,0
2456,Joe Bob,OG,Florida,2,0,0,0,0,0,0,0,0,0,0,0
2457,Joe Bob,OG,Florida,2,0,0,0,0,0,0,0,0,0,0,0
2458,Joe Bob,OG,Florida,1,0,0,0,0,0,0,0,0,0,0,0
2459,Joe Bob,OG,Florida,2,0,0,0,0,0,0,0,0,0,0,0
2460,Joe Bob,OG,Florida,2,0,0,0,0,0,0,0,0,0,0,0
2461,Joe Bob,OG,Florida,3,0,0,0,0,0,0,0,0,0,0,0
2462,Joe Bob,OG,Florida,3,0,0,0,0,0,0,0,0,0,0,0
2463,Joe Bob,QB,Florida,2,0,0,0,0,0,0,0,0,0,0,0
2464,Joe Bob,OG,Florida,4,0,0,0,0,0,0,0,0,0,0,0
2465,Joe Bob,WR,Florida,2,0,0,0,0,0,0,0,0,0,0,0
2466,Joe Bob,OG,Florida,3,0,0,0,0,0,0,0,0,0,0,0
2467,Joe Bob,WR,Florida,3,0,0,0,0,0,0,0,0,0,0,0
2468,Joe Bob,OG,Florida,3,0,0,0,0,0,0,0,0,0,0,0
2469,Joe Bob,OG,Florida,4,0,0,0,0,0,0,0,0,0,0,0
2470,Joe Bob,RB,Florida,3,0,0,0,0,0,0,0,0,0,0,0
2471,Joe Bob,OG,Florida,4,0,0,0,0,0,0,0,0,0,0,0
2472,Joe Bob,OT,Florida,4,0,0,0,0,0,0,0,0,0,0,0
2473,Joe Bob,OT,Florida,4,0,0,0,0,0,0,0,0,0,0,0
2474,Joe Bob,WR,Florida,1,0,0,0,0,0,0,0,0,0,0,0
2475,Joe Bob,OG,Florida,4,0,0,0,0,0,0,0,0,0,0,0
2476,Joe Bob,OT,Florida State,1,0,0,0,0,0,0,0,0,0,0,0
2477,Joe Bob,OT,Florida State,2,0,0,0,0,0,0,0,0,0,0,0
2478,Joe Bob,OG,Florida State,4,0,0,0,0,0,0,0,0,0,0,0
2479,Joe Bob,OG,Florida State,2,0,0,0,0,0,0,0,0,0,0,0
2480,Joe Bob,OG,Florida State,1,0,0,0,0,0,0,0,0,0,0,0
2481,Joe Bob,OG,Florida State,3,0,0,0,0,0,0,0,0,0,0,0
2482,Joe Bob,OG,Florida State,1,0,0,0,0,0,0,0,0,0,0,0
2483,Joe Bob,OG,Florida State,2,0,0,0,0,0,0,0,0,0,0,0
2484,Joe Bob,OG,Florida State,4,0,0,0,0,0,0,0,0,0,0,0
2485,Joe Bob,WR,Florida State,1,0,0,0,0,0,0,0,0,0,0,0
2486,Joe Bob,OG,Florida State,4,0,0,0,0,0,0,0,0,0,0,0
2487,Joe Bob,OG,Florida State,3,0,0,0,0,0,0,0,0,0,0,0
2488,Joe Bob,OT,Florida State,3,0,0,0,0,0,0,0,0,0,0,0
2489,Joe Bob,QB,Florida State,4,0,0,0,0,0,0,0,0,0,0,0
2490,Joe Bob,RB,Florida State,4,0,0,0,0,0,0,0,0,0,0,0
2491,Joe Bob,WR,Florida State,1,0,0,0,0,0,0,0,0,0,0,0
2492,Joe Bob,FB,Florida State,4,0,0,0,0,0,0,0,0,0,0,0
2493,Joe Bob,OG,Florida State,4,0,0,0,0,0,0,0,0,0,0,0
2494,Joe Bob,OG,Florida State,2,0,0,0,0,0,0,0,0,0,0,0
2495,Joe Bob,OG,Florida State,4,0,0,0,0,0,0,0,0,0,0,0
2496,Joe Bob,OG,Florida State,1,0,0,0,0,0,0,0,0,0,0,0
2497,Joe Bob,OG,Florida State,1,0,0,0,0,0,0,0,0,0,0,0
2498,Joe Bob,OG,Florida State,4,0,0,0,0,0,0,0,0,0,0,0
2499,Joe Bob,OG,Florida State,3,0,0,0,0,0,0,0,0,0,0,0
2500,Joe Bob,OG,Florida State,2,0,0,0,0,0,0,0,0,0,0,0
2501,Joe Bob,OG,Florida State,4,0,0,0,0,0,0,0,0,0,0,0
2502,Joe Bob,FB,Florida State,2,0,0,0,0,0,0,0,0,0,0,0
2503,Joe Bob,OG,Florida State,4,0,0,0,0,0,0,0,0,0,0,0
2504,Joe Bob,WR,Florida State,1,0,0,0,0,0,0,0,0,0,0,0
2505,Joe Bob,WR,Florida State,4,0,0,0,0,0,0,0,0,0,0,0
2506,Joe Bob,FB,Florida State,4,0,0,0,0,0,0,0,0,0,0,0
2507,Joe Bob,OG,Florida State,4,0,0,0,0,0,0,0,0,0,0,0
2508,Joe Bob,OG,Florida State,4,0,0,0,0,0,0,0,0,0,0,0
2509,Joe Bob,OG,Florida State,1,0,0,0,0,0,0,0,0,0,0,0
2510,Joe Bob,OG,Florida State,1,0,0,0,0,0,0,0,0,0,0,0
2511,Joe Bob,OG,Florida State,2,0,0,0,0,0,0,0,0,0,0,0
2512,Joe Bob,OG,Florida State,1,0,0,0,0,0,0,0,0,0,0,0
2513,Joe Bob,OG,Florida State,1,0,0,0,0,0,0,0,0,0,0,0
2514,Joe Bob,OG,Florida State,3,0,0,0,0,0,0,0,0,0,0,0
2515,Joe Bob,WR,Florida State,2,0,0,0,0,0,0,0,0,0,0,0
2516,Joe Bob,OG,Florida State,3,0,0,0,0,0,0,0,0,0,0,0
2517,Joe Bob,OG,Florida State,2,0,0,0,0,0,0,0,0,0,0,0
2518,Joe Bob,OG,Florida State,3,0,0,0,0,0,0,0,0,0,0,0
2519,Joe Bob,OG,Florida State,4,0,0,0,0,0,0,0,0,0,0,0
2520,Joe Bob,OT,Florida State,3,0,0,0,0,0,0,0,0,0,0,0
2521,Joe Bob,OG,Florida State,4,0,0,0,0,0,0,0,0,0,0,0
2522,Joe Bob,OG,Florida State,3,0,0,0,0,0,0,0,0,0,0,0
2523,Joe Bob,WR,Florida State,1,0,0,0,0,0,0,0,0,0,0,0
2524,Joe Bob,OG,Florida State,1,0,0,0,0,0,0,0,0,0,0,0
2525,Joe Bob,OG,Florida State,1,0,0,0,0,0,0,0,0,0,0,0
2526,Joe Bob,WR,Florida State,4,0,0,0,0,0,0,0,0,0,0,0
2527,Joe Bob,OG,Florida State,1,0,0,0,0,0,0,0,0,0,0,0
2528,Joe Bob,OG,Florida State,1,0,0,0,0,0,0,0,0,0,0,0
2529,Joe Bob,OG,Florida State,2,0,0,0,0,0,0,0,0,0,0,0
2530,Joe Bob,OG,Florida State,2,0,0,0,0,0,0,0,0,0,0,0
2531,Joe Bob,OT,Florida State,2,0,0,0,0,0,0,0,0,0,0,0
2532,Joe Bob,RB,Florida State,1,0,0,0,0,0,0,0,0,0,0,0
2533,Joe Bob,OG,Florida State,3,0,0,0,0,0,0,0,0,0,0,0
2534,Joe Bob,OG,Florida State,3,0,0,0,0,0,0,0,0,0,0,0
2535,Joe Bob,OT,Florida State,2,0,0,0,0,0,0,0,0,0,0,0
2536,Joe Bob,OG,Florida State,3,0,0,0,0,0,0,0,0,0,0,0
2537,Joe Bob,WR,Florida State,2,0,0,0,0,0,0,0,0,0,0,0
2538,Joe Bob,OG,Florida State,3,0,0,0,0,0,0,0,0,0,0,0
2539,Joe Bob,OG,Florida State,3,0,0,0,0,0,0,0,0,0,0,0
2540,Joe Bob,WR,Florida State,4,0,0,0,0,0,0,0,0,0,0,0
2541,Joe Bob,OG,Florida State,4,0,0,0,0,0,0,0,0,0,0,0
2542,Joe Bob,OT,Florida State,3,0,0,0,0,0,0,0,0,0,0,0
2543,Joe Bob,RB,Florida State,4,0,0,0,0,0,0,0,0,0,0,0
2544,Joe Bob,OG,Florida State,1,0,0,0,0,0,0,0,0,0,0,0
2545,Joe Bob,OG,Florida State,4,0,0,0,0,0,0,0,0,0,0,0
2546,Joe Bob,OT,Florida State,2,0,0,0,0,0,0,0,0,0,0,0
2547,Joe Bob,OG,Florida State,4,0,0,0,0,0,0,0,0,0,0,0
2548,Joe Bob,OG,Florida State,1,0,0,0,0,0,0,0,0,0,0,0
2549,Joe Bob,WR,Florida State,1,0,0,0,0,0,0,0,0,0,0,0
2550,Joe Bob,OG,Florida State,1,0,0,0,0,0,0,0,0,0,0,0
2551,Joe Bob,OG,Fresno St.,4,0,0,0,0,0,0,0,0,0,0,0
2552,Joe Bob,OG,Fresno St.,4,0,0,0,0,0,0,0,0,0,0,0
2553,Joe Bob,OG,Fresno St.,3,0,0,0,0,0,0,0,0,0,0,0
2554,Joe Bob,OG,Fresno St.,2,0,0,0,0,0,0,0,0,0,0,0
2555,Joe Bob,RB,Fresno St.,2,0,0,0,0,0,0,0,0,0,0,0
2556,Joe Bob,OG,Fresno St.,4,0,0,0,0,0,0,0,0,0,0,0
2557,Joe Bob,OG,Fresno St.,2,0,0,0,0,0,0,0,0,0,0,0
2558,Joe Bob,RB,Fresno St.,3,0,0,0,0,0,0,0,0,0,0,0
2559,Joe Bob,OG,Fresno St.,3,0,0,0,0,0,0,0,0,0,0,0
2560,Joe Bob,WR,Fresno St.,4,0,0,0,0,0,0,0,0,0,0,0
2561,Joe Bob,OG,Fresno St.,1,0,0,0,0,0,0,0,0,0,0,0
2562,Joe Bob,WR,Fresno St.,3,0,0,0,0,0,0,0,0,0,0,0
2563,Joe Bob,OT,Fresno St.,4,0,0,0,0,0,0,0,0,0,0,0
2564,Joe Bob,OG,Fresno St.,1,0,0,0,0,0,0,0,0,0,0,0
2565,Joe Bob,OG,Fresno St.,3,0,0,0,0,0,0,0,0,0,0,0
2566,Joe Bob,OG,Fresno St.,2,0,0,0,0,0,0,0,0,0,0,0
2567,Joe Bob,OG,Fresno St.,1,0,0,0,0,0,0,0,0,0,0,0
2568,Joe Bob,OG,Fresno St.,2,0,0,0,0,0,0,0,0,0,0,0
2569,Joe Bob,OG,Fresno St.,1,0,0,0,0,0,0,0,0,0,0,0
2570,Joe Bob,OG,Fresno St.,2,0,0,0,0,0,0,0,0,0,0,0
2571,Joe Bob,OG,Fresno St.,4,0,0,0,0,0,0,0,0,0,0,0
2572,Joe Bob,OG,Fresno St.,3,0,0,0,0,0,0,0,0,0,0,0
2573,Joe Bob,OG,Fresno St.,4,0,0,0,0,0,0,0,0,0,0,0
2574,Joe Bob,OG,Fresno St.,3,0,0,0,0,0,0,0,0,0,0,0
2575,Joe Bob,WR,Fresno St.,3,0,0,0,0,0,0,0,0,0,0,0
2576,Joe Bob,OT,Fresno St.,1,0,0,0,0,0,0,0,0,0,0,0
2577,Joe Bob,OG,Fresno St.,1,0,0,0,0,0,0,0,0,0,0,0
2578,Joe Bob,OG,Fresno St.,4,0,0,0,0,0,0,0,0,0,0,0
2579,Joe Bob,OG,Fresno St.,1,0,0,0,0,0,0,0,0,0,0,0
2580,Joe Bob,OG,Fresno St.,4,0,0,0,0,0,0,0,0,0,0,0
2581,Joe Bob,OG,Fresno St.,2,0,0,0,0,0,0,0,0,0,0,0
2582,Joe Bob,OG,Fresno St.,1,0,0,0,0,0,0,0,0,0,0,0
2583,Joe Bob,WR,Fresno St.,2,0,0,0,0,0,0,0,0,0,0,0
2584,Joe Bob,OG,Fresno St.,2,0,0,0,0,0,0,0,0,0,0,0
2585,Joe Bob,OG,Fresno St.,2,0,0,0,0,0,0,0,0,0,0,0
2586,Joe Bob,OG,Fresno St.,3,0,0,0,0,0,0,0,0,0,0,0
2587,Joe Bob,WR,Fresno St.,3,0,0,0,0,0,0,0,0,0,0,0
2588,Joe Bob,OG,Fresno St.,2,0,0,0,0,0,0,0,0,0,0,0
2589,Joe Bob,RB,Fresno St.,2,0,0,0,0,0,0,0,0,0,0,0
2590,Joe Bob,OG,Fresno St.,1,0,0,0,0,0,0,0,0,0,0,0
2591,Joe Bob,WR,Fresno St.,4,0,0,0,0,0,0,0,0,0,0,0
2592,Joe Bob,OG,Fresno St.,4,0,0,0,0,0,0,0,0,0,0,0
2593,Joe Bob,OG,Fresno St.,3,0,0,0,0,0,0,0,0,0,0,0
2594,Joe Bob,OG,Fresno St.,4,0,0,0,0,0,0,0,0,0,0,0
2595,Joe Bob,OT,Fresno St.,1,0,0,0,0,0,0,0,0,0,0,0
2596,Joe Bob,QB,Fresno St.,1,0,0,0,0,0,0,0,0,0,0,0
2597,Joe Bob,OG,Fresno St.,1,0,0,0,0,0,0,0,0,0,0,0
2598,Joe Bob,OT,Fresno St.,4,0,0,0,0,0,0,0,0,0,0,0
2599,Joe Bob,OG,Fresno St.,4,0,0,0,0,0,0,0,0,0,0,0
2600,Joe Bob,OG,Fresno St.,2,0,0,0,0,0,0,0,0,0,0,0
2601,Joe Bob,OG,Fresno St.,2,0,0,0,0,0,0,0,0,0,0,0
2602,Joe Bob,FB,Fresno St.,1,0,0,0,0,0,0,0,0,0,0,0
2603,Joe Bob,OT,Fresno St.,4,0,0,0,0,0,0,0,0,0,0,0
2604,Joe Bob,OG,Fresno St.,1,0,0,0,0,0,0,0,0,0,0,0
2605,Joe Bob,OG,Fresno St.,2,0,0,0,0,0,0,0,0,0,0,0
2606,Joe Bob,OG,Fresno St.,2,0,0,0,0,0,0,0,0,0,0,0
2607,Joe Bob,WR,Fresno St.,2,0,0,0,0,0,0,0,0,0,0,0
2608,Joe Bob,OG,Fresno St.,3,0,0,0,0,0,0,0,0,0,0,0
2609,Joe Bob,OG,Fresno St.,2,0,0,0,0,0,0,0,0,0,0,0
2610,Joe Bob,OG,Fresno St.,3,0,0,0,0,0,0,0,0,0,0,0
2611,Joe Bob,OG,Fresno St.,4,0,0,0,0,0,0,0,0,0,0,0
2612,Joe Bob,OG,Fresno St.,3,0,0,0,0,0,0,0,0,0,0,0
2613,Joe Bob,WR,Fresno St.,1,0,0,0,0,0,0,0,0,0,0,0
2614,Joe Bob,OG,Fresno St.,3,0,0,0,0,0,0,0,0,0,0,0
2615,Joe Bob,OT,Fresno St.,4,0,0,0,0,0,0,0,0,0,0,0
2616,Joe Bob,OG,Fresno St.,1,0,0,0,0,0,0,0,0,0,0,0
2617,Joe Bob,OG,Fresno St.,4,0,0,0,0,0,0,0,0,0,0,0
2618,Joe Bob,OG,Fresno St.,2,0,0,0,0,0,0,0,0,0,0,0
2619,Joe Bob,OG,Fresno St.,3,0,0,0,0,0,0,0,0,0,0,0
2620,Joe Bob,OT,Fresno St.,1,0,0,0,0,0,0,0,0,0,0,0
2621,Joe Bob,OG,Fresno St.,4,0,0,0,0,0,0,0,0,0,0,0
2622,Joe Bob,OG,Fresno St.,1,0,0,0,0,0,0,0,0,0,0,0
2623,Joe Bob,OG,Fresno St.,2,0,0,0,0,0,0,0,0,0,0,0
2624,Joe Bob,OG,Fresno St.,1,0,0,0,0,0,0,0,0,0,0,0
2625,Joe Bob,OG,Fresno St.,2,0,0,0,0,0,0,0,0,0,0,0
2626,Joe Bob,OG,Ga. Southern,2,0,0,0,0,0,0,0,0,0,0,0
2627,Joe Bob,OG,Ga. Southern,2,0,0,0,0,0,0,0,0,0,0,0
2628,Joe Bob,WR,Ga. Southern,3,0,0,0,0,0,0,0,0,0,0,0
2629,Joe Bob,OG,Ga. Southern,2,0,0,0,0,0,0,0,0,0,0,0
2630,Joe Bob,OG,Ga. Southern,3,0,0,0,0,0,0,0,0,0,0,0
2631,Joe Bob,OT,Ga. Southern,3,0,0,0,0,0,0,0,0,0,0,0
2632,Joe Bob,OG,Ga. Southern,2,0,0,0,0,0,0,0,0,0,0,0
2633,Joe Bob,RB,Ga. Southern,1,0,0,0,0,0,0,0,0,0,0,0
2634,Joe Bob,WR,Ga. Southern,4,0,0,0,0,0,0,0,0,0,0,0
2635,Joe Bob,RB,Ga. Southern,4,0,0,0,0,0,0,0,0,0,0,0
2636,Joe Bob,OG,Ga. Southern,4,0,0,0,0,0,0,0,0,0,0,0
2637,Joe Bob,OG,Ga. Southern,4,0,0,0,0,0,0,0,0,0,0,0
2638,Joe Bob,OG,Ga. Southern,1,0,0,0,0,0,0,0,0,0,0,0
2639,Joe Bob,OG,Ga. Southern,1,0,0,0,0,0,0,0,0,0,0,0
2640,Joe Bob,WR,Ga. Southern,3,0,0,0,0,0,0,0,0,0,0,0
2641,Joe Bob,OG,Ga. Southern,1,0,0,0,0,0,0,0,0,0,0,0
2642,Joe Bob,OG,Ga. Southern,2,0,0,0,0,0,0,0,0,0,0,0
2643,Joe Bob,OG,Ga. Southern,3,0,0,0,0,0,0,0,0,0,0,0
2644,Joe Bob,OG,Ga. Southern,4,0,0,0,0,0,0,0,0,0,0,0
2645,Joe Bob,OG,Ga. Southern,3,0,0,0,0,0,0,0,0,0,0,0
2646,Joe Bob,WR,Ga. Southern,3,0,0,0,0,0,0,0,0,0,0,0
2647,Joe Bob,OT,Ga. Southern,3,0,0,0,0,0,0,0,0,0,0,0
2648,Joe Bob,WR,Ga. Southern,4,0,0,0,0,0,0,0,0,0,0,0
2649,Joe Bob,OG,Ga. Southern,4,0,0,0,0,0,0,0,0,0,0,0
2650,Joe Bob,RB,Ga. Southern,4,0,0,0,0,0,0,0,0,0,0,0
2651,Joe Bob,OG,Ga. Southern,4,0,0,0,0,0,0,0,0,0,0,0
2652,Joe Bob,OG,Ga. Southern,1,0,0,0,0,0,0,0,0,0,0,0
2653,Joe Bob,OT,Ga. Southern,2,0,0,0,0,0,0,0,0,0,0,0
2654,Joe Bob,OG,Ga. Southern,2,0,0,0,0,0,0,0,0,0,0,0
2655,Joe Bob,OG,Ga. Southern,2,0,0,0,0,0,0,0,0,0,0,0
2656,Joe Bob,OG,Ga. Southern,1,0,0,0,0,0,0,0,0,0,0,0
2657,Joe Bob,OG,Ga. Southern,3,0,0,0,0,0,0,0,0,0,0,0
2658,Joe Bob,OG,Ga. Southern,2,0,0,0,0,0,0,0,0,0,0,0
2659,Joe Bob,OG,Ga. Southern,2,0,0,0,0,0,0,0,0,0,0,0
2660,Joe Bob,OG,Ga. Southern,3,0,0,0,0,0,0,0,0,0,0,0
2661,Joe Bob,OG,Ga. Southern,2,0,0,0,0,0,0,0,0,0,0,0
2662,Joe Bob,OG,Ga. Southern,4,0,0,0,0,0,0,0,0,0,0,0
2663,Joe Bob,OG,Ga. Southern,4,0,0,0,0,0,0,0,0,0,0,0
2664,Joe Bob,OG,Ga. Southern,4,0,0,0,0,0,0,0,0,0,0,0
2665,Joe Bob,FB,Ga. Southern,3,0,0,0,0,0,0,0,0,0,0,0
2666,Joe Bob,RB,Ga. Southern,3,0,0,0,0,0,0,0,0,0,0,0
2667,Joe Bob,OT,Ga. Southern,1,0,0,0,0,0,0,0,0,0,0,0
2668,Joe Bob,WR,Ga. Southern,1,0,0,0,0,0,0,0,0,0,0,0
2669,Joe Bob,OG,Ga. Southern,4,0,0,0,0,0,0,0,0,0,0,0
2670,Joe Bob,WR,Ga. Southern,3,0,0,0,0,0,0,0,0,0,0,0
2671,Joe Bob,OG,Ga. Southern,3,0,0,0,0,0,0,0,0,0,0,0
2672,Joe Bob,OG,Ga. Southern,1,0,0,0,0,0,0,0,0,0,0,0
2673,Joe Bob,OG,Ga. Southern,2,0,0,0,0,0,0,0,0,0,0,0
2674,Joe Bob,OG,Ga. Southern,4,0,0,0,0,0,0,0,0,0,0,0
2675,Joe Bob,OG,Ga. Southern,1,0,0,0,0,0,0,0,0,0,0,0
2676,Joe Bob,OG,Ga. Southern,4,0,0,0,0,0,0,0,0,0,0,0
2677,Joe Bob,OG,Ga. Southern,1,0,0,0,0,0,0,0,0,0,0,0
2678,Joe Bob,OG,Ga. Southern,1,0,0,0,0,0,0,0,0,0,0,0
2679,Joe Bob,OG,Ga. Southern,1,0,0,0,0,0,0,0,0,0,0,0
2680,Joe Bob,OG,Ga. Southern,3,0,0,0,0,0,0,0,0,0,0,0
2681,Joe Bob,OG,Ga. Southern,1,0,0,0,0,0,0,0,0,0,0,0
2682,Joe Bob,OG,Ga. Southern,1,0,0,0,0,0,0,0,0,0,0,0
2683,Joe Bob,OG,Ga. Southern,3,0,0,0,0,0,0,0,0,0,0,0
2684,Joe Bob,QB,Ga. Southern,2,0,0,0,0,0,0,0,0,0,0,0
2685,Joe Bob,OG,Ga. Southern,3,0,0,0,0,0,0,0,0,0,0,0
2686,Joe Bob,OG,Ga. Southern,2,0,0,0,0,0,0,0,0,0,0,0
2687,Joe Bob,OG,Ga. Southern,4,0,0,0,0,0,0,0,0,0,0,0
2688,Joe Bob,RB,Ga. Southern,2,0,0,0,0,0,0,0,0,0,0,0
2689,Joe Bob,RB,Ga. Southern,3,0,0,0,0,0,0,0,0,0,0,0
2690,Joe Bob,FB,Ga. Southern,1,0,0,0,0,0,0,0,0,0,0,0
2691,Joe Bob,OG,Ga. Southern,2,0,0,0,0,0,0,0,0,0,0,0
2692,Joe Bob,OG,Ga. Southern,4,0,0,0,0,0,0,0,0,0,0,0
2693,Joe Bob,WR,Ga. Southern,4,0,0,0,0,0,0,0,0,0,0,0
2694,Joe Bob,OG,Ga. Southern,1,0,0,0,0,0,0,0,0,0,0,0
2695,Joe Bob,OG,Ga. Southern,1,0,0,0,0,0,0,0,0,0,0,0
2696,Joe Bob,OG,Ga. Southern,4,0,0,0,0,0,0,0,0,0,0,0
2697,Joe Bob,OG,Ga. Southern,1,0,0,0,0,0,0,0,0,0,0,0
2698,Joe Bob,OG,Ga. Southern,1,0,0,0,0,0,0,0,0,0,0,0
2699,Joe Bob,OG,Ga. Southern,1,0,0,0,0,0,0,0,0,0,0,0
2700,Joe Bob,OG,Ga. Southern,3,0,0,0,0,0,0,0,0,0,0,0
2701,Joe Bob,OG,Georgia,2,0,0,0,0,0,0,0,0,0,0,0
2702,Joe Bob,OG,Georgia,2,0,0,0,0,0,0,0,0,0,0,0
2703,Joe Bob,OG,Georgia,2,0,0,0,0,0,0,0,0,0,0,0
2704,Joe Bob,WR,Georgia,2,0,0,0,0,0,0,0,0,0,0,0
2705,Joe Bob,OG,Georgia,4,0,0,0,0,0,0,0,0,0,0,0
2706,Joe Bob,OG,Georgia,3,0,0,0,0,0,0,0,0,0,0,0
2707,Joe Bob,OG,Georgia,4,0,0,0,0,0,0,0,0,0,0,0
2708,Joe Bob,OG,Georgia,2,0,0,0,0,0,0,0,0,0,0,0
2709,Joe Bob,WR,Georgia,1,0,0,0,0,0,0,0,0,0,0,0
2710,Joe Bob,WR,Georgia,1,0,0,0,0,0,0,0,0,0,0,0
2711,Joe Bob,OT,Georgia,1,0,0,0,0,0,0,0,0,0,0,0
2712,Joe Bob,WR,Georgia,1,0,0,0,0,0,0,0,0,0,0,0
2713,Joe Bob,OG,Georgia,1,0,0,0,0,0,0,0,0,0,0,0
2714,Joe Bob,OG,Georgia,2,0,0,0,0,0,0,0,0,0,0,0
2715,Joe Bob,OG,Georgia,2,0,0,0,0,0,0,0,0,0,0,0
2716,Joe Bob,OG,Georgia,2,0,0,0,0,0,0,0,0,0,0,0
2717,Joe Bob,OG,Georgia,3,0,0,0,0,0,0,0,0,0,0,0
2718,Joe Bob,OG,Georgia,2,0,0,0,0,0,0,0,0,0,0,0
2719,Joe Bob,QB,Georgia,3,0,0,0,0,0,0,0,0,0,0,0
2720,Joe Bob,OG,Georgia,4,0,0,0,0,0,0,0,0,0,0,0
2721,Joe Bob,OG,Georgia,2,0,0,0,0,0,0,0,0,0,0,0
2722,Joe Bob,OG,Georgia,4,0,0,0,0,0,0,0,0,0,0,0
2723,Joe Bob,WR,Georgia,3,0,0,0,0,0,0,0,0,0,0,0
2724,Joe Bob,OG,Georgia,1,0,0,0,0,0,0,0,0,0,0,0
2725,Joe Bob,OT,Georgia,4,0,0,0,0,0,0,0,0,0,0,0
2726,Joe Bob,OG,Georgia,4,0,0,0,0,0,0,0,0,0,0,0
2727,Joe Bob,OT,Georgia,1,0,0,0,0,0,0,0,0,0,0,0
2728,Joe Bob,OG,Georgia,4,0,0,0,0,0,0,0,0,0,0,0
2729,Joe Bob,OG,Georgia,2,0,0,0,0,0,0,0,0,0,0,0
2730,Joe Bob,OG,Georgia,2,0,0,0,0,0,0,0,0,0,0,0
2731,Joe Bob,OG,Georgia,1,0,0,0,0,0,0,0,0,0,0,0
2732,Joe Bob,OG,Georgia,1,0,0,0,0,0,0,0,0,0,0,0
2733,Joe Bob,OG,Georgia,2,0,0,0,0,0,0,0,0,0,0,0
2734,Joe Bob,OG,Georgia,3,0,0,0,0,0,0,0,0,0,0,0
2735,Joe Bob,OG,Georgia,3,0,0,0,0,0,0,0,0,0,0,0
2736,Joe Bob,OG,Georgia,2,0,0,0,0,0,0,0,0,0,0,0
2737,Joe Bob,OG,Georgia,4,0,0,0,0,0,0,0,0,0,0,0
2738,Joe Bob,RB,Georgia,2,0,0,0,0,0,0,0,0,0,0,0
2739,Joe Bob,OG,Georgia,4,0,0,0,0,0,0,0,0,0,0,0
2740,Joe Bob,WR,Georgia,4,0,0,0,0,0,0,0,0,0,0,0
2741,Joe Bob,OG,Georgia,3,0,0,0,0,0,0,0,0,0,0,0
2742,Joe Bob,OG,Georgia,1,0,0,0,0,0,0,0,0,0,0,0
2743,Joe Bob,OG,Georgia,4,0,0,0,0,0,0,0,0,0,0,0
2744,Joe Bob,FB,Georgia,4,0,0,0,0,0,0,0,0,0,0,0
2745,Joe Bob,OG,Georgia,4,0,0,0,0,0,0,0,0,0,0,0
2746,Joe Bob,OG,Georgia,4,0,0,0,0,0,0,0,0,0,0,0
2747,Joe Bob,OT,Georgia,1,0,0,0,0,0,0,0,0,0,0,0
2748,Joe Bob,OG,Georgia,3,0,0,0,0,0,0,0,0,0,0,0
2749,Joe Bob,WR,Georgia,4,0,0,0,0,0,0,0,0,0,0,0
2750,Joe Bob,OT,Georgia,1,0,0,0,0,0,0,0,0,0,0,0
2751,Joe Bob,OG,Georgia,4,0,0,0,0,0,0,0,0,0,0,0
2752,Joe Bob,OT,Georgia,2,0,0,0,0,0,0,0,0,0,0,0
2753,Joe Bob,OG,Georgia,4,0,0,0,0,0,0,0,0,0,0,0
2754,Joe Bob,OG,Georgia,3,0,0,0,0,0,0,0,0,0,0,0
2755,Joe Bob,OG,Georgia,1,0,0,0,0,0,0,0,0,0,0,0
2756,Joe Bob,OG,Georgia,2,0,0,0,0,0,0,0,0,0,0,0
2757,Joe Bob,OG,Georgia,4,0,0,0,0,0,0,0,0,0,0,0
2758,Joe Bob,FB,Georgia,1,0,0,0,0,0,0,0,0,0,0,0
2759,Joe Bob,OG,Georgia,4,0,0,0,0,0,0,0,0,0,0,0
2760,Joe Bob,OG,Georgia,2,0,0,0,0,0,0,0,0,0,0,0
2761,Joe Bob,WR,Georgia,3,0,0,0,0,0,0,0,0,0,0,0
2762,Joe Bob,OG,Georgia,4,0,0,0,0,0,0,0,0,0,0,0
2763,Joe Bob,QB,Georgia,3,0,0,0,0,0,0,0,0,0,0,0
2764,Joe Bob,RB,Georgia,4,0,0,0,0,0,0,0,0,0,0,0
2765,Joe Bob,OG,Georgia,3,0,0,0,0,0,0,0,0,0,0,0
2766,Joe Bob,OG,Georgia,4,0,0,0,0,0,0,0,0,0,0,0
2767,Joe Bob,OG,Georgia,2,0,0,0,0,0,0,0,0,0,0,0
2768,Joe Bob,OG,Georgia,3,0,0,0,0,0,0,0,0,0,0,0
2769,Joe Bob,OG,Georgia,1,0,0,0,0,0,0,0,0,0,0,0
2770,Joe Bob,OG,Georgia,1,0,0,0,0,0,0,0,0,0,0,0
2771,Joe Bob,OG,Georgia,4,0,0,0,0,0,0,0,0,0,0,0
2772,Joe Bob,OT,Georgia,3,0,0,0,0,0,0,0,0,0,0,0
2773,Joe Bob,OG,Georgia,2,0,0,0,0,0,0,0,0,0,0,0
2774,Joe Bob,OG,Georgia,3,0,0,0,0,0,0,0,0,0,0,0
2775,Joe Bob,QB,Georgia,1,0,0,0,0,0,0,0,0,0,0,0
2776,Joe Bob,OG,Georgia St.,2,0,0,0,0,0,0,0,0,0,0,0
2777,Joe Bob,OG,Georgia St.,4,0,0,0,0,0,0,0,0,0,0,0
2778,Joe Bob,OG,Georgia St.,4,0,0,0,0,0,0,0,0,0,0,0
2779,Joe Bob,OG,Georgia St.,4,0,0,0,0,0,0,0,0,0,0,0
2780,Joe Bob,WR,Georgia St.,4,0,0,0,0,0,0,0,0,0,0,0
2781,Joe Bob,OT,Georgia St.,4,0,0,0,0,0,0,0,0,0,0,0
2782,Joe Bob,OG,Georgia St.,1,0,0,0,0,0,0,0,0,0,0,0
2783,Joe Bob,OG,Georgia St.,1,0,0,0,0,0,0,0,0,0,0,0
2784,Joe Bob,OG,Georgia St.,1,0,0,0,0,0,0,0,0,0,0,0
2785,Joe Bob,OG,Georgia St.,1,0,0,0,0,0,0,0,0,0,0,0
2786,Joe Bob,OG,Georgia St.,2,0,0,0,0,0,0,0,0,0,0,0
2787,Joe Bob,OG,Georgia St.,3,0,0,0,0,0,0,0,0,0,0,0
2788,Joe Bob,RB,Georgia St.,1,0,0,0,0,0,0,0,0,0,0,0
2789,Joe Bob,OG,Georgia St.,2,0,0,0,0,0,0,0,0,0,0,0
2790,Joe Bob,OG,Georgia St.,2,0,0,0,0,0,0,0,0,0,0,0
2791,Joe Bob,OG,Georgia St.,3,0,0,0,0,0,0,0,0,0,0,0
2792,Joe Bob,OG,Georgia St.,3,0,0,0,0,0,0,0,0,0,0,0
2793,Joe Bob,OT,Georgia St.,4,0,0,0,0,0,0,0,0,0,0,0
2794,Joe Bob,OG,Georgia St.,4,0,0,0,0,0,0,0,0,0,0,0
2795,Joe Bob,OG,Georgia St.,3,0,0,0,0,0,0,0,0,0,0,0
2796,Joe Bob,QB,Georgia St.,1,0,0,0,0,0,0,0,0,0,0,0
2797,Joe Bob,OT,Georgia St.,1,0,0,0,0,0,0,0,0,0,0,0
2798,Joe Bob,OG,Georgia St.,4,0,0,0,0,0,0,0,0,0,0,0
2799,Joe Bob,OG,Georgia St.,4,0,0,0,0,0,0,0,0,0,0,0
2800,Joe Bob,OG,Georgia St.,1,0,0,0,0,0,0,0,0,0,0,0
2801,Joe Bob,OG,Georgia St.,4,0,0,0,0,0,0,0,0,0,0,0
2802,Joe Bob,OT,Georgia St.,1,0,0,0,0,0,0,0,0,0,0,0
2803,Joe Bob,OG,Georgia St.,1,0,0,0,0,0,0,0,0,0,0,0
2804,Joe Bob,OT,Georgia St.,3,0,0,0,0,0,0,0,0,0,0,0
2805,Joe Bob,QB,Georgia St.,1,0,0,0,0,0,0,0,0,0,0,0
2806,Joe Bob,OG,Georgia St.,3,0,0,0,0,0,0,0,0,0,0,0
2807,Joe Bob,OG,Georgia St.,3,0,0,0,0,0,0,0,0,0,0,0
2808,Joe Bob,OT,Georgia St.,2,0,0,0,0,0,0,0,0,0,0,0
2809,Joe Bob,OG,Georgia St.,4,0,0,0,0,0,0,0,0,0,0,0
2810,Joe Bob,RB,Georgia St.,2,0,0,0,0,0,0,0,0,0,0,0
2811,Joe Bob,OG,Georgia St.,4,0,0,0,0,0,0,0,0,0,0,0
2812,Joe Bob,OG,Georgia St.,3,0,0,0,0,0,0,0,0,0,0,0
2813,Joe Bob,OT,Georgia St.,3,0,0,0,0,0,0,0,0,0,0,0
2814,Joe Bob,WR,Georgia St.,4,0,0,0,0,0,0,0,0,0,0,0
2815,Joe Bob,OG,Georgia St.,2,0,0,0,0,0,0,0,0,0,0,0
2816,Joe Bob,QB,Georgia St.,4,0,0,0,0,0,0,0,0,0,0,0
2817,Joe Bob,OG,Georgia St.,1,0,0,0,0,0,0,0,0,0,0,0
2818,Joe Bob,OG,Georgia St.,3,0,0,0,0,0,0,0,0,0,0,0
2819,Joe Bob,OT,Georgia St.,2,0,0,0,0,0,0,0,0,0,0,0
2820,Joe Bob,OG,Georgia St.,4,0,0,0,0,0,0,0,0,0,0,0
2821,Joe Bob,OG,Georgia St.,1,0,0,0,0,0,0,0,0,0,0,0
2822,Joe Bob,RB,Georgia St.,1,0,0,0,0,0,0,0,0,0,0,0
2823,Joe Bob,OG,Georgia St.,1,0,0,0,0,0,0,0,0,0,0,0
2824,Joe Bob,OG,Georgia St.,3,0,0,0,0,0,0,0,0,0,0,0
2825,Joe Bob,OG,Georgia St.,4,0,0,0,0,0,0,0,0,0,0,0
2826,Joe Bob,OG,Georgia St.,3,0,0,0,0,0,0,0,0,0,0,0
2827,Joe Bob,OG,Georgia St.,2,0,0,0,0,0,0,0,0,0,0,0
2828,Joe Bob,OG,Georgia St.,2,0,0,0,0,0,0,0,0,0,0,0
2829,Joe Bob,OG,Georgia St.,3,0,0,0,0,0,0,0,0,0,0,0
2830,Joe Bob,OG,Georgia St.,2,0,0,0,0,0,0,0,0,0,0,0
2831,Joe Bob,QB,Georgia St.,3,0,0,0,0,0,0,0,0,0,0,0
2832,Joe Bob,RB,Georgia St.,3,0,0,0,0,0,0,0,0,0,0,0
2833,Joe Bob,WR,Georgia St.,3,0,0,0,0,0,0,0,0,0,0,0
2834,Joe Bob,OG,Georgia St.,1,0,0,0,0,0,0,0,0,0,0,0
2835,Joe Bob,WR,Georgia St.,3,0,0,0,0,0,0,0,0,0,0,0
2836,Joe Bob,WR,Georgia St.,4,0,0,0,0,0,0,0,0,0,0,0
2837,Joe Bob,OG,Georgia St.,1,0,0,0,0,0,0,0,0,0,0,0
2838,Joe Bob,OG,Georgia St.,3,0,0,0,0,0,0,0,0,0,0,0
2839,Joe Bob,OT,Georgia St.,2,0,0,0,0,0,0,0,0,0,0,0
2840,Joe Bob,OG,Georgia St.,1,0,0,0,0,0,0,0,0,0,0,0
2841,Joe Bob,OG,Georgia St.,1,0,0,0,0,0,0,0,0,0,0,0
2842,Joe Bob,OG,Georgia St.,1,0,0,0,0,0,0,0,0,0,0,0
2843,Joe Bob,OG,Georgia St.,1,0,0,0,0,0,0,0,0,0,0,0
2844,Joe Bob,OG,Georgia St.,3,0,0,0,0,0,0,0,0,0,0,0
2845,Joe Bob,OG,Georgia St.,3,0,0,0,0,0,0,0,0,0,0,0
2846,Joe Bob,OG,Georgia St.,3,0,0,0,0,0,0,0,0,0,0,0
2847,Joe Bob,WR,Georgia St.,2,0,0,0,0,0,0,0,0,0,0,0
2848,Joe Bob,OG,Georgia St.,3,0,0,0,0,0,0,0,0,0,0,0
2849,Joe Bob,OG,Georgia St.,4,0,0,0,0,0,0,0,0,0,0,0
2850,Joe Bob,WR,Georgia St.,1,0,0,0,0,0,0,0,0,0,0,0
2851,Joe Bob,WR,Georgia Tech,3,0,0,0,0,0,0,0,0,0,0,0
2852,Joe Bob,OT,Georgia Tech,4,0,0,0,0,0,0,0,0,0,0,0
2853,Joe Bob,OG,Georgia Tech,4,0,0,0,0,0,0,0,0,0,0,0
2854,Joe Bob,OG,Georgia Tech,2,0,0,0,0,0,0,0,0,0,0,0
2855,Joe Bob,QB,Georgia Tech,1,0,0,0,0,0,0,0,0,0,0,0
2856,Joe Bob,WR,Georgia Tech,1,0,0,0,0,0,0,0,0,0,0,0
2857,Joe Bob,OG,Georgia Tech,1,0,0,0,0,0,0,0,0,0,0,0
2858,Joe Bob,OG,Georgia Tech,3,0,0,0,0,0,0,0,0,0,0,0
2859,Joe Bob,OG,Georgia Tech,3,0,0,0,0,0,0,0,0,0,0,0
2860,Joe Bob,WR,Georgia Tech,2,0,0,0,0,0,0,0,0,0,0,0
2861,Joe Bob,OG,Georgia Tech,2,0,0,0,0,0,0,0,0,0,0,0
2862,Joe Bob,OG,Georgia Tech,2,0,0,0,0,0,0,0,0,0,0,0
2863,Joe Bob,OG,Georgia Tech,4,0,0,0,0,0,0,0,0,0,0,0
2864,Joe Bob,OG,Georgia Tech,4,0,0,0,0,0,0,0,0,0,0,0
2865,Joe Bob,OG,Georgia Tech,4,0,0,0,0,0,0,0,0,0,0,0
2866,Joe Bob,OG,Georgia Tech,3,0,0,0,0,0,0,0,0,0,0,0
2867,Joe Bob,OT,Georgia Tech,3,0,0,0,0,0,0,0,0,0,0,0
2868,Joe Bob,OG,Georgia Tech,4,0,0,0,0,0,0,0,0,0,0,0
2869,Joe Bob,OG,Georgia Tech,1,0,0,0,0,0,0,0,0,0,0,0
2870,Joe Bob,OG,Georgia Tech,1,0,0,0,0,0,0,0,0,0,0,0
2871,Joe Bob,WR,Georgia Tech,2,0,0,0,0,0,0,0,0,0,0,0
2872,Joe Bob,OG,Georgia Tech,4,0,0,0,0,0,0,0,0,0,0,0
2873,Joe Bob,OG,Georgia Tech,2,0,0,0,0,0,0,0,0,0,0,0
2874,Joe Bob,OG,Georgia Tech,2,0,0,0,0,0,0,0,0,0,0,0
2875,Joe Bob,RB,Georgia Tech,1,0,0,0,0,0,0,0,0,0,0,0
2876,Joe Bob,WR,Georgia Tech,4,0,0,0,0,0,0,0,0,0,0,0
2877,Joe Bob,OG,Georgia Tech,1,0,0,0,0,0,0,0,0,0,0,0
2878,Joe Bob,OG,Georgia Tech,3,0,0,0,0,0,0,0,0,0,0,0
2879,Joe Bob,OG,Georgia Tech,2,0,0,0,0,0,0,0,0,0,0,0
2880,Joe Bob,RB,Georgia Tech,3,0,0,0,0,0,0,0,0,0,0,0
2881,Joe Bob,OG,Georgia Tech,4,0,0,0,0,0,0,0,0,0,0,0
2882,Joe Bob,OG,Georgia Tech,1,0,0,0,0,0,0,0,0,0,0,0
2883,Joe Bob,FB,Georgia Tech,3,0,0,0,0,0,0,0,0,0,0,0
2884,Joe Bob,QB,Georgia Tech,4,0,0,0,0,0,0,0,0,0,0,0
2885,Joe Bob,OG,Georgia Tech,2,0,0,0,0,0,0,0,0,0,0,0
2886,Joe Bob,FB,Georgia Tech,4,0,0,0,0,0,0,0,0,0,0,0
2887,Joe Bob,OG,Georgia Tech,3,0,0,0,0,0,0,0,0,0,0,0
2888,Joe Bob,WR,Georgia Tech,4,0,0,0,0,0,0,0,0,0,0,0
2889,Joe Bob,OG,Georgia Tech,4,0,0,0,0,0,0,0,0,0,0,0
2890,Joe Bob,OG,Georgia Tech,3,0,0,0,0,0,0,0,0,0,0,0
2891,Joe Bob,OG,Georgia Tech,2,0,0,0,0,0,0,0,0,0,0,0
2892,Joe Bob,OT,Georgia Tech,3,0,0,0,0,0,0,0,0,0,0,0
2893,Joe Bob,WR,Georgia Tech,1,0,0,0,0,0,0,0,0,0,0,0
2894,Joe Bob,OG,Georgia Tech,4,0,0,0,0,0,0,0,0,0,0,0
2895,Joe Bob,OG,Georgia Tech,1,0,0,0,0,0,0,0,0,0,0,0
2896,Joe Bob,OG,Georgia Tech,2,0,0,0,0,0,0,0,0,0,0,0
2897,Joe Bob,OG,Georgia Tech,1,0,0,0,0,0,0,0,0,0,0,0
2898,Joe Bob,OG,Georgia Tech,2,0,0,0,0,0,0,0,0,0,0,0
2899,Joe Bob,OG,Georgia Tech,2,0,0,0,0,0,0,0,0,0,0,0
2900,Joe Bob,OG,Georgia Tech,2,0,0,0,0,0,0,0,0,0,0,0
2901,Joe Bob,RB,Georgia Tech,3,0,0,0,0,0,0,0,0,0,0,0
2902,Joe Bob,OG,Georgia Tech,2,0,0,0,0,0,0,0,0,0,0,0
2903,Joe Bob,OG,Georgia Tech,3,0,0,0,0,0,0,0,0,0,0,0
2904,Joe Bob,WR,Georgia Tech,3,0,0,0,0,0,0,0,0,0,0,0
2905,Joe Bob,OG,Georgia Tech,2,0,0,0,0,0,0,0,0,0,0,0
2906,Joe Bob,OG,Georgia Tech,1,0,0,0,0,0,0,0,0,0,0,0
2907,Joe Bob,OT,Georgia Tech,4,0,0,0,0,0,0,0,0,0,0,0
2908,Joe Bob,OG,Georgia Tech,4,0,0,0,0,0,0,0,0,0,0,0
2909,Joe Bob,OG,Georgia Tech,4,0,0,0,0,0,0,0,0,0,0,0
2910,Joe Bob,OG,Georgia Tech,1,0,0,0,0,0,0,0,0,0,0,0
2911,Joe Bob,OG,Georgia Tech,1,0,0,0,0,0,0,0,0,0,0,0
2912,Joe Bob,OG,Georgia Tech,1,0,0,0,0,0,0,0,0,0,0,0
2913,Joe Bob,WR,Georgia Tech,1,0,0,0,0,0,0,0,0,0,0,0
2914,Joe Bob,OG,Georgia Tech,4,0,0,0,0,0,0,0,0,0,0,0
2915,Joe Bob,OG,Georgia Tech,1,0,0,0,0,0,0,0,0,0,0,0
2916,Joe Bob,OG,Georgia Tech,2,0,0,0,0,0,0,0,0,0,0,0
2917,Joe Bob,OG,Georgia Tech,4,0,0,0,0,0,0,0,0,0,0,0
2918,Joe Bob,OG,Georgia Tech,2,0,0,0,0,0,0,0,0,0,0,0
2919,Joe Bob,OG,Georgia Tech,3,0,0,0,0,0,0,0,0,0,0,0
2920,Joe Bob,OT,Georgia Tech,3,0,0,0,0,0,0,0,0,0,0,0
2921,Joe Bob,QB,Georgia Tech,4,0,0,0,0,0,0,0,0,0,0,0
2922,Joe Bob,OG,Georgia Tech,4,0,0,0,0,0,0,0,0,0,0,0
2923,Joe Bob,RB,Georgia Tech,1,0,0,0,0,0,0,0,0,0,0,0
2924,Joe Bob,OG,Georgia Tech,3,0,0,0,0,0,0,0,0,0,0,0
2925,Joe Bob,OG,Georgia Tech,1,0,0,0,0,0,0,0,0,0,0,0
2926,Joe Bob,WR,Hawaii,2,0,0,0,0,0,0,0,0,0,0,0
2927,Joe Bob,OG,Hawaii,1,0,0,0,0,0,0,0,0,0,0,0
2928,Joe Bob,OT,Hawaii,2,0,0,0,0,0,0,0,0,0,0,0
2929,Joe Bob,OG,Hawaii,4,0,0,0,0,0,0,0,0,0,0,0
2930,Joe Bob,OG,Hawaii,3,0,0,0,0,0,0,0,0,0,0,0
2931,Joe Bob,OG,Hawaii,2,0,0,0,0,0,0,0,0,0,0,0
2932,Joe Bob,OG,Hawaii,2,0,0,0,0,0,0,0,0,0,0,0
2933,Joe Bob,OG,Hawaii,3,0,0,0,0,0,0,0,0,0,0,0
2934,Joe Bob,OG,Hawaii,1,0,0,0,0,0,0,0,0,0,0,0
2935,Joe Bob,OG,Hawaii,3,0,0,0,0,0,0,0,0,0,0,0
2936,Joe Bob,OG,Hawaii,4,0,0,0,0,0,0,0,0,0,0,0
2937,Joe Bob,OT,Hawaii,4,0,0,0,0,0,0,0,0,0,0,0
2938,Joe Bob,RB,Hawaii,4,0,0,0,0,0,0,0,0,0,0,0
2939,Joe Bob,QB,Hawaii,3,0,0,0,0,0,0,0,0,0,0,0
2940,Joe Bob,OT,Hawaii,4,0,0,0,0,0,0,0,0,0,0,0
2941,Joe Bob,WR,Hawaii,1,0,0,0,0,0,0,0,0,0,0,0
2942,Joe Bob,OG,Hawaii,4,0,0,0,0,0,0,0,0,0,0,0
2943,Joe Bob,QB,Hawaii,2,0,0,0,0,0,0,0,0,0,0,0
2944,Joe Bob,OG,Hawaii,3,0,0,0,0,0,0,0,0,0,0,0
2945,Joe Bob,OT,Hawaii,1,0,0,0,0,0,0,0,0,0,0,0
2946,Joe Bob,OG,Hawaii,2,0,0,0,0,0,0,0,0,0,0,0
2947,Joe Bob,OG,Hawaii,2,0,0,0,0,0,0,0,0,0,0,0
2948,Joe Bob,OG,Hawaii,2,0,0,0,0,0,0,0,0,0,0,0
2949,Joe Bob,OG,Hawaii,2,0,0,0,0,0,0,0,0,0,0,0
2950,Joe Bob,OG,Hawaii,3,0,0,0,0,0,0,0,0,0,0,0
2951,Joe Bob,OG,Hawaii,2,0,0,0,0,0,0,0,0,0,0,0
2952,Joe Bob,OG,Hawaii,4,0,0,0,0,0,0,0,0,0,0,0
2953,Joe Bob,RB,Hawaii,2,0,0,0,0,0,0,0,0,0,0,0
2954,Joe Bob,OG,Hawaii,4,0,0,0,0,0,0,0,0,0,0,0
2955,Joe Bob,OG,Hawaii,1,0,0,0,0,0,0,0,0,0,0,0
2956,Joe Bob,OG,Hawaii,2,0,0,0,0,0,0,0,0,0,0,0
2957,Joe Bob,OG,Hawaii,2,0,0,0,0,0,0,0,0,0,0,0
2958,Joe Bob,OG,Hawaii,3,0,0,0,0,0,0,0,0,0,0,0
2959,Joe Bob,OG,Hawaii,1,0,0,0,0,0,0,0,0,0,0,0
2960,Joe Bob,OG,Hawaii,3,0,0,0,0,0,0,0,0,0,0,0
2961,Joe Bob,OG,Hawaii,2,0,0,0,0,0,0,0,0,0,0,0
2962,Joe Bob,QB,Hawaii,3,0,0,0,0,0,0,0,0,0,0,0
2963,Joe Bob,RB,Hawaii,4,0,0,0,0,0,0,0,0,0,0,0
2964,Joe Bob,OT,Hawaii,2,0,0,0,0,0,0,0,0,0,0,0
2965,Joe Bob,OG,Hawaii,4,0,0,0,0,0,0,0,0,0,0,0
2966,Joe Bob,WR,Hawaii,3,0,0,0,0,0,0,0,0,0,0,0
2967,Joe Bob,OT,Hawaii,1,0,0,0,0,0,0,0,0,0,0,0
2968,Joe Bob,OG,Hawaii,4,0,0,0,0,0,0,0,0,0,0,0
2969,Joe Bob,OT,Hawaii,4,0,0,0,0,0,0,0,0,0,0,0
2970,Joe Bob,OT,Hawaii,1,0,0,0,0,0,0,0,0,0,0,0
2971,Joe Bob,OG,Hawaii,4,0,0,0,0,0,0,0,0,0,0,0
2972,Joe Bob,OG,Hawaii,1,0,0,0,0,0,0,0,0,0,0,0
2973,Joe Bob,OG,Hawaii,3,0,0,0,0,0,0,0,0,0,0,0
2974,Joe Bob,OG,Hawaii,1,0,0,0,0,0,0,0,0,0,0,0
2975,Joe Bob,OG,Hawaii,2,0,0,0,0,0,0,0,0,0,0,0
2976,Joe Bob,OG,Hawaii,2,0,0,0,0,0,0,0,0,0,0,0
2977,Joe Bob,WR,Hawaii,2,0,0,0,0,0,0,0,0,0,0,0
2978,Joe Bob,OG,Hawaii,3,0,0,0,0,0,0,0,0,0,0,0
2979,Joe Bob,OG,Hawaii,2,0,0,0,0,0,0,0,0,0,0,0
2980,Joe Bob,OG,Hawaii,4,0,0,0,0,0,0,0,0,0,0,0
2981,Joe Bob,OT,Hawaii,2,0,0,0,0,0,0,0,0,0,0,0
2982,Joe Bob,QB,Hawaii,3,0,0,0,0,0,0,0,0,0,0,0
2983,Joe Bob,FB,Hawaii,4,0,0,0,0,0,0,0,0,0,0,0
2984,Joe Bob,OG,Hawaii,4,0,0,0,0,0,0,0,0,0,0,0
2985,Joe Bob,QB,Hawaii,4,0,0,0,0,0,0,0,0,0,0,0
2986,Joe Bob,OT,Hawaii,1,0,0,0,0,0,0,0,0,0,0,0
2987,Joe Bob,OG,Hawaii,1,0,0,0,0,0,0,0,0,0,0,0
2988,Joe Bob,OG,Hawaii,3,0,0,0,0,0,0,0,0,0,0,0
2989,Joe Bob,OG,Hawaii,2,0,0,0,0,0,0,0,0,0,0,0
2990,Joe Bob,OG,Hawaii,2,0,0,0,0,0,0,0,0,0,0,0
2991,Joe Bob,OG,Hawaii,1,0,0,0,0,0,0,0,0,0,0,0
2992,Joe Bob,OG,Hawaii,2,0,0,0,0,0,0,0,0,0,0,0
2993,Joe Bob,OG,Hawaii,4,0,0,0,0,0,0,0,0,0,0,0
2994,Joe Bob,OG,Hawaii,2,0,0,0,0,0,0,0,0,0,0,0
2995,Joe Bob,OG,Hawaii,4,0,0,0,0,0,0,0,0,0,0,0
2996,Joe Bob,WR,Hawaii,3,0,0,0,0,0,0,0,0,0,0,0
2997,Joe Bob,OT,Hawaii,1,0,0,0,0,0,0,0,0,0,0,0
2998,Joe Bob,OG,Hawaii,4,0,0,0,0,0,0,0,0,0,0,0
2999,Joe Bob,OG,Hawaii,4,0,0,0,0,0,0,0,0,0,0,0
3000,Joe Bob,WR,Hawaii,1,0,0,0,0,0,0,0,0,0,0,0
3001,Joe Bob,OG,Houston,4,0,0,0,0,0,0,0,0,0,0,0
3002,Joe Bob,OT,Houston,1,0,0,0,0,0,0,0,0,0,0,0
3003,Joe Bob,OG,Houston,2,0,0,0,0,0,0,0,0,0,0,0
3004,Joe Bob,OG,Houston,1,0,0,0,0,0,0,0,0,0,0,0
3005,Joe Bob,OG,Houston,1,0,0,0,0,0,0,0,0,0,0,0
3006,Joe Bob,OG,Houston,1,0,0,0,0,0,0,0,0,0,0,0
3007,Joe Bob,OG,Houston,2,0,0,0,0,0,0,0,0,0,0,0
3008,Joe Bob,OG,Houston,3,0,0,0,0,0,0,0,0,0,0,0
3009,Joe Bob,OG,Houston,2,0,0,0,0,0,0,0,0,0,0,0
3010,Joe Bob,OG,Houston,4,0,0,0,0,0,0,0,0,0,0,0
3011,Joe Bob,WR,Houston,2,0,0,0,0,0,0,0,0,0,0,0
3012,Joe Bob,OG,Houston,3,0,0,0,0,0,0,0,0,0,0,0
3013,Joe Bob,OG,Houston,4,0,0,0,0,0,0,0,0,0,0,0
3014,Joe Bob,OG,Houston,3,0,0,0,0,0,0,0,0,0,0,0
3015,Joe Bob,OG,Houston,1,0,0,0,0,0,0,0,0,0,0,0
3016,Joe Bob,OG,Houston,3,0,0,0,0,0,0,0,0,0,0,0
3017,Joe Bob,RB,Houston,1,0,0,0,0,0,0,0,0,0,0,0
3018,Joe Bob,OG,Houston,4,0,0,0,0,0,0,0,0,0,0,0
3019,Joe Bob,OG,Houston,1,0,0,0,0,0,0,0,0,0,0,0
3020,Joe Bob,OG,Houston,2,0,0,0,0,0,0,0,0,0,0,0
3021,Joe Bob,OG,Houston,3,0,0,0,0,0,0,0,0,0,0,0
3022,Joe Bob,OT,Houston,4,0,0,0,0,0,0,0,0,0,0,0
3023,Joe Bob,OG,Houston,1,0,0,0,0,0,0,0,0,0,0,0
3024,Joe Bob,OG,Houston,4,0,0,0,0,0,0,0,0,0,0,0
3025,Joe Bob,WR,Houston,2,0,0,0,0,0,0,0,0,0,0,0
3026,Joe Bob,OG,Houston,4,0,0,0,0,0,0,0,0,0,0,0
3027,Joe Bob,OG,Houston,3,0,0,0,0,0,0,0,0,0,0,0
3028,Joe Bob,OG,Houston,1,0,0,0,0,0,0,0,0,0,0,0
3029,Joe Bob,OG,Houston,1,0,0,0,0,0,0,0,0,0,0,0
3030,Joe Bob,OG,Houston,3,0,0,0,0,0,0,0,0,0,0,0
3031,Joe Bob,OG,Houston,4,0,0,0,0,0,0,0,0,0,0,0
3032,Joe Bob,OG,Houston,3,0,0,0,0,0,0,0,0,0,0,0
3033,Joe Bob,OG,Houston,2,0,0,0,0,0,0,0,0,0,0,0
3034,Joe Bob,WR,Houston,3,0,0,0,0,0,0,0,0,0,0,0
3035,Joe Bob,OG,Houston,3,0,0,0,0,0,0,0,0,0,0,0
3036,Joe Bob,OG,Houston,3,0,0,0,0,0,0,0,0,0,0,0
3037,Joe Bob,WR,Houston,4,0,0,0,0,0,0,0,0,0,0,0
3038,Joe Bob,OT,Houston,3,0,0,0,0,0,0,0,0,0,0,0
3039,Joe Bob,OG,Houston,3,0,0,0,0,0,0,0,0,0,0,0
3040,Joe Bob,OT,Houston,2,0,0,0,0,0,0,0,0,0,0,0
3041,Joe Bob,OT,Houston,4,0,0,0,0,0,0,0,0,0,0,0
3042,Joe Bob,OG,Houston,1,0,0,0,0,0,0,0,0,0,0,0
3043,Joe Bob,OG,Houston,1,0,0,0,0,0,0,0,0,0,0,0
3044,Joe Bob,OG,Houston,3,0,0,0,0,0,0,0,0,0,0,0
3045,Joe Bob,OT,Houston,3,0,0,0,0,0,0,0,0,0,0,0
3046,Joe Bob,OG,Houston,1,0,0,0,0,0,0,0,0,0,0,0
3047,Joe Bob,OG,Houston,3,0,0,0,0,0,0,0,0,0,0,0
3048,Joe Bob,OG,Houston,1,0,0,0,0,0,0,0,0,0,0,0
3049,Joe Bob,OG,Houston,2,0,0,0,0,0,0,0,0,0,0,0
3050,Joe Bob,OG,Houston,3,0,0,0,0,0,0,0,0,0,0,0
3051,Joe Bob,RB,Houston,3,0,0,0,0,0,0,0,0,0,0,0
3052,Joe Bob,OG,Houston,3,0,0,0,0,0,0,0,0,0,0,0
3053,Joe Bob,WR,Houston,3,0,0,0,0,0,0,0,0,0,0,0
3054,Joe Bob,QB,Houston,2,0,0,0,0,0,0,0,0,0,0,0
3055,Joe Bob,WR,Houston,4,0,0,0,0,0,0,0,0,0,0,0
3056,Joe Bob,OT,Houston,1,0,0,0,0,0,0,0,0,0,0,0
3057,Joe Bob,WR,Houston,1,0,0,0,0,0,0,0,0,0,0,0
3058,Joe Bob,OG,Houston,1,0,0,0,0,0,0,0,0,0,0,0
3059,Joe Bob,OG,Houston,1,0,0,0,0,0,0,0,0,0,0,0
3060,Joe Bob,OG,Houston,3,0,0,0,0,0,0,0,0,0,0,0
3061,Joe Bob,QB,Houston,1,0,0,0,0,0,0,0,0,0,0,0
3062,Joe Bob,OG,Houston,2,0,0,0,0,0,0,0,0,0,0,0
3063,Joe Bob,OG,Houston,2,0,0,0,0,0,0,0,0,0,0,0
3064,Joe Bob,OG,Houston,3,0,0,0,0,0,0,0,0,0,0,0
3065,Joe Bob,OG,Houston,3,0,0,0,0,0,0,0,0,0,0,0
3066,Joe Bob,WR,Houston,4,0,0,0,0,0,0,0,0,0,0,0
3067,Joe Bob,OG,Houston,3,0,0,0,0,0,0,0,0,0,0,0
3068,Joe Bob,OG,Houston,2,0,0,0,0,0,0,0,0,0,0,0
3069,Joe Bob,OG,Houston,4,0,0,0,0,0,0,0,0,0,0,0
3070,Joe Bob,OT,Houston,4,0,0,0,0,0,0,0,0,0,0,0
3071,Joe Bob,OG,Houston,4,0,0,0,0,0,0,0,0,0,0,0
3072,Joe Bob,OG,Houston,3,0,0,0,0,0,0,0,0,0,0,0
3073,Joe Bob,OG,Houston,4,0,0,0,0,0,0,0,0,0,0,0
3074,Joe Bob,OG,Houston,4,0,0,0,0,0,0,0,0,0,0,0
3075,Joe Bob,WR,Houston,1,0,0,0,0,0,0,0,0,0,0,0
3076,Joe Bob,OG,Illinois,1,0,0,0,0,0,0,0,0,0,0,0
3077,Joe Bob,WR,Illinois,3,0,0,0,0,0,0,0,0,0,0,0
3078,Joe Bob,OG,Illinois,1,0,0,0,0,0,0,0,0,0,0,0
3079,Joe Bob,OG,Illinois,3,0,0,0,0,0,0,0,0,0,0,0
3080,Joe Bob,OG,Illinois,3,0,0,0,0,0,0,0,0,0,0,0
3081,Joe Bob,WR,Illinois,2,0,0,0,0,0,0,0,0,0,0,0
3082,Joe Bob,OG,Illinois,3,0,0,0,0,0,0,0,0,0,0,0
3083,Joe Bob,QB,Illinois,2,0,0,0,0,0,0,0,0,0,0,0
3084,Joe Bob,OG,Illinois,3,0,0,0,0,0,0,0,0,0,0,0
3085,Joe Bob,OG,Illinois,3,0,0,0,0,0,0,0,0,0,0,0
3086,Joe Bob,WR,Illinois,4,0,0,0,0,0,0,0,0,0,0,0
3087,Joe Bob,WR,Illinois,1,0,0,0,0,0,0,0,0,0,0,0
3088,Joe Bob,OT,Illinois,2,0,0,0,0,0,0,0,0,0,0,0
3089,Joe Bob,WR,Illinois,4,0,0,0,0,0,0,0,0,0,0,0
3090,Joe Bob,OG,Illinois,4,0,0,0,0,0,0,0,0,0,0,0
3091,Joe Bob,OG,Illinois,3,0,0,0,0,0,0,0,0,0,0,0
3092,Joe Bob,OG,Illinois,2,0,0,0,0,0,0,0,0,0,0,0
3093,Joe Bob,OG,Illinois,4,0,0,0,0,0,0,0,0,0,0,0
3094,Joe Bob,OG,Illinois,1,0,0,0,0,0,0,0,0,0,0,0
3095,Joe Bob,QB,Illinois,4,0,0,0,0,0,0,0,0,0,0,0
3096,Joe Bob,OG,Illinois,4,0,0,0,0,0,0,0,0,0,0,0
3097,Joe Bob,OG,Illinois,3,0,0,0,0,0,0,0,0,0,0,0
3098,Joe Bob,OG,Illinois,4,0,0,0,0,0,0,0,0,0,0,0
3099,Joe Bob,OG,Illinois,2,0,0,0,0,0,0,0,0,0,0,0
3100,Joe Bob,OG,Illinois,2,0,0,0,0,0,0,0,0,0,0,0
3101,Joe Bob,OG,Illinois,2,0,0,0,0,0,0,0,0,0,0,0
3102,Joe Bob,OG,Illinois,3,0,0,0,0,0,0,0,0,0,0,0
3103,Joe Bob,OG,Illinois,2,0,0,0,0,0,0,0,0,0,0,0
3104,Joe Bob,OG,Illinois,2,0,0,0,0,0,0,0,0,0,0,0
3105,Joe Bob,OG,Illinois,3,0,0,0,0,0,0,0,0,0,0,0
3106,Joe Bob,OG,Illinois,3,0,0,0,0,0,0,0,0,0,0,0
3107,Joe Bob,WR,Illinois,1,0,0,0,0,0,0,0,0,0,0,0
3108,Joe Bob,RB,Illinois,4,0,0,0,0,0,0,0,0,0,0,0
3109,Joe Bob,WR,Illinois,3,0,0,0,0,0,0,0,0,0,0,0
3110,Joe Bob,OT,Illinois,1,0,0,0,0,0,0,0,0,0,0,0
3111,Joe Bob,OG,Illinois,3,0,0,0,0,0,0,0,0,0,0,0
3112,Joe Bob,OT,Illinois,2,0,0,0,0,0,0,0,0,0,0,0
3113,Joe Bob,OG,Illinois,1,0,0,0,0,0,0,0,0,0,0,0
3114,Joe Bob,OT,Illinois,1,0,0,0,0,0,0,0,0,0,0,0
3115,Joe Bob,OG,Illinois,4,0,0,0,0,0,0,0,0,0,0,0
3116,Joe Bob,OG,Illinois,1,0,0,0,0,0,0,0,0,0,0,0
3117,Joe Bob,OG,Illinois,3,0,0,0,0,0,0,0,0,0,0,0
3118,Joe Bob,OG,Illinois,2,0,0,0,0,0,0,0,0,0,0,0
3119,Joe Bob,OG,Illinois,2,0,0,0,0,0,0,0,0,0,0,0
3120,Joe Bob,FB,Illinois,2,0,0,0,0,0,0,0,0,0,0,0
3121,Joe Bob,OG,Illinois,2,0,0,0,0,0,0,0,0,0,0,0
3122,Joe Bob,OG,Illinois,3,0,0,0,0,0,0,0,0,0,0,0
3123,Joe Bob,RB,Illinois,4,0,0,0,0,0,0,0,0,0,0,0
3124,Joe Bob,OG,Illinois,2,0,0,0,0,0,0,0,0,0,0,0
3125,Joe Bob,QB,Illinois,4,0,0,0,0,0,0,0,0,0,0,0
3126,Joe Bob,WR,Illinois,1,0,0,0,0,0,0,0,0,0,0,0
3127,Joe Bob,WR,Illinois,2,0,0,0,0,0,0,0,0,0,0,0
3128,Joe Bob,OG,Illinois,1,0,0,0,0,0,0,0,0,0,0,0
3129,Joe Bob,FB,Illinois,1,0,0,0,0,0,0,0,0,0,0,0
3130,Joe Bob,OG,Illinois,1,0,0,0,0,0,0,0,0,0,0,0
3131,Joe Bob,OG,Illinois,3,0,0,0,0,0,0,0,0,0,0,0
3132,Joe Bob,OG,Illinois,3,0,0,0,0,0,0,0,0,0,0,0
3133,Joe Bob,WR,Illinois,2,0,0,0,0,0,0,0,0,0,0,0
3134,Joe Bob,OG,Illinois,2,0,0,0,0,0,0,0,0,0,0,0
3135,Joe Bob,OG,Illinois,1,0,0,0,0,0,0,0,0,0,0,0
3136,Joe Bob,OG,Illinois,4,0,0,0,0,0,0,0,0,0,0,0
3137,Joe Bob,OG,Illinois,3,0,0,0,0,0,0,0,0,0,0,0
3138,Joe Bob,OG,Illinois,3,0,0,0,0,0,0,0,0,0,0,0
3139,Joe Bob,OG,Illinois,3,0,0,0,0,0,0,0,0,0,0,0
3140,Joe Bob,OT,Illinois,3,0,0,0,0,0,0,0,0,0,0,0
3141,Joe Bob,OG,Illinois,4,0,0,0,0,0,0,0,0,0,0,0
3142,Joe Bob,OG,Illinois,4,0,0,0,0,0,0,0,0,0,0,0
3143,Joe Bob,OG,Illinois,4,0,0,0,0,0,0,0,0,0,0,0
3144,Joe Bob,WR,Illinois,2,0,0,0,0,0,0,0,0,0,0,0
3145,Joe Bob,WR,Illinois,4,0,0,0,0,0,0,0,0,0,0,0
3146,Joe Bob,OG,Illinois,1,0,0,0,0,0,0,0,0,0,0,0
3147,Joe Bob,OG,Illinois,2,0,0,0,0,0,0,0,0,0,0,0
3148,Joe Bob,OG,Illinois,1,0,0,0,0,0,0,0,0,0,0,0
3149,Joe Bob,WR,Illinois,3,0,0,0,0,0,0,0,0,0,0,0
3150,Joe Bob,OG,Illinois,1,0,0,0,0,0,0,0,0,0,0,0
3151,Joe Bob,OG,Indiana,3,0,0,0,0,0,0,0,0,0,0,0
3152,Joe Bob,OG,Indiana,2,0,0,0,0,0,0,0,0,0,0,0
3153,Joe Bob,QB,Indiana,2,0,0,0,0,0,0,0,0,0,0,0
3154,Joe Bob,WR,Indiana,3,0,0,0,0,0,0,0,0,0,0,0
3155,Joe Bob,OG,Indiana,2,0,0,0,0,0,0,0,0,0,0,0
3156,Joe Bob,QB,Indiana,4,0,0,0,0,0,0,0,0,0,0,0
3157,Joe Bob,OG,Indiana,1,0,0,0,0,0,0,0,0,0,0,0
3158,Joe Bob,OT,Indiana,3,0,0,0,0,0,0,0,0,0,0,0
3159,Joe Bob,OT,Indiana,1,0,0,0,0,0,0,0,0,0,0,0
3160,Joe Bob,WR,Indiana,3,0,0,0,0,0,0,0,0,0,0,0
3161,Joe Bob,OG,Indiana,3,0,0,0,0,0,0,0,0,0,0,0
3162,Joe Bob,OG,Indiana,4,0,0,0,0,0,0,0,0,0,0,0
3163,Joe Bob,OG,Indiana,3,0,0,0,0,0,0,0,0,0,0,0
3164,Joe Bob,OG,Indiana,1,0,0,0,0,0,0,0,0,0,0,0
3165,Joe Bob,WR,Indiana,3,0,0,0,0,0,0,0,0,0,0,0
3166,Joe Bob,WR,Indiana,1,0,0,0,0,0,0,0,0,0,0,0
3167,Joe Bob,OG,Indiana,4,0,0,0,0,0,0,0,0,0,0,0
3168,Joe Bob,OG,Indiana,4,0,0,0,0,0,0,0,0,0,0,0
3169,Joe Bob,OG,Indiana,2,0,0,0,0,0,0,0,0,0,0,0
3170,Joe Bob,OG,Indiana,1,0,0,0,0,0,0,0,0,0,0,0
3171,Joe Bob,OG,Indiana,1,0,0,0,0,0,0,0,0,0,0,0
3172,Joe Bob,OG,Indiana,1,0,0,0,0,0,0,0,0,0,0,0
3173,Joe Bob,OG,Indiana,2,0,0,0,0,0,0,0,0,0,0,0
3174,Joe Bob,OG,Indiana,2,0,0,0,0,0,0,0,0,0,0,0
3175,Joe Bob,OG,Indiana,3,0,0,0,0,0,0,0,0,0,0,0
3176,Joe Bob,OG,Indiana,2,0,0,0,0,0,0,0,0,0,0,0
3177,Joe Bob,WR,Indiana,3,0,0,0,0,0,0,0,0,0,0,0
3178,Joe Bob,OT,Indiana,2,0,0,0,0,0,0,0,0,0,0,0
3179,Joe Bob,OG,Indiana,4,0,0,0,0,0,0,0,0,0,0,0
3180,Joe Bob,WR,Indiana,4,0,0,0,0,0,0,0,0,0,0,0
3181,Joe Bob,OG,Indiana,4,0,0,0,0,0,0,0,0,0,0,0
3182,Joe Bob,OG,Indiana,3,0,0,0,0,0,0,0,0,0,0,0
3183,Joe Bob,OG,Indiana,1,0,0,0,0,0,0,0,0,0,0,0
3184,Joe Bob,WR,Indiana,1,0,0,0,0,0,0,0,0,0,0,0
3185,Joe Bob,OG,Indiana,1,0,0,0,0,0,0,0,0,0,0,0
3186,Joe Bob,QB,Indiana,1,0,0,0,0,0,0,0,0,0,0,0
3187,Joe Bob,OG,Indiana,3,0,0,0,0,0,0,0,0,0,0,0
3188,Joe Bob,OG,Indiana,1,0,0,0,0,0,0,0,0,0,0,0
3189,Joe Bob,OG,Indiana,2,0,0,0,0,0,0,0,0,0,0,0
3190,Joe Bob,OG,Indiana,3,0,0,0,0,0,0,0,0,0,0,0
3191,Joe Bob,OG,Indiana,1,0,0,0,0,0,0,0,0,0,0,0
3192,Joe Bob,OG,Indiana,2,0,0,0,0,0,0,0,0,0,0,0
3193,Joe Bob,QB,Indiana,3,0,0,0,0,0,0,0,0,0,0,0
3194,Joe Bob,OG,Indiana,4,0,0,0,0,0,0,0,0,0,0,0
3195,Joe Bob,WR,Indiana,4,0,0,0,0,0,0,0,0,0,0,0
3196,Joe Bob,OG,Indiana,1,0,0,0,0,0,0,0,0,0,0,0
3197,Joe Bob,QB,Indiana,3,0,0,0,0,0,0,0,0,0,0,0
3198,Joe Bob,OG,Indiana,1,0,0,0,0,0,0,0,0,0,0,0
3199,Joe Bob,RB,Indiana,1,0,0,0,0,0,0,0,0,0,0,0
3200,Joe Bob,OG,Indiana,1,0,0,0,0,0,0,0,0,0,0,0
3201,Joe Bob,OT,Indiana,1,0,0,0,0,0,0,0,0,0,0,0
3202,Joe Bob,OG,Indiana,4,0,0,0,0,0,0,0,0,0,0,0
3203,Joe Bob,OG,Indiana,3,0,0,0,0,0,0,0,0,0,0,0
3204,Joe Bob,OG,Indiana,2,0,0,0,0,0,0,0,0,0,0,0
3205,Joe Bob,OG,Indiana,2,0,0,0,0,0,0,0,0,0,0,0
3206,Joe Bob,OG,Indiana,2,0,0,0,0,0,0,0,0,0,0,0
3207,Joe Bob,OG,Indiana,1,0,0,0,0,0,0,0,0,0,0,0
3208,Joe Bob,OG,Indiana,3,0,0,0,0,0,0,0,0,0,0,0
3209,Joe Bob,OG,Indiana,4,0,0,0,0,0,0,0,0,0,0,0
3210,Joe Bob,QB,Indiana,3,0,0,0,0,0,0,0,0,0,0,0
3211,Joe Bob,OG,Indiana,4,0,0,0,0,0,0,0,0,0,0,0
3212,Joe Bob,OG,Indiana,3,0,0,0,0,0,0,0,0,0,0,0
3213,Joe Bob,WR,Indiana,4,0,0,0,0,0,0,0,0,0,0,0
3214,Joe Bob,WR,Indiana,4,0,0,0,0,0,0,0,0,0,0,0
3215,Joe Bob,OG,Indiana,3,0,0,0,0,0,0,0,0,0,0,0
3216,Joe Bob,QB,Indiana,2,0,0,0,0,0,0,0,0,0,0,0
3217,Joe Bob,OG,Indiana,3,0,0,0,0,0,0,0,0,0,0,0
3218,Joe Bob,WR,Indiana,1,0,0,0,0,0,0,0,0,0,0,0
3219,Joe Bob,OG,Indiana,1,0,0,0,0,0,0,0,0,0,0,0
3220,Joe Bob,OG,Indiana,1,0,0,0,0,0,0,0,0,0,0,0
3221,Joe Bob,OG,Indiana,2,0,0,0,0,0,0,0,0,0,0,0
3222,Joe Bob,OG,Indiana,1,0,0,0,0,0,0,0,0,0,0,0
3223,Joe Bob,OG,Indiana,3,0,0,0,0,0,0,0,0,0,0,0
3224,Joe Bob,OG,Indiana,2,0,0,0,0,0,0,0,0,0,0,0
3225,Joe Bob,OG,Indiana,2,0,0,0,0,0,0,0,0,0,0,0
3226,Joe Bob,OG,Iowa,3,0,0,0,0,0,0,0,0,0,0,0
3227,Joe Bob,OG,Iowa,2,0,0,0,0,0,0,0,0,0,0,0
3228,Joe Bob,OG,Iowa,3,0,0,0,0,0,0,0,0,0,0,0
3229,Joe Bob,OG,Iowa,2,0,0,0,0,0,0,0,0,0,0,0
3230,Joe Bob,OT,Iowa,2,0,0,0,0,0,0,0,0,0,0,0
3231,Joe Bob,OT,Iowa,2,0,0,0,0,0,0,0,0,0,0,0
3232,Joe Bob,OG,Iowa,1,0,0,0,0,0,0,0,0,0,0,0
3233,Joe Bob,OG,Iowa,3,0,0,0,0,0,0,0,0,0,0,0
3234,Joe Bob,OG,Iowa,2,0,0,0,0,0,0,0,0,0,0,0
3235,Joe Bob,OG,Iowa,3,0,0,0,0,0,0,0,0,0,0,0
3236,Joe Bob,OG,Iowa,4,0,0,0,0,0,0,0,0,0,0,0
3237,Joe Bob,WR,Iowa,2,0,0,0,0,0,0,0,0,0,0,0
3238,Joe Bob,OG,Iowa,3,0,0,0,0,0,0,0,0,0,0,0
3239,Joe Bob,OG,Iowa,3,0,0,0,0,0,0,0,0,0,0,0
3240,Joe Bob,OG,Iowa,4,0,0,0,0,0,0,0,0,0,0,0
3241,Joe Bob,OG,Iowa,4,0,0,0,0,0,0,0,0,0,0,0
3242,Joe Bob,WR,Iowa,4,0,0,0,0,0,0,0,0,0,0,0
3243,Joe Bob,OT,Iowa,1,0,0,0,0,0,0,0,0,0,0,0
3244,Joe Bob,OG,Iowa,4,0,0,0,0,0,0,0,0,0,0,0
3245,Joe Bob,OG,Iowa,4,0,0,0,0,0,0,0,0,0,0,0
3246,Joe Bob,OG,Iowa,2,0,0,0,0,0,0,0,0,0,0,0
3247,Joe Bob,OG,Iowa,1,0,0,0,0,0,0,0,0,0,0,0
3248,Joe Bob,OG,Iowa,2,0,0,0,0,0,0,0,0,0,0,0
3249,Joe Bob,OG,Iowa,2,0,0,0,0,0,0,0,0,0,0,0
3250,Joe Bob,OG,Iowa,2,0,0,0,0,0,0,0,0,0,0,0
3251,Joe Bob,OG,Iowa,3,0,0,0,0,0,0,0,0,0,0,0
3252,Joe Bob,OG,Iowa,2,0,0,0,0,0,0,0,0,0,0,0
3253,Joe Bob,OG,Iowa,4,0,0,0,0,0,0,0,0,0,0,0
3254,Joe Bob,WR,Iowa,2,0,0,0,0,0,0,0,0,0,0,0
3255,Joe Bob,QB,Iowa,3,0,0,0,0,0,0,0,0,0,0,0
3256,Joe Bob,RB,Iowa,4,0,0,0,0,0,0,0,0,0,0,0
3257,Joe Bob,OG,Iowa,3,0,0,0,0,0,0,0,0,0,0,0
3258,Joe Bob,QB,Iowa,3,0,0,0,0,0,0,0,0,0,0,0
3259,Joe Bob,WR,Iowa,4,0,0,0,0,0,0,0,0,0,0,0
3260,Joe Bob,OG,Iowa,1,0,0,0,0,0,0,0,0,0,0,0
3261,Joe Bob,OG,Iowa,1,0,0,0,0,0,0,0,0,0,0,0
3262,Joe Bob,OG,Iowa,1,0,0,0,0,0,0,0,0,0,0,0
3263,Joe Bob,OG,Iowa,1,0,0,0,0,0,0,0,0,0,0,0
3264,Joe Bob,OG,Iowa,1,0,0,0,0,0,0,0,0,0,0,0
3265,Joe Bob,OG,Iowa,2,0,0,0,0,0,0,0,0,0,0,0
3266,Joe Bob,OG,Iowa,4,0,0,0,0,0,0,0,0,0,0,0
3267,Joe Bob,OT,Iowa,2,0,0,0,0,0,0,0,0,0,0,0
3268,Joe Bob,OG,Iowa,3,0,0,0,0,0,0,0,0,0,0,0
3269,Joe Bob,FB,Iowa,3,0,0,0,0,0,0,0,0,0,0,0
3270,Joe Bob,WR,Iowa,1,0,0,0,0,0,0,0,0,0,0,0
3271,Joe Bob,OG,Iowa,4,0,0,0,0,0,0,0,0,0,0,0
3272,Joe Bob,OT,Iowa,4,0,0,0,0,0,0,0,0,0,0,0
3273,Joe Bob,WR,Iowa,4,0,0,0,0,0,0,0,0,0,0,0
3274,Joe Bob,OG,Iowa,4,0,0,0,0,0,0,0,0,0,0,0
3275,Joe Bob,QB,Iowa,1,0,0,0,0,0,0,0,0,0,0,0
3276,Joe Bob,OG,Iowa,1,0,0,0,0,0,0,0,0,0,0,0
3277,Joe Bob,OG,Iowa,1,0,0,0,0,0,0,0,0,0,0,0
3278,Joe Bob,OT,Iowa,2,0,0,0,0,0,0,0,0,0,0,0
3279,Joe Bob,OG,Iowa,1,0,0,0,0,0,0,0,0,0,0,0
3280,Joe Bob,OG,Iowa,2,0,0,0,0,0,0,0,0,0,0,0
3281,Joe Bob,OG,Iowa,3,0,0,0,0,0,0,0,0,0,0,0
3282,Joe Bob,OG,Iowa,2,0,0,0,0,0,0,0,0,0,0,0
3283,Joe Bob,OG,Iowa,4,0,0,0,0,0,0,0,0,0,0,0
3284,Joe Bob,FB,Iowa,1,0,0,0,0,0,0,0,0,0,0,0
3285,Joe Bob,OG,Iowa,3,0,0,0,0,0,0,0,0,0,0,0
3286,Joe Bob,OG,Iowa,3,0,0,0,0,0,0,0,0,0,0,0
3287,Joe Bob,OT,Iowa,3,0,0,0,0,0,0,0,0,0,0,0
3288,Joe Bob,OG,Iowa,4,0,0,0,0,0,0,0,0,0,0,0
3289,Joe Bob,OT,Iowa,3,0,0,0,0,0,0,0,0,0,0,0
3290,Joe Bob,OG,Iowa,1,0,0,0,0,0,0,0,0,0,0,0
3291,Joe Bob,OG,Iowa,4,0,0,0,0,0,0,0,0,0,0,0
3292,Joe Bob,OG,Iowa,1,0,0,0,0,0,0,0,0,0,0,0
3293,Joe Bob,OG,Iowa,1,0,0,0,0,0,0,0,0,0,0,0
3294,Joe Bob,OG,Iowa,4,0,0,0,0,0,0,0,0,0,0,0
3295,Joe Bob,OT,Iowa,1,0,0,0,0,0,0,0,0,0,0,0
3296,Joe Bob,OG,Iowa,1,0,0,0,0,0,0,0,0,0,0,0
3297,Joe Bob,OG,Iowa,1,0,0,0,0,0,0,0,0,0,0,0
3298,Joe Bob,OG,Iowa,1,0,0,0,0,0,0,0,0,0,0,0
3299,Joe Bob,OG,Iowa,3,0,0,0,0,0,0,0,0,0,0,0
3300,Joe Bob,OG,Iowa,3,0,0,0,0,0,0,0,0,0,0,0
3301,Joe Bob,OG,Iowa State,1,0,0,0,0,0,0,0,0,0,0,0
3302,Joe Bob,OG,Iowa State,1,0,0,0,0,0,0,0,0,0,0,0
3303,Joe Bob,OG,Iowa State,3,0,0,0,0,0,0,0,0,0,0,0
3304,Joe Bob,OG,Iowa State,4,0,0,0,0,0,0,0,0,0,0,0
3305,Joe Bob,OG,Iowa State,3,0,0,0,0,0,0,0,0,0,0,0
3306,Joe Bob,OG,Iowa State,2,0,0,0,0,0,0,0,0,0,0,0
3307,Joe Bob,RB,Iowa State,2,0,0,0,0,0,0,0,0,0,0,0
3308,Joe Bob,OG,Iowa State,4,0,0,0,0,0,0,0,0,0,0,0
3309,Joe Bob,OG,Iowa State,2,0,0,0,0,0,0,0,0,0,0,0
3310,Joe Bob,WR,Iowa State,4,0,0,0,0,0,0,0,0,0,0,0
3311,Joe Bob,OT,Iowa State,3,0,0,0,0,0,0,0,0,0,0,0
3312,Joe Bob,OG,Iowa State,3,0,0,0,0,0,0,0,0,0,0,0
3313,Joe Bob,WR,Iowa State,2,0,0,0,0,0,0,0,0,0,0,0
3314,Joe Bob,WR,Iowa State,4,0,0,0,0,0,0,0,0,0,0,0
3315,Joe Bob,WR,Iowa State,1,0,0,0,0,0,0,0,0,0,0,0
3316,Joe Bob,OG,Iowa State,4,0,0,0,0,0,0,0,0,0,0,0
3317,Joe Bob,OG,Iowa State,3,0,0,0,0,0,0,0,0,0,0,0
3318,Joe Bob,OG,Iowa State,2,0,0,0,0,0,0,0,0,0,0,0
3319,Joe Bob,OG,Iowa State,1,0,0,0,0,0,0,0,0,0,0,0
3320,Joe Bob,OG,Iowa State,3,0,0,0,0,0,0,0,0,0,0,0
3321,Joe Bob,OG,Iowa State,1,0,0,0,0,0,0,0,0,0,0,0
3322,Joe Bob,OG,Iowa State,2,0,0,0,0,0,0,0,0,0,0,0
3323,Joe Bob,OG,Iowa State,3,0,0,0,0,0,0,0,0,0,0,0
3324,Joe Bob,QB,Iowa State,2,0,0,0,0,0,0,0,0,0,0,0
3325,Joe Bob,OG,Iowa State,2,0,0,0,0,0,0,0,0,0,0,0
3326,Joe Bob,QB,Iowa State,3,0,0,0,0,0,0,0,0,0,0,0
3327,Joe Bob,OG,Iowa State,2,0,0,0,0,0,0,0,0,0,0,0
3328,Joe Bob,RB,Iowa State,4,0,0,0,0,0,0,0,0,0,0,0
3329,Joe Bob,WR,Iowa State,4,0,0,0,0,0,0,0,0,0,0,0
3330,Joe Bob,WR,Iowa State,4,0,0,0,0,0,0,0,0,0,0,0
3331,Joe Bob,OG,Iowa State,4,0,0,0,0,0,0,0,0,0,0,0
3332,Joe Bob,OT,Iowa State,4,0,0,0,0,0,0,0,0,0,0,0
3333,Joe Bob,WR,Iowa State,3,0,0,0,0,0,0,0,0,0,0,0
3334,Joe Bob,OG,Iowa State,1,0,0,0,0,0,0,0,0,0,0,0
3335,Joe Bob,RB,Iowa State,2,0,0,0,0,0,0,0,0,0,0,0
3336,Joe Bob,OG,Iowa State,1,0,0,0,0,0,0,0,0,0,0,0
3337,Joe Bob,OG,Iowa State,2,0,0,0,0,0,0,0,0,0,0,0
3338,Joe Bob,OG,Iowa State,2,0,0,0,0,0,0,0,0,0,0,0
3339,Joe Bob,WR,Iowa State,3,0,0,0,0,0,0,0,0,0,0,0
3340,Joe Bob,OG,Iowa State,3,0,0,0,0,0,0,0,0,0,0,0
3341,Joe Bob,OG,Iowa State,2,0,0,0,0,0,0,0,0,0,0,0
3342,Joe Bob,OG,Iowa State,4,0,0,0,0,0,0,0,0,0,0,0
3343,Joe Bob,WR,Iowa State,4,0,0,0,0,0,0,0,0,0,0,0
3344,Joe Bob,OG,Iowa State,4,0,0,0,0,0,0,0,0,0,0,0
3345,Joe Bob,OG,Iowa State,4,0,0,0,0,0,0,0,0,0,0,0
3346,Joe Bob,OG,Iowa State,4,0,0,0,0,0,0,0,0,0,0,0
3347,Joe Bob,OT,Iowa State,1,0,0,0,0,0,0,0,0,0,0,0
3348,Joe Bob,WR,Iowa State,1,0,0,0,0,0,0,0,0,0,0,0
3349,Joe Bob,OG,Iowa State,1,0,0,0,0,0,0,0,0,0,0,0
3350,Joe Bob,WR,Iowa State,3,0,0,0,0,0,0,0,0,0,0,0
3351,Joe Bob,OG,Iowa State,4,0,0,0,0,0,0,0,0,0,0,0
3352,Joe Bob,OG,Iowa State,2,0,0,0,0,0,0,0,0,0,0,0
3353,Joe Bob,OG,Iowa State,2,0,0,0,0,0,0,0,0,0,0,0
3354,Joe Bob,WR,Iowa State,1,0,0,0,0,0,0,0,0,0,0,0
3355,Joe Bob,OT,Iowa State,3,0,0,0,0,0,0,0,0,0,0,0
3356,Joe Bob,OG,Iowa State,1,0,0,0,0,0,0,0,0,0,0,0
3357,Joe Bob,OG,Iowa State,3,0,0,0,0,0,0,0,0,0,0,0
3358,Joe Bob,OG,Iowa State,3,0,0,0,0,0,0,0,0,0,0,0
3359,Joe Bob,WR,Iowa State,4,0,0,0,0,0,0,0,0,0,0,0
3360,Joe Bob,FB,Iowa State,1,0,0,0,0,0,0,0,0,0,0,0
3361,Joe Bob,RB,Iowa State,2,0,0,0,0,0,0,0,0,0,0,0
3362,Joe Bob,FB,Iowa State,4,0,0,0,0,0,0,0,0,0,0,0
3363,Joe Bob,OG,Iowa State,4,0,0,0,0,0,0,0,0,0,0,0
3364,Joe Bob,OG,Iowa State,3,0,0,0,0,0,0,0,0,0,0,0
3365,Joe Bob,OT,Iowa State,2,0,0,0,0,0,0,0,0,0,0,0
3366,Joe Bob,OT,Iowa State,4,0,0,0,0,0,0,0,0,0,0,0
3367,Joe Bob,OG,Iowa State,1,0,0,0,0,0,0,0,0,0,0,0
3368,Joe Bob,FB,Iowa State,4,0,0,0,0,0,0,0,0,0,0,0
3369,Joe Bob,OG,Iowa State,4,0,0,0,0,0,0,0,0,0,0,0
3370,Joe Bob,OG,Iowa State,3,0,0,0,0,0,0,0,0,0,0,0
3371,Joe Bob,OG,Iowa State,3,0,0,0,0,0,0,0,0,0,0,0
3372,Joe Bob,OG,Iowa State,2,0,0,0,0,0,0,0,0,0,0,0
3373,Joe Bob,OG,Iowa State,2,0,0,0,0,0,0,0,0,0,0,0
3374,Joe Bob,OG,Iowa State,1,0,0,0,0,0,0,0,0,0,0,0
3375,Joe Bob,OG,Iowa State,3,0,0,0,0,0,0,0,0,0,0,0
3376,Joe Bob,OG,Jacksonville St.,2,0,0,0,0,0,0,0,0,0,0,0
3377,Joe Bob,OG,Jacksonville St.,2,0,0,0,0,0,0,0,0,0,0,0
3378,Joe Bob,OG,Jacksonville St.,3,0,0,0,0,0,0,0,0,0,0,0
3379,Joe Bob,OG,Jacksonville St.,2,0,0,0,0,0,0,0,0,0,0,0
3380,Joe Bob,WR,Jacksonville St.,4,0,0,0,0,0,0,0,0,0,0,0
3381,Joe Bob,QB,Jacksonville St.,3,0,0,0,0,0,0,0,0,0,0,0
3382,Joe Bob,OG,Jacksonville St.,3,0,0,0,0,0,0,0,0,0,0,0
3383,Joe Bob,OG,Jacksonville St.,4,0,0,0,0,0,0,0,0,0,0,0
3384,Joe Bob,OG,Jacksonville St.,3,0,0,0,0,0,0,0,0,0,0,0
3385,Joe Bob,WR,Jacksonville St.,2,0,0,0,0,0,0,0,0,0,0,0
3386,Joe Bob,OG,Jacksonville St.,1,0,0,0,0,0,0,0,0,0,0,0
3387,Joe Bob,WR,Jacksonville St.,1,0,0,0,0,0,0,0,0,0,0,0
3388,Joe Bob,OG,Jacksonville St.,4,0,0,0,0,0,0,0,0,0,0,0
3389,Joe Bob,OG,Jacksonville St.,1,0,0,0,0,0,0,0,0,0,0,0
3390,Joe Bob,OG,Jacksonville St.,2,0,0,0,0,0,0,0,0,0,0,0
3391,Joe Bob,QB,Jacksonville St.,2,0,0,0,0,0,0,0,0,0,0,0
3392,Joe Bob,OT,Jacksonville St.,2,0,0,0,0,0,0,0,0,0,0,0
3393,Joe Bob,RB,Jacksonville St.,2,0,0,0,0,0,0,0,0,0,0,0
3394,Joe Bob,OG,Jacksonville St.,1,0,0,0,0,0,0,0,0,0,0,0
3395,Joe Bob,OG,Jacksonville St.,3,0,0,0,0,0,0,0,0,0,0,0
3396,Joe Bob,WR,Jacksonville St.,4,0,0,0,0,0,0,0,0,0,0,0
3397,Joe Bob,OG,Jacksonville St.,2,0,0,0,0,0,0,0,0,0,0,0
3398,Joe Bob,OG,Jacksonville St.,3,0,0,0,0,0,0,0,0,0,0,0
3399,Joe Bob,WR,Jacksonville St.,4,0,0,0,0,0,0,0,0,0,0,0
3400,Joe Bob,OG,Jacksonville St.,1,0,0,0,0,0,0,0,0,0,0,0
3401,Joe Bob,OG,Jacksonville St.,3,0,0,0,0,0,0,0,0,0,0,0
3402,Joe Bob,OG,Jacksonville St.,1,0,0,0,0,0,0,0,0,0,0,0
3403,Joe Bob,OG,Jacksonville St.,4,0,0,0,0,0,0,0,0,0,0,0
3404,Joe Bob,OG,Jacksonville St.,2,0,0,0,0,0,0,0,0,0,0,0
3405,Joe Bob,RB,Jacksonville St.,2,0,0,0,0,0,0,0,0,0,0,0
3406,Joe Bob,FB,Jacksonville St.,2,0,0,0,0,0,0,0,0,0,0,0
3407,Joe Bob,OG,Jacksonville St.,2,0,0,0,0,0,0,0,0,0,0,0
3408,Joe Bob,OG,Jacksonville St.,1,0,0,0,0,0,0,0,0,0,0,0
3409,Joe Bob,OG,Jacksonville St.,4,0,0,0,0,0,0,0,0,0,0,0
3410,Joe Bob,OG,Jacksonville St.,3,0,0,0,0,0,0,0,0,0,0,0
3411,Joe Bob,OT,Jacksonville St.,3,0,0,0,0,0,0,0,0,0,0,0
3412,Joe Bob,OG,Jacksonville St.,4,0,0,0,0,0,0,0,0,0,0,0
3413,Joe Bob,QB,Jacksonville St.,3,0,0,0,0,0,0,0,0,0,0,0
3414,Joe Bob,OT,Jacksonville St.,4,0,0,0,0,0,0,0,0,0,0,0
3415,Joe Bob,OG,Jacksonville St.,4,0,0,0,0,0,0,0,0,0,0,0
3416,Joe Bob,OG,Jacksonville St.,4,0,0,0,0,0,0,0,0,0,0,0
3417,Joe Bob,FB,Jacksonville St.,1,0,0,0,0,0,0,0,0,0,0,0
3418,Joe Bob,FB,Jacksonville St.,4,0,0,0,0,0,0,0,0,0,0,0
3419,Joe Bob,OG,Jacksonville St.,1,0,0,0,0,0,0,0,0,0,0,0
3420,Joe Bob,WR,Jacksonville St.,2,0,0,0,0,0,0,0,0,0,0,0
3421,Joe Bob,OG,Jacksonville St.,4,0,0,0,0,0,0,0,0,0,0,0
3422,Joe Bob,OT,Jacksonville St.,3,0,0,0,0,0,0,0,0,0,0,0
3423,Joe Bob,OG,Jacksonville St.,1,0,0,0,0,0,0,0,0,0,0,0
3424,Joe Bob,OG,Jacksonville St.,2,0,0,0,0,0,0,0,0,0,0,0
3425,Joe Bob,OG,Jacksonville St.,2,0,0,0,0,0,0,0,0,0,0,0
3426,Joe Bob,OG,Jacksonville St.,2,0,0,0,0,0,0,0,0,0,0,0
3427,Joe Bob,RB,Jacksonville St.,3,0,0,0,0,0,0,0,0,0,0,0
3428,Joe Bob,OG,Jacksonville St.,1,0,0,0,0,0,0,0,0,0,0,0
3429,Joe Bob,OG,Jacksonville St.,3,0,0,0,0,0,0,0,0,0,0,0
3430,Joe Bob,OG,Jacksonville St.,3,0,0,0,0,0,0,0,0,0,0,0
3431,Joe Bob,OT,Jacksonville St.,3,0,0,0,0,0,0,0,0,0,0,0
3432,Joe Bob,OT,Jacksonville St.,1,0,0,0,0,0,0,0,0,0,0,0
3433,Joe Bob,RB,Jacksonville St.,4,0,0,0,0,0,0,0,0,0,0,0
3434,Joe Bob,OG,Jacksonville St.,4,0,0,0,0,0,0,0,0,0,0,0
3435,Joe Bob,QB,Jacksonville St.,1,0,0,0,0,0,0,0,0,0,0,0
3436,Joe Bob,OG,Jacksonville St.,4,0,0,0,0,0,0,0,0,0,0,0
3437,Joe Bob,OG,Jacksonville St.,1,0,0,0,0,0,0,0,0,0,0,0
3438,Joe Bob,OT,Jacksonville St.,3,0,0,0,0,0,0,0,0,0,0,0
3439,Joe Bob,WR,Jacksonville St.,1,0,0,0,0,0,0,0,0,0,0,0
3440,Joe Bob,OG,Jacksonville St.,4,0,0,0,0,0,0,0,0,0,0,0
3441,Joe Bob,OG,Jacksonville St.,4,0,0,0,0,0,0,0,0,0,0,0
3442,Joe Bob,OG,Jacksonville St.,1,0,0,0,0,0,0,0,0,0,0,0
3443,Joe Bob,OG,Jacksonville St.,1,0,0,0,0,0,0,0,0,0,0,0
3444,Joe Bob,OG,Jacksonville St.,1,0,0,0,0,0,0,0,0,0,0,0
3445,Joe Bob,OG,Jacksonville St.,1,0,0,0,0,0,0,0,0,0,0,0
3446,Joe Bob,OG,Jacksonville St.,2,0,0,0,0,0,0,0,0,0,0,0
3447,Joe Bob,OG,Jacksonville St.,2,0,0,0,0,0,0,0,0,0,0,0
3448,Joe Bob,OG,Jacksonville St.,3,0,0,0,0,0,0,0,0,0,0,0
3449,Joe Bob,OG,Jacksonville St.,2,0,0,0,0,0,0,0,0,0,0,0
3450,Joe Bob,QB,Jacksonville St.,2,0,0,0,0,0,0,0,0,0,0,0
3451,Joe Bob,WR,JMU,2,0,0,0,0,0,0,0,0,0,0,0
3452,Joe Bob,OG,JMU,4,0,0,0,0,0,0,0,0,0,0,0
3453,Joe Bob,WR,JMU,4,0,0,0,0,0,0,0,0,0,0,0
3454,Joe Bob,OG,JMU,3,0,0,0,0,0,0,0,0,0,0,0
3455,Joe Bob,OG,JMU,3,0,0,0,0,0,0,0,0,0,0,0
3456,Joe Bob,OT,JMU,4,0,0,0,0,0,0,0,0,0,0,0
3457,Joe Bob,WR,JMU,4,0,0,0,0,0,0,0,0,0,0,0
3458,Joe Bob,OG,JMU,4,0,0,0,0,0,0,0,0,0,0,0
3459,Joe Bob,OG,JMU,1,0,0,0,0,0,0,0,0,0,0,0
3460,Joe Bob,OG,JMU,3,0,0,0,0,0,0,0,0,0,0,0
3461,Joe Bob,OG,JMU,1,0,0,0,0,0,0,0,0,0,0,0
3462,Joe Bob,OG,JMU,1,0,0,0,0,0,0,0,0,0,0,0
3463,Joe Bob,OG,JMU,3,0,0,0,0,0,0,0,0,0,0,0
3464,Joe Bob,OG,JMU,1,0,0,0,0,0,0,0,0,0,0,0
3465,Joe Bob,OG,JMU,1,0,0,0,0,0,0,0,0,0,0,0
3466,Joe Bob,OG,JMU,3,0,0,0,0,0,0,0,0,0,0,0
3467,Joe Bob,OG,JMU,3,0,0,0,0,0,0,0,0,0,0,0
3468,Joe Bob,WR,JMU,2,0,0,0,0,0,0,0,0,0,0,0
3469,Joe Bob,OG,JMU,4,0,0,0,0,0,0,0,0,0,0,0
3470,Joe Bob,OG,JMU,2,0,0,0,0,0,0,0,0,0,0,0
3471,Joe Bob,OG,JMU,4,0,0,0,0,0,0,0,0,0,0,0
3472,Joe Bob,OG,JMU,2,0,0,0,0,0,0,0,0,0,0,0
3473,Joe Bob,OG,JMU,4,0,0,0,0,0,0,0,0,0,0,0
3474,Joe Bob,OG,JMU,1,0,0,0,0,0,0,0,0,0,0,0
3475,Joe Bob,OG,JMU,4,0,0,0,0,0,0,0,0,0,0,0
3476,Joe Bob,OG,JMU,3,0,0,0,0,0,0,0,0,0,0,0
3477,Joe Bob,OG,JMU,1,0,0,0,0,0,0,0,0,0,0,0
3478,Joe Bob,OG,JMU,2,0,0,0,0,0,0,0,0,0,0,0
3479,Joe Bob,OG,JMU,2,0,0,0,0,0,0,0,0,0,0,0
3480,Joe Bob,OG,JMU,1,0,0,0,0,0,0,0,0,0,0,0
3481,Joe Bob,OG,JMU,2,0,0,0,0,0,0,0,0,0,0,0
3482,Joe Bob,OG,JMU,4,0,0,0,0,0,0,0,0,0,0,0
3483,Joe Bob,OG,JMU,3,0,0,0,0,0,0,0,0,0,0,0
3484,Joe Bob,OG,JMU,4,0,0,0,0,0,0,0,0,0,0,0
3485,Joe Bob,OG,JMU,3,0,0,0,0,0,0,0,0,0,0,0
3486,Joe Bob,WR,JMU,4,0,0,0,0,0,0,0,0,0,0,0
3487,Joe Bob,RB,JMU,4,0,0,0,0,0,0,0,0,0,0,0
3488,Joe Bob,OT,JMU,3,0,0,0,0,0,0,0,0,0,0,0
3489,Joe Bob,OG,JMU,2,0,0,0,0,0,0,0,0,0,0,0
3490,Joe Bob,OG,JMU,3,0,0,0,0,0,0,0,0,0,0,0
3491,Joe Bob,QB,JMU,1,0,0,0,0,0,0,0,0,0,0,0
3492,Joe Bob,OG,JMU,1,0,0,0,0,0,0,0,0,0,0,0
3493,Joe Bob,OG,JMU,1,0,0,0,0,0,0,0,0,0,0,0
3494,Joe Bob,OG,JMU,1,0,0,0,0,0,0,0,0,0,0,0
3495,Joe Bob,OG,JMU,1,0,0,0,0,0,0,0,0,0,0,0
3496,Joe Bob,OG,JMU,2,0,0,0,0,0,0,0,0,0,0,0
3497,Joe Bob,OG,JMU,1,0,0,0,0,0,0,0,0,0,0,0
3498,Joe Bob,OG,JMU,2,0,0,0,0,0,0,0,0,0,0,0
3499,Joe Bob,OG,JMU,3,0,0,0,0,0,0,0,0,0,0,0
3500,Joe Bob,OG,JMU,2,0,0,0,0,0,0,0,0,0,0,0
3501,Joe Bob,OG,JMU,3,0,0,0,0,0,0,0,0,0,0,0
3502,Joe Bob,OG,JMU,3,0,0,0,0,0,0,0,0,0,0,0
3503,Joe Bob,WR,JMU,3,0,0,0,0,0,0,0,0,0,0,0
3504,Joe Bob,RB,JMU,4,0,0,0,0,0,0,0,0,0,0,0
3505,Joe Bob,WR,JMU,3,0,0,0,0,0,0,0,0,0,0,0
3506,Joe Bob,OG,JMU,3,0,0,0,0,0,0,0,0,0,0,0
3507,Joe Bob,OT,JMU,1,0,0,0,0,0,0,0,0,0,0,0
3508,Joe Bob,OG,JMU,3,0,0,0,0,0,0,0,0,0,0,0
3509,Joe Bob,OT,JMU,4,0,0,0,0,0,0,0,0,0,0,0
3510,Joe Bob,WR,JMU,2,0,0,0,0,0,0,0,0,0,0,0
3511,Joe Bob,OG,JMU,4,0,0,0,0,0,0,0,0,0,0,0
3512,Joe Bob,OG,JMU,3,0,0,0,0,0,0,0,0,0,0,0
3513,Joe Bob,OG,JMU,4,0,0,0,0,0,0,0,0,0,0,0
3514,Joe Bob,OT,JMU,4,0,0,0,0,0,0,0,0,0,0,0
3515,Joe Bob,WR,JMU,1,0,0,0,0,0,0,0,0,0,0,0
3516,Joe Bob,WR,JMU,1,0,0,0,0,0,0,0,0,0,0,0
3517,Joe Bob,OG,JMU,4,0,0,0,0,0,0,0,0,0,0,0
3518,Joe Bob,OG,JMU,4,0,0,0,0,0,0,0,0,0,0,0
3519,Joe Bob,OT,JMU,2,0,0,0,0,0,0,0,0,0,0,0
3520,Joe Bob,OG,JMU,4,0,0,0,0,0,0,0,0,0,0,0
3521,Joe Bob,OT,JMU,2,0,0,0,0,0,0,0,0,0,0,0
3522,Joe Bob,OG,JMU,1,0,0,0,0,0,0,0,0,0,0,0
3523,Joe Bob,OG,JMU,2,0,0,0,0,0,0,0,0,0,0,0
3524,Joe Bob,OG,JMU,3,0,0,0,0,0,0,0,0,0,0,0
3525,Joe Bob,WR,JMU,2,0,0,0,0,0,0,0,0,0,0,0
3526,Joe Bob,OG,Kansas,4,0,0,0,0,0,0,0,0,0,0,0
3527,Joe Bob,WR,Kansas,1,0,0,0,0,0,0,0,0,0,0,0
3528,Joe Bob,OG,Kansas,3,0,0,0,0,0,0,0,0,0,0,0
3529,Joe Bob,OG,Kansas,4,0,0,0,0,0,0,0,0,0,0,0
3530,Joe Bob,OT,Kansas,3,0,0,0,0,0,0,0,0,0,0,0
3531,Joe Bob,OG,Kansas,3,0,0,0,0,0,0,0,0,0,0,0
3532,Joe Bob,RB,Kansas,4,0,0,0,0,0,0,0,0,0,0,0
3533,Joe Bob,OG,Kansas,1,0,0,0,0,0,0,0,0,0,0,0
3534,Joe Bob,OG,Kansas,1,0,0,0,0,0,0,0,0,0,0,0
3535,Joe Bob,OG,Kansas,1,0,0,0,0,0,0,0,0,0,0,0
3536,Joe Bob,OG,Kansas,1,0,0,0,0,0,0,0,0,0,0,0
3537,Joe Bob,OG,Kansas,1,0,0,0,0,0,0,0,0,0,0,0
3538,Joe Bob,OG,Kansas,1,0,0,0,0,0,0,0,0,0,0,0
3539,Joe Bob,OG,Kansas,3,0,0,0,0,0,0,0,0,0,0,0
3540,Joe Bob,OG,Kansas,1,0,0,0,0,0,0,0,0,0,0,0
3541,Joe Bob,OT,Kansas,3,0,0,0,0,0,0,0,0,0,0,0
3542,Joe Bob,OG,Kansas,2,0,0,0,0,0,0,0,0,0,0,0
3543,Joe Bob,OG,Kansas,4,0,0,0,0,0,0,0,0,0,0,0
3544,Joe Bob,OT,Kansas,4,0,0,0,0,0,0,0,0,0,0,0
3545,Joe Bob,WR,Kansas,4,0,0,0,0,0,0,0,0,0,0,0
3546,Joe Bob,QB,Kansas,4,0,0,0,0,0,0,0,0,0,0,0
3547,Joe Bob,OG,Kansas,3,0,0,0,0,0,0,0,0,0,0,0
3548,Joe Bob,OG,Kansas,1,0,0,0,0,0,0,0,0,0,0,0
3549,Joe Bob,OG,Kansas,1,0,0,0,0,0,0,0,0,0,0,0
3550,Joe Bob,OG,Kansas,1,0,0,0,0,0,0,0,0,0,0,0
3551,Joe Bob,OT,Kansas,1,0,0,0,0,0,0,0,0,0,0,0
3552,Joe Bob,OG,Kansas,1,0,0,0,0,0,0,0,0,0,0,0
3553,Joe Bob,OG,Kansas,2,0,0,0,0,0,0,0,0,0,0,0
3554,Joe Bob,OG,Kansas,2,0,0,0,0,0,0,0,0,0,0,0
3555,Joe Bob,OG,Kansas,2,0,0,0,0,0,0,0,0,0,0,0
3556,Joe Bob,OG,Kansas,4,0,0,0,0,0,0,0,0,0,0,0
3557,Joe Bob,QB,Kansas,1,0,0,0,0,0,0,0,0,0,0,0
3558,Joe Bob,OG,Kansas,3,0,0,0,0,0,0,0,0,0,0,0
3559,Joe Bob,OG,Kansas,3,0,0,0,0,0,0,0,0,0,0,0
3560,Joe Bob,OG,Kansas,3,0,0,0,0,0,0,0,0,0,0,0
3561,Joe Bob,OG,Kansas,4,0,0,0,0,0,0,0,0,0,0,0
3562,Joe Bob,WR,Kansas,2,0,0,0,0,0,0,0,0,0,0,0
3563,Joe Bob,OG,Kansas,1,0,0,0,0,0,0,0,0,0,0,0
3564,Joe Bob,OT,Kansas,3,0,0,0,0,0,0,0,0,0,0,0
3565,Joe Bob,OG,Kansas,4,0,0,0,0,0,0,0,0,0,0,0
3566,Joe Bob,OG,Kansas,1,0,0,0,0,0,0,0,0,0,0,0
3567,Joe Bob,OG,Kansas,4,0,0,0,0,0,0,0,0,0,0,0
3568,Joe Bob,WR,Kansas,1,0,0,0,0,0,0,0,0,0,0,0
3569,Joe Bob,WR,Kansas,1,0,0,0,0,0,0,0,0,0,0,0
3570,Joe Bob,OG,Kansas,4,0,0,0,0,0,0,0,0,0,0,0
3571,Joe Bob,OG,Kansas,2,0,0,0,0,0,0,0,0,0,0,0
3572,Joe Bob,OG,Kansas,4,0,0,0,0,0,0,0,0,0,0,0
3573,Joe Bob,OG,Kansas,3,0,0,0,0,0,0,0,0,0,0,0
3574,Joe Bob,OG,Kansas,1,0,0,0,0,0,0,0,0,0,0,0
3575,Joe Bob,QB,Kansas,2,0,0,0,0,0,0,0,0,0,0,0
3576,Joe Bob,OG,Kansas,3,0,0,0,0,0,0,0,0,0,0,0
3577,Joe Bob,FB,Kansas,4,0,0,0,0,0,0,0,0,0,0,0
3578,Joe Bob,OG,Kansas,3,0,0,0,0,0,0,0,0,0,0,0
3579,Joe Bob,OG,Kansas,2,0,0,0,0,0,0,0,0,0,0,0
3580,Joe Bob,QB,Kansas,2,0,0,0,0,0,0,0,0,0,0,0
3581,Joe Bob,OG,Kansas,3,0,0,0,0,0,0,0,0,0,0,0
3582,Joe Bob,OG,Kansas,3,0,0,0,0,0,0,0,0,0,0,0
3583,Joe Bob,QB,Kansas,4,0,0,0,0,0,0,0,0,0,0,0
3584,Joe Bob,WR,Kansas,3,0,0,0,0,0,0,0,0,0,0,0
3585,Joe Bob,OG,Kansas,2,0,0,0,0,0,0,0,0,0,0,0
3586,Joe Bob,OT,Kansas,2,0,0,0,0,0,0,0,0,0,0,0
3587,Joe Bob,WR,Kansas,4,0,0,0,0,0,0,0,0,0,0,0
3588,Joe Bob,WR,Kansas,4,0,0,0,0,0,0,0,0,0,0,0
3589,Joe Bob,OG,Kansas,1,0,0,0,0,0,0,0,0,0,0,0
3590,Joe Bob,OG,Kansas,3,0,0,0,0,0,0,0,0,0,0,0
3591,Joe Bob,OG,Kansas,2,0,0,0,0,0,0,0,0,0,0,0
3592,Joe Bob,OG,Kansas,1,0,0,0,0,0,0,0,0,0,0,0
3593,Joe Bob,OG,Kansas,2,0,0,0,0,0,0,0,0,0,0,0
3594,Joe Bob,OG,Kansas,1,0,0,0,0,0,0,0,0,0,0,0
3595,Joe Bob,OG,Kansas,1,0,0,0,0,0,0,0,0,0,0,0
3596,Joe Bob,OG,Kansas,3,0,0,0,0,0,0,0,0,0,0,0
3597,Joe Bob,OG,Kansas,2,0,0,0,0,0,0,0,0,0,0,0
3598,Joe Bob,OG,Kansas,2,0,0,0,0,0,0,0,0,0,0,0
3599,Joe Bob,RB,Kansas,3,0,0,0,0,0,0,0,0,0,0,0
3600,Joe Bob,OG,Kansas,3,0,0,0,0,0,0,0,0,0,0,0
3601,Joe Bob,OG,Kansas State,4,0,0,0,0,0,0,0,0,0,0,0
3602,Joe Bob,WR,Kansas State,4,0,0,0,0,0,0,0,0,0,0,0
3603,Joe Bob,FB,Kansas State,3,0,0,0,0,0,0,0,0,0,0,0
3604,Joe Bob,OG,Kansas State,4,0,0,0,0,0,0,0,0,0,0,0
3605,Joe Bob,OT,Kansas State,4,0,0,0,0,0,0,0,0,0,0,0
3606,Joe Bob,WR,Kansas State,1,0,0,0,0,0,0,0,0,0,0,0
3607,Joe Bob,OG,Kansas State,4,0,0,0,0,0,0,0,0,0,0,0
3608,Joe Bob,OG,Kansas State,1,0,0,0,0,0,0,0,0,0,0,0
3609,Joe Bob,OG,Kansas State,4,0,0,0,0,0,0,0,0,0,0,0
3610,Joe Bob,OG,Kansas State,2,0,0,0,0,0,0,0,0,0,0,0
3611,Joe Bob,OG,Kansas State,2,0,0,0,0,0,0,0,0,0,0,0
3612,Joe Bob,OG,Kansas State,3,0,0,0,0,0,0,0,0,0,0,0
3613,Joe Bob,OT,Kansas State,3,0,0,0,0,0,0,0,0,0,0,0
3614,Joe Bob,OT,Kansas State,2,0,0,0,0,0,0,0,0,0,0,0
3615,Joe Bob,OG,Kansas State,4,0,0,0,0,0,0,0,0,0,0,0
3616,Joe Bob,WR,Kansas State,3,0,0,0,0,0,0,0,0,0,0,0
3617,Joe Bob,OG,Kansas State,4,0,0,0,0,0,0,0,0,0,0,0
3618,Joe Bob,OG,Kansas State,4,0,0,0,0,0,0,0,0,0,0,0
3619,Joe Bob,WR,Kansas State,3,0,0,0,0,0,0,0,0,0,0,0
3620,Joe Bob,OT,Kansas State,4,0,0,0,0,0,0,0,0,0,0,0
3621,Joe Bob,OG,Kansas State,1,0,0,0,0,0,0,0,0,0,0,0
3622,Joe Bob,OG,Kansas State,1,0,0,0,0,0,0,0,0,0,0,0
3623,Joe Bob,RB,Kansas State,3,0,0,0,0,0,0,0,0,0,0,0
3624,Joe Bob,OG,Kansas State,4,0,0,0,0,0,0,0,0,0,0,0
3625,Joe Bob,OG,Kansas State,2,0,0,0,0,0,0,0,0,0,0,0
3626,Joe Bob,OT,Kansas State,2,0,0,0,0,0,0,0,0,0,0,0
3627,Joe Bob,RB,Kansas State,1,0,0,0,0,0,0,0,0,0,0,0
3628,Joe Bob,OG,Kansas State,4,0,0,0,0,0,0,0,0,0,0,0
3629,Joe Bob,OG,Kansas State,1,0,0,0,0,0,0,0,0,0,0,0
3630,Joe Bob,OG,Kansas State,3,0,0,0,0,0,0,0,0,0,0,0
3631,Joe Bob,OG,Kansas State,2,0,0,0,0,0,0,0,0,0,0,0
3632,Joe Bob,WR,Kansas State,3,0,0,0,0,0,0,0,0,0,0,0
3633,Joe Bob,RB,Kansas State,1,0,0,0,0,0,0,0,0,0,0,0
3634,Joe Bob,RB,Kansas State,2,0,0,0,0,0,0,0,0,0,0,0
3635,Joe Bob,OG,Kansas State,4,0,0,0,0,0,0,0,0,0,0,0
3636,Joe Bob,OG,Kansas State,4,0,0,0,0,0,0,0,0,0,0,0
3637,Joe Bob,OG,Kansas State,3,0,0,0,0,0,0,0,0,0,0,0
3638,Joe Bob,OG,Kansas State,2,0,0,0,0,0,0,0,0,0,0,0
3639,Joe Bob,WR,Kansas State,4,0,0,0,0,0,0,0,0,0,0,0
3640,Joe Bob,OG,Kansas State,1,0,0,0,0,0,0,0,0,0,0,0
3641,Joe Bob,QB,Kansas State,1,0,0,0,0,0,0,0,0,0,0,0
3642,Joe Bob,OG,Kansas State,4,0,0,0,0,0,0,0,0,0,0,0
3643,Joe Bob,OG,Kansas State,3,0,0,0,0,0,0,0,0,0,0,0
3644,Joe Bob,OG,Kansas State,4,0,0,0,0,0,0,0,0,0,0,0
3645,Joe Bob,OG,Kansas State,1,0,0,0,0,0,0,0,0,0,0,0
3646,Joe Bob,OG,Kansas State,1,0,0,0,0,0,0,0,0,0,0,0
3647,Joe Bob,OG,Kansas State,1,0,0,0,0,0,0,0,0,0,0,0
3648,Joe Bob,OG,Kansas State,3,0,0,0,0,0,0,0,0,0,0,0
3649,Joe Bob,OG,Kansas State,3,0,0,0,0,0,0,0,0,0,0,0
3650,Joe Bob,OG,Kansas State,1,0,0,0,0,0,0,0,0,0,0,0
3651,Joe Bob,QB,Kansas State,3,0,0,0,0,0,0,0,0,0,0,0
3652,Joe Bob,OG,Kansas State,2,0,0,0,0,0,0,0,0,0,0,0
3653,Joe Bob,FB,Kansas State,4,0,0,0,0,0,0,0,0,0,0,0
3654,Joe Bob,OG,Kansas State,4,0,0,0,0,0,0,0,0,0,0,0
3655,Joe Bob,OG,Kansas State,3,0,0,0,0,0,0,0,0,0,0,0
3656,Joe Bob,OG,Kansas State,4,0,0,0,0,0,0,0,0,0,0,0
3657,Joe Bob,OG,Kansas State,2,0,0,0,0,0,0,0,0,0,0,0
3658,Joe Bob,WR,Kansas State,1,0,0,0,0,0,0,0,0,0,0,0
3659,Joe Bob,OT,Kansas State,1,0,0,0,0,0,0,0,0,0,0,0
3660,Joe Bob,RB,Kansas State,4,0,0,0,0,0,0,0,0,0,0,0
3661,Joe Bob,OG,Kansas State,4,0,0,0,0,0,0,0,0,0,0,0
3662,Joe Bob,OG,Kansas State,1,0,0,0,0,0,0,0,0,0,0,0
3663,Joe Bob,OG,Kansas State,2,0,0,0,0,0,0,0,0,0,0,0
3664,Joe Bob,RB,Kansas State,2,0,0,0,0,0,0,0,0,0,0,0
3665,Joe Bob,WR,Kansas State,2,0,0,0,0,0,0,0,0,0,0,0
3666,Joe Bob,OG,Kansas State,2,0,0,0,0,0,0,0,0,0,0,0
3667,Joe Bob,OG,Kansas State,3,0,0,0,0,0,0,0,0,0,0,0
3668,Joe Bob,OG,Kansas State,2,0,0,0,0,0,0,0,0,0,0,0
3669,Joe Bob,FB,Kansas State,4,0,0,0,0,0,0,0,0,0,0,0
3670,Joe Bob,OG,Kansas State,2,0,0,0,0,0,0,0,0,0,0,0
3671,Joe Bob,OG,Kansas State,2,0,0,0,0,0,0,0,0,0,0,0
3672,Joe Bob,RB,Kansas State,4,0,0,0,0,0,0,0,0,0,0,0
3673,Joe Bob,OG,Kansas State,4,0,0,0,0,0,0,0,0,0,0,0
3674,Joe Bob,OG,Kansas State,3,0,0,0,0,0,0,0,0,0,0,0
3675,Joe Bob,OG,Kansas State,4,0,0,0,0,0,0,0,0,0,0,0
3676,Joe Bob,OG,Kennesaw St.,3,0,0,0,0,0,0,0,0,0,0,0
3677,Joe Bob,OG,Kennesaw St.,1,0,0,0,0,0,0,0,0,0,0,0
3678,Joe Bob,OG,Kennesaw St.,1,0,0,0,0,0,0,0,0,0,0,0
3679,Joe Bob,OG,Kennesaw St.,1,0,0,0,0,0,0,0,0,0,0,0
3680,Joe Bob,FB,Kennesaw St.,2,0,0,0,0,0,0,0,0,0,0,0
3681,Joe Bob,OG,Kennesaw St.,1,0,0,0,0,0,0,0,0,0,0,0
3682,Joe Bob,OG,Kennesaw St.,4,0,0,0,0,0,0,0,0,0,0,0
3683,Joe Bob,OG,Kennesaw St.,3,0,0,0,0,0,0,0,0,0,0,0
3684,Joe Bob,WR,Kennesaw St.,2,0,0,0,0,0,0,0,0,0,0,0
3685,Joe Bob,OG,Kennesaw St.,4,0,0,0,0,0,0,0,0,0,0,0
3686,Joe Bob,OG,Kennesaw St.,3,0,0,0,0,0,0,0,0,0,0,0
3687,Joe Bob,WR,Kennesaw St.,3,0,0,0,0,0,0,0,0,0,0,0
3688,Joe Bob,OG,Kennesaw St.,4,0,0,0,0,0,0,0,0,0,0,0
3689,Joe Bob,OG,Kennesaw St.,4,0,0,0,0,0,0,0,0,0,0,0
3690,Joe Bob,WR,Kennesaw St.,1,0,0,0,0,0,0,0,0,0,0,0
3691,Joe Bob,QB,Kennesaw St.,3,0,0,0,0,0,0,0,0,0,0,0
3692,Joe Bob,OG,Kennesaw St.,1,0,0,0,0,0,0,0,0,0,0,0
3693,Joe Bob,WR,Kennesaw St.,2,0,0,0,0,0,0,0,0,0,0,0
3694,Joe Bob,OG,Kennesaw St.,4,0,0,0,0,0,0,0,0,0,0,0
3695,Joe Bob,OG,Kennesaw St.,3,0,0,0,0,0,0,0,0,0,0,0
3696,Joe Bob,OG,Kennesaw St.,4,0,0,0,0,0,0,0,0,0,0,0
3697,Joe Bob,OG,Kennesaw St.,2,0,0,0,0,0,0,0,0,0,0,0
3698,Joe Bob,OG,Kennesaw St.,2,0,0,0,0,0,0,0,0,0,0,0
3699,Joe Bob,OG,Kennesaw St.,2,0,0,0,0,0,0,0,0,0,0,0
3700,Joe Bob,QB,Kennesaw St.,3,0,0,0,0,0,0,0,0,0,0,0
3701,Joe Bob,OG,Kennesaw St.,1,0,0,0,0,0,0,0,0,0,0,0
3702,Joe Bob,OG,Kennesaw St.,3,0,0,0,0,0,0,0,0,0,0,0
3703,Joe Bob,OG,Kennesaw St.,3,0,0,0,0,0,0,0,0,0,0,0
3704,Joe Bob,FB,Kennesaw St.,3,0,0,0,0,0,0,0,0,0,0,0
3705,Joe Bob,WR,Kennesaw St.,4,0,0,0,0,0,0,0,0,0,0,0
3706,Joe Bob,OG,Kennesaw St.,4,0,0,0,0,0,0,0,0,0,0,0
3707,Joe Bob,FB,Kennesaw St.,3,0,0,0,0,0,0,0,0,0,0,0
3708,Joe Bob,OG,Kennesaw St.,4,0,0,0,0,0,0,0,0,0,0,0
3709,Joe Bob,OG,Kennesaw St.,4,0,0,0,0,0,0,0,0,0,0,0
3710,Joe Bob,OG,Kennesaw St.,1,0,0,0,0,0,0,0,0,0,0,0
3711,Joe Bob,OT,Kennesaw St.,3,0,0,0,0,0,0,0,0,0,0,0
3712,Joe Bob,WR,Kennesaw St.,1,0,0,0,0,0,0,0,0,0,0,0
3713,Joe Bob,OG,Kennesaw St.,4,0,0,0,0,0,0,0,0,0,0,0
3714,Joe Bob,OG,Kennesaw St.,4,0,0,0,0,0,0,0,0,0,0,0
3715,Joe Bob,OG,Kennesaw St.,1,0,0,0,0,0,0,0,0,0,0,0
3716,Joe Bob,OG,Kennesaw St.,1,0,0,0,0,0,0,0,0,0,0,0
3717,Joe Bob,OG,Kennesaw St.,1,0,0,0,0,0,0,0,0,0,0,0
3718,Joe Bob,OG,Kennesaw St.,1,0,0,0,0,0,0,0,0,0,0,0
3719,Joe Bob,OG,Kennesaw St.,2,0,0,0,0,0,0,0,0,0,0,0
3720,Joe Bob,OG,Kennesaw St.,2,0,0,0,0,0,0,0,0,0,0,0
3721,Joe Bob,OG,Kennesaw St.,3,0,0,0,0,0,0,0,0,0,0,0
3722,Joe Bob,OG,Kennesaw St.,2,0,0,0,0,0,0,0,0,0,0,0
3723,Joe Bob,QB,Kennesaw St.,1,0,0,0,0,0,0,0,0,0,0,0
3724,Joe Bob,FB,Kennesaw St.,2,0,0,0,0,0,0,0,0,0,0,0
3725,Joe Bob,OG,Kennesaw St.,4,0,0,0,0,0,0,0,0,0,0,0
3726,Joe Bob,WR,Kennesaw St.,4,0,0,0,0,0,0,0,0,0,0,0
3727,Joe Bob,OG,Kennesaw St.,3,0,0,0,0,0,0,0,0,0,0,0
3728,Joe Bob,OG,Kennesaw St.,2,0,0,0,0,0,0,0,0,0,0,0
3729,Joe Bob,OG,Kennesaw St.,4,0,0,0,0,0,0,0,0,0,0,0
3730,Joe Bob,FB,Kennesaw St.,4,0,0,0,0,0,0,0,0,0,0,0
3731,Joe Bob,OG,Kennesaw St.,4,0,0,0,0,0,0,0,0,0,0,0
3732,Joe Bob,OG,Kennesaw St.,1,0,0,0,0,0,0,0,0,0,0,0
3733,Joe Bob,OG,Kennesaw St.,3,0,0,0,0,0,0,0,0,0,0,0
3734,Joe Bob,OG,Kennesaw St.,2,0,0,0,0,0,0,0,0,0,0,0
3735,Joe Bob,OG,Kennesaw St.,1,0,0,0,0,0,0,0,0,0,0,0
3736,Joe Bob,OG,Kennesaw St.,2,0,0,0,0,0,0,0,0,0,0,0
3737,Joe Bob,OG,Kennesaw St.,1,0,0,0,0,0,0,0,0,0,0,0
3738,Joe Bob,OG,Kennesaw St.,1,0,0,0,0,0,0,0,0,0,0,0
3739,Joe Bob,OG,Kennesaw St.,3,0,0,0,0,0,0,0,0,0,0,0
3740,Joe Bob,OG,Kennesaw St.,2,0,0,0,0,0,0,0,0,0,0,0
3741,Joe Bob,WR,Kennesaw St.,2,0,0,0,0,0,0,0,0,0,0,0
3742,Joe Bob,OG,Kennesaw St.,3,0,0,0,0,0,0,0,0,0,0,0
3743,Joe Bob,OG,Kennesaw St.,2,0,0,0,0,0,0,0,0,0,0,0
3744,Joe Bob,OG,Kennesaw St.,3,0,0,0,0,0,0,0,0,0,0,0
3745,Joe Bob,OG,Kennesaw St.,1,0,0,0,0,0,0,0,0,0,0,0
3746,Joe Bob,OG,Kennesaw St.,3,0,0,0,0,0,0,0,0,0,0,0
3747,Joe Bob,OG,Kennesaw St.,4,0,0,0,0,0,0,0,0,0,0,0
3748,Joe Bob,OT,Kennesaw St.,3,0,0,0,0,0,0,0,0,0,0,0
3749,Joe Bob,WR,Kennesaw St.,2,0,0,0,0,0,0,0,0,0,0,0
3750,Joe Bob,OG,Kennesaw St.,1,0,0,0,0,0,0,0,0,0,0,0
3751,Joe Bob,OG,Kent St.,1,0,0,0,0,0,0,0,0,0,0,0
3752,Joe Bob,OG,Kent St.,3,0,0,0,0,0,0,0,0,0,0,0
3753,Joe Bob,OG,Kent St.,1,0,0,0,0,0,0,0,0,0,0,0
3754,Joe Bob,OG,Kent St.,2,0,0,0,0,0,0,0,0,0,0,0
3755,Joe Bob,OG,Kent St.,3,0,0,0,0,0,0,0,0,0,0,0
3756,Joe Bob,OG,Kent St.,3,0,0,0,0,0,0,0,0,0,0,0
3757,Joe Bob,OG,Kent St.,4,0,0,0,0,0,0,0,0,0,0,0
3758,Joe Bob,OG,Kent St.,3,0,0,0,0,0,0,0,0,0,0,0
3759,Joe Bob,OG,Kent St.,3,0,0,0,0,0,0,0,0,0,0,0
3760,Joe Bob,OG,Kent St.,4,0,0,0,0,0,0,0,0,0,0,0
3761,Joe Bob,OT,Kent St.,3,0,0,0,0,0,0,0,0,0,0,0
3762,Joe Bob,WR,Kent St.,1,0,0,0,0,0,0,0,0,0,0,0
3763,Joe Bob,OG,Kent St.,3,0,0,0,0,0,0,0,0,0,0,0
3764,Joe Bob,OG,Kent St.,4,0,0,0,0,0,0,0,0,0,0,0
3765,Joe Bob,OG,Kent St.,1,0,0,0,0,0,0,0,0,0,0,0
3766,Joe Bob,OG,Kent St.,1,0,0,0,0,0,0,0,0,0,0,0
3767,Joe Bob,OG,Kent St.,1,0,0,0,0,0,0,0,0,0,0,0
3768,Joe Bob,OG,Kent St.,1,0,0,0,0,0,0,0,0,0,0,0
3769,Joe Bob,OT,Kent St.,2,0,0,0,0,0,0,0,0,0,0,0
3770,Joe Bob,OG,Kent St.,1,0,0,0,0,0,0,0,0,0,0,0
3771,Joe Bob,OG,Kent St.,2,0,0,0,0,0,0,0,0,0,0,0
3772,Joe Bob,OG,Kent St.,3,0,0,0,0,0,0,0,0,0,0,0
3773,Joe Bob,OG,Kent St.,1,0,0,0,0,0,0,0,0,0,0,0
3774,Joe Bob,OG,Kent St.,2,0,0,0,0,0,0,0,0,0,0,0
3775,Joe Bob,OG,Kent St.,3,0,0,0,0,0,0,0,0,0,0,0
3776,Joe Bob,WR,Kent St.,3,0,0,0,0,0,0,0,0,0,0,0
3777,Joe Bob,QB,Kent St.,4,0,0,0,0,0,0,0,0,0,0,0
3778,Joe Bob,FB,Kent St.,2,0,0,0,0,0,0,0,0,0,0,0
3779,Joe Bob,OG,Kent St.,1,0,0,0,0,0,0,0,0,0,0,0
3780,Joe Bob,OG,Kent St.,3,0,0,0,0,0,0,0,0,0,0,0
3781,Joe Bob,OG,Kent St.,4,0,0,0,0,0,0,0,0,0,0,0
3782,Joe Bob,WR,Kent St.,1,0,0,0,0,0,0,0,0,0,0,0
3783,Joe Bob,OG,Kent St.,3,0,0,0,0,0,0,0,0,0,0,0
3784,Joe Bob,OG,Kent St.,4,0,0,0,0,0,0,0,0,0,0,0
3785,Joe Bob,OG,Kent St.,3,0,0,0,0,0,0,0,0,0,0,0
3786,Joe Bob,OG,Kent St.,4,0,0,0,0,0,0,0,0,0,0,0
3787,Joe Bob,WR,Kent St.,4,0,0,0,0,0,0,0,0,0,0,0
3788,Joe Bob,FB,Kent St.,4,0,0,0,0,0,0,0,0,0,0,0
3789,Joe Bob,RB,Kent St.,1,0,0,0,0,0,0,0,0,0,0,0
3790,Joe Bob,OG,Kent St.,3,0,0,0,0,0,0,0,0,0,0,0
3791,Joe Bob,OG,Kent St.,4,0,0,0,0,0,0,0,0,0,0,0
3792,Joe Bob,OT,Kent St.,2,0,0,0,0,0,0,0,0,0,0,0
3793,Joe Bob,OG,Kent St.,4,0,0,0,0,0,0,0,0,0,0,0
3794,Joe Bob,OG,Kent St.,2,0,0,0,0,0,0,0,0,0,0,0
3795,Joe Bob,OG,Kent St.,1,0,0,0,0,0,0,0,0,0,0,0
3796,Joe Bob,OG,Kent St.,2,0,0,0,0,0,0,0,0,0,0,0
3797,Joe Bob,OG,Kent St.,3,0,0,0,0,0,0,0,0,0,0,0
3798,Joe Bob,OG,Kent St.,2,0,0,0,0,0,0,0,0,0,0,0
3799,Joe Bob,OG,Kent St.,3,0,0,0,0,0,0,0,0,0,0,0
3800,Joe Bob,QB,Kent St.,1,0,0,0,0,0,0,0,0,0,0,0
3801,Joe Bob,OG,Kent St.,2,0,0,0,0,0,0,0,0,0,0,0
3802,Joe Bob,OG,Kent St.,4,0,0,0,0,0,0,0,0,0,0,0
3803,Joe Bob,WR,Kent St.,3,0,0,0,0,0,0,0,0,0,0,0
3804,Joe Bob,OG,Kent St.,3,0,0,0,0,0,0,0,0,0,0,0
3805,Joe Bob,QB,Kent St.,4,0,0,0,0,0,0,0,0,0,0,0
3806,Joe Bob,OG,Kent St.,4,0,0,0,0,0,0,0,0,0,0,0
3807,Joe Bob,OG,Kent St.,1,0,0,0,0,0,0,0,0,0,0,0
3808,Joe Bob,OG,Kent St.,4,0,0,0,0,0,0,0,0,0,0,0
3809,Joe Bob,OT,Kent St.,1,0,0,0,0,0,0,0,0,0,0,0
3810,Joe Bob,OG,Kent St.,4,0,0,0,0,0,0,0,0,0,0,0
3811,Joe Bob,OG,Kent St.,1,0,0,0,0,0,0,0,0,0,0,0
3812,Joe Bob,OG,Kent St.,3,0,0,0,0,0,0,0,0,0,0,0
3813,Joe Bob,OG,Kent St.,4,0,0,0,0,0,0,0,0,0,0,0
3814,Joe Bob,OT,Kent St.,1,0,0,0,0,0,0,0,0,0,0,0
3815,Joe Bob,OG,Kent St.,1,0,0,0,0,0,0,0,0,0,0,0
3816,Joe Bob,OG,Kent St.,3,0,0,0,0,0,0,0,0,0,0,0
3817,Joe Bob,OG,Kent St.,2,0,0,0,0,0,0,0,0,0,0,0
3818,Joe Bob,OG,Kent St.,4,0,0,0,0,0,0,0,0,0,0,0
3819,Joe Bob,OG,Kent St.,4,0,0,0,0,0,0,0,0,0,0,0
3820,Joe Bob,OT,Kent St.,3,0,0,0,0,0,0,0,0,0,0,0
3821,Joe Bob,OG,Kent St.,1,0,0,0,0,0,0,0,0,0,0,0
3822,Joe Bob,OG,Kent St.,1,0,0,0,0,0,0,0,0,0,0,0
3823,Joe Bob,OG,Kent St.,1,0,0,0,0,0,0,0,0,0,0,0
3824,Joe Bob,QB,Kent St.,1,0,0,0,0,0,0,0,0,0,0,0
3825,Joe Bob,OG,Kent St.,1,0,0,0,0,0,0,0,0,0,0,0
3826,Joe Bob,OG,Kentucky,1,0,0,0,0,0,0,0,0,0,0,0
3827,Joe Bob,OG,Kentucky,2,0,0,0,0,0,0,0,0,0,0,0
3828,Joe Bob,OG,Kentucky,1,0,0,0,0,0,0,0,0,0,0,0
3829,Joe Bob,OT,Kentucky,3,0,0,0,0,0,0,0,0,0,0,0
3830,Joe Bob,OG,Kentucky,1,0,0,0,0,0,0,0,0,0,0,0
3831,Joe Bob,OG,Kentucky,3,0,0,0,0,0,0,0,0,0,0,0
3832,Joe Bob,OG,Kentucky,3,0,0,0,0,0,0,0,0,0,0,0
3833,Joe Bob,OG,Kentucky,3,0,0,0,0,0,0,0,0,0,0,0
3834,Joe Bob,OG,Kentucky,4,0,0,0,0,0,0,0,0,0,0,0
3835,Joe Bob,WR,Kentucky,2,0,0,0,0,0,0,0,0,0,0,0
3836,Joe Bob,OG,Kentucky,1,0,0,0,0,0,0,0,0,0,0,0
3837,Joe Bob,FB,Kentucky,3,0,0,0,0,0,0,0,0,0,0,0
3838,Joe Bob,OT,Kentucky,4,0,0,0,0,0,0,0,0,0,0,0
3839,Joe Bob,OT,Kentucky,1,0,0,0,0,0,0,0,0,0,0,0
3840,Joe Bob,OG,Kentucky,3,0,0,0,0,0,0,0,0,0,0,0
3841,Joe Bob,WR,Kentucky,1,0,0,0,0,0,0,0,0,0,0,0
3842,Joe Bob,WR,Kentucky,1,0,0,0,0,0,0,0,0,0,0,0
3843,Joe Bob,OG,Kentucky,4,0,0,0,0,0,0,0,0,0,0,0
3844,Joe Bob,OT,Kentucky,2,0,0,0,0,0,0,0,0,0,0,0
3845,Joe Bob,OG,Kentucky,4,0,0,0,0,0,0,0,0,0,0,0
3846,Joe Bob,OG,Kentucky,3,0,0,0,0,0,0,0,0,0,0,0
3847,Joe Bob,OG,Kentucky,1,0,0,0,0,0,0,0,0,0,0,0
3848,Joe Bob,OG,Kentucky,2,0,0,0,0,0,0,0,0,0,0,0
3849,Joe Bob,OG,Kentucky,4,0,0,0,0,0,0,0,0,0,0,0
3850,Joe Bob,OG,Kentucky,1,0,0,0,0,0,0,0,0,0,0,0
3851,Joe Bob,OG,Kentucky,3,0,0,0,0,0,0,0,0,0,0,0
3852,Joe Bob,RB,Kentucky,2,0,0,0,0,0,0,0,0,0,0,0
3853,Joe Bob,WR,Kentucky,1,0,0,0,0,0,0,0,0,0,0,0
3854,Joe Bob,OG,Kentucky,3,0,0,0,0,0,0,0,0,0,0,0
3855,Joe Bob,OG,Kentucky,3,0,0,0,0,0,0,0,0,0,0,0
3856,Joe Bob,OG,Kentucky,3,0,0,0,0,0,0,0,0,0,0,0
3857,Joe Bob,WR,Kentucky,3,0,0,0,0,0,0,0,0,0,0,0
3858,Joe Bob,OT,Kentucky,2,0,0,0,0,0,0,0,0,0,0,0
3859,Joe Bob,OT,Kentucky,1,0,0,0,0,0,0,0,0,0,0,0
3860,Joe Bob,FB,Kentucky,4,0,0,0,0,0,0,0,0,0,0,0
3861,Joe Bob,RB,Kentucky,4,0,0,0,0,0,0,0,0,0,0,0
3862,Joe Bob,OT,Kentucky,1,0,0,0,0,0,0,0,0,0,0,0
3863,Joe Bob,OG,Kentucky,3,0,0,0,0,0,0,0,0,0,0,0
3864,Joe Bob,OT,Kentucky,2,0,0,0,0,0,0,0,0,0,0,0
3865,Joe Bob,OG,Kentucky,1,0,0,0,0,0,0,0,0,0,0,0
3866,Joe Bob,OG,Kentucky,1,0,0,0,0,0,0,0,0,0,0,0
3867,Joe Bob,OG,Kentucky,1,0,0,0,0,0,0,0,0,0,0,0
3868,Joe Bob,OG,Kentucky,1,0,0,0,0,0,0,0,0,0,0,0
3869,Joe Bob,OG,Kentucky,3,0,0,0,0,0,0,0,0,0,0,0
3870,Joe Bob,OG,Kentucky,2,0,0,0,0,0,0,0,0,0,0,0
3871,Joe Bob,OG,Kentucky,1,0,0,0,0,0,0,0,0,0,0,0
3872,Joe Bob,QB,Kentucky,3,0,0,0,0,0,0,0,0,0,0,0
3873,Joe Bob,OG,Kentucky,3,0,0,0,0,0,0,0,0,0,0,0
3874,Joe Bob,OG,Kentucky,3,0,0,0,0,0,0,0,0,0,0,0
3875,Joe Bob,FB,Kentucky,4,0,0,0,0,0,0,0,0,0,0,0
3876,Joe Bob,OG,Kentucky,3,0,0,0,0,0,0,0,0,0,0,0
3877,Joe Bob,OT,Kentucky,3,0,0,0,0,0,0,0,0,0,0,0
3878,Joe Bob,WR,Kentucky,4,0,0,0,0,0,0,0,0,0,0,0
3879,Joe Bob,WR,Kentucky,1,0,0,0,0,0,0,0,0,0,0,0
3880,Joe Bob,OG,Kentucky,4,0,0,0,0,0,0,0,0,0,0,0
3881,Joe Bob,OG,Kentucky,4,0,0,0,0,0,0,0,0,0,0,0
3882,Joe Bob,OG,Kentucky,4,0,0,0,0,0,0,0,0,0,0,0
3883,Joe Bob,OT,Kentucky,2,0,0,0,0,0,0,0,0,0,0,0
3884,Joe Bob,OG,Kentucky,1,0,0,0,0,0,0,0,0,0,0,0
3885,Joe Bob,OG,Kentucky,2,0,0,0,0,0,0,0,0,0,0,0
3886,Joe Bob,OT,Kentucky,3,0,0,0,0,0,0,0,0,0,0,0
3887,Joe Bob,QB,Kentucky,1,0,0,0,0,0,0,0,0,0,0,0
3888,Joe Bob,OG,Kentucky,4,0,0,0,0,0,0,0,0,0,0,0
3889,Joe Bob,OG,Kentucky,3,0,0,0,0,0,0,0,0,0,0,0
3890,Joe Bob,FB,Kentucky,4,0,0,0,0,0,0,0,0,0,0,0
3891,Joe Bob,OG,Kentucky,4,0,0,0,0,0,0,0,0,0,0,0
3892,Joe Bob,WR,Kentucky,3,0,0,0,0,0,0,0,0,0,0,0
3893,Joe Bob,OG,Kentucky,4,0,0,0,0,0,0,0,0,0,0,0
3894,Joe Bob,OG,Kentucky,4,0,0,0,0,0,0,0,0,0,0,0
3895,Joe Bob,OG,Kentucky,4,0,0,0,0,0,0,0,0,0,0,0
3896,Joe Bob,QB,Kentucky,3,0,0,0,0,0,0,0,0,0,0,0
3897,Joe Bob,OG,Kentucky,3,0,0,0,0,0,0,0,0,0,0,0
3898,Joe Bob,OG,Kentucky,2,0,0,0,0,0,0,0,0,0,0,0
3899,Joe Bob,OT,Kentucky,2,0,0,0,0,0,0,0,0,0,0,0
3900,Joe Bob,QB,Kentucky,1,0,0,0,0,0,0,0,0,0,0,0
3901,Joe Bob,OG,Liberty,3,0,0,0,0,0,0,0,0,0,0,0
3902,Joe Bob,OG,Liberty,1,0,0,0,0,0,0,0,0,0,0,0
3903,Joe Bob,OG,Liberty,3,0,0,0,0,0,0,0,0,0,0,0
3904,Joe Bob,OG,Liberty,1,0,0,0,0,0,0,0,0,0,0,0
3905,Joe Bob,QB,Liberty,3,0,0,0,0,0,0,0,0,0,0,0
3906,Joe Bob,WR,Liberty,4,0,0,0,0,0,0,0,0,0,0,0
3907,Joe Bob,OG,Liberty,2,0,0,0,0,0,0,0,0,0,0,0
3908,Joe Bob,OG,Liberty,4,0,0,0,0,0,0,0,0,0,0,0
3909,Joe Bob,OG,Liberty,4,0,0,0,0,0,0,0,0,0,0,0
3910,Joe Bob,OG,Liberty,2,0,0,0,0,0,0,0,0,0,0,0
3911,Joe Bob,OG,Liberty,1,0,0,0,0,0,0,0,0,0,0,0
3912,Joe Bob,RB,Liberty,3,0,0,0,0,0,0,0,0,0,0,0
3913,Joe Bob,OG,Liberty,4,0,0,0,0,0,0,0,0,0,0,0
3914,Joe Bob,OG,Liberty,1,0,0,0,0,0,0,0,0,0,0,0
3915,Joe Bob,OG,Liberty,4,0,0,0,0,0,0,0,0,0,0,0
3916,Joe Bob,OG,Liberty,3,0,0,0,0,0,0,0,0,0,0,0
3917,Joe Bob,OG,Liberty,3,0,0,0,0,0,0,0,0,0,0,0
3918,Joe Bob,OG,Liberty,2,0,0,0,0,0,0,0,0,0,0,0
3919,Joe Bob,OG,Liberty,2,0,0,0,0,0,0,0,0,0,0,0
3920,Joe Bob,OG,Liberty,1,0,0,0,0,0,0,0,0,0,0,0
3921,Joe Bob,OG,Liberty,3,0,0,0,0,0,0,0,0,0,0,0
3922,Joe Bob,OG,Liberty,3,0,0,0,0,0,0,0,0,0,0,0
3923,Joe Bob,OG,Liberty,1,0,0,0,0,0,0,0,0,0,0,0
3924,Joe Bob,FB,Liberty,2,0,0,0,0,0,0,0,0,0,0,0
3925,Joe Bob,OG,Liberty,2,0,0,0,0,0,0,0,0,0,0,0
3926,Joe Bob,RB,Liberty,4,0,0,0,0,0,0,0,0,0,0,0
3927,Joe Bob,OG,Liberty,4,0,0,0,0,0,0,0,0,0,0,0
3928,Joe Bob,OG,Liberty,3,0,0,0,0,0,0,0,0,0,0,0
3929,Joe Bob,OT,Liberty,4,0,0,0,0,0,0,0,0,0,0,0
3930,Joe Bob,OT,Liberty,2,0,0,0,0,0,0,0,0,0,0,0
3931,Joe Bob,RB,Liberty,4,0,0,0,0,0,0,0,0,0,0,0
3932,Joe Bob,OG,Liberty,1,0,0,0,0,0,0,0,0,0,0,0
3933,Joe Bob,OG,Liberty,4,0,0,0,0,0,0,0,0,0,0,0
3934,Joe Bob,OG,Liberty,4,0,0,0,0,0,0,0,0,0,0,0
3935,Joe Bob,OG,Liberty,1,0,0,0,0,0,0,0,0,0,0,0
3936,Joe Bob,OG,Liberty,1,0,0,0,0,0,0,0,0,0,0,0
3937,Joe Bob,RB,Liberty,2,0,0,0,0,0,0,0,0,0,0,0
3938,Joe Bob,WR,Liberty,1,0,0,0,0,0,0,0,0,0,0,0
3939,Joe Bob,OG,Liberty,1,0,0,0,0,0,0,0,0,0,0,0
3940,Joe Bob,OG,Liberty,3,0,0,0,0,0,0,0,0,0,0,0
3941,Joe Bob,OG,Liberty,2,0,0,0,0,0,0,0,0,0,0,0
3942,Joe Bob,QB,Liberty,3,0,0,0,0,0,0,0,0,0,0,0
3943,Joe Bob,OG,Liberty,1,0,0,0,0,0,0,0,0,0,0,0
3944,Joe Bob,OG,Liberty,2,0,0,0,0,0,0,0,0,0,0,0
3945,Joe Bob,WR,Liberty,4,0,0,0,0,0,0,0,0,0,0,0
3946,Joe Bob,OG,Liberty,4,0,0,0,0,0,0,0,0,0,0,0
3947,Joe Bob,OG,Liberty,3,0,0,0,0,0,0,0,0,0,0,0
3948,Joe Bob,OG,Liberty,4,0,0,0,0,0,0,0,0,0,0,0
3949,Joe Bob,OG,Liberty,3,0,0,0,0,0,0,0,0,0,0,0
3950,Joe Bob,OG,Liberty,1,0,0,0,0,0,0,0,0,0,0,0
3951,Joe Bob,OG,Liberty,1,0,0,0,0,0,0,0,0,0,0,0
3952,Joe Bob,OG,Liberty,4,0,0,0,0,0,0,0,0,0,0,0
3953,Joe Bob,QB,Liberty,1,0,0,0,0,0,0,0,0,0,0,0
3954,Joe Bob,OG,Liberty,3,0,0,0,0,0,0,0,0,0,0,0
3955,Joe Bob,OG,Liberty,3,0,0,0,0,0,0,0,0,0,0,0
3956,Joe Bob,OG,Liberty,2,0,0,0,0,0,0,0,0,0,0,0
3957,Joe Bob,OG,Liberty,2,0,0,0,0,0,0,0,0,0,0,0
3958,Joe Bob,OG,Liberty,4,0,0,0,0,0,0,0,0,0,0,0
3959,Joe Bob,OG,Liberty,3,0,0,0,0,0,0,0,0,0,0,0
3960,Joe Bob,WR,Liberty,3,0,0,0,0,0,0,0,0,0,0,0
3961,Joe Bob,OG,Liberty,4,0,0,0,0,0,0,0,0,0,0,0
3962,Joe Bob,OG,Liberty,3,0,0,0,0,0,0,0,0,0,0,0
3963,Joe Bob,WR,Liberty,1,0,0,0,0,0,0,0,0,0,0,0
3964,Joe Bob,OG,Liberty,3,0,0,0,0,0,0,0,0,0,0,0
3965,Joe Bob,OG,Liberty,4,0,0,0,0,0,0,0,0,0,0,0
3966,Joe Bob,FB,Liberty,2,0,0,0,0,0,0,0,0,0,0,0
3967,Joe Bob,OG,Liberty,4,0,0,0,0,0,0,0,0,0,0,0
3968,Joe Bob,OG,Liberty,3,0,0,0,0,0,0,0,0,0,0,0
3969,Joe Bob,OG,Liberty,4,0,0,0,0,0,0,0,0,0,0,0
3970,Joe Bob,OG,Liberty,2,0,0,0,0,0,0,0,0,0,0,0
3971,Joe Bob,OG,Liberty,1,0,0,0,0,0,0,0,0,0,0,0
3972,Joe Bob,OG,Liberty,2,0,0,0,0,0,0,0,0,0,0,0
3973,Joe Bob,OG,Liberty,3,0,0,0,0,0,0,0,0,0,0,0
3974,Joe Bob,OG,Liberty,2,0,0,0,0,0,0,0,0,0,0,0
3975,Joe Bob,OG,Liberty,3,0,0,0,0,0,0,0,0,0,0,0
3976,Joe Bob,OG,Louisiana,2,0,0,0,0,0,0,0,0,0,0,0
3977,Joe Bob,RB,Louisiana,2,0,0,0,0,0,0,0,0,0,0,0
3978,Joe Bob,WR,Louisiana,3,0,0,0,0,0,0,0,0,0,0,0
3979,Joe Bob,OG,Louisiana,3,0,0,0,0,0,0,0,0,0,0,0
3980,Joe Bob,RB,Louisiana,3,0,0,0,0,0,0,0,0,0,0,0
3981,Joe Bob,OG,Louisiana,4,0,0,0,0,0,0,0,0,0,0,0
3982,Joe Bob,OG,Louisiana,3,0,0,0,0,0,0,0,0,0,0,0
3983,Joe Bob,OG,Louisiana,1,0,0,0,0,0,0,0,0,0,0,0
3984,Joe Bob,OG,Louisiana,3,0,0,0,0,0,0,0,0,0,0,0
3985,Joe Bob,RB,Louisiana,1,0,0,0,0,0,0,0,0,0,0,0
3986,Joe Bob,OG,Louisiana,4,0,0,0,0,0,0,0,0,0,0,0
3987,Joe Bob,OG,Louisiana,1,0,0,0,0,0,0,0,0,0,0,0
3988,Joe Bob,OG,Louisiana,2,0,0,0,0,0,0,0,0,0,0,0
3989,Joe Bob,OG,Louisiana,3,0,0,0,0,0,0,0,0,0,0,0
3990,Joe Bob,OG,Louisiana,2,0,0,0,0,0,0,0,0,0,0,0
3991,Joe Bob,OG,Louisiana,1,0,0,0,0,0,0,0,0,0,0,0
3992,Joe Bob,OG,Louisiana,2,0,0,0,0,0,0,0,0,0,0,0
3993,Joe Bob,OG,Louisiana,2,0,0,0,0,0,0,0,0,0,0,0
3994,Joe Bob,OG,Louisiana,2,0,0,0,0,0,0,0,0,0,0,0
3995,Joe Bob,OG,Louisiana,2,0,0,0,0,0,0,0,0,0,0,0
3996,Joe Bob,OG,Louisiana,1,0,0,0,0,0,0,0,0,0,0,0
3997,Joe Bob,WR,Louisiana,2,0,0,0,0,0,0,0,0,0,0,0
3998,Joe Bob,OG,Louisiana,3,0,0,0,0,0,0,0,0,0,0,0
3999,Joe Bob,OG,Louisiana,3,0,0,0,0,0,0,0,0,0,0,0
4000,Joe Bob,OG,Louisiana,3,0,0,0,0,0,0,0,0,0,0,0
4001,Joe Bob,OT,Louisiana,2,0,0,0,0,0,0,0,0,0,0,0
4002,Joe Bob,OG,Louisiana,4,0,0,0,0,0,0,0,0,0,0,0
4003,Joe Bob,RB,Louisiana,4,0,0,0,0,0,0,0,0,0,0,0
4004,Joe Bob,OG,Louisiana,3,0,0,0,0,0,0,0,0,0,0,0
4005,Joe Bob,OG,Louisiana,1,0,0,0,0,0,0,0,0,0,0,0
4006,Joe Bob,OG,Louisiana,3,0,0,0,0,0,0,0,0,0,0,0
4007,Joe Bob,OG,Louisiana,2,0,0,0,0,0,0,0,0,0,0,0
4008,Joe Bob,OT,Louisiana,1,0,0,0,0,0,0,0,0,0,0,0
4009,Joe Bob,OG,Louisiana,1,0,0,0,0,0,0,0,0,0,0,0
4010,Joe Bob,OG,Louisiana,1,0,0,0,0,0,0,0,0,0,0,0
4011,Joe Bob,OG,Louisiana,1,0,0,0,0,0,0,0,0,0,0,0
4012,Joe Bob,OG,Louisiana,3,0,0,0,0,0,0,0,0,0,0,0
4013,Joe Bob,OG,Louisiana,3,0,0,0,0,0,0,0,0,0,0,0
4014,Joe Bob,RB,Louisiana,1,0,0,0,0,0,0,0,0,0,0,0
4015,Joe Bob,OG,Louisiana,3,0,0,0,0,0,0,0,0,0,0,0
4016,Joe Bob,OG,Louisiana,1,0,0,0,0,0,0,0,0,0,0,0
4017,Joe Bob,OG,Louisiana,3,0,0,0,0,0,0,0,0,0,0,0
4018,Joe Bob,OG,Louisiana,4,0,0,0,0,0,0,0,0,0,0,0
4019,Joe Bob,OG,Louisiana,3,0,0,0,0,0,0,0,0,0,0,0
4020,Joe Bob,OG,Louisiana,4,0,0,0,0,0,0,0,0,0,0,0
4021,Joe Bob,WR,Louisiana,2,0,0,0,0,0,0,0,0,0,0,0
4022,Joe Bob,FB,Louisiana,1,0,0,0,0,0,0,0,0,0,0,0
4023,Joe Bob,OG,Louisiana,4,0,0,0,0,0,0,0,0,0,0,0
4024,Joe Bob,OT,Louisiana,4,0,0,0,0,0,0,0,0,0,0,0
4025,Joe Bob,WR,Louisiana,2,0,0,0,0,0,0,0,0,0,0,0
4026,Joe Bob,OG,Louisiana,1,0,0,0,0,0,0,0,0,0,0,0
4027,Joe Bob,OG,Louisiana,2,0,0,0,0,0,0,0,0,0,0,0
4028,Joe Bob,OG,Louisiana,3,0,0,0,0,0,0,0,0,0,0,0
4029,Joe Bob,OG,Louisiana,3,0,0,0,0,0,0,0,0,0,0,0
4030,Joe Bob,OG,Louisiana,3,0,0,0,0,0,0,0,0,0,0,0
4031,Joe Bob,OG,Louisiana,3,0,0,0,0,0,0,0,0,0,0,0
4032,Joe Bob,OG,Louisiana,3,0,0,0,0,0,0,0,0,0,0,0
4033,Joe Bob,OG,Louisiana,4,0,0,0,0,0,0,0,0,0,0,0
4034,Joe Bob,WR,Louisiana,2,0,0,0,0,0,0,0,0,0,0,0
4035,Joe Bob,WR,Louisiana,1,0,0,0,0,0,0,0,0,0,0,0
4036,Joe Bob,OG,Louisiana,2,0,0,0,0,0,0,0,0,0,0,0
4037,Joe Bob,OG,Louisiana,4,0,0,0,0,0,0,0,0,0,0,0
4038,Joe Bob,WR,Louisiana,1,0,0,0,0,0,0,0,0,0,0,0
4039,Joe Bob,OG,Louisiana,1,0,0,0,0,0,0,0,0,0,0,0
4040,Joe Bob,OG,Louisiana,1,0,0,0,0,0,0,0,0,0,0,0
4041,Joe Bob,OG,Louisiana,1,0,0,0,0,0,0,0,0,0,0,0
4042,Joe Bob,OT,Louisiana,2,0,0,0,0,0,0,0,0,0,0,0
4043,Joe Bob,OG,Louisiana,4,0,0,0,0,0,0,0,0,0,0,0
4044,Joe Bob,OG,Louisiana,2,0,0,0,0,0,0,0,0,0,0,0
4045,Joe Bob,OG,Louisiana,2,0,0,0,0,0,0,0,0,0,0,0
4046,Joe Bob,OG,Louisiana,1,0,0,0,0,0,0,0,0,0,0,0
4047,Joe Bob,OG,Louisiana,2,0,0,0,0,0,0,0,0,0,0,0
4048,Joe Bob,OG,Louisiana,2,0,0,0,0,0,0,0,0,0,0,0
4049,Joe Bob,WR,Louisiana,3,0,0,0,0,0,0,0,0,0,0,0
4050,Joe Bob,OG,Louisiana,4,0,0,0,0,0,0,0,0,0,0,0
4051,Joe Bob,QB,Louisiana Tech,2,0,0,0,0,0,0,0,0,0,0,0
4052,Joe Bob,OG,Louisiana Tech,4,0,0,0,0,0,0,0,0,0,0,0
4053,Joe Bob,WR,Louisiana Tech,2,0,0,0,0,0,0,0,0,0,0,0
4054,Joe Bob,OG,Louisiana Tech,4,0,0,0,0,0,0,0,0,0,0,0
4055,Joe Bob,RB,Louisiana Tech,1,0,0,0,0,0,0,0,0,0,0,0
4056,Joe Bob,OG,Louisiana Tech,3,0,0,0,0,0,0,0,0,0,0,0
4057,Joe Bob,OG,Louisiana Tech,1,0,0,0,0,0,0,0,0,0,0,0
4058,Joe Bob,OG,Louisiana Tech,4,0,0,0,0,0,0,0,0,0,0,0
4059,Joe Bob,OG,Louisiana Tech,1,0,0,0,0,0,0,0,0,0,0,0
4060,Joe Bob,OG,Louisiana Tech,1,0,0,0,0,0,0,0,0,0,0,0
4061,Joe Bob,OG,Louisiana Tech,4,0,0,0,0,0,0,0,0,0,0,0
4062,Joe Bob,OG,Louisiana Tech,4,0,0,0,0,0,0,0,0,0,0,0
4063,Joe Bob,OG,Louisiana Tech,3,0,0,0,0,0,0,0,0,0,0,0
4064,Joe Bob,OG,Louisiana Tech,4,0,0,0,0,0,0,0,0,0,0,0
4065,Joe Bob,WR,Louisiana Tech,2,0,0,0,0,0,0,0,0,0,0,0
4066,Joe Bob,OT,Louisiana Tech,4,0,0,0,0,0,0,0,0,0,0,0
4067,Joe Bob,OT,Louisiana Tech,2,0,0,0,0,0,0,0,0,0,0,0
4068,Joe Bob,OG,Louisiana Tech,1,0,0,0,0,0,0,0,0,0,0,0
4069,Joe Bob,OG,Louisiana Tech,1,0,0,0,0,0,0,0,0,0,0,0
4070,Joe Bob,OG,Louisiana Tech,3,0,0,0,0,0,0,0,0,0,0,0
4071,Joe Bob,OG,Louisiana Tech,2,0,0,0,0,0,0,0,0,0,0,0
4072,Joe Bob,OG,Louisiana Tech,3,0,0,0,0,0,0,0,0,0,0,0
4073,Joe Bob,OG,Louisiana Tech,1,0,0,0,0,0,0,0,0,0,0,0
4074,Joe Bob,OG,Louisiana Tech,3,0,0,0,0,0,0,0,0,0,0,0
4075,Joe Bob,OG,Louisiana Tech,4,0,0,0,0,0,0,0,0,0,0,0
4076,Joe Bob,WR,Louisiana Tech,3,0,0,0,0,0,0,0,0,0,0,0
4077,Joe Bob,OG,Louisiana Tech,3,0,0,0,0,0,0,0,0,0,0,0
4078,Joe Bob,OG,Louisiana Tech,4,0,0,0,0,0,0,0,0,0,0,0
4079,Joe Bob,WR,Louisiana Tech,4,0,0,0,0,0,0,0,0,0,0,0
4080,Joe Bob,OG,Louisiana Tech,1,0,0,0,0,0,0,0,0,0,0,0
4081,Joe Bob,OG,Louisiana Tech,4,0,0,0,0,0,0,0,0,0,0,0
4082,Joe Bob,WR,Louisiana Tech,4,0,0,0,0,0,0,0,0,0,0,0
4083,Joe Bob,OG,Louisiana Tech,4,0,0,0,0,0,0,0,0,0,0,0
4084,Joe Bob,OT,Louisiana Tech,1,0,0,0,0,0,0,0,0,0,0,0
4085,Joe Bob,OG,Louisiana Tech,2,0,0,0,0,0,0,0,0,0,0,0
4086,Joe Bob,OG,Louisiana Tech,4,0,0,0,0,0,0,0,0,0,0,0
4087,Joe Bob,WR,Louisiana Tech,1,0,0,0,0,0,0,0,0,0,0,0
4088,Joe Bob,OG,Louisiana Tech,1,0,0,0,0,0,0,0,0,0,0,0
4089,Joe Bob,OG,Louisiana Tech,3,0,0,0,0,0,0,0,0,0,0,0
4090,Joe Bob,OG,Louisiana Tech,2,0,0,0,0,0,0,0,0,0,0,0
4091,Joe Bob,OG,Louisiana Tech,3,0,0,0,0,0,0,0,0,0,0,0
4092,Joe Bob,OG,Louisiana Tech,3,0,0,0,0,0,0,0,0,0,0,0
4093,Joe Bob,WR,Louisiana Tech,2,0,0,0,0,0,0,0,0,0,0,0
4094,Joe Bob,OG,Louisiana Tech,3,0,0,0,0,0,0,0,0,0,0,0
4095,Joe Bob,RB,Louisiana Tech,3,0,0,0,0,0,0,0,0,0,0,0
4096,Joe Bob,WR,Louisiana Tech,4,0,0,0,0,0,0,0,0,0,0,0
4097,Joe Bob,OG,Louisiana Tech,1,0,0,0,0,0,0,0,0,0,0,0
4098,Joe Bob,WR,Louisiana Tech,1,0,0,0,0,0,0,0,0,0,0,0
4099,Joe Bob,OG,Louisiana Tech,2,0,0,0,0,0,0,0,0,0,0,0
4100,Joe Bob,OG,Louisiana Tech,1,0,0,0,0,0,0,0,0,0,0,0
4101,Joe Bob,OG,Louisiana Tech,1,0,0,0,0,0,0,0,0,0,0,0
4102,Joe Bob,OG,Louisiana Tech,3,0,0,0,0,0,0,0,0,0,0,0
4103,Joe Bob,OG,Louisiana Tech,4,0,0,0,0,0,0,0,0,0,0,0
4104,Joe Bob,OG,Louisiana Tech,3,0,0,0,0,0,0,0,0,0,0,0
4105,Joe Bob,OG,Louisiana Tech,2,0,0,0,0,0,0,0,0,0,0,0
4106,Joe Bob,OT,Louisiana Tech,2,0,0,0,0,0,0,0,0,0,0,0
4107,Joe Bob,OG,Louisiana Tech,4,0,0,0,0,0,0,0,0,0,0,0
4108,Joe Bob,WR,Louisiana Tech,2,0,0,0,0,0,0,0,0,0,0,0
4109,Joe Bob,OG,Louisiana Tech,1,0,0,0,0,0,0,0,0,0,0,0
4110,Joe Bob,QB,Louisiana Tech,2,0,0,0,0,0,0,0,0,0,0,0
4111,Joe Bob,WR,Louisiana Tech,4,0,0,0,0,0,0,0,0,0,0,0
4112,Joe Bob,OT,Louisiana Tech,1,0,0,0,0,0,0,0,0,0,0,0
4113,Joe Bob,OT,Louisiana Tech,3,0,0,0,0,0,0,0,0,0,0,0
4114,Joe Bob,WR,Louisiana Tech,1,0,0,0,0,0,0,0,0,0,0,0
4115,Joe Bob,QB,Louisiana Tech,1,0,0,0,0,0,0,0,0,0,0,0
4116,Joe Bob,OG,Louisiana Tech,4,0,0,0,0,0,0,0,0,0,0,0
4117,Joe Bob,OT,Louisiana Tech,2,0,0,0,0,0,0,0,0,0,0,0
4118,Joe Bob,OT,Louisiana Tech,4,0,0,0,0,0,0,0,0,0,0,0
4119,Joe Bob,OG,Louisiana Tech,3,0,0,0,0,0,0,0,0,0,0,0
4120,Joe Bob,OG,Louisiana Tech,1,0,0,0,0,0,0,0,0,0,0,0
4121,Joe Bob,OG,Louisiana Tech,1,0,0,0,0,0,0,0,0,0,0,0
4122,Joe Bob,OG,Louisiana Tech,4,0,0,0,0,0,0,0,0,0,0,0
4123,Joe Bob,OG,Louisiana Tech,1,0,0,0,0,0,0,0,0,0,0,0
4124,Joe Bob,OG,Louisiana Tech,3,0,0,0,0,0,0,0,0,0,0,0
4125,Joe Bob,QB,Louisiana Tech,3,0,0,0,0,0,0,0,0,0,0,0
4126,Joe Bob,WR,Louisville,2,0,0,0,0,0,0,0,0,0,0,0
4127,Joe Bob,OG,Louisville,4,0,0,0,0,0,0,0,0,0,0,0
4128,Joe Bob,OG,Louisville,4,0,0,0,0,0,0,0,0,0,0,0
4129,Joe Bob,RB,Louisville,4,0,0,0,0,0,0,0,0,0,0,0
4130,Joe Bob,OT,Louisville,3,0,0,0,0,0,0,0,0,0,0,0
4131,Joe Bob,RB,Louisville,2,0,0,0,0,0,0,0,0,0,0,0
4132,Joe Bob,OG,Louisville,1,0,0,0,0,0,0,0,0,0,0,0
4133,Joe Bob,OT,Louisville,3,0,0,0,0,0,0,0,0,0,0,0
4134,Joe Bob,QB,Louisville,3,0,0,0,0,0,0,0,0,0,0,0
4135,Joe Bob,OT,Louisville,4,0,0,0,0,0,0,0,0,0,0,0
4136,Joe Bob,OG,Louisville,3,0,0,0,0,0,0,0,0,0,0,0
4137,Joe Bob,WR,Louisville,1,0,0,0,0,0,0,0,0,0,0,0
4138,Joe Bob,OG,Louisville,1,0,0,0,0,0,0,0,0,0,0,0
4139,Joe Bob,OT,Louisville,1,0,0,0,0,0,0,0,0,0,0,0
4140,Joe Bob,OG,Louisville,4,0,0,0,0,0,0,0,0,0,0,0
4141,Joe Bob,OG,Louisville,2,0,0,0,0,0,0,0,0,0,0,0
4142,Joe Bob,OG,Louisville,3,0,0,0,0,0,0,0,0,0,0,0
4143,Joe Bob,OG,Louisville,2,0,0,0,0,0,0,0,0,0,0,0
4144,Joe Bob,OT,Louisville,1,0,0,0,0,0,0,0,0,0,0,0
4145,Joe Bob,OG,Louisville,3,0,0,0,0,0,0,0,0,0,0,0
4146,Joe Bob,OG,Louisville,3,0,0,0,0,0,0,0,0,0,0,0
4147,Joe Bob,OG,Louisville,3,0,0,0,0,0,0,0,0,0,0,0
4148,Joe Bob,QB,Louisville,3,0,0,0,0,0,0,0,0,0,0,0
4149,Joe Bob,OG,Louisville,3,0,0,0,0,0,0,0,0,0,0,0
4150,Joe Bob,OT,Louisville,3,0,0,0,0,0,0,0,0,0,0,0
4151,Joe Bob,OG,Louisville,4,0,0,0,0,0,0,0,0,0,0,0
4152,Joe Bob,RB,Louisville,1,0,0,0,0,0,0,0,0,0,0,0
4153,Joe Bob,OG,Louisville,4,0,0,0,0,0,0,0,0,0,0,0
4154,Joe Bob,OG,Louisville,4,0,0,0,0,0,0,0,0,0,0,0
4155,Joe Bob,OG,Louisville,4,0,0,0,0,0,0,0,0,0,0,0
4156,Joe Bob,WR,Louisville,2,0,0,0,0,0,0,0,0,0,0,0
4157,Joe Bob,RB,Louisville,4,0,0,0,0,0,0,0,0,0,0,0
4158,Joe Bob,OG,Louisville,2,0,0,0,0,0,0,0,0,0,0,0
4159,Joe Bob,WR,Louisville,3,0,0,0,0,0,0,0,0,0,0,0
4160,Joe Bob,OG,Louisville,4,0,0,0,0,0,0,0,0,0,0,0
4161,Joe Bob,OG,Louisville,3,0,0,0,0,0,0,0,0,0,0,0
4162,Joe Bob,OG,Louisville,2,0,0,0,0,0,0,0,0,0,0,0
4163,Joe Bob,RB,Louisville,2,0,0,0,0,0,0,0,0,0,0,0
4164,Joe Bob,OG,Louisville,3,0,0,0,0,0,0,0,0,0,0,0
4165,Joe Bob,OG,Louisville,3,0,0,0,0,0,0,0,0,0,0,0
4166,Joe Bob,RB,Louisville,4,0,0,0,0,0,0,0,0,0,0,0
4167,Joe Bob,OG,Louisville,4,0,0,0,0,0,0,0,0,0,0,0
4168,Joe Bob,OG,Louisville,4,0,0,0,0,0,0,0,0,0,0,0
4169,Joe Bob,OT,Louisville,3,0,0,0,0,0,0,0,0,0,0,0
4170,Joe Bob,OG,Louisville,3,0,0,0,0,0,0,0,0,0,0,0
4171,Joe Bob,OG,Louisville,2,0,0,0,0,0,0,0,0,0,0,0
4172,Joe Bob,WR,Louisville,2,0,0,0,0,0,0,0,0,0,0,0
4173,Joe Bob,OG,Louisville,4,0,0,0,0,0,0,0,0,0,0,0
4174,Joe Bob,OG,Louisville,3,0,0,0,0,0,0,0,0,0,0,0
4175,Joe Bob,OG,Louisville,4,0,0,0,0,0,0,0,0,0,0,0
4176,Joe Bob,OG,Louisville,2,0,0,0,0,0,0,0,0,0,0,0
4177,Joe Bob,OG,Louisville,2,0,0,0,0,0,0,0,0,0,0,0
4178,Joe Bob,OG,Louisville,2,0,0,0,0,0,0,0,0,0,0,0
4179,Joe Bob,FB,Louisville,4,0,0,0,0,0,0,0,0,0,0,0
4180,Joe Bob,OG,Louisville,2,0,0,0,0,0,0,0,0,0,0,0
4181,Joe Bob,OG,Louisville,4,0,0,0,0,0,0,0,0,0,0,0
4182,Joe Bob,OG,Louisville,4,0,0,0,0,0,0,0,0,0,0,0
4183,Joe Bob,WR,Louisville,2,0,0,0,0,0,0,0,0,0,0,0
4184,Joe Bob,OT,Louisville,1,0,0,0,0,0,0,0,0,0,0,0
4185,Joe Bob,OG,Louisville,3,0,0,0,0,0,0,0,0,0,0,0
4186,Joe Bob,OG,Louisville,3,0,0,0,0,0,0,0,0,0,0,0
4187,Joe Bob,WR,Louisville,1,0,0,0,0,0,0,0,0,0,0,0
4188,Joe Bob,OG,Louisville,4,0,0,0,0,0,0,0,0,0,0,0
4189,Joe Bob,OG,Louisville,3,0,0,0,0,0,0,0,0,0,0,0
4190,Joe Bob,OG,Louisville,4,0,0,0,0,0,0,0,0,0,0,0
4191,Joe Bob,OG,Louisville,1,0,0,0,0,0,0,0,0,0,0,0
4192,Joe Bob,OG,Louisville,2,0,0,0,0,0,0,0,0,0,0,0
4193,Joe Bob,OG,Louisville,1,0,0,0,0,0,0,0,0,0,0,0
4194,Joe Bob,OG,Louisville,3,0,0,0,0,0,0,0,0,0,0,0
4195,Joe Bob,OG,Louisville,3,0,0,0,0,0,0,0,0,0,0,0
4196,Joe Bob,OG,Louisville,2,0,0,0,0,0,0,0,0,0,0,0
4197,Joe Bob,QB,Louisville,2,0,0,0,0,0,0,0,0,0,0,0
4198,Joe Bob,OG,Louisville,3,0,0,0,0,0,0,0,0,0,0,0
4199,Joe Bob,WR,Louisville,4,0,0,0,0,0,0,0,0,0,0,0
4200,Joe Bob,FB,Louisville,3,0,0,0,0,0,0,0,0,0,0,0
4201,Joe Bob,OG,LSU,3,0,0,0,0,0,0,0,0,0,0,0
4202,Joe Bob,OG,LSU,4,0,0,0,0,0,0,0,0,0,0,0
4203,Joe Bob,OT,LSU,3,0,0,0,0,0,0,0,0,0,0,0
4204,Joe Bob,OG,LSU,4,0,0,0,0,0,0,0,0,0,0,0
4205,Joe Bob,OG,LSU,4,0,0,0,0,0,0,0,0,0,0,0
4206,Joe Bob,OG,LSU,4,0,0,0,0,0,0,0,0,0,0,0
4207,Joe Bob,OG,LSU,4,0,0,0,0,0,0,0,0,0,0,0
4208,Joe Bob,OT,LSU,2,0,0,0,0,0,0,0,0,0,0,0
4209,Joe Bob,OT,LSU,1,0,0,0,0,0,0,0,0,0,0,0
4210,Joe Bob,OG,LSU,2,0,0,0,0,0,0,0,0,0,0,0
4211,Joe Bob,FB,LSU,1,0,0,0,0,0,0,0,0,0,0,0
4212,Joe Bob,OG,LSU,1,0,0,0,0,0,0,0,0,0,0,0
4213,Joe Bob,OG,LSU,3,0,0,0,0,0,0,0,0,0,0,0
4214,Joe Bob,OG,LSU,2,0,0,0,0,0,0,0,0,0,0,0
4215,Joe Bob,OG,LSU,3,0,0,0,0,0,0,0,0,0,0,0
4216,Joe Bob,OG,LSU,2,0,0,0,0,0,0,0,0,0,0,0
4217,Joe Bob,OG,LSU,2,0,0,0,0,0,0,0,0,0,0,0
4218,Joe Bob,FB,LSU,4,0,0,0,0,0,0,0,0,0,0,0
4219,Joe Bob,OG,LSU,4,0,0,0,0,0,0,0,0,0,0,0
4220,Joe Bob,OG,LSU,3,0,0,0,0,0,0,0,0,0,0,0
4221,Joe Bob,OG,LSU,4,0,0,0,0,0,0,0,0,0,0,0
4222,Joe Bob,FB,LSU,3,0,0,0,0,0,0,0,0,0,0,0
4223,Joe Bob,OG,LSU,1,0,0,0,0,0,0,0,0,0,0,0
4224,Joe Bob,OG,LSU,4,0,0,0,0,0,0,0,0,0,0,0
4225,Joe Bob,OG,LSU,4,0,0,0,0,0,0,0,0,0,0,0
4226,Joe Bob,WR,LSU,2,0,0,0,0,0,0,0,0,0,0,0
4227,Joe Bob,OG,LSU,3,0,0,0,0,0,0,0,0,0,0,0
4228,Joe Bob,OG,LSU,2,0,0,0,0,0,0,0,0,0,0,0
4229,Joe Bob,OG,LSU,2,0,0,0,0,0,0,0,0,0,0,0
4230,Joe Bob,OG,LSU,1,0,0,0,0,0,0,0,0,0,0,0
4231,Joe Bob,OG,LSU,3,0,0,0,0,0,0,0,0,0,0,0
4232,Joe Bob,OG,LSU,1,0,0,0,0,0,0,0,0,0,0,0
4233,Joe Bob,OG,LSU,2,0,0,0,0,0,0,0,0,0,0,0
4234,Joe Bob,OG,LSU,4,0,0,0,0,0,0,0,0,0,0,0
4235,Joe Bob,OG,LSU,3,0,0,0,0,0,0,0,0,0,0,0
4236,Joe Bob,WR,LSU,1,0,0,0,0,0,0,0,0,0,0,0
4237,Joe Bob,OG,LSU,3,0,0,0,0,0,0,0,0,0,0,0
4238,Joe Bob,OT,LSU,4,0,0,0,0,0,0,0,0,0,0,0
4239,Joe Bob,WR,LSU,2,0,0,0,0,0,0,0,0,0,0,0
4240,Joe Bob,OG,LSU,3,0,0,0,0,0,0,0,0,0,0,0
4241,Joe Bob,OG,LSU,3,0,0,0,0,0,0,0,0,0,0,0
4242,Joe Bob,OG,LSU,4,0,0,0,0,0,0,0,0,0,0,0
4243,Joe Bob,OG,LSU,1,0,0,0,0,0,0,0,0,0,0,0
4244,Joe Bob,OG,LSU,1,0,0,0,0,0,0,0,0,0,0,0
4245,Joe Bob,OG,LSU,2,0,0,0,0,0,0,0,0,0,0,0
4246,Joe Bob,OG,LSU,2,0,0,0,0,0,0,0,0,0,0,0
4247,Joe Bob,OG,LSU,1,0,0,0,0,0,0,0,0,0,0,0
4248,Joe Bob,OG,LSU,2,0,0,0,0,0,0,0,0,0,0,0
4249,Joe Bob,OG,LSU,2,0,0,0,0,0,0,0,0,0,0,0
4250,Joe Bob,OG,LSU,2,0,0,0,0,0,0,0,0,0,0,0
4251,Joe Bob,QB,LSU,3,0,0,0,0,0,0,0,0,0,0,0
4252,Joe Bob,OG,LSU,3,0,0,0,0,0,0,0,0,0,0,0
4253,Joe Bob,OG,LSU,3,0,0,0,0,0,0,0,0,0,0,0
4254,Joe Bob,WR,LSU,4,0,0,0,0,0,0,0,0,0,0,0
4255,Joe Bob,OG,LSU,3,0,0,0,0,0,0,0,0,0,0,0
4256,Joe Bob,OG,LSU,4,0,0,0,0,0,0,0,0,0,0,0
4257,Joe Bob,OT,LSU,3,0,0,0,0,0,0,0,0,0,0,0
4258,Joe Bob,QB,LSU,1,0,0,0,0,0,0,0,0,0,0,0
4259,Joe Bob,OG,LSU,4,0,0,0,0,0,0,0,0,0,0,0
4260,Joe Bob,OG,LSU,1,0,0,0,0,0,0,0,0,0,0,0
4261,Joe Bob,OT,LSU,2,0,0,0,0,0,0,0,0,0,0,0
4262,Joe Bob,OG,LSU,2,0,0,0,0,0,0,0,0,0,0,0
4263,Joe Bob,OG,LSU,1,0,0,0,0,0,0,0,0,0,0,0
4264,Joe Bob,OG,LSU,1,0,0,0,0,0,0,0,0,0,0,0
4265,Joe Bob,OG,LSU,2,0,0,0,0,0,0,0,0,0,0,0
4266,Joe Bob,OG,LSU,2,0,0,0,0,0,0,0,0,0,0,0
4267,Joe Bob,OG,LSU,3,0,0,0,0,0,0,0,0,0,0,0
4268,Joe Bob,OG,LSU,3,0,0,0,0,0,0,0,0,0,0,0
4269,Joe Bob,WR,LSU,1,0,0,0,0,0,0,0,0,0,0,0
4270,Joe Bob,OG,LSU,1,0,0,0,0,0,0,0,0,0,0,0
4271,Joe Bob,OG,LSU,3,0,0,0,0,0,0,0,0,0,0,0
4272,Joe Bob,OG,LSU,3,0,0,0,0,0,0,0,0,0,0,0
4273,Joe Bob,OG,LSU,3,0,0,0,0,0,0,0,0,0,0,0
4274,Joe Bob,OG,LSU,2,0,0,0,0,0,0,0,0,0,0,0
4275,Joe Bob,OT,LSU,4,0,0,0,0,0,0,0,0,0,0,0
4276,Joe Bob,OG,Marshall,4,0,0,0,0,0,0,0,0,0,0,0
4277,Joe Bob,OG,Marshall,3,0,0,0,0,0,0,0,0,0,0,0
4278,Joe Bob,OG,Marshall,1,0,0,0,0,0,0,0,0,0,0,0
4279,Joe Bob,OG,Marshall,3,0,0,0,0,0,0,0,0,0,0,0
4280,Joe Bob,OG,Marshall,1,0,0,0,0,0,0,0,0,0,0,0
4281,Joe Bob,OT,Marshall,1,0,0,0,0,0,0,0,0,0,0,0
4282,Joe Bob,OG,Marshall,1,0,0,0,0,0,0,0,0,0,0,0
4283,Joe Bob,OG,Marshall,1,0,0,0,0,0,0,0,0,0,0,0
4284,Joe Bob,OG,Marshall,4,0,0,0,0,0,0,0,0,0,0,0
4285,Joe Bob,OG,Marshall,2,0,0,0,0,0,0,0,0,0,0,0
4286,Joe Bob,OG,Marshall,3,0,0,0,0,0,0,0,0,0,0,0
4287,Joe Bob,OG,Marshall,1,0,0,0,0,0,0,0,0,0,0,0
4288,Joe Bob,OG,Marshall,3,0,0,0,0,0,0,0,0,0,0,0
4289,Joe Bob,OG,Marshall,1,0,0,0,0,0,0,0,0,0,0,0
4290,Joe Bob,OG,Marshall,2,0,0,0,0,0,0,0,0,0,0,0
4291,Joe Bob,OG,Marshall,4,0,0,0,0,0,0,0,0,0,0,0
4292,Joe Bob,WR,Marshall,3,0,0,0,0,0,0,0,0,0,0,0
4293,Joe Bob,OG,Marshall,1,0,0,0,0,0,0,0,0,0,0,0
4294,Joe Bob,WR,Marshall,3,0,0,0,0,0,0,0,0,0,0,0
4295,Joe Bob,RB,Marshall,1,0,0,0,0,0,0,0,0,0,0,0
4296,Joe Bob,OG,Marshall,4,0,0,0,0,0,0,0,0,0,0,0
4297,Joe Bob,WR,Marshall,4,0,0,0,0,0,0,0,0,0,0,0
4298,Joe Bob,WR,Marshall,1,0,0,0,0,0,0,0,0,0,0,0
4299,Joe Bob,OT,Marshall,4,0,0,0,0,0,0,0,0,0,0,0
4300,Joe Bob,RB,Marshall,4,0,0,0,0,0,0,0,0,0,0,0
4301,Joe Bob,OG,Marshall,2,0,0,0,0,0,0,0,0,0,0,0
4302,Joe Bob,OG,Marshall,1,0,0,0,0,0,0,0,0,0,0,0
4303,Joe Bob,OG,Marshall,2,0,0,0,0,0,0,0,0,0,0,0
4304,Joe Bob,OG,Marshall,2,0,0,0,0,0,0,0,0,0,0,0
4305,Joe Bob,OG,Marshall,3,0,0,0,0,0,0,0,0,0,0,0
4306,Joe Bob,OG,Marshall,4,0,0,0,0,0,0,0,0,0,0,0
4307,Joe Bob,WR,Marshall,3,0,0,0,0,0,0,0,0,0,0,0
4308,Joe Bob,RB,Marshall,1,0,0,0,0,0,0,0,0,0,0,0
4309,Joe Bob,OG,Marshall,2,0,0,0,0,0,0,0,0,0,0,0
4310,Joe Bob,OG,Marshall,4,0,0,0,0,0,0,0,0,0,0,0
4311,Joe Bob,WR,Marshall,3,0,0,0,0,0,0,0,0,0,0,0
4312,Joe Bob,OG,Marshall,1,0,0,0,0,0,0,0,0,0,0,0
4313,Joe Bob,OG,Marshall,1,0,0,0,0,0,0,0,0,0,0,0
4314,Joe Bob,OG,Marshall,4,0,0,0,0,0,0,0,0,0,0,0
4315,Joe Bob,WR,Marshall,2,0,0,0,0,0,0,0,0,0,0,0
4316,Joe Bob,OG,Marshall,4,0,0,0,0,0,0,0,0,0,0,0
4317,Joe Bob,OG,Marshall,2,0,0,0,0,0,0,0,0,0,0,0
4318,Joe Bob,OG,Marshall,2,0,0,0,0,0,0,0,0,0,0,0
4319,Joe Bob,OG,Marshall,1,0,0,0,0,0,0,0,0,0,0,0
4320,Joe Bob,OG,Marshall,2,0,0,0,0,0,0,0,0,0,0,0
4321,Joe Bob,OG,Marshall,2,0,0,0,0,0,0,0,0,0,0,0
4322,Joe Bob,WR,Marshall,2,0,0,0,0,0,0,0,0,0,0,0
4323,Joe Bob,OG,Marshall,3,0,0,0,0,0,0,0,0,0,0,0
4324,Joe Bob,OG,Marshall,1,0,0,0,0,0,0,0,0,0,0,0
4325,Joe Bob,OG,Marshall,4,0,0,0,0,0,0,0,0,0,0,0
4326,Joe Bob,WR,Marshall,2,0,0,0,0,0,0,0,0,0,0,0
4327,Joe Bob,OG,Marshall,4,0,0,0,0,0,0,0,0,0,0,0
4328,Joe Bob,OG,Marshall,1,0,0,0,0,0,0,0,0,0,0,0
4329,Joe Bob,OG,Marshall,3,0,0,0,0,0,0,0,0,0,0,0
4330,Joe Bob,OG,Marshall,1,0,0,0,0,0,0,0,0,0,0,0
4331,Joe Bob,OG,Marshall,4,0,0,0,0,0,0,0,0,0,0,0
4332,Joe Bob,OG,Marshall,1,0,0,0,0,0,0,0,0,0,0,0
4333,Joe Bob,OG,Marshall,2,0,0,0,0,0,0,0,0,0,0,0
4334,Joe Bob,OG,Marshall,1,0,0,0,0,0,0,0,0,0,0,0
4335,Joe Bob,OG,Marshall,2,0,0,0,0,0,0,0,0,0,0,0
4336,Joe Bob,OG,Marshall,1,0,0,0,0,0,0,0,0,0,0,0
4337,Joe Bob,OG,Marshall,1,0,0,0,0,0,0,0,0,0,0,0
4338,Joe Bob,OG,Marshall,2,0,0,0,0,0,0,0,0,0,0,0
4339,Joe Bob,OG,Marshall,4,0,0,0,0,0,0,0,0,0,0,0
4340,Joe Bob,OG,Marshall,1,0,0,0,0,0,0,0,0,0,0,0
4341,Joe Bob,OG,Marshall,1,0,0,0,0,0,0,0,0,0,0,0
4342,Joe Bob,OG,Marshall,1,0,0,0,0,0,0,0,0,0,0,0
4343,Joe Bob,OG,Marshall,2,0,0,0,0,0,0,0,0,0,0,0
4344,Joe Bob,OG,Marshall,1,0,0,0,0,0,0,0,0,0,0,0
4345,Joe Bob,OG,Marshall,3,0,0,0,0,0,0,0,0,0,0,0
4346,Joe Bob,OG,Marshall,1,0,0,0,0,0,0,0,0,0,0,0
4347,Joe Bob,OG,Marshall,3,0,0,0,0,0,0,0,0,0,0,0
4348,Joe Bob,OG,Marshall,3,0,0,0,0,0,0,0,0,0,0,0
4349,Joe Bob,WR,Marshall,2,0,0,0,0,0,0,0,0,0,0,0
4350,Joe Bob,OG,Marshall,2,0,0,0,0,0,0,0,0,0,0,0
4351,Joe Bob,OG,Maryland,3,0,0,0,0,0,0,0,0,0,0,0
4352,Joe Bob,RB,Maryland,4,0,0,0,0,0,0,0,0,0,0,0
4353,Joe Bob,OT,Maryland,1,0,0,0,0,0,0,0,0,0,0,0
4354,Joe Bob,OT,Maryland,4,0,0,0,0,0,0,0,0,0,0,0
4355,Joe Bob,FB,Maryland,4,0,0,0,0,0,0,0,0,0,0,0
4356,Joe Bob,OG,Maryland,4,0,0,0,0,0,0,0,0,0,0,0
4357,Joe Bob,WR,Maryland,1,0,0,0,0,0,0,0,0,0,0,0
4358,Joe Bob,OT,Maryland,2,0,0,0,0,0,0,0,0,0,0,0
4359,Joe Bob,OG,Maryland,4,0,0,0,0,0,0,0,0,0,0,0
4360,Joe Bob,WR,Maryland,2,0,0,0,0,0,0,0,0,0,0,0
4361,Joe Bob,OG,Maryland,1,0,0,0,0,0,0,0,0,0,0,0
4362,Joe Bob,OG,Maryland,3,0,0,0,0,0,0,0,0,0,0,0
4363,Joe Bob,OG,Maryland,1,0,0,0,0,0,0,0,0,0,0,0
4364,Joe Bob,OG,Maryland,3,0,0,0,0,0,0,0,0,0,0,0
4365,Joe Bob,OG,Maryland,3,0,0,0,0,0,0,0,0,0,0,0
4366,Joe Bob,FB,Maryland,2,0,0,0,0,0,0,0,0,0,0,0
4367,Joe Bob,OG,Maryland,3,0,0,0,0,0,0,0,0,0,0,0
4368,Joe Bob,OG,Maryland,3,0,0,0,0,0,0,0,0,0,0,0
4369,Joe Bob,OT,Maryland,3,0,0,0,0,0,0,0,0,0,0,0
4370,Joe Bob,OG,Maryland,4,0,0,0,0,0,0,0,0,0,0,0
4371,Joe Bob,RB,Maryland,4,0,0,0,0,0,0,0,0,0,0,0
4372,Joe Bob,WR,Maryland,1,0,0,0,0,0,0,0,0,0,0,0
4373,Joe Bob,QB,Maryland,1,0,0,0,0,0,0,0,0,0,0,0
4374,Joe Bob,OG,Maryland,1,0,0,0,0,0,0,0,0,0,0,0
4375,Joe Bob,OT,Maryland,3,0,0,0,0,0,0,0,0,0,0,0
4376,Joe Bob,OG,Maryland,4,0,0,0,0,0,0,0,0,0,0,0
4377,Joe Bob,OG,Maryland,3,0,0,0,0,0,0,0,0,0,0,0
4378,Joe Bob,OG,Maryland,1,0,0,0,0,0,0,0,0,0,0,0
4379,Joe Bob,WR,Maryland,2,0,0,0,0,0,0,0,0,0,0,0
4380,Joe Bob,OG,Maryland,4,0,0,0,0,0,0,0,0,0,0,0
4381,Joe Bob,QB,Maryland,1,0,0,0,0,0,0,0,0,0,0,0
4382,Joe Bob,OG,Maryland,4,0,0,0,0,0,0,0,0,0,0,0
4383,Joe Bob,OG,Maryland,2,0,0,0,0,0,0,0,0,0,0,0
4384,Joe Bob,WR,Maryland,4,0,0,0,0,0,0,0,0,0,0,0
4385,Joe Bob,WR,Maryland,1,0,0,0,0,0,0,0,0,0,0,0
4386,Joe Bob,RB,Maryland,2,0,0,0,0,0,0,0,0,0,0,0
4387,Joe Bob,WR,Maryland,4,0,0,0,0,0,0,0,0,0,0,0
4388,Joe Bob,OT,Maryland,4,0,0,0,0,0,0,0,0,0,0,0
4389,Joe Bob,OG,Maryland,3,0,0,0,0,0,0,0,0,0,0,0
4390,Joe Bob,WR,Maryland,2,0,0,0,0,0,0,0,0,0,0,0
4391,Joe Bob,OT,Maryland,3,0,0,0,0,0,0,0,0,0,0,0
4392,Joe Bob,OG,Maryland,2,0,0,0,0,0,0,0,0,0,0,0
4393,Joe Bob,OG,Maryland,1,0,0,0,0,0,0,0,0,0,0,0
4394,Joe Bob,OG,Maryland,1,0,0,0,0,0,0,0,0,0,0,0
4395,Joe Bob,OG,Maryland,4,0,0,0,0,0,0,0,0,0,0,0
4396,Joe Bob,OG,Maryland,1,0,0,0,0,0,0,0,0,0,0,0
4397,Joe Bob,OG,Maryland,3,0,0,0,0,0,0,0,0,0,0,0
4398,Joe Bob,OG,Maryland,2,0,0,0,0,0,0,0,0,0,0,0
4399,Joe Bob,OG,Maryland,2,0,0,0,0,0,0,0,0,0,0,0
4400,Joe Bob,OG,Maryland,4,0,0,0,0,0,0,0,0,0,0,0
4401,Joe Bob,OG,Maryland,4,0,0,0,0,0,0,0,0,0,0,0
4402,Joe Bob,QB,Maryland,3,0,0,0,0,0,0,0,0,0,0,0
4403,Joe Bob,OT,Maryland,3,0,0,0,0,0,0,0,0,0,0,0
4404,Joe Bob,QB,Maryland,3,0,0,0,0,0,0,0,0,0,0,0
4405,Joe Bob,OG,Maryland,1,0,0,0,0,0,0,0,0,0,0,0
4406,Joe Bob,OG,Maryland,4,0,0,0,0,0,0,0,0,0,0,0
4407,Joe Bob,WR,Maryland,4,0,0,0,0,0,0,0,0,0,0,0
4408,Joe Bob,OG,Maryland,4,0,0,0,0,0,0,0,0,0,0,0
4409,Joe Bob,OG,Maryland,2,0,0,0,0,0,0,0,0,0,0,0
4410,Joe Bob,OG,Maryland,1,0,0,0,0,0,0,0,0,0,0,0
4411,Joe Bob,OG,Maryland,1,0,0,0,0,0,0,0,0,0,0,0
4412,Joe Bob,RB,Maryland,1,0,0,0,0,0,0,0,0,0,0,0
4413,Joe Bob,OG,Maryland,4,0,0,0,0,0,0,0,0,0,0,0
4414,Joe Bob,OG,Maryland,2,0,0,0,0,0,0,0,0,0,0,0
4415,Joe Bob,OG,Maryland,2,0,0,0,0,0,0,0,0,0,0,0
4416,Joe Bob,OG,Maryland,2,0,0,0,0,0,0,0,0,0,0,0
4417,Joe Bob,OT,Maryland,1,0,0,0,0,0,0,0,0,0,0,0
4418,Joe Bob,OG,Maryland,2,0,0,0,0,0,0,0,0,0,0,0
4419,Joe Bob,OG,Maryland,2,0,0,0,0,0,0,0,0,0,0,0
4420,Joe Bob,OG,Maryland,2,0,0,0,0,0,0,0,0,0,0,0
4421,Joe Bob,WR,Maryland,3,0,0,0,0,0,0,0,0,0,0,0
4422,Joe Bob,OG,Maryland,3,0,0,0,0,0,0,0,0,0,0,0
4423,Joe Bob,WR,Maryland,3,0,0,0,0,0,0,0,0,0,0,0
4424,Joe Bob,OG,Maryland,4,0,0,0,0,0,0,0,0,0,0,0
4425,Joe Bob,OG,Maryland,4,0,0,0,0,0,0,0,0,0,0,0
4426,Joe Bob,OG,Massachusetts,3,0,0,0,0,0,0,0,0,0,0,0
4427,Joe Bob,OG,Massachusetts,4,0,0,0,0,0,0,0,0,0,0,0
4428,Joe Bob,OG,Massachusetts,3,0,0,0,0,0,0,0,0,0,0,0
4429,Joe Bob,WR,Massachusetts,1,0,0,0,0,0,0,0,0,0,0,0
4430,Joe Bob,RB,Massachusetts,4,0,0,0,0,0,0,0,0,0,0,0
4431,Joe Bob,OG,Massachusetts,2,0,0,0,0,0,0,0,0,0,0,0
4432,Joe Bob,WR,Massachusetts,3,0,0,0,0,0,0,0,0,0,0,0
4433,Joe Bob,OG,Massachusetts,4,0,0,0,0,0,0,0,0,0,0,0
4434,Joe Bob,OG,Massachusetts,3,0,0,0,0,0,0,0,0,0,0,0
4435,Joe Bob,OG,Massachusetts,2,0,0,0,0,0,0,0,0,0,0,0
4436,Joe Bob,OG,Massachusetts,2,0,0,0,0,0,0,0,0,0,0,0
4437,Joe Bob,OG,Massachusetts,3,0,0,0,0,0,0,0,0,0,0,0
4438,Joe Bob,OG,Massachusetts,2,0,0,0,0,0,0,0,0,0,0,0
4439,Joe Bob,OG,Massachusetts,3,0,0,0,0,0,0,0,0,0,0,0
4440,Joe Bob,OG,Massachusetts,3,0,0,0,0,0,0,0,0,0,0,0
4441,Joe Bob,OG,Massachusetts,2,0,0,0,0,0,0,0,0,0,0,0
4442,Joe Bob,OG,Massachusetts,2,0,0,0,0,0,0,0,0,0,0,0
4443,Joe Bob,WR,Massachusetts,2,0,0,0,0,0,0,0,0,0,0,0
4444,Joe Bob,RB,Massachusetts,2,0,0,0,0,0,0,0,0,0,0,0
4445,Joe Bob,OG,Massachusetts,1,0,0,0,0,0,0,0,0,0,0,0
4446,Joe Bob,OG,Massachusetts,4,0,0,0,0,0,0,0,0,0,0,0
4447,Joe Bob,OG,Massachusetts,3,0,0,0,0,0,0,0,0,0,0,0
4448,Joe Bob,OG,Massachusetts,4,0,0,0,0,0,0,0,0,0,0,0
4449,Joe Bob,OG,Massachusetts,2,0,0,0,0,0,0,0,0,0,0,0
4450,Joe Bob,OG,Massachusetts,2,0,0,0,0,0,0,0,0,0,0,0
4451,Joe Bob,OG,Massachusetts,2,0,0,0,0,0,0,0,0,0,0,0
4452,Joe Bob,QB,Massachusetts,4,0,0,0,0,0,0,0,0,0,0,0
4453,Joe Bob,OG,Massachusetts,1,0,0,0,0,0,0,0,0,0,0,0
4454,Joe Bob,OG,Massachusetts,2,0,0,0,0,0,0,0,0,0,0,0
4455,Joe Bob,OG,Massachusetts,4,0,0,0,0,0,0,0,0,0,0,0
4456,Joe Bob,WR,Massachusetts,2,0,0,0,0,0,0,0,0,0,0,0
4457,Joe Bob,WR,Massachusetts,1,0,0,0,0,0,0,0,0,0,0,0
4458,Joe Bob,OG,Massachusetts,4,0,0,0,0,0,0,0,0,0,0,0
4459,Joe Bob,OT,Massachusetts,3,0,0,0,0,0,0,0,0,0,0,0
4460,Joe Bob,OT,Massachusetts,4,0,0,0,0,0,0,0,0,0,0,0
4461,Joe Bob,OG,Massachusetts,3,0,0,0,0,0,0,0,0,0,0,0
4462,Joe Bob,OG,Massachusetts,3,0,0,0,0,0,0,0,0,0,0,0
4463,Joe Bob,OG,Massachusetts,1,0,0,0,0,0,0,0,0,0,0,0
4464,Joe Bob,WR,Massachusetts,1,0,0,0,0,0,0,0,0,0,0,0
4465,Joe Bob,OG,Massachusetts,1,0,0,0,0,0,0,0,0,0,0,0
4466,Joe Bob,OG,Massachusetts,1,0,0,0,0,0,0,0,0,0,0,0
4467,Joe Bob,OG,Massachusetts,2,0,0,0,0,0,0,0,0,0,0,0
4468,Joe Bob,OG,Massachusetts,3,0,0,0,0,0,0,0,0,0,0,0
4469,Joe Bob,OG,Massachusetts,1,0,0,0,0,0,0,0,0,0,0,0
4470,Joe Bob,OG,Massachusetts,2,0,0,0,0,0,0,0,0,0,0,0
4471,Joe Bob,OG,Massachusetts,3,0,0,0,0,0,0,0,0,0,0,0
4472,Joe Bob,RB,Massachusetts,3,0,0,0,0,0,0,0,0,0,0,0
4473,Joe Bob,OG,Massachusetts,4,0,0,0,0,0,0,0,0,0,0,0
4474,Joe Bob,OG,Massachusetts,3,0,0,0,0,0,0,0,0,0,0,0
4475,Joe Bob,OT,Massachusetts,4,0,0,0,0,0,0,0,0,0,0,0
4476,Joe Bob,OG,Massachusetts,3,0,0,0,0,0,0,0,0,0,0,0
4477,Joe Bob,OG,Massachusetts,4,0,0,0,0,0,0,0,0,0,0,0
4478,Joe Bob,OG,Massachusetts,4,0,0,0,0,0,0,0,0,0,0,0
4479,Joe Bob,OG,Massachusetts,3,0,0,0,0,0,0,0,0,0,0,0
4480,Joe Bob,OG,Massachusetts,3,0,0,0,0,0,0,0,0,0,0,0
4481,Joe Bob,WR,Massachusetts,2,0,0,0,0,0,0,0,0,0,0,0
4482,Joe Bob,WR,Massachusetts,1,0,0,0,0,0,0,0,0,0,0,0
4483,Joe Bob,OG,Massachusetts,1,0,0,0,0,0,0,0,0,0,0,0
4484,Joe Bob,RB,Massachusetts,1,0,0,0,0,0,0,0,0,0,0,0
4485,Joe Bob,OG,Massachusetts,4,0,0,0,0,0,0,0,0,0,0,0
4486,Joe Bob,OG,Massachusetts,2,0,0,0,0,0,0,0,0,0,0,0
4487,Joe Bob,OG,Massachusetts,2,0,0,0,0,0,0,0,0,0,0,0
4488,Joe Bob,OG,Massachusetts,3,0,0,0,0,0,0,0,0,0,0,0
4489,Joe Bob,OG,Massachusetts,2,0,0,0,0,0,0,0,0,0,0,0
4490,Joe Bob,OG,Massachusetts,1,0,0,0,0,0,0,0,0,0,0,0
4491,Joe Bob,OG,Massachusetts,3,0,0,0,0,0,0,0,0,0,0,0
4492,Joe Bob,OG,Massachusetts,4,0,0,0,0,0,0,0,0,0,0,0
4493,Joe Bob,OG,Massachusetts,2,0,0,0,0,0,0,0,0,0,0,0
4494,Joe Bob,OG,Massachusetts,4,0,0,0,0,0,0,0,0,0,0,0
4495,Joe Bob,RB,Massachusetts,2,0,0,0,0,0,0,0,0,0,0,0
4496,Joe Bob,OT,Massachusetts,4,0,0,0,0,0,0,0,0,0,0,0
4497,Joe Bob,OG,Massachusetts,1,0,0,0,0,0,0,0,0,0,0,0
4498,Joe Bob,OG,Massachusetts,4,0,0,0,0,0,0,0,0,0,0,0
4499,Joe Bob,RB,Massachusetts,2,0,0,0,0,0,0,0,0,0,0,0
4500,Joe Bob,OT,Massachusetts,3,0,0,0,0,0,0,0,0,0,0,0
4501,Joe Bob,OT,Memphis,2,0,0,0,0,0,0,0,0,0,0,0
4502,Joe Bob,OG,Memphis,2,0,0,0,0,0,0,0,0,0,0,0
4503,Joe Bob,OG,Memphis,1,0,0,0,0,0,0,0,0,0,0,0
4504,Joe Bob,OG,Memphis,3,0,0,0,0,0,0,0,0,0,0,0
4505,Joe Bob,OG,Memphis,1,0,0,0,0,0,0,0,0,0,0,0
4506,Joe Bob,OG,Memphis,1,0,0,0,0,0,0,0,0,0,0,0
4507,Joe Bob,OG,Memphis,3,0,0,0,0,0,0,0,0,0,0,0
4508,Joe Bob,OG,Memphis,2,0,0,0,0,0,0,0,0,0,0,0
4509,Joe Bob,RB,Memphis,4,0,0,0,0,0,0,0,0,0,0,0
4510,Joe Bob,OG,Memphis,2,0,0,0,0,0,0,0,0,0,0,0
4511,Joe Bob,OG,Memphis,3,0,0,0,0,0,0,0,0,0,0,0
4512,Joe Bob,OG,Memphis,1,0,0,0,0,0,0,0,0,0,0,0
4513,Joe Bob,OG,Memphis,3,0,0,0,0,0,0,0,0,0,0,0
4514,Joe Bob,RB,Memphis,2,0,0,0,0,0,0,0,0,0,0,0
4515,Joe Bob,OG,Memphis,4,0,0,0,0,0,0,0,0,0,0,0
4516,Joe Bob,OT,Memphis,1,0,0,0,0,0,0,0,0,0,0,0
4517,Joe Bob,OG,Memphis,1,0,0,0,0,0,0,0,0,0,0,0
4518,Joe Bob,OG,Memphis,1,0,0,0,0,0,0,0,0,0,0,0
4519,Joe Bob,OG,Memphis,1,0,0,0,0,0,0,0,0,0,0,0
4520,Joe Bob,OG,Memphis,1,0,0,0,0,0,0,0,0,0,0,0
4521,Joe Bob,OG,Memphis,2,0,0,0,0,0,0,0,0,0,0,0
4522,Joe Bob,OG,Memphis,2,0,0,0,0,0,0,0,0,0,0,0
4523,Joe Bob,OG,Memphis,2,0,0,0,0,0,0,0,0,0,0,0
4524,Joe Bob,QB,Memphis,3,0,0,0,0,0,0,0,0,0,0,0
4525,Joe Bob,OG,Memphis,3,0,0,0,0,0,0,0,0,0,0,0
4526,Joe Bob,OG,Memphis,2,0,0,0,0,0,0,0,0,0,0,0
4527,Joe Bob,FB,Memphis,4,0,0,0,0,0,0,0,0,0,0,0
4528,Joe Bob,OT,Memphis,3,0,0,0,0,0,0,0,0,0,0,0
4529,Joe Bob,QB,Memphis,4,0,0,0,0,0,0,0,0,0,0,0
4530,Joe Bob,WR,Memphis,4,0,0,0,0,0,0,0,0,0,0,0
4531,Joe Bob,OG,Memphis,1,0,0,0,0,0,0,0,0,0,0,0
4532,Joe Bob,OG,Memphis,3,0,0,0,0,0,0,0,0,0,0,0
4533,Joe Bob,OG,Memphis,4,0,0,0,0,0,0,0,0,0,0,0
4534,Joe Bob,OT,Memphis,1,0,0,0,0,0,0,0,0,0,0,0
4535,Joe Bob,OG,Memphis,2,0,0,0,0,0,0,0,0,0,0,0
4536,Joe Bob,OT,Memphis,2,0,0,0,0,0,0,0,0,0,0,0
4537,Joe Bob,OG,Memphis,4,0,0,0,0,0,0,0,0,0,0,0
4538,Joe Bob,OG,Memphis,2,0,0,0,0,0,0,0,0,0,0,0
4539,Joe Bob,OG,Memphis,2,0,0,0,0,0,0,0,0,0,0,0
4540,Joe Bob,OG,Memphis,3,0,0,0,0,0,0,0,0,0,0,0
4541,Joe Bob,OG,Memphis,3,0,0,0,0,0,0,0,0,0,0,0
4542,Joe Bob,OG,Memphis,2,0,0,0,0,0,0,0,0,0,0,0
4543,Joe Bob,OT,Memphis,2,0,0,0,0,0,0,0,0,0,0,0
4544,Joe Bob,OG,Memphis,4,0,0,0,0,0,0,0,0,0,0,0
4545,Joe Bob,OG,Memphis,3,0,0,0,0,0,0,0,0,0,0,0
4546,Joe Bob,OG,Memphis,3,0,0,0,0,0,0,0,0,0,0,0
4547,Joe Bob,QB,Memphis,2,0,0,0,0,0,0,0,0,0,0,0
4548,Joe Bob,OG,Memphis,1,0,0,0,0,0,0,0,0,0,0,0
4549,Joe Bob,WR,Memphis,4,0,0,0,0,0,0,0,0,0,0,0
4550,Joe Bob,OG,Memphis,3,0,0,0,0,0,0,0,0,0,0,0
4551,Joe Bob,OG,Memphis,4,0,0,0,0,0,0,0,0,0,0,0
4552,Joe Bob,OG,Memphis,2,0,0,0,0,0,0,0,0,0,0,0
4553,Joe Bob,OG,Memphis,1,0,0,0,0,0,0,0,0,0,0,0
4554,Joe Bob,WR,Memphis,1,0,0,0,0,0,0,0,0,0,0,0
4555,Joe Bob,OG,Memphis,1,0,0,0,0,0,0,0,0,0,0,0
4556,Joe Bob,OG,Memphis,4,0,0,0,0,0,0,0,0,0,0,0
4557,Joe Bob,OG,Memphis,4,0,0,0,0,0,0,0,0,0,0,0
4558,Joe Bob,OG,Memphis,2,0,0,0,0,0,0,0,0,0,0,0
4559,Joe Bob,OG,Memphis,2,0,0,0,0,0,0,0,0,0,0,0
4560,Joe Bob,OG,Memphis,1,0,0,0,0,0,0,0,0,0,0,0
4561,Joe Bob,OG,Memphis,3,0,0,0,0,0,0,0,0,0,0,0
4562,Joe Bob,OG,Memphis,1,0,0,0,0,0,0,0,0,0,0,0
4563,Joe Bob,OG,Memphis,2,0,0,0,0,0,0,0,0,0,0,0
4564,Joe Bob,OG,Memphis,4,0,0,0,0,0,0,0,0,0,0,0
4565,Joe Bob,WR,Memphis,3,0,0,0,0,0,0,0,0,0,0,0
4566,Joe Bob,OG,Memphis,4,0,0,0,0,0,0,0,0,0,0,0
4567,Joe Bob,OG,Memphis,3,0,0,0,0,0,0,0,0,0,0,0
4568,Joe Bob,OG,Memphis,4,0,0,0,0,0,0,0,0,0,0,0
4569,Joe Bob,OT,Memphis,4,0,0,0,0,0,0,0,0,0,0,0
4570,Joe Bob,WR,Memphis,4,0,0,0,0,0,0,0,0,0,0,0
4571,Joe Bob,FB,Memphis,1,0,0,0,0,0,0,0,0,0,0,0
4572,Joe Bob,OG,Memphis,4,0,0,0,0,0,0,0,0,0,0,0
4573,Joe Bob,QB,Memphis,4,0,0,0,0,0,0,0,0,0,0,0
4574,Joe Bob,OG,Memphis,2,0,0,0,0,0,0,0,0,0,0,0
4575,Joe Bob,OG,Memphis,2,0,0,0,0,0,0,0,0,0,0,0
4576,Joe Bob,OG,Miami,1,0,0,0,0,0,0,0,0,0,0,0
4577,Joe Bob,OG,Miami,1,0,0,0,0,0,0,0,0,0,0,0
4578,Joe Bob,OG,Miami,2,0,0,0,0,0,0,0,0,0,0,0
4579,Joe Bob,OG,Miami,3,0,0,0,0,0,0,0,0,0,0,0
4580,Joe Bob,OG,Miami,2,0,0,0,0,0,0,0,0,0,0,0
4581,Joe Bob,OG,Miami,1,0,0,0,0,0,0,0,0,0,0,0
4582,Joe Bob,RB,Miami,2,0,0,0,0,0,0,0,0,0,0,0
4583,Joe Bob,OG,Miami,4,0,0,0,0,0,0,0,0,0,0,0
4584,Joe Bob,WR,Miami,3,0,0,0,0,0,0,0,0,0,0,0
4585,Joe Bob,OG,Miami,1,0,0,0,0,0,0,0,0,0,0,0
4586,Joe Bob,OT,Miami,4,0,0,0,0,0,0,0,0,0,0,0
4587,Joe Bob,OG,Miami,4,0,0,0,0,0,0,0,0,0,0,0
4588,Joe Bob,WR,Miami,2,0,0,0,0,0,0,0,0,0,0,0
4589,Joe Bob,OG,Miami,4,0,0,0,0,0,0,0,0,0,0,0
4590,Joe Bob,OG,Miami,1,0,0,0,0,0,0,0,0,0,0,0
4591,Joe Bob,OG,Miami,2,0,0,0,0,0,0,0,0,0,0,0
4592,Joe Bob,OG,Miami,1,0,0,0,0,0,0,0,0,0,0,0
4593,Joe Bob,OG,Miami,2,0,0,0,0,0,0,0,0,0,0,0
4594,Joe Bob,OG,Miami,2,0,0,0,0,0,0,0,0,0,0,0
4595,Joe Bob,WR,Miami,2,0,0,0,0,0,0,0,0,0,0,0
4596,Joe Bob,OG,Miami,3,0,0,0,0,0,0,0,0,0,0,0
4597,Joe Bob,OG,Miami,2,0,0,0,0,0,0,0,0,0,0,0
4598,Joe Bob,OG,Miami,4,0,0,0,0,0,0,0,0,0,0,0
4599,Joe Bob,RB,Miami,2,0,0,0,0,0,0,0,0,0,0,0
4600,Joe Bob,OT,Miami,3,0,0,0,0,0,0,0,0,0,0,0
4601,Joe Bob,OG,Miami,1,0,0,0,0,0,0,0,0,0,0,0
4602,Joe Bob,OG,Miami,3,0,0,0,0,0,0,0,0,0,0,0
4603,Joe Bob,OG,Miami,1,0,0,0,0,0,0,0,0,0,0,0
4604,Joe Bob,OG,Miami,3,0,0,0,0,0,0,0,0,0,0,0
4605,Joe Bob,OG,Miami,4,0,0,0,0,0,0,0,0,0,0,0
4606,Joe Bob,OG,Miami,1,0,0,0,0,0,0,0,0,0,0,0
4607,Joe Bob,WR,Miami,1,0,0,0,0,0,0,0,0,0,0,0
4608,Joe Bob,OG,Miami,2,0,0,0,0,0,0,0,0,0,0,0
4609,Joe Bob,OG,Miami,1,0,0,0,0,0,0,0,0,0,0,0
4610,Joe Bob,OG,Miami,4,0,0,0,0,0,0,0,0,0,0,0
4611,Joe Bob,OG,Miami,3,0,0,0,0,0,0,0,0,0,0,0
4612,Joe Bob,OG,Miami,1,0,0,0,0,0,0,0,0,0,0,0
4613,Joe Bob,OG,Miami,3,0,0,0,0,0,0,0,0,0,0,0
4614,Joe Bob,OG,Miami,3,0,0,0,0,0,0,0,0,0,0,0
4615,Joe Bob,WR,Miami,3,0,0,0,0,0,0,0,0,0,0,0
4616,Joe Bob,QB,Miami,2,0,0,0,0,0,0,0,0,0,0,0
4617,Joe Bob,WR,Miami,1,0,0,0,0,0,0,0,0,0,0,0
4618,Joe Bob,OG,Miami,2,0,0,0,0,0,0,0,0,0,0,0
4619,Joe Bob,OG,Miami,1,0,0,0,0,0,0,0,0,0,0,0
4620,Joe Bob,OG,Miami,3,0,0,0,0,0,0,0,0,0,0,0
4621,Joe Bob,OG,Miami,3,0,0,0,0,0,0,0,0,0,0,0
4622,Joe Bob,QB,Miami,2,0,0,0,0,0,0,0,0,0,0,0
4623,Joe Bob,OG,Miami,2,0,0,0,0,0,0,0,0,0,0,0
4624,Joe Bob,OG,Miami,3,0,0,0,0,0,0,0,0,0,0,0
4625,Joe Bob,OG,Miami,4,0,0,0,0,0,0,0,0,0,0,0
4626,Joe Bob,WR,Miami,4,0,0,0,0,0,0,0,0,0,0,0
4627,Joe Bob,WR,Miami,4,0,0,0,0,0,0,0,0,0,0,0
4628,Joe Bob,RB,Miami,4,0,0,0,0,0,0,0,0,0,0,0
4629,Joe Bob,OG,Miami,3,0,0,0,0,0,0,0,0,0,0,0
4630,Joe Bob,WR,Miami,4,0,0,0,0,0,0,0,0,0,0,0
4631,Joe Bob,OT,Miami,1,0,0,0,0,0,0,0,0,0,0,0
4632,Joe Bob,OG,Miami,4,0,0,0,0,0,0,0,0,0,0,0
4633,Joe Bob,OG,Miami,2,0,0,0,0,0,0,0,0,0,0,0
4634,Joe Bob,OG,Miami,1,0,0,0,0,0,0,0,0,0,0,0
4635,Joe Bob,OG,Miami,2,0,0,0,0,0,0,0,0,0,0,0
4636,Joe Bob,OG,Miami,1,0,0,0,0,0,0,0,0,0,0,0
4637,Joe Bob,OG,Miami,2,0,0,0,0,0,0,0,0,0,0,0
4638,Joe Bob,OG,Miami,3,0,0,0,0,0,0,0,0,0,0,0
4639,Joe Bob,QB,Miami,2,0,0,0,0,0,0,0,0,0,0,0
4640,Joe Bob,OG,Miami,3,0,0,0,0,0,0,0,0,0,0,0
4641,Joe Bob,OG,Miami,3,0,0,0,0,0,0,0,0,0,0,0
4642,Joe Bob,OT,Miami,3,0,0,0,0,0,0,0,0,0,0,0
4643,Joe Bob,OG,Miami,4,0,0,0,0,0,0,0,0,0,0,0
4644,Joe Bob,RB,Miami,2,0,0,0,0,0,0,0,0,0,0,0
4645,Joe Bob,FB,Miami,4,0,0,0,0,0,0,0,0,0,0,0
4646,Joe Bob,OG,Miami,4,0,0,0,0,0,0,0,0,0,0,0
4647,Joe Bob,OG,Miami,4,0,0,0,0,0,0,0,0,0,0,0
4648,Joe Bob,WR,Miami,2,0,0,0,0,0,0,0,0,0,0,0
4649,Joe Bob,OG,Miami,3,0,0,0,0,0,0,0,0,0,0,0
4650,Joe Bob,WR,Miami,3,0,0,0,0,0,0,0,0,0,0,0
4651,Joe Bob,WR,Miami (Ohio),1,0,0,0,0,0,0,0,0,0,0,0
4652,Joe Bob,OG,Miami (Ohio),2,0,0,0,0,0,0,0,0,0,0,0
4653,Joe Bob,OG,Miami (Ohio),4,0,0,0,0,0,0,0,0,0,0,0
4654,Joe Bob,OG,Miami (Ohio),1,0,0,0,0,0,0,0,0,0,0,0
4655,Joe Bob,OG,Miami (Ohio),4,0,0,0,0,0,0,0,0,0,0,0
4656,Joe Bob,OG,Miami (Ohio),2,0,0,0,0,0,0,0,0,0,0,0
4657,Joe Bob,RB,Miami (Ohio),3,0,0,0,0,0,0,0,0,0,0,0
4658,Joe Bob,WR,Miami (Ohio),1,0,0,0,0,0,0,0,0,0,0,0
4659,Joe Bob,QB,Miami (Ohio),2,0,0,0,0,0,0,0,0,0,0,0
4660,Joe Bob,RB,Miami (Ohio),4,0,0,0,0,0,0,0,0,0,0,0
4661,Joe Bob,WR,Miami (Ohio),4,0,0,0,0,0,0,0,0,0,0,0
4662,Joe Bob,OG,Miami (Ohio),3,0,0,0,0,0,0,0,0,0,0,0
4663,Joe Bob,WR,Miami (Ohio),2,0,0,0,0,0,0,0,0,0,0,0
4664,Joe Bob,WR,Miami (Ohio),3,0,0,0,0,0,0,0,0,0,0,0
4665,Joe Bob,OG,Miami (Ohio),2,0,0,0,0,0,0,0,0,0,0,0
4666,Joe Bob,OG,Miami (Ohio),1,0,0,0,0,0,0,0,0,0,0,0
4667,Joe Bob,OG,Miami (Ohio),4,0,0,0,0,0,0,0,0,0,0,0
4668,Joe Bob,OG,Miami (Ohio),3,0,0,0,0,0,0,0,0,0,0,0
4669,Joe Bob,OG,Miami (Ohio),1,0,0,0,0,0,0,0,0,0,0,0
4670,Joe Bob,OG,Miami (Ohio),2,0,0,0,0,0,0,0,0,0,0,0
4671,Joe Bob,OG,Miami (Ohio),2,0,0,0,0,0,0,0,0,0,0,0
4672,Joe Bob,OG,Miami (Ohio),2,0,0,0,0,0,0,0,0,0,0,0
4673,Joe Bob,OG,Miami (Ohio),3,0,0,0,0,0,0,0,0,0,0,0
4674,Joe Bob,OG,Miami (Ohio),3,0,0,0,0,0,0,0,0,0,0,0
4675,Joe Bob,OG,Miami (Ohio),3,0,0,0,0,0,0,0,0,0,0,0
4676,Joe Bob,OG,Miami (Ohio),3,0,0,0,0,0,0,0,0,0,0,0
4677,Joe Bob,OG,Miami (Ohio),3,0,0,0,0,0,0,0,0,0,0,0
4678,Joe Bob,OT,Miami (Ohio),1,0,0,0,0,0,0,0,0,0,0,0
4679,Joe Bob,OG,Miami (Ohio),4,0,0,0,0,0,0,0,0,0,0,0
4680,Joe Bob,WR,Miami (Ohio),3,0,0,0,0,0,0,0,0,0,0,0
4681,Joe Bob,OG,Miami (Ohio),1,0,0,0,0,0,0,0,0,0,0,0
4682,Joe Bob,OG,Miami (Ohio),4,0,0,0,0,0,0,0,0,0,0,0
4683,Joe Bob,OG,Miami (Ohio),1,0,0,0,0,0,0,0,0,0,0,0
4684,Joe Bob,OG,Miami (Ohio),1,0,0,0,0,0,0,0,0,0,0,0
4685,Joe Bob,OT,Miami (Ohio),1,0,0,0,0,0,0,0,0,0,0,0
4686,Joe Bob,OG,Miami (Ohio),4,0,0,0,0,0,0,0,0,0,0,0
4687,Joe Bob,OG,Miami (Ohio),2,0,0,0,0,0,0,0,0,0,0,0
4688,Joe Bob,OG,Miami (Ohio),2,0,0,0,0,0,0,0,0,0,0,0
4689,Joe Bob,OG,Miami (Ohio),1,0,0,0,0,0,0,0,0,0,0,0
4690,Joe Bob,RB,Miami (Ohio),1,0,0,0,0,0,0,0,0,0,0,0
4691,Joe Bob,OG,Miami (Ohio),2,0,0,0,0,0,0,0,0,0,0,0
4692,Joe Bob,OG,Miami (Ohio),3,0,0,0,0,0,0,0,0,0,0,0
4693,Joe Bob,OG,Miami (Ohio),2,0,0,0,0,0,0,0,0,0,0,0
4694,Joe Bob,RB,Miami (Ohio),3,0,0,0,0,0,0,0,0,0,0,0
4695,Joe Bob,OG,Miami (Ohio),2,0,0,0,0,0,0,0,0,0,0,0
4696,Joe Bob,WR,Miami (Ohio),2,0,0,0,0,0,0,0,0,0,0,0
4697,Joe Bob,OG,Miami (Ohio),4,0,0,0,0,0,0,0,0,0,0,0
4698,Joe Bob,OG,Miami (Ohio),4,0,0,0,0,0,0,0,0,0,0,0
4699,Joe Bob,OG,Miami (Ohio),3,0,0,0,0,0,0,0,0,0,0,0
4700,Joe Bob,OG,Miami (Ohio),1,0,0,0,0,0,0,0,0,0,0,0
4701,Joe Bob,OG,Miami (Ohio),3,0,0,0,0,0,0,0,0,0,0,0
4702,Joe Bob,OT,Miami (Ohio),1,0,0,0,0,0,0,0,0,0,0,0
4703,Joe Bob,OG,Miami (Ohio),4,0,0,0,0,0,0,0,0,0,0,0
4704,Joe Bob,OG,Miami (Ohio),1,0,0,0,0,0,0,0,0,0,0,0
4705,Joe Bob,RB,Miami (Ohio),3,0,0,0,0,0,0,0,0,0,0,0
4706,Joe Bob,OG,Miami (Ohio),4,0,0,0,0,0,0,0,0,0,0,0
4707,Joe Bob,OG,Miami (Ohio),2,0,0,0,0,0,0,0,0,0,0,0
4708,Joe Bob,OG,Miami (Ohio),2,0,0,0,0,0,0,0,0,0,0,0
4709,Joe Bob,OG,Miami (Ohio),1,0,0,0,0,0,0,0,0,0,0,0
4710,Joe Bob,OG,Miami (Ohio),3,0,0,0,0,0,0,0,0,0,0,0
4711,Joe Bob,OG,Miami (Ohio),1,0,0,0,0,0,0,0,0,0,0,0
4712,Joe Bob,OG,Miami (Ohio),2,0,0,0,0,0,0,0,0,0,0,0
4713,Joe Bob,OG,Miami (Ohio),3,0,0,0,0,0,0,0,0,0,0,0
4714,Joe Bob,OT,Miami (Ohio),2,0,0,0,0,0,0,0,0,0,0,0
4715,Joe Bob,RB,Miami (Ohio),1,0,0,0,0,0,0,0,0,0,0,0
4716,Joe Bob,QB,Miami (Ohio),1,0,0,0,0,0,0,0,0,0,0,0
4717,Joe Bob,OG,Miami (Ohio),1,0,0,0,0,0,0,0,0,0,0,0
4718,Joe Bob,OG,Miami (Ohio),4,0,0,0,0,0,0,0,0,0,0,0
4719,Joe Bob,OG,Miami (Ohio),3,0,0,0,0,0,0,0,0,0,0,0
4720,Joe Bob,WR,Miami (Ohio),2,0,0,0,0,0,0,0,0,0,0,0
4721,Joe Bob,OG,Miami (Ohio),4,0,0,0,0,0,0,0,0,0,0,0
4722,Joe Bob,OT,Miami (Ohio),2,0,0,0,0,0,0,0,0,0,0,0
4723,Joe Bob,OG,Miami (Ohio),1,0,0,0,0,0,0,0,0,0,0,0
4724,Joe Bob,OG,Miami (Ohio),2,0,0,0,0,0,0,0,0,0,0,0
4725,Joe Bob,OG,Miami (Ohio),3,0,0,0,0,0,0,0,0,0,0,0
4726,Joe Bob,OG,Michigan,1,0,0,0,0,0,0,0,0,0,0,0
4727,Joe Bob,OG,Michigan,2,0,0,0,0,0,0,0,0,0,0,0
4728,Joe Bob,RB,Michigan,4,0,0,0,0,0,0,0,0,0,0,0
4729,Joe Bob,RB,Michigan,2,0,0,0,0,0,0,0,0,0,0,0
4730,Joe Bob,WR,Michigan,1,0,0,0,0,0,0,0,0,0,0,0
4731,Joe Bob,OG,Michigan,3,0,0,0,0,0,0,0,0,0,0,0
4732,Joe Bob,RB,Michigan,3,0,0,0,0,0,0,0,0,0,0,0
4733,Joe Bob,OT,Michigan,4,0,0,0,0,0,0,0,0,0,0,0
4734,Joe Bob,OG,Michigan,3,0,0,0,0,0,0,0,0,0,0,0
4735,Joe Bob,OG,Michigan,2,0,0,0,0,0,0,0,0,0,0,0
4736,Joe Bob,OG,Michigan,4,0,0,0,0,0,0,0,0,0,0,0
4737,Joe Bob,QB,Michigan,1,0,0,0,0,0,0,0,0,0,0,0
4738,Joe Bob,OG,Michigan,1,0,0,0,0,0,0,0,0,0,0,0
4739,Joe Bob,OG,Michigan,4,0,0,0,0,0,0,0,0,0,0,0
4740,Joe Bob,OG,Michigan,2,0,0,0,0,0,0,0,0,0,0,0
4741,Joe Bob,OG,Michigan,3,0,0,0,0,0,0,0,0,0,0,0
4742,Joe Bob,OG,Michigan,1,0,0,0,0,0,0,0,0,0,0,0
4743,Joe Bob,OG,Michigan,2,0,0,0,0,0,0,0,0,0,0,0
4744,Joe Bob,OG,Michigan,3,0,0,0,0,0,0,0,0,0,0,0
4745,Joe Bob,OG,Michigan,3,0,0,0,0,0,0,0,0,0,0,0
4746,Joe Bob,OT,Michigan,3,0,0,0,0,0,0,0,0,0,0,0
4747,Joe Bob,OG,Michigan,2,0,0,0,0,0,0,0,0,0,0,0
4748,Joe Bob,WR,Michigan,3,0,0,0,0,0,0,0,0,0,0,0
4749,Joe Bob,OT,Michigan,4,0,0,0,0,0,0,0,0,0,0,0
4750,Joe Bob,OG,Michigan,4,0,0,0,0,0,0,0,0,0,0,0
4751,Joe Bob,OG,Michigan,4,0,0,0,0,0,0,0,0,0,0,0
4752,Joe Bob,OG,Michigan,4,0,0,0,0,0,0,0,0,0,0,0
4753,Joe Bob,OG,Michigan,3,0,0,0,0,0,0,0,0,0,0,0
4754,Joe Bob,OG,Michigan,1,0,0,0,0,0,0,0,0,0,0,0
4755,Joe Bob,WR,Michigan,1,0,0,0,0,0,0,0,0,0,0,0
4756,Joe Bob,OG,Michigan,1,0,0,0,0,0,0,0,0,0,0,0
4757,Joe Bob,QB,Michigan,1,0,0,0,0,0,0,0,0,0,0,0
4758,Joe Bob,OG,Michigan,4,0,0,0,0,0,0,0,0,0,0,0
4759,Joe Bob,OG,Michigan,2,0,0,0,0,0,0,0,0,0,0,0
4760,Joe Bob,OG,Michigan,1,0,0,0,0,0,0,0,0,0,0,0
4761,Joe Bob,OG,Michigan,2,0,0,0,0,0,0,0,0,0,0,0
4762,Joe Bob,OG,Michigan,1,0,0,0,0,0,0,0,0,0,0,0
4763,Joe Bob,OG,Michigan,1,0,0,0,0,0,0,0,0,0,0,0
4764,Joe Bob,OG,Michigan,3,0,0,0,0,0,0,0,0,0,0,0
4765,Joe Bob,OG,Michigan,4,0,0,0,0,0,0,0,0,0,0,0
4766,Joe Bob,OG,Michigan,2,0,0,0,0,0,0,0,0,0,0,0
4767,Joe Bob,OG,Michigan,1,0,0,0,0,0,0,0,0,0,0,0
4768,Joe Bob,OG,Michigan,2,0,0,0,0,0,0,0,0,0,0,0
4769,Joe Bob,WR,Michigan,4,0,0,0,0,0,0,0,0,0,0,0
4770,Joe Bob,OG,Michigan,1,0,0,0,0,0,0,0,0,0,0,0
4771,Joe Bob,OG,Michigan,4,0,0,0,0,0,0,0,0,0,0,0
4772,Joe Bob,QB,Michigan,1,0,0,0,0,0,0,0,0,0,0,0
4773,Joe Bob,WR,Michigan,3,0,0,0,0,0,0,0,0,0,0,0
4774,Joe Bob,OT,Michigan,1,0,0,0,0,0,0,0,0,0,0,0
4775,Joe Bob,OT,Michigan,2,0,0,0,0,0,0,0,0,0,0,0
4776,Joe Bob,OG,Michigan,4,0,0,0,0,0,0,0,0,0,0,0
4777,Joe Bob,OG,Michigan,2,0,0,0,0,0,0,0,0,0,0,0
4778,Joe Bob,OG,Michigan,2,0,0,0,0,0,0,0,0,0,0,0
4779,Joe Bob,OG,Michigan,1,0,0,0,0,0,0,0,0,0,0,0
4780,Joe Bob,OG,Michigan,3,0,0,0,0,0,0,0,0,0,0,0
4781,Joe Bob,OG,Michigan,1,0,0,0,0,0,0,0,0,0,0,0
4782,Joe Bob,OG,Michigan,4,0,0,0,0,0,0,0,0,0,0,0
4783,Joe Bob,OG,Michigan,2,0,0,0,0,0,0,0,0,0,0,0
4784,Joe Bob,OG,Michigan,3,0,0,0,0,0,0,0,0,0,0,0
4785,Joe Bob,OG,Michigan,3,0,0,0,0,0,0,0,0,0,0,0
4786,Joe Bob,OT,Michigan,2,0,0,0,0,0,0,0,0,0,0,0
4787,Joe Bob,QB,Michigan,1,0,0,0,0,0,0,0,0,0,0,0
4788,Joe Bob,WR,Michigan,3,0,0,0,0,0,0,0,0,0,0,0
4789,Joe Bob,OG,Michigan,1,0,0,0,0,0,0,0,0,0,0,0
4790,Joe Bob,WR,Michigan,1,0,0,0,0,0,0,0,0,0,0,0
4791,Joe Bob,OT,Michigan,2,0,0,0,0,0,0,0,0,0,0,0
4792,Joe Bob,OG,Michigan,1,0,0,0,0,0,0,0,0,0,0,0
4793,Joe Bob,OG,Michigan,1,0,0,0,0,0,0,0,0,0,0,0
4794,Joe Bob,OG,Michigan,2,0,0,0,0,0,0,0,0,0,0,0
4795,Joe Bob,RB,Michigan,2,0,0,0,0,0,0,0,0,0,0,0
4796,Joe Bob,OG,Michigan,2,0,0,0,0,0,0,0,0,0,0,0
4797,Joe Bob,OG,Michigan,3,0,0,0,0,0,0,0,0,0,0,0
4798,Joe Bob,OG,Michigan,3,0,0,0,0,0,0,0,0,0,0,0
4799,Joe Bob,OG,Michigan,2,0,0,0,0,0,0,0,0,0,0,0
4800,Joe Bob,RB,Michigan,3,0,0,0,0,0,0,0,0,0,0,0
4801,Joe Bob,WR,Michigan State,3,0,0,0,0,0,0,0,0,0,0,0
4802,Joe Bob,OG,Michigan State,4,0,0,0,0,0,0,0,0,0,0,0
4803,Joe Bob,WR,Michigan State,4,0,0,0,0,0,0,0,0,0,0,0
4804,Joe Bob,OG,Michigan State,1,0,0,0,0,0,0,0,0,0,0,0
4805,Joe Bob,OG,Michigan State,3,0,0,0,0,0,0,0,0,0,0,0
4806,Joe Bob,OG,Michigan State,4,0,0,0,0,0,0,0,0,0,0,0
4807,Joe Bob,WR,Michigan State,1,0,0,0,0,0,0,0,0,0,0,0
4808,Joe Bob,OG,Michigan State,2,0,0,0,0,0,0,0,0,0,0,0
4809,Joe Bob,OT,Michigan State,2,0,0,0,0,0,0,0,0,0,0,0
4810,Joe Bob,OG,Michigan State,4,0,0,0,0,0,0,0,0,0,0,0
4811,Joe Bob,OG,Michigan State,2,0,0,0,0,0,0,0,0,0,0,0
4812,Joe Bob,OG,Michigan State,1,0,0,0,0,0,0,0,0,0,0,0
4813,Joe Bob,OG,Michigan State,2,0,0,0,0,0,0,0,0,0,0,0
4814,Joe Bob,OG,Michigan State,2,0,0,0,0,0,0,0,0,0,0,0
4815,Joe Bob,OG,Michigan State,1,0,0,0,0,0,0,0,0,0,0,0
4816,Joe Bob,OT,Michigan State,2,0,0,0,0,0,0,0,0,0,0,0
4817,Joe Bob,OG,Michigan State,4,0,0,0,0,0,0,0,0,0,0,0
4818,Joe Bob,OG,Michigan State,3,0,0,0,0,0,0,0,0,0,0,0
4819,Joe Bob,OG,Michigan State,4,0,0,0,0,0,0,0,0,0,0,0
4820,Joe Bob,OG,Michigan State,3,0,0,0,0,0,0,0,0,0,0,0
4821,Joe Bob,OG,Michigan State,1,0,0,0,0,0,0,0,0,0,0,0
4822,Joe Bob,QB,Michigan State,1,0,0,0,0,0,0,0,0,0,0,0
4823,Joe Bob,OG,Michigan State,3,0,0,0,0,0,0,0,0,0,0,0
4824,Joe Bob,OG,Michigan State,4,0,0,0,0,0,0,0,0,0,0,0
4825,Joe Bob,OG,Michigan State,2,0,0,0,0,0,0,0,0,0,0,0
4826,Joe Bob,OG,Michigan State,4,0,0,0,0,0,0,0,0,0,0,0
4827,Joe Bob,WR,Michigan State,1,0,0,0,0,0,0,0,0,0,0,0
4828,Joe Bob,OG,Michigan State,1,0,0,0,0,0,0,0,0,0,0,0
4829,Joe Bob,OG,Michigan State,4,0,0,0,0,0,0,0,0,0,0,0
4830,Joe Bob,OT,Michigan State,4,0,0,0,0,0,0,0,0,0,0,0
4831,Joe Bob,OG,Michigan State,1,0,0,0,0,0,0,0,0,0,0,0
4832,Joe Bob,OG,Michigan State,2,0,0,0,0,0,0,0,0,0,0,0
4833,Joe Bob,OG,Michigan State,1,0,0,0,0,0,0,0,0,0,0,0
4834,Joe Bob,OG,Michigan State,4,0,0,0,0,0,0,0,0,0,0,0
4835,Joe Bob,OG,Michigan State,1,0,0,0,0,0,0,0,0,0,0,0
4836,Joe Bob,OG,Michigan State,2,0,0,0,0,0,0,0,0,0,0,0
4837,Joe Bob,OG,Michigan State,3,0,0,0,0,0,0,0,0,0,0,0
4838,Joe Bob,FB,Michigan State,2,0,0,0,0,0,0,0,0,0,0,0
4839,Joe Bob,OG,Michigan State,4,0,0,0,0,0,0,0,0,0,0,0
4840,Joe Bob,OG,Michigan State,2,0,0,0,0,0,0,0,0,0,0,0
4841,Joe Bob,OG,Michigan State,4,0,0,0,0,0,0,0,0,0,0,0
4842,Joe Bob,WR,Michigan State,3,0,0,0,0,0,0,0,0,0,0,0
4843,Joe Bob,WR,Michigan State,4,0,0,0,0,0,0,0,0,0,0,0
4844,Joe Bob,RB,Michigan State,1,0,0,0,0,0,0,0,0,0,0,0
4845,Joe Bob,OG,Michigan State,3,0,0,0,0,0,0,0,0,0,0,0
4846,Joe Bob,OG,Michigan State,4,0,0,0,0,0,0,0,0,0,0,0
4847,Joe Bob,OT,Michigan State,2,0,0,0,0,0,0,0,0,0,0,0
4848,Joe Bob,OG,Michigan State,2,0,0,0,0,0,0,0,0,0,0,0
4849,Joe Bob,OG,Michigan State,1,0,0,0,0,0,0,0,0,0,0,0
4850,Joe Bob,OG,Michigan State,1,0,0,0,0,0,0,0,0,0,0,0
4851,Joe Bob,OG,Michigan State,2,0,0,0,0,0,0,0,0,0,0,0
4852,Joe Bob,OG,Michigan State,1,0,0,0,0,0,0,0,0,0,0,0
4853,Joe Bob,OG,Michigan State,1,0,0,0,0,0,0,0,0,0,0,0
4854,Joe Bob,OG,Michigan State,3,0,0,0,0,0,0,0,0,0,0,0
4855,Joe Bob,QB,Michigan State,1,0,0,0,0,0,0,0,0,0,0,0
4856,Joe Bob,OG,Michigan State,3,0,0,0,0,0,0,0,0,0,0,0
4857,Joe Bob,OG,Michigan State,2,0,0,0,0,0,0,0,0,0,0,0
4858,Joe Bob,WR,Michigan State,1,0,0,0,0,0,0,0,0,0,0,0
4859,Joe Bob,QB,Michigan State,4,0,0,0,0,0,0,0,0,0,0,0
4860,Joe Bob,FB,Michigan State,4,0,0,0,0,0,0,0,0,0,0,0
4861,Joe Bob,OG,Michigan State,2,0,0,0,0,0,0,0,0,0,0,0
4862,Joe Bob,OG,Michigan State,4,0,0,0,0,0,0,0,0,0,0,0
4863,Joe Bob,OG,Michigan State,1,0,0,0,0,0,0,0,0,0,0,0
4864,Joe Bob,OG,Michigan State,2,0,0,0,0,0,0,0,0,0,0,0
4865,Joe Bob,OG,Michigan State,4,0,0,0,0,0,0,0,0,0,0,0
4866,Joe Bob,OG,Michigan State,2,0,0,0,0,0,0,0,0,0,0,0
4867,Joe Bob,OG,Michigan State,2,0,0,0,0,0,0,0,0,0,0,0
4868,Joe Bob,RB,Michigan State,2,0,0,0,0,0,0,0,0,0,0,0
4869,Joe Bob,OG,Michigan State,3,0,0,0,0,0,0,0,0,0,0,0
4870,Joe Bob,OG,Michigan State,2,0,0,0,0,0,0,0,0,0,0,0
4871,Joe Bob,OG,Michigan State,4,0,0,0,0,0,0,0,0,0,0,0
4872,Joe Bob,QB,Michigan State,2,0,0,0,0,0,0,0,0,0,0,0
4873,Joe Bob,WR,Michigan State,3,0,0,0,0,0,0,0,0,0,0,0
4874,Joe Bob,OG,Michigan State,1,0,0,0,0,0,0,0,0,0,0,0
4875,Joe Bob,WR,Michigan State,3,0,0,0,0,0,0,0,0,0,0,0
4876,Joe Bob,OG,Middle Tenn.,4,0,0,0,0,0,0,0,0,0,0,0
4877,Joe Bob,OG,Middle Tenn.,3,0,0,0,0,0,0,0,0,0,0,0
4878,Joe Bob,OG,Middle Tenn.,4,0,0,0,0,0,0,0,0,0,0,0
4879,Joe Bob,OG,Middle Tenn.,1,0,0,0,0,0,0,0,0,0,0,0
4880,Joe Bob,OG,Middle Tenn.,1,0,0,0,0,0,0,0,0,0,0,0
4881,Joe Bob,OG,Middle Tenn.,1,0,0,0,0,0,0,0,0,0,0,0
4882,Joe Bob,OG,Middle Tenn.,1,0,0,0,0,0,0,0,0,0,0,0
4883,Joe Bob,OG,Middle Tenn.,4,0,0,0,0,0,0,0,0,0,0,0
4884,Joe Bob,OG,Middle Tenn.,3,0,0,0,0,0,0,0,0,0,0,0
4885,Joe Bob,OG,Middle Tenn.,1,0,0,0,0,0,0,0,0,0,0,0
4886,Joe Bob,OG,Middle Tenn.,2,0,0,0,0,0,0,0,0,0,0,0
4887,Joe Bob,OG,Middle Tenn.,2,0,0,0,0,0,0,0,0,0,0,0
4888,Joe Bob,OG,Middle Tenn.,3,0,0,0,0,0,0,0,0,0,0,0
4889,Joe Bob,OG,Middle Tenn.,4,0,0,0,0,0,0,0,0,0,0,0
4890,Joe Bob,WR,Middle Tenn.,2,0,0,0,0,0,0,0,0,0,0,0
4891,Joe Bob,OG,Middle Tenn.,3,0,0,0,0,0,0,0,0,0,0,0
4892,Joe Bob,OG,Middle Tenn.,2,0,0,0,0,0,0,0,0,0,0,0
4893,Joe Bob,OG,Middle Tenn.,2,0,0,0,0,0,0,0,0,0,0,0
4894,Joe Bob,WR,Middle Tenn.,3,0,0,0,0,0,0,0,0,0,0,0
4895,Joe Bob,OG,Middle Tenn.,2,0,0,0,0,0,0,0,0,0,0,0
4896,Joe Bob,OG,Middle Tenn.,2,0,0,0,0,0,0,0,0,0,0,0
4897,Joe Bob,OG,Middle Tenn.,3,0,0,0,0,0,0,0,0,0,0,0
4898,Joe Bob,OG,Middle Tenn.,3,0,0,0,0,0,0,0,0,0,0,0
4899,Joe Bob,WR,Middle Tenn.,4,0,0,0,0,0,0,0,0,0,0,0
4900,Joe Bob,RB,Middle Tenn.,4,0,0,0,0,0,0,0,0,0,0,0
4901,Joe Bob,OG,Middle Tenn.,3,0,0,0,0,0,0,0,0,0,0,0
4902,Joe Bob,OG,Middle Tenn.,3,0,0,0,0,0,0,0,0,0,0,0
4903,Joe Bob,RB,Middle Tenn.,4,0,0,0,0,0,0,0,0,0,0,0
4904,Joe Bob,WR,Middle Tenn.,1,0,0,0,0,0,0,0,0,0,0,0
4905,Joe Bob,OG,Middle Tenn.,4,0,0,0,0,0,0,0,0,0,0,0
4906,Joe Bob,OG,Middle Tenn.,2,0,0,0,0,0,0,0,0,0,0,0
4907,Joe Bob,OG,Middle Tenn.,4,0,0,0,0,0,0,0,0,0,0,0
4908,Joe Bob,OG,Middle Tenn.,3,0,0,0,0,0,0,0,0,0,0,0
4909,Joe Bob,OG,Middle Tenn.,1,0,0,0,0,0,0,0,0,0,0,0
4910,Joe Bob,OG,Middle Tenn.,2,0,0,0,0,0,0,0,0,0,0,0
4911,Joe Bob,OT,Middle Tenn.,3,0,0,0,0,0,0,0,0,0,0,0
4912,Joe Bob,OG,Middle Tenn.,2,0,0,0,0,0,0,0,0,0,0,0
4913,Joe Bob,OG,Middle Tenn.,3,0,0,0,0,0,0,0,0,0,0,0
4914,Joe Bob,OG,Middle Tenn.,3,0,0,0,0,0,0,0,0,0,0,0
4915,Joe Bob,WR,Middle Tenn.,3,0,0,0,0,0,0,0,0,0,0,0
4916,Joe Bob,OG,Middle Tenn.,3,0,0,0,0,0,0,0,0,0,0,0
4917,Joe Bob,OG,Middle Tenn.,2,0,0,0,0,0,0,0,0,0,0,0
4918,Joe Bob,RB,Middle Tenn.,4,0,0,0,0,0,0,0,0,0,0,0
4919,Joe Bob,OG,Middle Tenn.,3,0,0,0,0,0,0,0,0,0,0,0
4920,Joe Bob,OG,Middle Tenn.,4,0,0,0,0,0,0,0,0,0,0,0
4921,Joe Bob,WR,Middle Tenn.,2,0,0,0,0,0,0,0,0,0,0,0
4922,Joe Bob,OG,Middle Tenn.,2,0,0,0,0,0,0,0,0,0,0,0
4923,Joe Bob,WR,Middle Tenn.,1,0,0,0,0,0,0,0,0,0,0,0
4924,Joe Bob,FB,Middle Tenn.,4,0,0,0,0,0,0,0,0,0,0,0
4925,Joe Bob,OG,Middle Tenn.,1,0,0,0,0,0,0,0,0,0,0,0
4926,Joe Bob,OT,Middle Tenn.,2,0,0,0,0,0,0,0,0,0,0,0
4927,Joe Bob,OG,Middle Tenn.,4,0,0,0,0,0,0,0,0,0,0,0
4928,Joe Bob,OG,Middle Tenn.,4,0,0,0,0,0,0,0,0,0,0,0
4929,Joe Bob,OG,Middle Tenn.,2,0,0,0,0,0,0,0,0,0,0,0
4930,Joe Bob,OG,Middle Tenn.,3,0,0,0,0,0,0,0,0,0,0,0
4931,Joe Bob,WR,Middle Tenn.,4,0,0,0,0,0,0,0,0,0,0,0
4932,Joe Bob,OG,Middle Tenn.,2,0,0,0,0,0,0,0,0,0,0,0
4933,Joe Bob,RB,Middle Tenn.,4,0,0,0,0,0,0,0,0,0,0,0
4934,Joe Bob,WR,Middle Tenn.,4,0,0,0,0,0,0,0,0,0,0,0
4935,Joe Bob,OG,Middle Tenn.,2,0,0,0,0,0,0,0,0,0,0,0
4936,Joe Bob,WR,Middle Tenn.,2,0,0,0,0,0,0,0,0,0,0,0
4937,Joe Bob,WR,Middle Tenn.,4,0,0,0,0,0,0,0,0,0,0,0
4938,Joe Bob,OG,Middle Tenn.,1,0,0,0,0,0,0,0,0,0,0,0
4939,Joe Bob,OG,Middle Tenn.,1,0,0,0,0,0,0,0,0,0,0,0
4940,Joe Bob,OG,Middle Tenn.,4,0,0,0,0,0,0,0,0,0,0,0
4941,Joe Bob,OG,Middle Tenn.,3,0,0,0,0,0,0,0,0,0,0,0
4942,Joe Bob,OG,Middle Tenn.,1,0,0,0,0,0,0,0,0,0,0,0
4943,Joe Bob,OG,Middle Tenn.,2,0,0,0,0,0,0,0,0,0,0,0
4944,Joe Bob,OG,Middle Tenn.,2,0,0,0,0,0,0,0,0,0,0,0
4945,Joe Bob,OG,Middle Tenn.,1,0,0,0,0,0,0,0,0,0,0,0
4946,Joe Bob,OG,Middle Tenn.,3,0,0,0,0,0,0,0,0,0,0,0
4947,Joe Bob,OG,Middle Tenn.,4,0,0,0,0,0,0,0,0,0,0,0
4948,Joe Bob,OG,Middle Tenn.,3,0,0,0,0,0,0,0,0,0,0,0
4949,Joe Bob,OT,Middle Tenn.,3,0,0,0,0,0,0,0,0,0,0,0
4950,Joe Bob,OG,Middle Tenn.,2,0,0,0,0,0,0,0,0,0,0,0
4951,Joe Bob,OT,Minnesota,4,0,0,0,0,0,0,0,0,0,0,0
4952,Joe Bob,OG,Minnesota,4,0,0,0,0,0,0,0,0,0,0,0
4953,Joe Bob,OG,Minnesota,3,0,0,0,0,0,0,0,0,0,0,0
4954,Joe Bob,OG,Minnesota,1,0,0,0,0,0,0,0,0,0,0,0
4955,Joe Bob,OG,Minnesota,4,0,0,0,0,0,0,0,0,0,0,0
4956,Joe Bob,WR,Minnesota,1,0,0,0,0,0,0,0,0,0,0,0
4957,Joe Bob,OG,Minnesota,1,0,0,0,0,0,0,0,0,0,0,0
4958,Joe Bob,WR,Minnesota,2,0,0,0,0,0,0,0,0,0,0,0
4959,Joe Bob,OG,Minnesota,1,0,0,0,0,0,0,0,0,0,0,0
4960,Joe Bob,OG,Minnesota,3,0,0,0,0,0,0,0,0,0,0,0
4961,Joe Bob,OG,Minnesota,2,0,0,0,0,0,0,0,0,0,0,0
4962,Joe Bob,RB,Minnesota,1,0,0,0,0,0,0,0,0,0,0,0
4963,Joe Bob,OT,Minnesota,1,0,0,0,0,0,0,0,0,0,0,0
4964,Joe Bob,RB,Minnesota,4,0,0,0,0,0,0,0,0,0,0,0
4965,Joe Bob,OG,Minnesota,3,0,0,0,0,0,0,0,0,0,0,0
4966,Joe Bob,OG,Minnesota,2,0,0,0,0,0,0,0,0,0,0,0
4967,Joe Bob,OG,Minnesota,3,0,0,0,0,0,0,0,0,0,0,0
4968,Joe Bob,OG,Minnesota,2,0,0,0,0,0,0,0,0,0,0,0
4969,Joe Bob,RB,Minnesota,2,0,0,0,0,0,0,0,0,0,0,0
4970,Joe Bob,OG,Minnesota,4,0,0,0,0,0,0,0,0,0,0,0
4971,Joe Bob,OG,Minnesota,4,0,0,0,0,0,0,0,0,0,0,0
4972,Joe Bob,OG,Minnesota,3,0,0,0,0,0,0,0,0,0,0,0
4973,Joe Bob,OG,Minnesota,1,0,0,0,0,0,0,0,0,0,0,0
4974,Joe Bob,OG,Minnesota,3,0,0,0,0,0,0,0,0,0,0,0
4975,Joe Bob,WR,Minnesota,4,0,0,0,0,0,0,0,0,0,0,0
4976,Joe Bob,OG,Minnesota,4,0,0,0,0,0,0,0,0,0,0,0
4977,Joe Bob,OG,Minnesota,4,0,0,0,0,0,0,0,0,0,0,0
4978,Joe Bob,QB,Minnesota,3,0,0,0,0,0,0,0,0,0,0,0
4979,Joe Bob,OG,Minnesota,3,0,0,0,0,0,0,0,0,0,0,0
4980,Joe Bob,OG,Minnesota,2,0,0,0,0,0,0,0,0,0,0,0
4981,Joe Bob,OG,Minnesota,2,0,0,0,0,0,0,0,0,0,0,0
4982,Joe Bob,OG,Minnesota,1,0,0,0,0,0,0,0,0,0,0,0
4983,Joe Bob,OG,Minnesota,3,0,0,0,0,0,0,0,0,0,0,0
4984,Joe Bob,OG,Minnesota,1,0,0,0,0,0,0,0,0,0,0,0
4985,Joe Bob,OG,Minnesota,2,0,0,0,0,0,0,0,0,0,0,0
4986,Joe Bob,OG,Minnesota,3,0,0,0,0,0,0,0,0,0,0,0
4987,Joe Bob,WR,Minnesota,2,0,0,0,0,0,0,0,0,0,0,0
4988,Joe Bob,OG,Minnesota,1,0,0,0,0,0,0,0,0,0,0,0
4989,Joe Bob,QB,Minnesota,1,0,0,0,0,0,0,0,0,0,0,0
4990,Joe Bob,OG,Minnesota,3,0,0,0,0,0,0,0,0,0,0,0
4991,Joe Bob,OG,Minnesota,4,0,0,0,0,0,0,0,0,0,0,0
4992,Joe Bob,OG,Minnesota,3,0,0,0,0,0,0,0,0,0,0,0
4993,Joe Bob,WR,Minnesota,1,0,0,0,0,0,0,0,0,0,0,0
4994,Joe Bob,WR,Minnesota,3,0,0,0,0,0,0,0,0,0,0,0
4995,Joe Bob,WR,Minnesota,4,0,0,0,0,0,0,0,0,0,0,0
4996,Joe Bob,OT,Minnesota,4,0,0,0,0,0,0,0,0,0,0,0
4997,Joe Bob,OG,Minnesota,2,0,0,0,0,0,0,0,0,0,0,0
4998,Joe Bob,OG,Minnesota,3,0,0,0,0,0,0,0,0,0,0,0
4999,Joe Bob,OG,Minnesota,2,0,0,0,0,0,0,0,0,0,0,0
5000,Joe Bob,OG,Minnesota,2,0,0,0,0,0,0,0,0,0,0,0
5001,Joe Bob,QB,Minnesota,3,0,0,0,0,0,0,0,0,0,0,0
5002,Joe Bob,QB,Minnesota,1,0,0,0,0,0,0,0,0,0,0,0
5003,Joe Bob,OG,Minnesota,3,0,0,0,0,0,0,0,0,0,0,0
5004,Joe Bob,OG,Minnesota,4,0,0,0,0,0,0,0,0,0,0,0
5005,Joe Bob,QB,Minnesota,3,0,0,0,0,0,0,0,0,0,0,0
5006,Joe Bob,WR,Minnesota,4,0,0,0,0,0,0,0,0,0,0,0
5007,Joe Bob,OG,Minnesota,3,0,0,0,0,0,0,0,0,0,0,0
5008,Joe Bob,OT,Minnesota,2,0,0,0,0,0,0,0,0,0,0,0
5009,Joe Bob,OG,Minnesota,4,0,0,0,0,0,0,0,0,0,0,0
5010,Joe Bob,OG,Minnesota,1,0,0,0,0,0,0,0,0,0,0,0
5011,Joe Bob,OG,Minnesota,1,0,0,0,0,0,0,0,0,0,0,0
5012,Joe Bob,OG,Minnesota,1,0,0,0,0,0,0,0,0,0,0,0
5013,Joe Bob,OG,Minnesota,1,0,0,0,0,0,0,0,0,0,0,0
5014,Joe Bob,OG,Minnesota,3,0,0,0,0,0,0,0,0,0,0,0
5015,Joe Bob,OG,Minnesota,1,0,0,0,0,0,0,0,0,0,0,0
5016,Joe Bob,OG,Minnesota,1,0,0,0,0,0,0,0,0,0,0,0
5017,Joe Bob,OG,Minnesota,2,0,0,0,0,0,0,0,0,0,0,0
5018,Joe Bob,OG,Minnesota,3,0,0,0,0,0,0,0,0,0,0,0
5019,Joe Bob,OT,Minnesota,3,0,0,0,0,0,0,0,0,0,0,0
5020,Joe Bob,OG,Minnesota,2,0,0,0,0,0,0,0,0,0,0,0
5021,Joe Bob,RB,Minnesota,3,0,0,0,0,0,0,0,0,0,0,0
5022,Joe Bob,OG,Minnesota,4,0,0,0,0,0,0,0,0,0,0,0
5023,Joe Bob,OG,Minnesota,4,0,0,0,0,0,0,0,0,0,0,0
5024,Joe Bob,OG,Minnesota,4,0,0,0,0,0,0,0,0,0,0,0
5025,Joe Bob,OG,Minnesota,4,0,0,0,0,0,0,0,0,0,0,0
5026,Joe Bob,OG,Mississippi State,3,0,0,0,0,0,0,0,0,0,0,0
5027,Joe Bob,OG,Mississippi State,2,0,0,0,0,0,0,0,0,0,0,0
5028,Joe Bob,WR,Mississippi State,1,0,0,0,0,0,0,0,0,0,0,0
5029,Joe Bob,OG,Mississippi State,4,0,0,0,0,0,0,0,0,0,0,0
5030,Joe Bob,OG,Mississippi State,2,0,0,0,0,0,0,0,0,0,0,0
5031,Joe Bob,OG,Mississippi State,4,0,0,0,0,0,0,0,0,0,0,0
5032,Joe Bob,OG,Mississippi State,2,0,0,0,0,0,0,0,0,0,0,0
5033,Joe Bob,OG,Mississippi State,1,0,0,0,0,0,0,0,0,0,0,0
5034,Joe Bob,OG,Mississippi State,2,0,0,0,0,0,0,0,0,0,0,0
5035,Joe Bob,OG,Mississippi State,1,0,0,0,0,0,0,0,0,0,0,0
5036,Joe Bob,OG,Mississippi State,1,0,0,0,0,0,0,0,0,0,0,0
5037,Joe Bob,OG,Mississippi State,3,0,0,0,0,0,0,0,0,0,0,0
5038,Joe Bob,OG,Mississippi State,4,0,0,0,0,0,0,0,0,0,0,0
5039,Joe Bob,WR,Mississippi State,2,0,0,0,0,0,0,0,0,0,0,0
5040,Joe Bob,OG,Mississippi State,4,0,0,0,0,0,0,0,0,0,0,0
5041,Joe Bob,OG,Mississippi State,2,0,0,0,0,0,0,0,0,0,0,0
5042,Joe Bob,WR,Mississippi State,3,0,0,0,0,0,0,0,0,0,0,0
5043,Joe Bob,OG,Mississippi State,4,0,0,0,0,0,0,0,0,0,0,0
5044,Joe Bob,OG,Mississippi State,3,0,0,0,0,0,0,0,0,0,0,0
5045,Joe Bob,OG,Mississippi State,1,0,0,0,0,0,0,0,0,0,0,0
5046,Joe Bob,WR,Mississippi State,3,0,0,0,0,0,0,0,0,0,0,0
5047,Joe Bob,WR,Mississippi State,1,0,0,0,0,0,0,0,0,0,0,0
5048,Joe Bob,OG,Mississippi State,1,0,0,0,0,0,0,0,0,0,0,0
5049,Joe Bob,OG,Mississippi State,4,0,0,0,0,0,0,0,0,0,0,0
5050,Joe Bob,OG,Mississippi State,2,0,0,0,0,0,0,0,0,0,0,0
5051,Joe Bob,OG,Mississippi State,1,0,0,0,0,0,0,0,0,0,0,0
5052,Joe Bob,OG,Mississippi State,1,0,0,0,0,0,0,0,0,0,0,0
5053,Joe Bob,OG,Mississippi State,3,0,0,0,0,0,0,0,0,0,0,0
5054,Joe Bob,OG,Mississippi State,1,0,0,0,0,0,0,0,0,0,0,0
5055,Joe Bob,OG,Mississippi State,2,0,0,0,0,0,0,0,0,0,0,0
5056,Joe Bob,OG,Mississippi State,2,0,0,0,0,0,0,0,0,0,0,0
5057,Joe Bob,OG,Mississippi State,3,0,0,0,0,0,0,0,0,0,0,0
5058,Joe Bob,OG,Mississippi State,2,0,0,0,0,0,0,0,0,0,0,0
5059,Joe Bob,WR,Mississippi State,2,0,0,0,0,0,0,0,0,0,0,0
5060,Joe Bob,OG,Mississippi State,4,0,0,0,0,0,0,0,0,0,0,0
5061,Joe Bob,WR,Mississippi State,3,0,0,0,0,0,0,0,0,0,0,0
5062,Joe Bob,OG,Mississippi State,4,0,0,0,0,0,0,0,0,0,0,0
5063,Joe Bob,RB,Mississippi State,3,0,0,0,0,0,0,0,0,0,0,0
5064,Joe Bob,WR,Mississippi State,1,0,0,0,0,0,0,0,0,0,0,0
5065,Joe Bob,OG,Mississippi State,4,0,0,0,0,0,0,0,0,0,0,0
5066,Joe Bob,WR,Mississippi State,1,0,0,0,0,0,0,0,0,0,0,0
5067,Joe Bob,RB,Mississippi State,1,0,0,0,0,0,0,0,0,0,0,0
5068,Joe Bob,OG,Mississippi State,4,0,0,0,0,0,0,0,0,0,0,0
5069,Joe Bob,OG,Mississippi State,2,0,0,0,0,0,0,0,0,0,0,0
5070,Joe Bob,OG,Mississippi State,3,0,0,0,0,0,0,0,0,0,0,0
5071,Joe Bob,OG,Mississippi State,4,0,0,0,0,0,0,0,0,0,0,0
5072,Joe Bob,OG,Mississippi State,2,0,0,0,0,0,0,0,0,0,0,0
5073,Joe Bob,OG,Mississippi State,3,0,0,0,0,0,0,0,0,0,0,0
5074,Joe Bob,OT,Mississippi State,3,0,0,0,0,0,0,0,0,0,0,0
5075,Joe Bob,OG,Mississippi State,4,0,0,0,0,0,0,0,0,0,0,0
5076,Joe Bob,FB,Mississippi State,4,0,0,0,0,0,0,0,0,0,0,0
5077,Joe Bob,OG,Mississippi State,1,0,0,0,0,0,0,0,0,0,0,0
5078,Joe Bob,OG,Mississippi State,2,0,0,0,0,0,0,0,0,0,0,0
5079,Joe Bob,OG,Mississippi State,4,0,0,0,0,0,0,0,0,0,0,0
5080,Joe Bob,WR,Mississippi State,1,0,0,0,0,0,0,0,0,0,0,0
5081,Joe Bob,OG,Mississippi State,1,0,0,0,0,0,0,0,0,0,0,0
5082,Joe Bob,WR,Mississippi State,1,0,0,0,0,0,0,0,0,0,0,0
5083,Joe Bob,OG,Mississippi State,4,0,0,0,0,0,0,0,0,0,0,0
5084,Joe Bob,OG,Mississippi State,2,0,0,0,0,0,0,0,0,0,0,0
5085,Joe Bob,OG,Mississippi State,1,0,0,0,0,0,0,0,0,0,0,0
5086,Joe Bob,OG,Mississippi State,2,0,0,0,0,0,0,0,0,0,0,0
5087,Joe Bob,OG,Mississippi State,2,0,0,0,0,0,0,0,0,0,0,0
5088,Joe Bob,OG,Mississippi State,1,0,0,0,0,0,0,0,0,0,0,0
5089,Joe Bob,WR,Mississippi State,3,0,0,0,0,0,0,0,0,0,0,0
5090,Joe Bob,OG,Mississippi State,4,0,0,0,0,0,0,0,0,0,0,0
5091,Joe Bob,WR,Mississippi State,3,0,0,0,0,0,0,0,0,0,0,0
5092,Joe Bob,OG,Mississippi State,3,0,0,0,0,0,0,0,0,0,0,0
5093,Joe Bob,OG,Mississippi State,2,0,0,0,0,0,0,0,0,0,0,0
5094,Joe Bob,OG,Mississippi State,4,0,0,0,0,0,0,0,0,0,0,0
5095,Joe Bob,OG,Mississippi State,1,0,0,0,0,0,0,0,0,0,0,0
5096,Joe Bob,OG,Mississippi State,3,0,0,0,0,0,0,0,0,0,0,0
5097,Joe Bob,OG,Mississippi State,1,0,0,0,0,0,0,0,0,0,0,0
5098,Joe Bob,OG,Mississippi State,3,0,0,0,0,0,0,0,0,0,0,0
5099,Joe Bob,WR,Mississippi State,1,0,0,0,0,0,0,0,0,0,0,0
5100,Joe Bob,OG,Mississippi State,2,0,0,0,0,0,0,0,0,0,0,0
5101,Joe Bob,OG,Missouri,1,0,0,0,0,0,0,0,0,0,0,0
5102,Joe Bob,OG,Missouri,4,0,0,0,0,0,0,0,0,0,0,0
5103,Joe Bob,OG,Missouri,4,0,0,0,0,0,0,0,0,0,0,0
5104,Joe Bob,OG,Missouri,1,0,0,0,0,0,0,0,0,0,0,0
5105,Joe Bob,OG,Missouri,2,0,0,0,0,0,0,0,0,0,0,0
5106,Joe Bob,OG,Missouri,1,0,0,0,0,0,0,0,0,0,0,0
5107,Joe Bob,OG,Missouri,2,0,0,0,0,0,0,0,0,0,0,0
5108,Joe Bob,OG,Missouri,1,0,0,0,0,0,0,0,0,0,0,0
5109,Joe Bob,OG,Missouri,1,0,0,0,0,0,0,0,0,0,0,0
5110,Joe Bob,OG,Missouri,3,0,0,0,0,0,0,0,0,0,0,0
5111,Joe Bob,QB,Missouri,3,0,0,0,0,0,0,0,0,0,0,0
5112,Joe Bob,OG,Missouri,3,0,0,0,0,0,0,0,0,0,0,0
5113,Joe Bob,OG,Missouri,2,0,0,0,0,0,0,0,0,0,0,0
5114,Joe Bob,OG,Missouri,4,0,0,0,0,0,0,0,0,0,0,0
5115,Joe Bob,RB,Missouri,3,0,0,0,0,0,0,0,0,0,0,0
5116,Joe Bob,QB,Missouri,4,0,0,0,0,0,0,0,0,0,0,0
5117,Joe Bob,WR,Missouri,4,0,0,0,0,0,0,0,0,0,0,0
5118,Joe Bob,OT,Missouri,3,0,0,0,0,0,0,0,0,0,0,0
5119,Joe Bob,OG,Missouri,4,0,0,0,0,0,0,0,0,0,0,0
5120,Joe Bob,OT,Missouri,4,0,0,0,0,0,0,0,0,0,0,0
5121,Joe Bob,OG,Missouri,1,0,0,0,0,0,0,0,0,0,0,0
5122,Joe Bob,OG,Missouri,1,0,0,0,0,0,0,0,0,0,0,0
5123,Joe Bob,OG,Missouri,1,0,0,0,0,0,0,0,0,0,0,0
5124,Joe Bob,OG,Missouri,2,0,0,0,0,0,0,0,0,0,0,0
5125,Joe Bob,OG,Missouri,1,0,0,0,0,0,0,0,0,0,0,0
5126,Joe Bob,OG,Missouri,1,0,0,0,0,0,0,0,0,0,0,0
5127,Joe Bob,OG,Missouri,3,0,0,0,0,0,0,0,0,0,0,0
5128,Joe Bob,OG,Missouri,1,0,0,0,0,0,0,0,0,0,0,0
5129,Joe Bob,OG,Missouri,3,0,0,0,0,0,0,0,0,0,0,0
5130,Joe Bob,OG,Missouri,2,0,0,0,0,0,0,0,0,0,0,0
5131,Joe Bob,RB,Missouri,4,0,0,0,0,0,0,0,0,0,0,0
5132,Joe Bob,OG,Missouri,3,0,0,0,0,0,0,0,0,0,0,0
5133,Joe Bob,QB,Missouri,2,0,0,0,0,0,0,0,0,0,0,0
5134,Joe Bob,OG,Missouri,4,0,0,0,0,0,0,0,0,0,0,0
5135,Joe Bob,OG,Missouri,2,0,0,0,0,0,0,0,0,0,0,0
5136,Joe Bob,OT,Missouri,1,0,0,0,0,0,0,0,0,0,0,0
5137,Joe Bob,WR,Missouri,2,0,0,0,0,0,0,0,0,0,0,0
5138,Joe Bob,OG,Missouri,4,0,0,0,0,0,0,0,0,0,0,0
5139,Joe Bob,OG,Missouri,1,0,0,0,0,0,0,0,0,0,0,0
5140,Joe Bob,OG,Missouri,2,0,0,0,0,0,0,0,0,0,0,0
5141,Joe Bob,QB,Missouri,2,0,0,0,0,0,0,0,0,0,0,0
5142,Joe Bob,OG,Missouri,3,0,0,0,0,0,0,0,0,0,0,0
5143,Joe Bob,OG,Missouri,2,0,0,0,0,0,0,0,0,0,0,0
5144,Joe Bob,OG,Missouri,4,0,0,0,0,0,0,0,0,0,0,0
5145,Joe Bob,OG,Missouri,1,0,0,0,0,0,0,0,0,0,0,0
5146,Joe Bob,FB,Missouri,2,0,0,0,0,0,0,0,0,0,0,0
5147,Joe Bob,OG,Missouri,1,0,0,0,0,0,0,0,0,0,0,0
5148,Joe Bob,WR,Missouri,2,0,0,0,0,0,0,0,0,0,0,0
5149,Joe Bob,OG,Missouri,4,0,0,0,0,0,0,0,0,0,0,0
5150,Joe Bob,OG,Missouri,3,0,0,0,0,0,0,0,0,0,0,0
5151,Joe Bob,OG,Missouri,4,0,0,0,0,0,0,0,0,0,0,0
5152,Joe Bob,OG,Missouri,1,0,0,0,0,0,0,0,0,0,0,0
5153,Joe Bob,OG,Missouri,1,0,0,0,0,0,0,0,0,0,0,0
5154,Joe Bob,OG,Missouri,1,0,0,0,0,0,0,0,0,0,0,0
5155,Joe Bob,OG,Missouri,1,0,0,0,0,0,0,0,0,0,0,0
5156,Joe Bob,OG,Missouri,1,0,0,0,0,0,0,0,0,0,0,0
5157,Joe Bob,OG,Missouri,3,0,0,0,0,0,0,0,0,0,0,0
5158,Joe Bob,OG,Missouri,1,0,0,0,0,0,0,0,0,0,0,0
5159,Joe Bob,OG,Missouri,1,0,0,0,0,0,0,0,0,0,0,0
5160,Joe Bob,OG,Missouri,2,0,0,0,0,0,0,0,0,0,0,0
5161,Joe Bob,OG,Missouri,3,0,0,0,0,0,0,0,0,0,0,0
5162,Joe Bob,OG,Missouri,3,0,0,0,0,0,0,0,0,0,0,0
5163,Joe Bob,WR,Missouri,3,0,0,0,0,0,0,0,0,0,0,0
5164,Joe Bob,OG,Missouri,3,0,0,0,0,0,0,0,0,0,0,0
5165,Joe Bob,OG,Missouri,2,0,0,0,0,0,0,0,0,0,0,0
5166,Joe Bob,OG,Missouri,4,0,0,0,0,0,0,0,0,0,0,0
5167,Joe Bob,WR,Missouri,4,0,0,0,0,0,0,0,0,0,0,0
5168,Joe Bob,OG,Missouri,4,0,0,0,0,0,0,0,0,0,0,0
5169,Joe Bob,OG,Missouri,3,0,0,0,0,0,0,0,0,0,0,0
5170,Joe Bob,OG,Missouri,3,0,0,0,0,0,0,0,0,0,0,0
5171,Joe Bob,WR,Missouri,3,0,0,0,0,0,0,0,0,0,0,0
5172,Joe Bob,OG,Missouri,2,0,0,0,0,0,0,0,0,0,0,0
5173,Joe Bob,OG,Missouri,4,0,0,0,0,0,0,0,0,0,0,0
5174,Joe Bob,OG,Missouri,4,0,0,0,0,0,0,0,0,0,0,0
5175,Joe Bob,OT,Missouri,3,0,0,0,0,0,0,0,0,0,0,0
5176,Joe Bob,QB,Missouri St.,4,0,0,0,0,0,0,0,0,0,0,0
5177,Joe Bob,WR,Missouri St.,1,0,0,0,0,0,0,0,0,0,0,0
5178,Joe Bob,OG,Missouri St.,4,0,0,0,0,0,0,0,0,0,0,0
5179,Joe Bob,OG,Missouri St.,2,0,0,0,0,0,0,0,0,0,0,0
5180,Joe Bob,OG,Missouri St.,4,0,0,0,0,0,0,0,0,0,0,0
5181,Joe Bob,OT,Missouri St.,2,0,0,0,0,0,0,0,0,0,0,0
5182,Joe Bob,OG,Missouri St.,1,0,0,0,0,0,0,0,0,0,0,0
5183,Joe Bob,OG,Missouri St.,2,0,0,0,0,0,0,0,0,0,0,0
5184,Joe Bob,OG,Missouri St.,3,0,0,0,0,0,0,0,0,0,0,0
5185,Joe Bob,OG,Missouri St.,4,0,0,0,0,0,0,0,0,0,0,0
5186,Joe Bob,OG,Missouri St.,3,0,0,0,0,0,0,0,0,0,0,0
5187,Joe Bob,OG,Missouri St.,2,0,0,0,0,0,0,0,0,0,0,0
5188,Joe Bob,WR,Missouri St.,2,0,0,0,0,0,0,0,0,0,0,0
5189,Joe Bob,OG,Missouri St.,4,0,0,0,0,0,0,0,0,0,0,0
5190,Joe Bob,OG,Missouri St.,2,0,0,0,0,0,0,0,0,0,0,0
5191,Joe Bob,QB,Missouri St.,4,0,0,0,0,0,0,0,0,0,0,0
5192,Joe Bob,OG,Missouri St.,3,0,0,0,0,0,0,0,0,0,0,0
5193,Joe Bob,OG,Missouri St.,3,0,0,0,0,0,0,0,0,0,0,0
5194,Joe Bob,RB,Missouri St.,2,0,0,0,0,0,0,0,0,0,0,0
5195,Joe Bob,OG,Missouri St.,2,0,0,0,0,0,0,0,0,0,0,0
5196,Joe Bob,QB,Missouri St.,1,0,0,0,0,0,0,0,0,0,0,0
5197,Joe Bob,QB,Missouri St.,4,0,0,0,0,0,0,0,0,0,0,0
5198,Joe Bob,OG,Missouri St.,3,0,0,0,0,0,0,0,0,0,0,0
5199,Joe Bob,OT,Missouri St.,2,0,0,0,0,0,0,0,0,0,0,0
5200,Joe Bob,OG,Missouri St.,4,0,0,0,0,0,0,0,0,0,0,0
5201,Joe Bob,OG,Missouri St.,3,0,0,0,0,0,0,0,0,0,0,0
5202,Joe Bob,OG,Missouri St.,1,0,0,0,0,0,0,0,0,0,0,0
5203,Joe Bob,OG,Missouri St.,1,0,0,0,0,0,0,0,0,0,0,0
5204,Joe Bob,OG,Missouri St.,3,0,0,0,0,0,0,0,0,0,0,0
5205,Joe Bob,OG,Missouri St.,2,0,0,0,0,0,0,0,0,0,0,0
5206,Joe Bob,OG,Missouri St.,4,0,0,0,0,0,0,0,0,0,0,0
5207,Joe Bob,OG,Missouri St.,4,0,0,0,0,0,0,0,0,0,0,0
5208,Joe Bob,OG,Missouri St.,2,0,0,0,0,0,0,0,0,0,0,0
5209,Joe Bob,RB,Missouri St.,1,0,0,0,0,0,0,0,0,0,0,0
5210,Joe Bob,RB,Missouri St.,4,0,0,0,0,0,0,0,0,0,0,0
5211,Joe Bob,OT,Missouri St.,1,0,0,0,0,0,0,0,0,0,0,0
5212,Joe Bob,OG,Missouri St.,4,0,0,0,0,0,0,0,0,0,0,0
5213,Joe Bob,OG,Missouri St.,4,0,0,0,0,0,0,0,0,0,0,0
5214,Joe Bob,OG,Missouri St.,3,0,0,0,0,0,0,0,0,0,0,0
5215,Joe Bob,OG,Missouri St.,1,0,0,0,0,0,0,0,0,0,0,0
5216,Joe Bob,OG,Missouri St.,2,0,0,0,0,0,0,0,0,0,0,0
5217,Joe Bob,OG,Missouri St.,1,0,0,0,0,0,0,0,0,0,0,0
5218,Joe Bob,OG,Missouri St.,1,0,0,0,0,0,0,0,0,0,0,0
5219,Joe Bob,OG,Missouri St.,3,0,0,0,0,0,0,0,0,0,0,0
5220,Joe Bob,OG,Missouri St.,3,0,0,0,0,0,0,0,0,0,0,0
5221,Joe Bob,OG,Missouri St.,3,0,0,0,0,0,0,0,0,0,0,0
5222,Joe Bob,WR,Missouri St.,3,0,0,0,0,0,0,0,0,0,0,0
5223,Joe Bob,OG,Missouri St.,3,0,0,0,0,0,0,0,0,0,0,0
5224,Joe Bob,WR,Missouri St.,4,0,0,0,0,0,0,0,0,0,0,0
5225,Joe Bob,OG,Missouri St.,4,0,0,0,0,0,0,0,0,0,0,0
5226,Joe Bob,OG,Missouri St.,3,0,0,0,0,0,0,0,0,0,0,0
5227,Joe Bob,OG,Missouri St.,4,0,0,0,0,0,0,0,0,0,0,0
5228,Joe Bob,OG,Missouri St.,4,0,0,0,0,0,0,0,0,0,0,0
5229,Joe Bob,WR,Missouri St.,1,0,0,0,0,0,0,0,0,0,0,0
5230,Joe Bob,OG,Missouri St.,1,0,0,0,0,0,0,0,0,0,0,0
5231,Joe Bob,RB,Missouri St.,1,0,0,0,0,0,0,0,0,0,0,0
5232,Joe Bob,OG,Missouri St.,4,0,0,0,0,0,0,0,0,0,0,0
5233,Joe Bob,OG,Missouri St.,3,0,0,0,0,0,0,0,0,0,0,0
5234,Joe Bob,OG,Missouri St.,2,0,0,0,0,0,0,0,0,0,0,0
5235,Joe Bob,QB,Missouri St.,2,0,0,0,0,0,0,0,0,0,0,0
5236,Joe Bob,WR,Missouri St.,1,0,0,0,0,0,0,0,0,0,0,0
5237,Joe Bob,OG,Missouri St.,1,0,0,0,0,0,0,0,0,0,0,0
5238,Joe Bob,OG,Missouri St.,3,0,0,0,0,0,0,0,0,0,0,0
5239,Joe Bob,OG,Missouri St.,2,0,0,0,0,0,0,0,0,0,0,0
5240,Joe Bob,WR,Missouri St.,3,0,0,0,0,0,0,0,0,0,0,0
5241,Joe Bob,OG,Missouri St.,4,0,0,0,0,0,0,0,0,0,0,0
5242,Joe Bob,OT,Missouri St.,1,0,0,0,0,0,0,0,0,0,0,0
5243,Joe Bob,OG,Missouri St.,3,0,0,0,0,0,0,0,0,0,0,0
5244,Joe Bob,OG,Missouri St.,4,0,0,0,0,0,0,0,0,0,0,0
5245,Joe Bob,OG,Missouri St.,3,0,0,0,0,0,0,0,0,0,0,0
5246,Joe Bob,OG,Missouri St.,1,0,0,0,0,0,0,0,0,0,0,0
5247,Joe Bob,FB,Missouri St.,3,0,0,0,0,0,0,0,0,0,0,0
5248,Joe Bob,WR,Missouri St.,4,0,0,0,0,0,0,0,0,0,0,0
5249,Joe Bob,OG,Missouri St.,4,0,0,0,0,0,0,0,0,0,0,0
5250,Joe Bob,OG,Missouri St.,3,0,0,0,0,0,0,0,0,0,0,0
5251,Joe Bob,RB,N. Illinois,3,0,0,0,0,0,0,0,0,0,0,0
5252,Joe Bob,OG,N. Illinois,3,0,0,0,0,0,0,0,0,0,0,0
5253,Joe Bob,OG,N. Illinois,2,0,0,0,0,0,0,0,0,0,0,0
5254,Joe Bob,OG,N. Illinois,2,0,0,0,0,0,0,0,0,0,0,0
5255,Joe Bob,OG,N. Illinois,1,0,0,0,0,0,0,0,0,0,0,0
5256,Joe Bob,OG,N. Illinois,3,0,0,0,0,0,0,0,0,0,0,0
5257,Joe Bob,OG,N. Illinois,1,0,0,0,0,0,0,0,0,0,0,0
5258,Joe Bob,OG,N. Illinois,2,0,0,0,0,0,0,0,0,0,0,0
5259,Joe Bob,OG,N. Illinois,2,0,0,0,0,0,0,0,0,0,0,0
5260,Joe Bob,OG,N. Illinois,2,0,0,0,0,0,0,0,0,0,0,0
5261,Joe Bob,OG,N. Illinois,1,0,0,0,0,0,0,0,0,0,0,0
5262,Joe Bob,OG,N. Illinois,1,0,0,0,0,0,0,0,0,0,0,0
5263,Joe Bob,OG,N. Illinois,3,0,0,0,0,0,0,0,0,0,0,0
5264,Joe Bob,OG,N. Illinois,4,0,0,0,0,0,0,0,0,0,0,0
5265,Joe Bob,OG,N. Illinois,2,0,0,0,0,0,0,0,0,0,0,0
5266,Joe Bob,FB,N. Illinois,1,0,0,0,0,0,0,0,0,0,0,0
5267,Joe Bob,WR,N. Illinois,3,0,0,0,0,0,0,0,0,0,0,0
5268,Joe Bob,WR,N. Illinois,4,0,0,0,0,0,0,0,0,0,0,0
5269,Joe Bob,OG,N. Illinois,4,0,0,0,0,0,0,0,0,0,0,0
5270,Joe Bob,OG,N. Illinois,4,0,0,0,0,0,0,0,0,0,0,0
5271,Joe Bob,OG,N. Illinois,2,0,0,0,0,0,0,0,0,0,0,0
5272,Joe Bob,OG,N. Illinois,4,0,0,0,0,0,0,0,0,0,0,0
5273,Joe Bob,OG,N. Illinois,1,0,0,0,0,0,0,0,0,0,0,0
5274,Joe Bob,OG,N. Illinois,3,0,0,0,0,0,0,0,0,0,0,0
5275,Joe Bob,OG,N. Illinois,1,0,0,0,0,0,0,0,0,0,0,0
5276,Joe Bob,OG,N. Illinois,3,0,0,0,0,0,0,0,0,0,0,0
5277,Joe Bob,OG,N. Illinois,4,0,0,0,0,0,0,0,0,0,0,0
5278,Joe Bob,OG,N. Illinois,2,0,0,0,0,0,0,0,0,0,0,0
5279,Joe Bob,WR,N. Illinois,3,0,0,0,0,0,0,0,0,0,0,0
5280,Joe Bob,OT,N. Illinois,3,0,0,0,0,0,0,0,0,0,0,0
5281,Joe Bob,WR,N. Illinois,1,0,0,0,0,0,0,0,0,0,0,0
5282,Joe Bob,OG,N. Illinois,4,0,0,0,0,0,0,0,0,0,0,0
5283,Joe Bob,OG,N. Illinois,1,0,0,0,0,0,0,0,0,0,0,0
5284,Joe Bob,OG,N. Illinois,4,0,0,0,0,0,0,0,0,0,0,0
5285,Joe Bob,OG,N. Illinois,1,0,0,0,0,0,0,0,0,0,0,0
5286,Joe Bob,OG,N. Illinois,1,0,0,0,0,0,0,0,0,0,0,0
5287,Joe Bob,OG,N. Illinois,2,0,0,0,0,0,0,0,0,0,0,0
5288,Joe Bob,OG,N. Illinois,4,0,0,0,0,0,0,0,0,0,0,0
5289,Joe Bob,OG,N. Illinois,1,0,0,0,0,0,0,0,0,0,0,0
5290,Joe Bob,OG,N. Illinois,2,0,0,0,0,0,0,0,0,0,0,0
5291,Joe Bob,OG,N. Illinois,3,0,0,0,0,0,0,0,0,0,0,0
5292,Joe Bob,WR,N. Illinois,3,0,0,0,0,0,0,0,0,0,0,0
5293,Joe Bob,OG,N. Illinois,3,0,0,0,0,0,0,0,0,0,0,0
5294,Joe Bob,QB,N. Illinois,3,0,0,0,0,0,0,0,0,0,0,0
5295,Joe Bob,OG,N. Illinois,3,0,0,0,0,0,0,0,0,0,0,0
5296,Joe Bob,OG,N. Illinois,4,0,0,0,0,0,0,0,0,0,0,0
5297,Joe Bob,OG,N. Illinois,3,0,0,0,0,0,0,0,0,0,0,0
5298,Joe Bob,OG,N. Illinois,4,0,0,0,0,0,0,0,0,0,0,0
5299,Joe Bob,WR,N. Illinois,3,0,0,0,0,0,0,0,0,0,0,0
5300,Joe Bob,OT,N. Illinois,2,0,0,0,0,0,0,0,0,0,0,0
5301,Joe Bob,WR,N. Illinois,1,0,0,0,0,0,0,0,0,0,0,0
5302,Joe Bob,OG,N. Illinois,4,0,0,0,0,0,0,0,0,0,0,0
5303,Joe Bob,RB,N. Illinois,1,0,0,0,0,0,0,0,0,0,0,0
5304,Joe Bob,OG,N. Illinois,4,0,0,0,0,0,0,0,0,0,0,0
5305,Joe Bob,OG,N. Illinois,2,0,0,0,0,0,0,0,0,0,0,0
5306,Joe Bob,OG,N. Illinois,2,0,0,0,0,0,0,0,0,0,0,0
5307,Joe Bob,OG,N. Illinois,2,0,0,0,0,0,0,0,0,0,0,0
5308,Joe Bob,OG,N. Illinois,2,0,0,0,0,0,0,0,0,0,0,0
5309,Joe Bob,OG,N. Illinois,1,0,0,0,0,0,0,0,0,0,0,0
5310,Joe Bob,OG,N. Illinois,2,0,0,0,0,0,0,0,0,0,0,0
5311,Joe Bob,OG,N. Illinois,3,0,0,0,0,0,0,0,0,0,0,0
5312,Joe Bob,WR,N. Illinois,2,0,0,0,0,0,0,0,0,0,0,0
5313,Joe Bob,OG,N. Illinois,4,0,0,0,0,0,0,0,0,0,0,0
5314,Joe Bob,OG,N. Illinois,2,0,0,0,0,0,0,0,0,0,0,0
5315,Joe Bob,FB,N. Illinois,2,0,0,0,0,0,0,0,0,0,0,0
5316,Joe Bob,OG,N. Illinois,4,0,0,0,0,0,0,0,0,0,0,0
5317,Joe Bob,OT,N. Illinois,3,0,0,0,0,0,0,0,0,0,0,0
5318,Joe Bob,OG,N. Illinois,1,0,0,0,0,0,0,0,0,0,0,0
5319,Joe Bob,WR,N. Illinois,3,0,0,0,0,0,0,0,0,0,0,0
5320,Joe Bob,WR,N. Illinois,1,0,0,0,0,0,0,0,0,0,0,0
5321,Joe Bob,OG,N. Illinois,1,0,0,0,0,0,0,0,0,0,0,0
5322,Joe Bob,OG,N. Illinois,4,0,0,0,0,0,0,0,0,0,0,0
5323,Joe Bob,OG,N. Illinois,1,0,0,0,0,0,0,0,0,0,0,0
5324,Joe Bob,OG,N. Illinois,1,0,0,0,0,0,0,0,0,0,0,0
5325,Joe Bob,OG,N. Illinois,1,0,0,0,0,0,0,0,0,0,0,0
5326,Joe Bob,OG,Navy,2,0,0,0,0,0,0,0,0,0,0,0
5327,Joe Bob,OG,Navy,1,0,0,0,0,0,0,0,0,0,0,0
5328,Joe Bob,OG,Navy,2,0,0,0,0,0,0,0,0,0,0,0
5329,Joe Bob,OG,Navy,1,0,0,0,0,0,0,0,0,0,0,0
5330,Joe Bob,OG,Navy,2,0,0,0,0,0,0,0,0,0,0,0
5331,Joe Bob,OG,Navy,2,0,0,0,0,0,0,0,0,0,0,0
5332,Joe Bob,WR,Navy,2,0,0,0,0,0,0,0,0,0,0,0
5333,Joe Bob,OG,Navy,4,0,0,0,0,0,0,0,0,0,0,0
5334,Joe Bob,WR,Navy,2,0,0,0,0,0,0,0,0,0,0,0
5335,Joe Bob,OG,Navy,3,0,0,0,0,0,0,0,0,0,0,0
5336,Joe Bob,OG,Navy,3,0,0,0,0,0,0,0,0,0,0,0
5337,Joe Bob,WR,Navy,4,0,0,0,0,0,0,0,0,0,0,0
5338,Joe Bob,OG,Navy,4,0,0,0,0,0,0,0,0,0,0,0
5339,Joe Bob,WR,Navy,4,0,0,0,0,0,0,0,0,0,0,0
5340,Joe Bob,QB,Navy,4,0,0,0,0,0,0,0,0,0,0,0
5341,Joe Bob,OG,Navy,3,0,0,0,0,0,0,0,0,0,0,0
5342,Joe Bob,OG,Navy,1,0,0,0,0,0,0,0,0,0,0,0
5343,Joe Bob,OG,Navy,2,0,0,0,0,0,0,0,0,0,0,0
5344,Joe Bob,OG,Navy,3,0,0,0,0,0,0,0,0,0,0,0
5345,Joe Bob,OG,Navy,2,0,0,0,0,0,0,0,0,0,0,0
5346,Joe Bob,OG,Navy,2,0,0,0,0,0,0,0,0,0,0,0
5347,Joe Bob,OT,Navy,3,0,0,0,0,0,0,0,0,0,0,0
5348,Joe Bob,OG,Navy,4,0,0,0,0,0,0,0,0,0,0,0
5349,Joe Bob,RB,Navy,3,0,0,0,0,0,0,0,0,0,0,0
5350,Joe Bob,OG,Navy,4,0,0,0,0,0,0,0,0,0,0,0
5351,Joe Bob,OG,Navy,2,0,0,0,0,0,0,0,0,0,0,0
5352,Joe Bob,OG,Navy,4,0,0,0,0,0,0,0,0,0,0,0
5353,Joe Bob,RB,Navy,4,0,0,0,0,0,0,0,0,0,0,0
5354,Joe Bob,OG,Navy,1,0,0,0,0,0,0,0,0,0,0,0
5355,Joe Bob,OT,Navy,1,0,0,0,0,0,0,0,0,0,0,0
5356,Joe Bob,OG,Navy,4,0,0,0,0,0,0,0,0,0,0,0
5357,Joe Bob,OG,Navy,1,0,0,0,0,0,0,0,0,0,0,0
5358,Joe Bob,OG,Navy,1,0,0,0,0,0,0,0,0,0,0,0
5359,Joe Bob,OG,Navy,2,0,0,0,0,0,0,0,0,0,0,0
5360,Joe Bob,OG,Navy,2,0,0,0,0,0,0,0,0,0,0,0
5361,Joe Bob,OG,Navy,1,0,0,0,0,0,0,0,0,0,0,0
5362,Joe Bob,WR,Navy,2,0,0,0,0,0,0,0,0,0,0,0
5363,Joe Bob,OG,Navy,4,0,0,0,0,0,0,0,0,0,0,0
5364,Joe Bob,WR,Navy,2,0,0,0,0,0,0,0,0,0,0,0
5365,Joe Bob,OG,Navy,3,0,0,0,0,0,0,0,0,0,0,0
5366,Joe Bob,OG,Navy,2,0,0,0,0,0,0,0,0,0,0,0
5367,Joe Bob,OT,Navy,4,0,0,0,0,0,0,0,0,0,0,0
5368,Joe Bob,RB,Navy,4,0,0,0,0,0,0,0,0,0,0,0
5369,Joe Bob,OG,Navy,3,0,0,0,0,0,0,0,0,0,0,0
5370,Joe Bob,OG,Navy,1,0,0,0,0,0,0,0,0,0,0,0
5371,Joe Bob,OG,Navy,3,0,0,0,0,0,0,0,0,0,0,0
5372,Joe Bob,FB,Navy,1,0,0,0,0,0,0,0,0,0,0,0
5373,Joe Bob,OG,Navy,1,0,0,0,0,0,0,0,0,0,0,0
5374,Joe Bob,OG,Navy,1,0,0,0,0,0,0,0,0,0,0,0
5375,Joe Bob,OG,Navy,4,0,0,0,0,0,0,0,0,0,0,0
5376,Joe Bob,OG,Navy,1,0,0,0,0,0,0,0,0,0,0,0
5377,Joe Bob,OG,Navy,2,0,0,0,0,0,0,0,0,0,0,0
5378,Joe Bob,OG,Navy,1,0,0,0,0,0,0,0,0,0,0,0
5379,Joe Bob,OG,Navy,4,0,0,0,0,0,0,0,0,0,0,0
5380,Joe Bob,OG,Navy,2,0,0,0,0,0,0,0,0,0,0,0
5381,Joe Bob,OG,Navy,1,0,0,0,0,0,0,0,0,0,0,0
5382,Joe Bob,OG,Navy,1,0,0,0,0,0,0,0,0,0,0,0
5383,Joe Bob,OG,Navy,3,0,0,0,0,0,0,0,0,0,0,0
5384,Joe Bob,OG,Navy,2,0,0,0,0,0,0,0,0,0,0,0
5385,Joe Bob,OG,Navy,3,0,0,0,0,0,0,0,0,0,0,0
5386,Joe Bob,OG,Navy,2,0,0,0,0,0,0,0,0,0,0,0
5387,Joe Bob,OG,Navy,4,0,0,0,0,0,0,0,0,0,0,0
5388,Joe Bob,RB,Navy,2,0,0,0,0,0,0,0,0,0,0,0
5389,Joe Bob,OG,Navy,3,0,0,0,0,0,0,0,0,0,0,0
5390,Joe Bob,FB,Navy,4,0,0,0,0,0,0,0,0,0,0,0
5391,Joe Bob,WR,Navy,3,0,0,0,0,0,0,0,0,0,0,0
5392,Joe Bob,OG,Navy,4,0,0,0,0,0,0,0,0,0,0,0
5393,Joe Bob,WR,Navy,3,0,0,0,0,0,0,0,0,0,0,0
5394,Joe Bob,OG,Navy,1,0,0,0,0,0,0,0,0,0,0,0
5395,Joe Bob,OG,Navy,1,0,0,0,0,0,0,0,0,0,0,0
5396,Joe Bob,OG,Navy,4,0,0,0,0,0,0,0,0,0,0,0
5397,Joe Bob,OG,Navy,2,0,0,0,0,0,0,0,0,0,0,0
5398,Joe Bob,OT,Navy,1,0,0,0,0,0,0,0,0,0,0,0
5399,Joe Bob,OG,Navy,1,0,0,0,0,0,0,0,0,0,0,0
5400,Joe Bob,OG,Navy,3,0,0,0,0,0,0,0,0,0,0,0
5401,Joe Bob,OG,NC State,4,0,0,0,0,0,0,0,0,0,0,0
5402,Joe Bob,OG,NC State,3,0,0,0,0,0,0,0,0,0,0,0
5403,Joe Bob,OG,NC State,2,0,0,0,0,0,0,0,0,0,0,0
5404,Joe Bob,QB,NC State,3,0,0,0,0,0,0,0,0,0,0,0
5405,Joe Bob,OG,NC State,3,0,0,0,0,0,0,0,0,0,0,0
5406,Joe Bob,OG,NC State,2,0,0,0,0,0,0,0,0,0,0,0
5407,Joe Bob,OG,NC State,4,0,0,0,0,0,0,0,0,0,0,0
5408,Joe Bob,OT,NC State,2,0,0,0,0,0,0,0,0,0,0,0
5409,Joe Bob,WR,NC State,4,0,0,0,0,0,0,0,0,0,0,0
5410,Joe Bob,WR,NC State,1,0,0,0,0,0,0,0,0,0,0,0
5411,Joe Bob,WR,NC State,4,0,0,0,0,0,0,0,0,0,0,0
5412,Joe Bob,WR,NC State,4,0,0,0,0,0,0,0,0,0,0,0
5413,Joe Bob,OG,NC State,1,0,0,0,0,0,0,0,0,0,0,0
5414,Joe Bob,OG,NC State,1,0,0,0,0,0,0,0,0,0,0,0
5415,Joe Bob,OG,NC State,3,0,0,0,0,0,0,0,0,0,0,0
5416,Joe Bob,OG,NC State,2,0,0,0,0,0,0,0,0,0,0,0
5417,Joe Bob,OG,NC State,3,0,0,0,0,0,0,0,0,0,0,0
5418,Joe Bob,OG,NC State,1,0,0,0,0,0,0,0,0,0,0,0
5419,Joe Bob,QB,NC State,2,0,0,0,0,0,0,0,0,0,0,0
5420,Joe Bob,OG,NC State,4,0,0,0,0,0,0,0,0,0,0,0
5421,Joe Bob,OG,NC State,2,0,0,0,0,0,0,0,0,0,0,0
5422,Joe Bob,OG,NC State,4,0,0,0,0,0,0,0,0,0,0,0
5423,Joe Bob,OT,NC State,3,0,0,0,0,0,0,0,0,0,0,0
5424,Joe Bob,WR,NC State,4,0,0,0,0,0,0,0,0,0,0,0
5425,Joe Bob,OG,NC State,4,0,0,0,0,0,0,0,0,0,0,0
5426,Joe Bob,OG,NC State,1,0,0,0,0,0,0,0,0,0,0,0
5427,Joe Bob,OT,NC State,4,0,0,0,0,0,0,0,0,0,0,0
5428,Joe Bob,OG,NC State,4,0,0,0,0,0,0,0,0,0,0,0
5429,Joe Bob,OG,NC State,1,0,0,0,0,0,0,0,0,0,0,0
5430,Joe Bob,OG,NC State,3,0,0,0,0,0,0,0,0,0,0,0
5431,Joe Bob,OG,NC State,4,0,0,0,0,0,0,0,0,0,0,0
5432,Joe Bob,OG,NC State,1,0,0,0,0,0,0,0,0,0,0,0
5433,Joe Bob,OG,NC State,2,0,0,0,0,0,0,0,0,0,0,0
5434,Joe Bob,OG,NC State,3,0,0,0,0,0,0,0,0,0,0,0
5435,Joe Bob,OG,NC State,3,0,0,0,0,0,0,0,0,0,0,0
5436,Joe Bob,QB,NC State,2,0,0,0,0,0,0,0,0,0,0,0
5437,Joe Bob,OG,NC State,3,0,0,0,0,0,0,0,0,0,0,0
5438,Joe Bob,OT,NC State,2,0,0,0,0,0,0,0,0,0,0,0
5439,Joe Bob,OG,NC State,4,0,0,0,0,0,0,0,0,0,0,0
5440,Joe Bob,WR,NC State,3,0,0,0,0,0,0,0,0,0,0,0
5441,Joe Bob,OG,NC State,4,0,0,0,0,0,0,0,0,0,0,0
5442,Joe Bob,OG,NC State,3,0,0,0,0,0,0,0,0,0,0,0
5443,Joe Bob,OT,NC State,4,0,0,0,0,0,0,0,0,0,0,0
5444,Joe Bob,FB,NC State,1,0,0,0,0,0,0,0,0,0,0,0
5445,Joe Bob,OG,NC State,4,0,0,0,0,0,0,0,0,0,0,0
5446,Joe Bob,OG,NC State,1,0,0,0,0,0,0,0,0,0,0,0
5447,Joe Bob,WR,NC State,2,0,0,0,0,0,0,0,0,0,0,0
5448,Joe Bob,OG,NC State,3,0,0,0,0,0,0,0,0,0,0,0
5449,Joe Bob,OG,NC State,4,0,0,0,0,0,0,0,0,0,0,0
5450,Joe Bob,OG,NC State,1,0,0,0,0,0,0,0,0,0,0,0
5451,Joe Bob,OG,NC State,4,0,0,0,0,0,0,0,0,0,0,0
5452,Joe Bob,OG,NC State,1,0,0,0,0,0,0,0,0,0,0,0
5453,Joe Bob,OG,NC State,3,0,0,0,0,0,0,0,0,0,0,0
5454,Joe Bob,OT,NC State,2,0,0,0,0,0,0,0,0,0,0,0
5455,Joe Bob,OG,NC State,1,0,0,0,0,0,0,0,0,0,0,0
5456,Joe Bob,OG,NC State,1,0,0,0,0,0,0,0,0,0,0,0
5457,Joe Bob,OG,NC State,3,0,0,0,0,0,0,0,0,0,0,0
5458,Joe Bob,OG,NC State,4,0,0,0,0,0,0,0,0,0,0,0
5459,Joe Bob,OG,NC State,3,0,0,0,0,0,0,0,0,0,0,0
5460,Joe Bob,OG,NC State,2,0,0,0,0,0,0,0,0,0,0,0
5461,Joe Bob,RB,NC State,2,0,0,0,0,0,0,0,0,0,0,0
5462,Joe Bob,OG,NC State,4,0,0,0,0,0,0,0,0,0,0,0
5463,Joe Bob,OG,NC State,2,0,0,0,0,0,0,0,0,0,0,0
5464,Joe Bob,OG,NC State,4,0,0,0,0,0,0,0,0,0,0,0
5465,Joe Bob,OG,NC State,3,0,0,0,0,0,0,0,0,0,0,0
5466,Joe Bob,OT,NC State,3,0,0,0,0,0,0,0,0,0,0,0
5467,Joe Bob,QB,NC State,1,0,0,0,0,0,0,0,0,0,0,0
5468,Joe Bob,OT,NC State,2,0,0,0,0,0,0,0,0,0,0,0
5469,Joe Bob,OG,NC State,1,0,0,0,0,0,0,0,0,0,0,0
5470,Joe Bob,OG,NC State,4,0,0,0,0,0,0,0,0,0,0,0
5471,Joe Bob,OG,NC State,3,0,0,0,0,0,0,0,0,0,0,0
5472,Joe Bob,OG,NC State,2,0,0,0,0,0,0,0,0,0,0,0
5473,Joe Bob,OG,NC State,4,0,0,0,0,0,0,0,0,0,0,0
5474,Joe Bob,OG,NC State,2,0,0,0,0,0,0,0,0,0,0,0
5475,Joe Bob,OG,NC State,1,0,0,0,0,0,0,0,0,0,0,0
5476,Joe Bob,OG,Nebraska,1,0,0,0,0,0,0,0,0,0,0,0
5477,Joe Bob,OG,Nebraska,3,0,0,0,0,0,0,0,0,0,0,0
5478,Joe Bob,OG,Nebraska,2,0,0,0,0,0,0,0,0,0,0,0
5479,Joe Bob,OG,Nebraska,2,0,0,0,0,0,0,0,0,0,0,0
5480,Joe Bob,OG,Nebraska,3,0,0,0,0,0,0,0,0,0,0,0
5481,Joe Bob,WR,Nebraska,1,0,0,0,0,0,0,0,0,0,0,0
5482,Joe Bob,OG,Nebraska,1,0,0,0,0,0,0,0,0,0,0,0
5483,Joe Bob,OG,Nebraska,4,0,0,0,0,0,0,0,0,0,0,0
5484,Joe Bob,QB,Nebraska,4,0,0,0,0,0,0,0,0,0,0,0
5485,Joe Bob,OG,Nebraska,4,0,0,0,0,0,0,0,0,0,0,0
5486,Joe Bob,OG,Nebraska,4,0,0,0,0,0,0,0,0,0,0,0
5487,Joe Bob,OG,Nebraska,3,0,0,0,0,0,0,0,0,0,0,0
5488,Joe Bob,OG,Nebraska,1,0,0,0,0,0,0,0,0,0,0,0
5489,Joe Bob,FB,Nebraska,2,0,0,0,0,0,0,0,0,0,0,0
5490,Joe Bob,OG,Nebraska,1,0,0,0,0,0,0,0,0,0,0,0
5491,Joe Bob,OG,Nebraska,1,0,0,0,0,0,0,0,0,0,0,0
5492,Joe Bob,OG,Nebraska,2,0,0,0,0,0,0,0,0,0,0,0
5493,Joe Bob,OG,Nebraska,3,0,0,0,0,0,0,0,0,0,0,0
5494,Joe Bob,OG,Nebraska,2,0,0,0,0,0,0,0,0,0,0,0
5495,Joe Bob,FB,Nebraska,2,0,0,0,0,0,0,0,0,0,0,0
5496,Joe Bob,OG,Nebraska,4,0,0,0,0,0,0,0,0,0,0,0
5497,Joe Bob,RB,Nebraska,4,0,0,0,0,0,0,0,0,0,0,0
5498,Joe Bob,OG,Nebraska,4,0,0,0,0,0,0,0,0,0,0,0
5499,Joe Bob,OG,Nebraska,3,0,0,0,0,0,0,0,0,0,0,0
5500,Joe Bob,OT,Nebraska,4,0,0,0,0,0,0,0,0,0,0,0
5501,Joe Bob,OG,Nebraska,4,0,0,0,0,0,0,0,0,0,0,0
5502,Joe Bob,OG,Nebraska,1,0,0,0,0,0,0,0,0,0,0,0
5503,Joe Bob,OG,Nebraska,4,0,0,0,0,0,0,0,0,0,0,0
5504,Joe Bob,OG,Nebraska,1,0,0,0,0,0,0,0,0,0,0,0
5505,Joe Bob,OG,Nebraska,3,0,0,0,0,0,0,0,0,0,0,0
5506,Joe Bob,OT,Nebraska,2,0,0,0,0,0,0,0,0,0,0,0
5507,Joe Bob,OG,Nebraska,1,0,0,0,0,0,0,0,0,0,0,0
5508,Joe Bob,OG,Nebraska,2,0,0,0,0,0,0,0,0,0,0,0
5509,Joe Bob,WR,Nebraska,2,0,0,0,0,0,0,0,0,0,0,0
5510,Joe Bob,OG,Nebraska,1,0,0,0,0,0,0,0,0,0,0,0
5511,Joe Bob,OG,Nebraska,3,0,0,0,0,0,0,0,0,0,0,0
5512,Joe Bob,OG,Nebraska,2,0,0,0,0,0,0,0,0,0,0,0
5513,Joe Bob,QB,Nebraska,3,0,0,0,0,0,0,0,0,0,0,0
5514,Joe Bob,OG,Nebraska,4,0,0,0,0,0,0,0,0,0,0,0
5515,Joe Bob,OG,Nebraska,2,0,0,0,0,0,0,0,0,0,0,0
5516,Joe Bob,QB,Nebraska,4,0,0,0,0,0,0,0,0,0,0,0
5517,Joe Bob,OG,Nebraska,3,0,0,0,0,0,0,0,0,0,0,0
5518,Joe Bob,OG,Nebraska,2,0,0,0,0,0,0,0,0,0,0,0
5519,Joe Bob,OG,Nebraska,1,0,0,0,0,0,0,0,0,0,0,0
5520,Joe Bob,RB,Nebraska,2,0,0,0,0,0,0,0,0,0,0,0
5521,Joe Bob,WR,Nebraska,4,0,0,0,0,0,0,0,0,0,0,0
5522,Joe Bob,OG,Nebraska,4,0,0,0,0,0,0,0,0,0,0,0
5523,Joe Bob,OG,Nebraska,3,0,0,0,0,0,0,0,0,0,0,0
5524,Joe Bob,OG,Nebraska,2,0,0,0,0,0,0,0,0,0,0,0
5525,Joe Bob,OG,Nebraska,3,0,0,0,0,0,0,0,0,0,0,0
5526,Joe Bob,OT,Nebraska,2,0,0,0,0,0,0,0,0,0,0,0
5527,Joe Bob,OT,Nebraska,2,0,0,0,0,0,0,0,0,0,0,0
5528,Joe Bob,OG,Nebraska,4,0,0,0,0,0,0,0,0,0,0,0
5529,Joe Bob,OG,Nebraska,2,0,0,0,0,0,0,0,0,0,0,0
5530,Joe Bob,OG,Nebraska,1,0,0,0,0,0,0,0,0,0,0,0
5531,Joe Bob,OG,Nebraska,1,0,0,0,0,0,0,0,0,0,0,0
5532,Joe Bob,OG,Nebraska,2,0,0,0,0,0,0,0,0,0,0,0
5533,Joe Bob,OG,Nebraska,1,0,0,0,0,0,0,0,0,0,0,0
5534,Joe Bob,OG,Nebraska,4,0,0,0,0,0,0,0,0,0,0,0
5535,Joe Bob,OG,Nebraska,1,0,0,0,0,0,0,0,0,0,0,0
5536,Joe Bob,OG,Nebraska,3,0,0,0,0,0,0,0,0,0,0,0
5537,Joe Bob,OG,Nebraska,4,0,0,0,0,0,0,0,0,0,0,0
5538,Joe Bob,OT,Nebraska,2,0,0,0,0,0,0,0,0,0,0,0
5539,Joe Bob,RB,Nebraska,1,0,0,0,0,0,0,0,0,0,0,0
5540,Joe Bob,WR,Nebraska,3,0,0,0,0,0,0,0,0,0,0,0
5541,Joe Bob,OG,Nebraska,4,0,0,0,0,0,0,0,0,0,0,0
5542,Joe Bob,OG,Nebraska,4,0,0,0,0,0,0,0,0,0,0,0
5543,Joe Bob,OT,Nebraska,4,0,0,0,0,0,0,0,0,0,0,0
5544,Joe Bob,OG,Nebraska,1,0,0,0,0,0,0,0,0,0,0,0
5545,Joe Bob,OG,Nebraska,1,0,0,0,0,0,0,0,0,0,0,0
5546,Joe Bob,OG,Nebraska,1,0,0,0,0,0,0,0,0,0,0,0
5547,Joe Bob,OG,Nebraska,2,0,0,0,0,0,0,0,0,0,0,0
5548,Joe Bob,OG,Nebraska,1,0,0,0,0,0,0,0,0,0,0,0
5549,Joe Bob,OG,Nebraska,2,0,0,0,0,0,0,0,0,0,0,0
5550,Joe Bob,OG,Nebraska,3,0,0,0,0,0,0,0,0,0,0,0
5551,Joe Bob,OG,Nevada,1,0,0,0,0,0,0,0,0,0,0,0
5552,Joe Bob,OG,Nevada,3,0,0,0,0,0,0,0,0,0,0,0
5553,Joe Bob,OG,Nevada,3,0,0,0,0,0,0,0,0,0,0,0
5554,Joe Bob,OG,Nevada,1,0,0,0,0,0,0,0,0,0,0,0
5555,Joe Bob,OG,Nevada,4,0,0,0,0,0,0,0,0,0,0,0
5556,Joe Bob,OG,Nevada,4,0,0,0,0,0,0,0,0,0,0,0
5557,Joe Bob,OG,Nevada,4,0,0,0,0,0,0,0,0,0,0,0
5558,Joe Bob,OG,Nevada,4,0,0,0,0,0,0,0,0,0,0,0
5559,Joe Bob,OG,Nevada,1,0,0,0,0,0,0,0,0,0,0,0
5560,Joe Bob,OG,Nevada,2,0,0,0,0,0,0,0,0,0,0,0
5561,Joe Bob,OT,Nevada,1,0,0,0,0,0,0,0,0,0,0,0
5562,Joe Bob,OG,Nevada,4,0,0,0,0,0,0,0,0,0,0,0
5563,Joe Bob,OG,Nevada,3,0,0,0,0,0,0,0,0,0,0,0
5564,Joe Bob,OG,Nevada,2,0,0,0,0,0,0,0,0,0,0,0
5565,Joe Bob,WR,Nevada,3,0,0,0,0,0,0,0,0,0,0,0
5566,Joe Bob,OG,Nevada,2,0,0,0,0,0,0,0,0,0,0,0
5567,Joe Bob,OG,Nevada,3,0,0,0,0,0,0,0,0,0,0,0
5568,Joe Bob,OT,Nevada,3,0,0,0,0,0,0,0,0,0,0,0
5569,Joe Bob,OG,Nevada,4,0,0,0,0,0,0,0,0,0,0,0
5570,Joe Bob,OG,Nevada,3,0,0,0,0,0,0,0,0,0,0,0
5571,Joe Bob,OG,Nevada,4,0,0,0,0,0,0,0,0,0,0,0
5572,Joe Bob,WR,Nevada,2,0,0,0,0,0,0,0,0,0,0,0
5573,Joe Bob,RB,Nevada,1,0,0,0,0,0,0,0,0,0,0,0
5574,Joe Bob,RB,Nevada,1,0,0,0,0,0,0,0,0,0,0,0
5575,Joe Bob,OG,Nevada,3,0,0,0,0,0,0,0,0,0,0,0
5576,Joe Bob,QB,Nevada,1,0,0,0,0,0,0,0,0,0,0,0
5577,Joe Bob,OG,Nevada,4,0,0,0,0,0,0,0,0,0,0,0
5578,Joe Bob,OG,Nevada,2,0,0,0,0,0,0,0,0,0,0,0
5579,Joe Bob,OG,Nevada,2,0,0,0,0,0,0,0,0,0,0,0
5580,Joe Bob,OG,Nevada,2,0,0,0,0,0,0,0,0,0,0,0
5581,Joe Bob,OG,Nevada,2,0,0,0,0,0,0,0,0,0,0,0
5582,Joe Bob,OG,Nevada,1,0,0,0,0,0,0,0,0,0,0,0
5583,Joe Bob,OG,Nevada,2,0,0,0,0,0,0,0,0,0,0,0
5584,Joe Bob,OG,Nevada,4,0,0,0,0,0,0,0,0,0,0,0
5585,Joe Bob,WR,Nevada,2,0,0,0,0,0,0,0,0,0,0,0
5586,Joe Bob,OG,Nevada,4,0,0,0,0,0,0,0,0,0,0,0
5587,Joe Bob,OG,Nevada,2,0,0,0,0,0,0,0,0,0,0,0
5588,Joe Bob,WR,Nevada,2,0,0,0,0,0,0,0,0,0,0,0
5589,Joe Bob,OG,Nevada,4,0,0,0,0,0,0,0,0,0,0,0
5590,Joe Bob,OT,Nevada,2,0,0,0,0,0,0,0,0,0,0,0
5591,Joe Bob,WR,Nevada,1,0,0,0,0,0,0,0,0,0,0,0
5592,Joe Bob,QB,Nevada,2,0,0,0,0,0,0,0,0,0,0,0
5593,Joe Bob,OG,Nevada,4,0,0,0,0,0,0,0,0,0,0,0
5594,Joe Bob,OT,Nevada,1,0,0,0,0,0,0,0,0,0,0,0
5595,Joe Bob,OG,Nevada,4,0,0,0,0,0,0,0,0,0,0,0
5596,Joe Bob,OG,Nevada,1,0,0,0,0,0,0,0,0,0,0,0
5597,Joe Bob,OG,Nevada,1,0,0,0,0,0,0,0,0,0,0,0
5598,Joe Bob,OG,Nevada,4,0,0,0,0,0,0,0,0,0,0,0
5599,Joe Bob,OT,Nevada,1,0,0,0,0,0,0,0,0,0,0,0
5600,Joe Bob,OG,Nevada,1,0,0,0,0,0,0,0,0,0,0,0
5601,Joe Bob,OG,Nevada,1,0,0,0,0,0,0,0,0,0,0,0
5602,Joe Bob,OG,Nevada,1,0,0,0,0,0,0,0,0,0,0,0
5603,Joe Bob,OG,Nevada,2,0,0,0,0,0,0,0,0,0,0,0
5604,Joe Bob,OG,Nevada,2,0,0,0,0,0,0,0,0,0,0,0
5605,Joe Bob,FB,Nevada,2,0,0,0,0,0,0,0,0,0,0,0
5606,Joe Bob,OG,Nevada,4,0,0,0,0,0,0,0,0,0,0,0
5607,Joe Bob,RB,Nevada,2,0,0,0,0,0,0,0,0,0,0,0
5608,Joe Bob,OG,Nevada,3,0,0,0,0,0,0,0,0,0,0,0
5609,Joe Bob,OT,Nevada,3,0,0,0,0,0,0,0,0,0,0,0
5610,Joe Bob,OT,Nevada,4,0,0,0,0,0,0,0,0,0,0,0
5611,Joe Bob,WR,Nevada,4,0,0,0,0,0,0,0,0,0,0,0
5612,Joe Bob,RB,Nevada,3,0,0,0,0,0,0,0,0,0,0,0
5613,Joe Bob,OG,Nevada,4,0,0,0,0,0,0,0,0,0,0,0
5614,Joe Bob,OG,Nevada,3,0,0,0,0,0,0,0,0,0,0,0
5615,Joe Bob,OG,Nevada,4,0,0,0,0,0,0,0,0,0,0,0
5616,Joe Bob,OG,Nevada,1,0,0,0,0,0,0,0,0,0,0,0
5617,Joe Bob,OG,Nevada,2,0,0,0,0,0,0,0,0,0,0,0
5618,Joe Bob,OG,Nevada,1,0,0,0,0,0,0,0,0,0,0,0
5619,Joe Bob,OG,Nevada,1,0,0,0,0,0,0,0,0,0,0,0
5620,Joe Bob,OG,Nevada,2,0,0,0,0,0,0,0,0,0,0,0
5621,Joe Bob,OG,Nevada,3,0,0,0,0,0,0,0,0,0,0,0
5622,Joe Bob,OG,Nevada,3,0,0,0,0,0,0,0,0,0,0,0
5623,Joe Bob,OG,Nevada,4,0,0,0,0,0,0,0,0,0,0,0
5624,Joe Bob,OG,Nevada,2,0,0,0,0,0,0,0,0,0,0,0
5625,Joe Bob,OG,Nevada,4,0,0,0,0,0,0,0,0,0,0,0
5626,Joe Bob,OG,New Mexico,1,0,0,0,0,0,0,0,0,0,0,0
5627,Joe Bob,OG,New Mexico,4,0,0,0,0,0,0,0,0,0,0,0
5628,Joe Bob,OT,New Mexico,4,0,0,0,0,0,0,0,0,0,0,0
5629,Joe Bob,OG,New Mexico,4,0,0,0,0,0,0,0,0,0,0,0
5630,Joe Bob,OG,New Mexico,2,0,0,0,0,0,0,0,0,0,0,0
5631,Joe Bob,OG,New Mexico,1,0,0,0,0,0,0,0,0,0,0,0
5632,Joe Bob,OG,New Mexico,2,0,0,0,0,0,0,0,0,0,0,0
5633,Joe Bob,OG,New Mexico,2,0,0,0,0,0,0,0,0,0,0,0
5634,Joe Bob,OG,New Mexico,1,0,0,0,0,0,0,0,0,0,0,0
5635,Joe Bob,RB,New Mexico,2,0,0,0,0,0,0,0,0,0,0,0
5636,Joe Bob,OG,New Mexico,3,0,0,0,0,0,0,0,0,0,0,0
5637,Joe Bob,WR,New Mexico,2,0,0,0,0,0,0,0,0,0,0,0
5638,Joe Bob,OG,New Mexico,3,0,0,0,0,0,0,0,0,0,0,0
5639,Joe Bob,OG,New Mexico,2,0,0,0,0,0,0,0,0,0,0,0
5640,Joe Bob,OT,New Mexico,3,0,0,0,0,0,0,0,0,0,0,0
5641,Joe Bob,QB,New Mexico,4,0,0,0,0,0,0,0,0,0,0,0
5642,Joe Bob,OT,New Mexico,3,0,0,0,0,0,0,0,0,0,0,0
5643,Joe Bob,OG,New Mexico,4,0,0,0,0,0,0,0,0,0,0,0
5644,Joe Bob,OG,New Mexico,3,0,0,0,0,0,0,0,0,0,0,0
5645,Joe Bob,OG,New Mexico,1,0,0,0,0,0,0,0,0,0,0,0
5646,Joe Bob,OG,New Mexico,1,0,0,0,0,0,0,0,0,0,0,0
5647,Joe Bob,OG,New Mexico,1,0,0,0,0,0,0,0,0,0,0,0
5648,Joe Bob,OG,New Mexico,1,0,0,0,0,0,0,0,0,0,0,0
5649,Joe Bob,OG,New Mexico,1,0,0,0,0,0,0,0,0,0,0,0
5650,Joe Bob,OG,New Mexico,2,0,0,0,0,0,0,0,0,0,0,0
5651,Joe Bob,OG,New Mexico,2,0,0,0,0,0,0,0,0,0,0,0
5652,Joe Bob,OG,New Mexico,2,0,0,0,0,0,0,0,0,0,0,0
5653,Joe Bob,OG,New Mexico,3,0,0,0,0,0,0,0,0,0,0,0
5654,Joe Bob,OG,New Mexico,1,0,0,0,0,0,0,0,0,0,0,0
5655,Joe Bob,OG,New Mexico,2,0,0,0,0,0,0,0,0,0,0,0
5656,Joe Bob,OG,New Mexico,2,0,0,0,0,0,0,0,0,0,0,0
5657,Joe Bob,WR,New Mexico,2,0,0,0,0,0,0,0,0,0,0,0
5658,Joe Bob,OG,New Mexico,3,0,0,0,0,0,0,0,0,0,0,0
5659,Joe Bob,OG,New Mexico,1,0,0,0,0,0,0,0,0,0,0,0
5660,Joe Bob,OG,New Mexico,3,0,0,0,0,0,0,0,0,0,0,0
5661,Joe Bob,OG,New Mexico,2,0,0,0,0,0,0,0,0,0,0,0
5662,Joe Bob,RB,New Mexico,3,0,0,0,0,0,0,0,0,0,0,0
5663,Joe Bob,QB,New Mexico,4,0,0,0,0,0,0,0,0,0,0,0
5664,Joe Bob,WR,New Mexico,2,0,0,0,0,0,0,0,0,0,0,0
5665,Joe Bob,OG,New Mexico,4,0,0,0,0,0,0,0,0,0,0,0
5666,Joe Bob,WR,New Mexico,3,0,0,0,0,0,0,0,0,0,0,0
5667,Joe Bob,OG,New Mexico,1,0,0,0,0,0,0,0,0,0,0,0
5668,Joe Bob,OG,New Mexico,4,0,0,0,0,0,0,0,0,0,0,0
5669,Joe Bob,OG,New Mexico,3,0,0,0,0,0,0,0,0,0,0,0
5670,Joe Bob,OT,New Mexico,1,0,0,0,0,0,0,0,0,0,0,0
5671,Joe Bob,OT,New Mexico,4,0,0,0,0,0,0,0,0,0,0,0
5672,Joe Bob,OG,New Mexico,1,0,0,0,0,0,0,0,0,0,0,0
5673,Joe Bob,OG,New Mexico,3,0,0,0,0,0,0,0,0,0,0,0
5674,Joe Bob,OG,New Mexico,4,0,0,0,0,0,0,0,0,0,0,0
5675,Joe Bob,OG,New Mexico,2,0,0,0,0,0,0,0,0,0,0,0
5676,Joe Bob,OG,New Mexico,1,0,0,0,0,0,0,0,0,0,0,0
5677,Joe Bob,OG,New Mexico,3,0,0,0,0,0,0,0,0,0,0,0
5678,Joe Bob,OG,New Mexico,3,0,0,0,0,0,0,0,0,0,0,0
5679,Joe Bob,OG,New Mexico,1,0,0,0,0,0,0,0,0,0,0,0
5680,Joe Bob,OG,New Mexico,4,0,0,0,0,0,0,0,0,0,0,0
5681,Joe Bob,OT,New Mexico,2,0,0,0,0,0,0,0,0,0,0,0
5682,Joe Bob,WR,New Mexico,3,0,0,0,0,0,0,0,0,0,0,0
5683,Joe Bob,RB,New Mexico,1,0,0,0,0,0,0,0,0,0,0,0
5684,Joe Bob,RB,New Mexico,4,0,0,0,0,0,0,0,0,0,0,0
5685,Joe Bob,QB,New Mexico,4,0,0,0,0,0,0,0,0,0,0,0
5686,Joe Bob,OT,New Mexico,4,0,0,0,0,0,0,0,0,0,0,0
5687,Joe Bob,OG,New Mexico,4,0,0,0,0,0,0,0,0,0,0,0
5688,Joe Bob,OG,New Mexico,2,0,0,0,0,0,0,0,0,0,0,0
5689,Joe Bob,OG,New Mexico,1,0,0,0,0,0,0,0,0,0,0,0
5690,Joe Bob,OT,New Mexico,3,0,0,0,0,0,0,0,0,0,0,0
5691,Joe Bob,OG,New Mexico,1,0,0,0,0,0,0,0,0,0,0,0
5692,Joe Bob,OG,New Mexico,1,0,0,0,0,0,0,0,0,0,0,0
5693,Joe Bob,OG,New Mexico,4,0,0,0,0,0,0,0,0,0,0,0
5694,Joe Bob,OT,New Mexico,2,0,0,0,0,0,0,0,0,0,0,0
5695,Joe Bob,OG,New Mexico,3,0,0,0,0,0,0,0,0,0,0,0
5696,Joe Bob,WR,New Mexico,3,0,0,0,0,0,0,0,0,0,0,0
5697,Joe Bob,FB,New Mexico,1,0,0,0,0,0,0,0,0,0,0,0
5698,Joe Bob,OG,New Mexico,4,0,0,0,0,0,0,0,0,0,0,0
5699,Joe Bob,OT,New Mexico,4,0,0,0,0,0,0,0,0,0,0,0
5700,Joe Bob,OT,New Mexico,4,0,0,0,0,0,0,0,0,0,0,0
5701,Joe Bob,OG,New Mexico St.,4,0,0,0,0,0,0,0,0,0,0,0
5702,Joe Bob,OG,New Mexico St.,1,0,0,0,0,0,0,0,0,0,0,0
5703,Joe Bob,OG,New Mexico St.,2,0,0,0,0,0,0,0,0,0,0,0
5704,Joe Bob,OG,New Mexico St.,1,0,0,0,0,0,0,0,0,0,0,0
5705,Joe Bob,OG,New Mexico St.,1,0,0,0,0,0,0,0,0,0,0,0
5706,Joe Bob,OG,New Mexico St.,2,0,0,0,0,0,0,0,0,0,0,0
5707,Joe Bob,OG,New Mexico St.,2,0,0,0,0,0,0,0,0,0,0,0
5708,Joe Bob,OG,New Mexico St.,2,0,0,0,0,0,0,0,0,0,0,0
5709,Joe Bob,OG,New Mexico St.,2,0,0,0,0,0,0,0,0,0,0,0
5710,Joe Bob,OG,New Mexico St.,3,0,0,0,0,0,0,0,0,0,0,0
5711,Joe Bob,WR,New Mexico St.,2,0,0,0,0,0,0,0,0,0,0,0
5712,Joe Bob,OG,New Mexico St.,4,0,0,0,0,0,0,0,0,0,0,0
5713,Joe Bob,QB,New Mexico St.,3,0,0,0,0,0,0,0,0,0,0,0
5714,Joe Bob,OG,New Mexico St.,3,0,0,0,0,0,0,0,0,0,0,0
5715,Joe Bob,OG,New Mexico St.,4,0,0,0,0,0,0,0,0,0,0,0
5716,Joe Bob,WR,New Mexico St.,4,0,0,0,0,0,0,0,0,0,0,0
5717,Joe Bob,QB,New Mexico St.,1,0,0,0,0,0,0,0,0,0,0,0
5718,Joe Bob,OG,New Mexico St.,4,0,0,0,0,0,0,0,0,0,0,0
5719,Joe Bob,OG,New Mexico St.,1,0,0,0,0,0,0,0,0,0,0,0
5720,Joe Bob,WR,New Mexico St.,2,0,0,0,0,0,0,0,0,0,0,0
5721,Joe Bob,OG,New Mexico St.,4,0,0,0,0,0,0,0,0,0,0,0
5722,Joe Bob,OG,New Mexico St.,1,0,0,0,0,0,0,0,0,0,0,0
5723,Joe Bob,OT,New Mexico St.,2,0,0,0,0,0,0,0,0,0,0,0
5724,Joe Bob,QB,New Mexico St.,1,0,0,0,0,0,0,0,0,0,0,0
5725,Joe Bob,WR,New Mexico St.,1,0,0,0,0,0,0,0,0,0,0,0
5726,Joe Bob,OG,New Mexico St.,3,0,0,0,0,0,0,0,0,0,0,0
5727,Joe Bob,OG,New Mexico St.,2,0,0,0,0,0,0,0,0,0,0,0
5728,Joe Bob,OG,New Mexico St.,4,0,0,0,0,0,0,0,0,0,0,0
5729,Joe Bob,OG,New Mexico St.,1,0,0,0,0,0,0,0,0,0,0,0
5730,Joe Bob,OG,New Mexico St.,3,0,0,0,0,0,0,0,0,0,0,0
5731,Joe Bob,OG,New Mexico St.,3,0,0,0,0,0,0,0,0,0,0,0
5732,Joe Bob,OG,New Mexico St.,3,0,0,0,0,0,0,0,0,0,0,0
5733,Joe Bob,OG,New Mexico St.,1,0,0,0,0,0,0,0,0,0,0,0
5734,Joe Bob,OG,New Mexico St.,1,0,0,0,0,0,0,0,0,0,0,0
5735,Joe Bob,OG,New Mexico St.,3,0,0,0,0,0,0,0,0,0,0,0
5736,Joe Bob,OG,New Mexico St.,2,0,0,0,0,0,0,0,0,0,0,0
5737,Joe Bob,OG,New Mexico St.,4,0,0,0,0,0,0,0,0,0,0,0
5738,Joe Bob,OG,New Mexico St.,3,0,0,0,0,0,0,0,0,0,0,0
5739,Joe Bob,OT,New Mexico St.,2,0,0,0,0,0,0,0,0,0,0,0
5740,Joe Bob,FB,New Mexico St.,1,0,0,0,0,0,0,0,0,0,0,0
5741,Joe Bob,WR,New Mexico St.,2,0,0,0,0,0,0,0,0,0,0,0
5742,Joe Bob,OG,New Mexico St.,4,0,0,0,0,0,0,0,0,0,0,0
5743,Joe Bob,WR,New Mexico St.,4,0,0,0,0,0,0,0,0,0,0,0
5744,Joe Bob,OG,New Mexico St.,3,0,0,0,0,0,0,0,0,0,0,0
5745,Joe Bob,OT,New Mexico St.,2,0,0,0,0,0,0,0,0,0,0,0
5746,Joe Bob,OG,New Mexico St.,3,0,0,0,0,0,0,0,0,0,0,0
5747,Joe Bob,OG,New Mexico St.,2,0,0,0,0,0,0,0,0,0,0,0
5748,Joe Bob,OG,New Mexico St.,1,0,0,0,0,0,0,0,0,0,0,0
5749,Joe Bob,OG,New Mexico St.,1,0,0,0,0,0,0,0,0,0,0,0
5750,Joe Bob,OG,New Mexico St.,3,0,0,0,0,0,0,0,0,0,0,0
5751,Joe Bob,OG,New Mexico St.,2,0,0,0,0,0,0,0,0,0,0,0
5752,Joe Bob,OG,New Mexico St.,2,0,0,0,0,0,0,0,0,0,0,0
5753,Joe Bob,OG,New Mexico St.,3,0,0,0,0,0,0,0,0,0,0,0
5754,Joe Bob,RB,New Mexico St.,1,0,0,0,0,0,0,0,0,0,0,0
5755,Joe Bob,OG,New Mexico St.,4,0,0,0,0,0,0,0,0,0,0,0
5756,Joe Bob,OG,New Mexico St.,3,0,0,0,0,0,0,0,0,0,0,0
5757,Joe Bob,OG,New Mexico St.,3,0,0,0,0,0,0,0,0,0,0,0
5758,Joe Bob,OG,New Mexico St.,3,0,0,0,0,0,0,0,0,0,0,0
5759,Joe Bob,WR,New Mexico St.,3,0,0,0,0,0,0,0,0,0,0,0
5760,Joe Bob,WR,New Mexico St.,2,0,0,0,0,0,0,0,0,0,0,0
5761,Joe Bob,OG,New Mexico St.,1,0,0,0,0,0,0,0,0,0,0,0
5762,Joe Bob,OG,New Mexico St.,1,0,0,0,0,0,0,0,0,0,0,0
5763,Joe Bob,OG,New Mexico St.,1,0,0,0,0,0,0,0,0,0,0,0
5764,Joe Bob,OG,New Mexico St.,1,0,0,0,0,0,0,0,0,0,0,0
5765,Joe Bob,OG,New Mexico St.,2,0,0,0,0,0,0,0,0,0,0,0
5766,Joe Bob,OG,New Mexico St.,3,0,0,0,0,0,0,0,0,0,0,0
5767,Joe Bob,OG,New Mexico St.,2,0,0,0,0,0,0,0,0,0,0,0
5768,Joe Bob,QB,New Mexico St.,2,0,0,0,0,0,0,0,0,0,0,0
5769,Joe Bob,OG,New Mexico St.,3,0,0,0,0,0,0,0,0,0,0,0
5770,Joe Bob,OG,New Mexico St.,3,0,0,0,0,0,0,0,0,0,0,0
5771,Joe Bob,OG,New Mexico St.,3,0,0,0,0,0,0,0,0,0,0,0
5772,Joe Bob,OG,New Mexico St.,3,0,0,0,0,0,0,0,0,0,0,0
5773,Joe Bob,WR,New Mexico St.,3,0,0,0,0,0,0,0,0,0,0,0
5774,Joe Bob,OG,New Mexico St.,4,0,0,0,0,0,0,0,0,0,0,0
5775,Joe Bob,OG,New Mexico St.,1,0,0,0,0,0,0,0,0,0,0,0
5776,Joe Bob,OG,North Carolina,4,0,0,0,0,0,0,0,0,0,0,0
5777,Joe Bob,OG,North Carolina,1,0,0,0,0,0,0,0,0,0,0,0
5778,Joe Bob,OG,North Carolina,3,0,0,0,0,0,0,0,0,0,0,0
5779,Joe Bob,OT,North Carolina,2,0,0,0,0,0,0,0,0,0,0,0
5780,Joe Bob,OG,North Carolina,1,0,0,0,0,0,0,0,0,0,0,0
5781,Joe Bob,OG,North Carolina,2,0,0,0,0,0,0,0,0,0,0,0
5782,Joe Bob,FB,North Carolina,3,0,0,0,0,0,0,0,0,0,0,0
5783,Joe Bob,OG,North Carolina,1,0,0,0,0,0,0,0,0,0,0,0
5784,Joe Bob,OG,North Carolina,3,0,0,0,0,0,0,0,0,0,0,0
5785,Joe Bob,OG,North Carolina,2,0,0,0,0,0,0,0,0,0,0,0
5786,Joe Bob,OG,North Carolina,3,0,0,0,0,0,0,0,0,0,0,0
5787,Joe Bob,OG,North Carolina,4,0,0,0,0,0,0,0,0,0,0,0
5788,Joe Bob,OG,North Carolina,2,0,0,0,0,0,0,0,0,0,0,0
5789,Joe Bob,OG,North Carolina,3,0,0,0,0,0,0,0,0,0,0,0
5790,Joe Bob,OG,North Carolina,1,0,0,0,0,0,0,0,0,0,0,0
5791,Joe Bob,OG,North Carolina,2,0,0,0,0,0,0,0,0,0,0,0
5792,Joe Bob,OG,North Carolina,1,0,0,0,0,0,0,0,0,0,0,0
5793,Joe Bob,OT,North Carolina,3,0,0,0,0,0,0,0,0,0,0,0
5794,Joe Bob,OT,North Carolina,4,0,0,0,0,0,0,0,0,0,0,0
5795,Joe Bob,OG,North Carolina,4,0,0,0,0,0,0,0,0,0,0,0
5796,Joe Bob,OG,North Carolina,3,0,0,0,0,0,0,0,0,0,0,0
5797,Joe Bob,OG,North Carolina,2,0,0,0,0,0,0,0,0,0,0,0
5798,Joe Bob,OG,North Carolina,2,0,0,0,0,0,0,0,0,0,0,0
5799,Joe Bob,WR,North Carolina,1,0,0,0,0,0,0,0,0,0,0,0
5800,Joe Bob,OT,North Carolina,1,0,0,0,0,0,0,0,0,0,0,0
5801,Joe Bob,OG,North Carolina,4,0,0,0,0,0,0,0,0,0,0,0
5802,Joe Bob,OG,North Carolina,2,0,0,0,0,0,0,0,0,0,0,0
5803,Joe Bob,OG,North Carolina,1,0,0,0,0,0,0,0,0,0,0,0
5804,Joe Bob,OG,North Carolina,1,0,0,0,0,0,0,0,0,0,0,0
5805,Joe Bob,OG,North Carolina,2,0,0,0,0,0,0,0,0,0,0,0
5806,Joe Bob,OG,North Carolina,1,0,0,0,0,0,0,0,0,0,0,0
5807,Joe Bob,OG,North Carolina,4,0,0,0,0,0,0,0,0,0,0,0
5808,Joe Bob,OG,North Carolina,1,0,0,0,0,0,0,0,0,0,0,0
5809,Joe Bob,OG,North Carolina,2,0,0,0,0,0,0,0,0,0,0,0
5810,Joe Bob,RB,North Carolina,4,0,0,0,0,0,0,0,0,0,0,0
5811,Joe Bob,WR,North Carolina,2,0,0,0,0,0,0,0,0,0,0,0
5812,Joe Bob,OG,North Carolina,4,0,0,0,0,0,0,0,0,0,0,0
5813,Joe Bob,RB,North Carolina,3,0,0,0,0,0,0,0,0,0,0,0
5814,Joe Bob,OG,North Carolina,3,0,0,0,0,0,0,0,0,0,0,0
5815,Joe Bob,OG,North Carolina,4,0,0,0,0,0,0,0,0,0,0,0
5816,Joe Bob,OT,North Carolina,4,0,0,0,0,0,0,0,0,0,0,0
5817,Joe Bob,OG,North Carolina,1,0,0,0,0,0,0,0,0,0,0,0
5818,Joe Bob,OG,North Carolina,1,0,0,0,0,0,0,0,0,0,0,0
5819,Joe Bob,WR,North Carolina,1,0,0,0,0,0,0,0,0,0,0,0
5820,Joe Bob,OG,North Carolina,1,0,0,0,0,0,0,0,0,0,0,0
5821,Joe Bob,OG,North Carolina,4,0,0,0,0,0,0,0,0,0,0,0
5822,Joe Bob,OG,North Carolina,2,0,0,0,0,0,0,0,0,0,0,0
5823,Joe Bob,OG,North Carolina,3,0,0,0,0,0,0,0,0,0,0,0
5824,Joe Bob,OG,North Carolina,1,0,0,0,0,0,0,0,0,0,0,0
5825,Joe Bob,OG,North Carolina,2,0,0,0,0,0,0,0,0,0,0,0
5826,Joe Bob,OG,North Carolina,2,0,0,0,0,0,0,0,0,0,0,0
5827,Joe Bob,OG,North Carolina,4,0,0,0,0,0,0,0,0,0,0,0
5828,Joe Bob,OG,North Carolina,3,0,0,0,0,0,0,0,0,0,0,0
5829,Joe Bob,OG,North Carolina,4,0,0,0,0,0,0,0,0,0,0,0
5830,Joe Bob,OG,North Carolina,3,0,0,0,0,0,0,0,0,0,0,0
5831,Joe Bob,OT,North Carolina,4,0,0,0,0,0,0,0,0,0,0,0
5832,Joe Bob,OT,North Carolina,1,0,0,0,0,0,0,0,0,0,0,0
5833,Joe Bob,OG,North Carolina,2,0,0,0,0,0,0,0,0,0,0,0
5834,Joe Bob,WR,North Carolina,1,0,0,0,0,0,0,0,0,0,0,0
5835,Joe Bob,OG,North Carolina,4,0,0,0,0,0,0,0,0,0,0,0
5836,Joe Bob,OG,North Carolina,3,0,0,0,0,0,0,0,0,0,0,0
5837,Joe Bob,OG,North Carolina,2,0,0,0,0,0,0,0,0,0,0,0
5838,Joe Bob,RB,North Carolina,2,0,0,0,0,0,0,0,0,0,0,0
5839,Joe Bob,OG,North Carolina,2,0,0,0,0,0,0,0,0,0,0,0
5840,Joe Bob,OG,North Carolina,2,0,0,0,0,0,0,0,0,0,0,0
5841,Joe Bob,WR,North Carolina,3,0,0,0,0,0,0,0,0,0,0,0
5842,Joe Bob,OG,North Carolina,4,0,0,0,0,0,0,0,0,0,0,0
5843,Joe Bob,OG,North Carolina,3,0,0,0,0,0,0,0,0,0,0,0
5844,Joe Bob,OG,North Carolina,3,0,0,0,0,0,0,0,0,0,0,0
5845,Joe Bob,RB,North Carolina,2,0,0,0,0,0,0,0,0,0,0,0
5846,Joe Bob,OG,North Carolina,1,0,0,0,0,0,0,0,0,0,0,0
5847,Joe Bob,OG,North Carolina,1,0,0,0,0,0,0,0,0,0,0,0
5848,Joe Bob,OG,North Carolina,3,0,0,0,0,0,0,0,0,0,0,0
5849,Joe Bob,OG,North Carolina,1,0,0,0,0,0,0,0,0,0,0,0
5850,Joe Bob,OG,North Carolina,4,0,0,0,0,0,0,0,0,0,0,0
5851,Joe Bob,OG,North Texas,1,0,0,0,0,0,0,0,0,0,0,0
5852,Joe Bob,OG,North Texas,1,0,0,0,0,0,0,0,0,0,0,0
5853,Joe Bob,OG,North Texas,2,0,0,0,0,0,0,0,0,0,0,0
5854,Joe Bob,OG,North Texas,2,0,0,0,0,0,0,0,0,0,0,0
5855,Joe Bob,OG,North Texas,1,0,0,0,0,0,0,0,0,0,0,0
5856,Joe Bob,OG,North Texas,2,0,0,0,0,0,0,0,0,0,0,0
5857,Joe Bob,OG,North Texas,4,0,0,0,0,0,0,0,0,0,0,0
5858,Joe Bob,WR,North Texas,1,0,0,0,0,0,0,0,0,0,0,0
5859,Joe Bob,OG,North Texas,4,0,0,0,0,0,0,0,0,0,0,0
5860,Joe Bob,OG,North Texas,2,0,0,0,0,0,0,0,0,0,0,0
5861,Joe Bob,OG,North Texas,3,0,0,0,0,0,0,0,0,0,0,0
5862,Joe Bob,OG,North Texas,4,0,0,0,0,0,0,0,0,0,0,0
5863,Joe Bob,OT,North Texas,3,0,0,0,0,0,0,0,0,0,0,0
5864,Joe Bob,WR,North Texas,4,0,0,0,0,0,0,0,0,0,0,0
5865,Joe Bob,WR,North Texas,2,0,0,0,0,0,0,0,0,0,0,0
5866,Joe Bob,OG,North Texas,4,0,0,0,0,0,0,0,0,0,0,0
5867,Joe Bob,OT,North Texas,3,0,0,0,0,0,0,0,0,0,0,0
5868,Joe Bob,OG,North Texas,4,0,0,0,0,0,0,0,0,0,0,0
5869,Joe Bob,OG,North Texas,1,0,0,0,0,0,0,0,0,0,0,0
5870,Joe Bob,OG,North Texas,4,0,0,0,0,0,0,0,0,0,0,0
5871,Joe Bob,OG,North Texas,4,0,0,0,0,0,0,0,0,0,0,0
5872,Joe Bob,WR,North Texas,1,0,0,0,0,0,0,0,0,0,0,0
5873,Joe Bob,OG,North Texas,1,0,0,0,0,0,0,0,0,0,0,0
5874,Joe Bob,OG,North Texas,1,0,0,0,0,0,0,0,0,0,0,0
5875,Joe Bob,OG,North Texas,1,0,0,0,0,0,0,0,0,0,0,0
5876,Joe Bob,OG,North Texas,2,0,0,0,0,0,0,0,0,0,0,0
5877,Joe Bob,OG,North Texas,1,0,0,0,0,0,0,0,0,0,0,0
5878,Joe Bob,WR,North Texas,2,0,0,0,0,0,0,0,0,0,0,0
5879,Joe Bob,OG,North Texas,3,0,0,0,0,0,0,0,0,0,0,0
5880,Joe Bob,QB,North Texas,2,0,0,0,0,0,0,0,0,0,0,0
5881,Joe Bob,OG,North Texas,3,0,0,0,0,0,0,0,0,0,0,0
5882,Joe Bob,WR,North Texas,2,0,0,0,0,0,0,0,0,0,0,0
5883,Joe Bob,WR,North Texas,4,0,0,0,0,0,0,0,0,0,0,0
5884,Joe Bob,WR,North Texas,4,0,0,0,0,0,0,0,0,0,0,0
5885,Joe Bob,QB,North Texas,4,0,0,0,0,0,0,0,0,0,0,0
5886,Joe Bob,OG,North Texas,4,0,0,0,0,0,0,0,0,0,0,0
5887,Joe Bob,OG,North Texas,3,0,0,0,0,0,0,0,0,0,0,0
5888,Joe Bob,OG,North Texas,4,0,0,0,0,0,0,0,0,0,0,0
5889,Joe Bob,OT,North Texas,1,0,0,0,0,0,0,0,0,0,0,0
5890,Joe Bob,OG,North Texas,2,0,0,0,0,0,0,0,0,0,0,0
5891,Joe Bob,OG,North Texas,1,0,0,0,0,0,0,0,0,0,0,0
5892,Joe Bob,OG,North Texas,1,0,0,0,0,0,0,0,0,0,0,0
5893,Joe Bob,OG,North Texas,1,0,0,0,0,0,0,0,0,0,0,0
5894,Joe Bob,OG,North Texas,2,0,0,0,0,0,0,0,0,0,0,0
5895,Joe Bob,QB,North Texas,1,0,0,0,0,0,0,0,0,0,0,0
5896,Joe Bob,OG,North Texas,3,0,0,0,0,0,0,0,0,0,0,0
5897,Joe Bob,QB,North Texas,1,0,0,0,0,0,0,0,0,0,0,0
5898,Joe Bob,RB,North Texas,3,0,0,0,0,0,0,0,0,0,0,0
5899,Joe Bob,OG,North Texas,1,0,0,0,0,0,0,0,0,0,0,0
5900,Joe Bob,OT,North Texas,4,0,0,0,0,0,0,0,0,0,0,0
5901,Joe Bob,OG,North Texas,4,0,0,0,0,0,0,0,0,0,0,0
5902,Joe Bob,OG,North Texas,3,0,0,0,0,0,0,0,0,0,0,0
5903,Joe Bob,OG,North Texas,2,0,0,0,0,0,0,0,0,0,0,0
5904,Joe Bob,OG,North Texas,1,0,0,0,0,0,0,0,0,0,0,0
5905,Joe Bob,OG,North Texas,1,0,0,0,0,0,0,0,0,0,0,0
5906,Joe Bob,OG,North Texas,1,0,0,0,0,0,0,0,0,0,0,0
5907,Joe Bob,OG,North Texas,1,0,0,0,0,0,0,0,0,0,0,0
5908,Joe Bob,QB,North Texas,2,0,0,0,0,0,0,0,0,0,0,0
5909,Joe Bob,OG,North Texas,3,0,0,0,0,0,0,0,0,0,0,0
5910,Joe Bob,RB,North Texas,2,0,0,0,0,0,0,0,0,0,0,0
5911,Joe Bob,OG,North Texas,3,0,0,0,0,0,0,0,0,0,0,0
5912,Joe Bob,OG,North Texas,2,0,0,0,0,0,0,0,0,0,0,0
5913,Joe Bob,OG,North Texas,3,0,0,0,0,0,0,0,0,0,0,0
5914,Joe Bob,OG,North Texas,4,0,0,0,0,0,0,0,0,0,0,0
5915,Joe Bob,WR,North Texas,3,0,0,0,0,0,0,0,0,0,0,0
5916,Joe Bob,OG,North Texas,4,0,0,0,0,0,0,0,0,0,0,0
5917,Joe Bob,OG,North Texas,2,0,0,0,0,0,0,0,0,0,0,0
5918,Joe Bob,OG,North Texas,4,0,0,0,0,0,0,0,0,0,0,0
5919,Joe Bob,OT,North Texas,1,0,0,0,0,0,0,0,0,0,0,0
5920,Joe Bob,OG,North Texas,1,0,0,0,0,0,0,0,0,0,0,0
5921,Joe Bob,OG,North Texas,1,0,0,0,0,0,0,0,0,0,0,0
5922,Joe Bob,OG,North Texas,1,0,0,0,0,0,0,0,0,0,0,0
5923,Joe Bob,OG,North Texas,1,0,0,0,0,0,0,0,0,0,0,0
5924,Joe Bob,OG,North Texas,2,0,0,0,0,0,0,0,0,0,0,0
5925,Joe Bob,OG,North Texas,1,0,0,0,0,0,0,0,0,0,0,0
5926,Joe Bob,OG,Northwestern,3,0,0,0,0,0,0,0,0,0,0,0
5927,Joe Bob,OG,Northwestern,1,0,0,0,0,0,0,0,0,0,0,0
5928,Joe Bob,OG,Northwestern,2,0,0,0,0,0,0,0,0,0,0,0
5929,Joe Bob,OG,Northwestern,3,0,0,0,0,0,0,0,0,0,0,0
5930,Joe Bob,OT,Northwestern,3,0,0,0,0,0,0,0,0,0,0,0
5931,Joe Bob,OG,Northwestern,4,0,0,0,0,0,0,0,0,0,0,0
5932,Joe Bob,FB,Northwestern,2,0,0,0,0,0,0,0,0,0,0,0
5933,Joe Bob,OG,Northwestern,4,0,0,0,0,0,0,0,0,0,0,0
5934,Joe Bob,WR,Northwestern,1,0,0,0,0,0,0,0,0,0,0,0
5935,Joe Bob,OT,Northwestern,3,0,0,0,0,0,0,0,0,0,0,0
5936,Joe Bob,OG,Northwestern,4,0,0,0,0,0,0,0,0,0,0,0
5937,Joe Bob,WR,Northwestern,2,0,0,0,0,0,0,0,0,0,0,0
5938,Joe Bob,OG,Northwestern,4,0,0,0,0,0,0,0,0,0,0,0
5939,Joe Bob,OG,Northwestern,3,0,0,0,0,0,0,0,0,0,0,0
5940,Joe Bob,OG,Northwestern,1,0,0,0,0,0,0,0,0,0,0,0
5941,Joe Bob,OG,Northwestern,4,0,0,0,0,0,0,0,0,0,0,0
5942,Joe Bob,WR,Northwestern,3,0,0,0,0,0,0,0,0,0,0,0
5943,Joe Bob,OG,Northwestern,1,0,0,0,0,0,0,0,0,0,0,0
5944,Joe Bob,WR,Northwestern,4,0,0,0,0,0,0,0,0,0,0,0
5945,Joe Bob,OG,Northwestern,1,0,0,0,0,0,0,0,0,0,0,0
5946,Joe Bob,OG,Northwestern,3,0,0,0,0,0,0,0,0,0,0,0
5947,Joe Bob,OG,Northwestern,3,0,0,0,0,0,0,0,0,0,0,0
5948,Joe Bob,OG,Northwestern,2,0,0,0,0,0,0,0,0,0,0,0
5949,Joe Bob,OG,Northwestern,1,0,0,0,0,0,0,0,0,0,0,0
5950,Joe Bob,OG,Northwestern,2,0,0,0,0,0,0,0,0,0,0,0
5951,Joe Bob,OG,Northwestern,3,0,0,0,0,0,0,0,0,0,0,0
5952,Joe Bob,OG,Northwestern,2,0,0,0,0,0,0,0,0,0,0,0
5953,Joe Bob,OG,Northwestern,4,0,0,0,0,0,0,0,0,0,0,0
5954,Joe Bob,WR,Northwestern,2,0,0,0,0,0,0,0,0,0,0,0
5955,Joe Bob,RB,Northwestern,3,0,0,0,0,0,0,0,0,0,0,0
5956,Joe Bob,WR,Northwestern,1,0,0,0,0,0,0,0,0,0,0,0
5957,Joe Bob,OG,Northwestern,3,0,0,0,0,0,0,0,0,0,0,0
5958,Joe Bob,OG,Northwestern,4,0,0,0,0,0,0,0,0,0,0,0
5959,Joe Bob,WR,Northwestern,4,0,0,0,0,0,0,0,0,0,0,0
5960,Joe Bob,OG,Northwestern,4,0,0,0,0,0,0,0,0,0,0,0
5961,Joe Bob,OG,Northwestern,1,0,0,0,0,0,0,0,0,0,0,0
5962,Joe Bob,OG,Northwestern,4,0,0,0,0,0,0,0,0,0,0,0
5963,Joe Bob,OT,Northwestern,1,0,0,0,0,0,0,0,0,0,0,0
5964,Joe Bob,OG,Northwestern,4,0,0,0,0,0,0,0,0,0,0,0
5965,Joe Bob,OG,Northwestern,4,0,0,0,0,0,0,0,0,0,0,0
5966,Joe Bob,OG,Northwestern,3,0,0,0,0,0,0,0,0,0,0,0
5967,Joe Bob,OG,Northwestern,1,0,0,0,0,0,0,0,0,0,0,0
5968,Joe Bob,OG,Northwestern,3,0,0,0,0,0,0,0,0,0,0,0
5969,Joe Bob,OG,Northwestern,3,0,0,0,0,0,0,0,0,0,0,0
5970,Joe Bob,OG,Northwestern,1,0,0,0,0,0,0,0,0,0,0,0
5971,Joe Bob,OT,Northwestern,4,0,0,0,0,0,0,0,0,0,0,0
5972,Joe Bob,OT,Northwestern,4,0,0,0,0,0,0,0,0,0,0,0
5973,Joe Bob,WR,Northwestern,4,0,0,0,0,0,0,0,0,0,0,0
5974,Joe Bob,OG,Northwestern,4,0,0,0,0,0,0,0,0,0,0,0
5975,Joe Bob,OG,Northwestern,4,0,0,0,0,0,0,0,0,0,0,0
5976,Joe Bob,OT,Northwestern,2,0,0,0,0,0,0,0,0,0,0,0
5977,Joe Bob,OG,Northwestern,4,0,0,0,0,0,0,0,0,0,0,0
5978,Joe Bob,WR,Northwestern,4,0,0,0,0,0,0,0,0,0,0,0
5979,Joe Bob,OG,Northwestern,1,0,0,0,0,0,0,0,0,0,0,0
5980,Joe Bob,OG,Northwestern,2,0,0,0,0,0,0,0,0,0,0,0
5981,Joe Bob,OG,Northwestern,2,0,0,0,0,0,0,0,0,0,0,0
5982,Joe Bob,RB,Northwestern,2,0,0,0,0,0,0,0,0,0,0,0
5983,Joe Bob,OG,Northwestern,3,0,0,0,0,0,0,0,0,0,0,0
5984,Joe Bob,WR,Northwestern,1,0,0,0,0,0,0,0,0,0,0,0
5985,Joe Bob,OG,Northwestern,4,0,0,0,0,0,0,0,0,0,0,0
5986,Joe Bob,OG,Northwestern,3,0,0,0,0,0,0,0,0,0,0,0
5987,Joe Bob,OT,Northwestern,3,0,0,0,0,0,0,0,0,0,0,0
5988,Joe Bob,OG,Northwestern,4,0,0,0,0,0,0,0,0,0,0,0
5989,Joe Bob,FB,Northwestern,3,0,0,0,0,0,0,0,0,0,0,0
5990,Joe Bob,OG,Northwestern,1,0,0,0,0,0,0,0,0,0,0,0
5991,Joe Bob,OT,Northwestern,4,0,0,0,0,0,0,0,0,0,0,0
5992,Joe Bob,OG,Northwestern,1,0,0,0,0,0,0,0,0,0,0,0
5993,Joe Bob,FB,Northwestern,1,0,0,0,0,0,0,0,0,0,0,0
5994,Joe Bob,OG,Northwestern,4,0,0,0,0,0,0,0,0,0,0,0
5995,Joe Bob,OG,Northwestern,1,0,0,0,0,0,0,0,0,0,0,0
5996,Joe Bob,WR,Northwestern,2,0,0,0,0,0,0,0,0,0,0,0
5997,Joe Bob,OG,Northwestern,4,0,0,0,0,0,0,0,0,0,0,0
5998,Joe Bob,OG,Northwestern,3,0,0,0,0,0,0,0,0,0,0,0
5999,Joe Bob,OG,Northwestern,4,0,0,0,0,0,0,0,0,0,0,0
6000,Joe Bob,OG,Northwestern,3,0,0,0,0,0,0,0,0,0,0,0
6001,Joe Bob,OG,Notre Dame,2,0,0,0,0,0,0,0,0,0,0,0
6002,Joe Bob,OG,Notre Dame,4,0,0,0,0,0,0,0,0,0,0,0
6003,Joe Bob,OG,Notre Dame,2,0,0,0,0,0,0,0,0,0,0,0
6004,Joe Bob,RB,Notre Dame,3,0,0,0,0,0,0,0,0,0,0,0
6005,Joe Bob,OG,Notre Dame,2,0,0,0,0,0,0,0,0,0,0,0
6006,Joe Bob,OG,Notre Dame,1,0,0,0,0,0,0,0,0,0,0,0
6007,Joe Bob,OG,Notre Dame,1,0,0,0,0,0,0,0,0,0,0,0
6008,Joe Bob,OG,Notre Dame,3,0,0,0,0,0,0,0,0,0,0,0
6009,Joe Bob,OG,Notre Dame,2,0,0,0,0,0,0,0,0,0,0,0
6010,Joe Bob,OG,Notre Dame,3,0,0,0,0,0,0,0,0,0,0,0
6011,Joe Bob,OG,Notre Dame,3,0,0,0,0,0,0,0,0,0,0,0
6012,Joe Bob,WR,Notre Dame,2,0,0,0,0,0,0,0,0,0,0,0
6013,Joe Bob,RB,Notre Dame,1,0,0,0,0,0,0,0,0,0,0,0
6014,Joe Bob,WR,Notre Dame,1,0,0,0,0,0,0,0,0,0,0,0
6015,Joe Bob,OG,Notre Dame,4,0,0,0,0,0,0,0,0,0,0,0
6016,Joe Bob,WR,Notre Dame,4,0,0,0,0,0,0,0,0,0,0,0
6017,Joe Bob,OG,Notre Dame,2,0,0,0,0,0,0,0,0,0,0,0
6018,Joe Bob,WR,Notre Dame,2,0,0,0,0,0,0,0,0,0,0,0
6019,Joe Bob,OT,Notre Dame,4,0,0,0,0,0,0,0,0,0,0,0
6020,Joe Bob,OT,Notre Dame,1,0,0,0,0,0,0,0,0,0,0,0
6021,Joe Bob,OG,Notre Dame,4,0,0,0,0,0,0,0,0,0,0,0
6022,Joe Bob,OG,Notre Dame,1,0,0,0,0,0,0,0,0,0,0,0
6023,Joe Bob,OG,Notre Dame,3,0,0,0,0,0,0,0,0,0,0,0
6024,Joe Bob,OG,Notre Dame,2,0,0,0,0,0,0,0,0,0,0,0
6025,Joe Bob,OG,Notre Dame,1,0,0,0,0,0,0,0,0,0,0,0
6026,Joe Bob,OG,Notre Dame,2,0,0,0,0,0,0,0,0,0,0,0
6027,Joe Bob,OG,Notre Dame,1,0,0,0,0,0,0,0,0,0,0,0
6028,Joe Bob,OG,Notre Dame,3,0,0,0,0,0,0,0,0,0,0,0
6029,Joe Bob,OG,Notre Dame,3,0,0,0,0,0,0,0,0,0,0,0
6030,Joe Bob,OG,Notre Dame,3,0,0,0,0,0,0,0,0,0,0,0
6031,Joe Bob,OT,Notre Dame,3,0,0,0,0,0,0,0,0,0,0,0
6032,Joe Bob,RB,Notre Dame,2,0,0,0,0,0,0,0,0,0,0,0
6033,Joe Bob,WR,Notre Dame,1,0,0,0,0,0,0,0,0,0,0,0
6034,Joe Bob,OG,Notre Dame,4,0,0,0,0,0,0,0,0,0,0,0
6035,Joe Bob,OG,Notre Dame,4,0,0,0,0,0,0,0,0,0,0,0
6036,Joe Bob,OG,Notre Dame,4,0,0,0,0,0,0,0,0,0,0,0
6037,Joe Bob,OG,Notre Dame,2,0,0,0,0,0,0,0,0,0,0,0
6038,Joe Bob,OG,Notre Dame,2,0,0,0,0,0,0,0,0,0,0,0
6039,Joe Bob,OG,Notre Dame,3,0,0,0,0,0,0,0,0,0,0,0
6040,Joe Bob,OG,Notre Dame,2,0,0,0,0,0,0,0,0,0,0,0
6041,Joe Bob,OG,Notre Dame,2,0,0,0,0,0,0,0,0,0,0,0
6042,Joe Bob,OG,Notre Dame,3,0,0,0,0,0,0,0,0,0,0,0
6043,Joe Bob,OG,Notre Dame,3,0,0,0,0,0,0,0,0,0,0,0
6044,Joe Bob,OG,Notre Dame,3,0,0,0,0,0,0,0,0,0,0,0
6045,Joe Bob,OG,Notre Dame,3,0,0,0,0,0,0,0,0,0,0,0
6046,Joe Bob,WR,Notre Dame,3,0,0,0,0,0,0,0,0,0,0,0
6047,Joe Bob,OT,Notre Dame,4,0,0,0,0,0,0,0,0,0,0,0
6048,Joe Bob,OG,Notre Dame,4,0,0,0,0,0,0,0,0,0,0,0
6049,Joe Bob,OG,Notre Dame,4,0,0,0,0,0,0,0,0,0,0,0
6050,Joe Bob,OG,Notre Dame,1,0,0,0,0,0,0,0,0,0,0,0
6051,Joe Bob,OG,Notre Dame,3,0,0,0,0,0,0,0,0,0,0,0
6052,Joe Bob,OT,Notre Dame,2,0,0,0,0,0,0,0,0,0,0,0
6053,Joe Bob,OG,Notre Dame,1,0,0,0,0,0,0,0,0,0,0,0
6054,Joe Bob,OG,Notre Dame,1,0,0,0,0,0,0,0,0,0,0,0
6055,Joe Bob,RB,Notre Dame,2,0,0,0,0,0,0,0,0,0,0,0
6056,Joe Bob,OG,Notre Dame,4,0,0,0,0,0,0,0,0,0,0,0
6057,Joe Bob,OG,Notre Dame,2,0,0,0,0,0,0,0,0,0,0,0
6058,Joe Bob,OG,Notre Dame,2,0,0,0,0,0,0,0,0,0,0,0
6059,Joe Bob,OG,Notre Dame,2,0,0,0,0,0,0,0,0,0,0,0
6060,Joe Bob,OG,Notre Dame,4,0,0,0,0,0,0,0,0,0,0,0
6061,Joe Bob,OG,Notre Dame,2,0,0,0,0,0,0,0,0,0,0,0
6062,Joe Bob,OG,Notre Dame,3,0,0,0,0,0,0,0,0,0,0,0
6063,Joe Bob,OG,Notre Dame,4,0,0,0,0,0,0,0,0,0,0,0
6064,Joe Bob,OG,Notre Dame,2,0,0,0,0,0,0,0,0,0,0,0
6065,Joe Bob,RB,Notre Dame,1,0,0,0,0,0,0,0,0,0,0,0
6066,Joe Bob,WR,Notre Dame,2,0,0,0,0,0,0,0,0,0,0,0
6067,Joe Bob,WR,Notre Dame,4,0,0,0,0,0,0,0,0,0,0,0
6068,Joe Bob,OG,Notre Dame,4,0,0,0,0,0,0,0,0,0,0,0
6069,Joe Bob,OG,Notre Dame,4,0,0,0,0,0,0,0,0,0,0,0
6070,Joe Bob,OG,Notre Dame,3,0,0,0,0,0,0,0,0,0,0,0
6071,Joe Bob,OG,Notre Dame,3,0,0,0,0,0,0,0,0,0,0,0
6072,Joe Bob,OT,Notre Dame,1,0,0,0,0,0,0,0,0,0,0,0
6073,Joe Bob,OG,Notre Dame,4,0,0,0,0,0,0,0,0,0,0,0
6074,Joe Bob,OG,Notre Dame,4,0,0,0,0,0,0,0,0,0,0,0
6075,Joe Bob,OG,Notre Dame,2,0,0,0,0,0,0,0,0,0,0,0
6076,Joe Bob,OG,Ohio,1,0,0,0,0,0,0,0,0,0,0,0
6077,Joe Bob,OG,Ohio,1,0,0,0,0,0,0,0,0,0,0,0
6078,Joe Bob,OG,Ohio,2,0,0,0,0,0,0,0,0,0,0,0
6079,Joe Bob,OG,Ohio,1,0,0,0,0,0,0,0,0,0,0,0
6080,Joe Bob,OG,Ohio,3,0,0,0,0,0,0,0,0,0,0,0
6081,Joe Bob,OG,Ohio,1,0,0,0,0,0,0,0,0,0,0,0
6082,Joe Bob,OG,Ohio,2,0,0,0,0,0,0,0,0,0,0,0
6083,Joe Bob,QB,Ohio,3,0,0,0,0,0,0,0,0,0,0,0
6084,Joe Bob,WR,Ohio,1,0,0,0,0,0,0,0,0,0,0,0
6085,Joe Bob,OG,Ohio,4,0,0,0,0,0,0,0,0,0,0,0
6086,Joe Bob,WR,Ohio,3,0,0,0,0,0,0,0,0,0,0,0
6087,Joe Bob,OG,Ohio,3,0,0,0,0,0,0,0,0,0,0,0
6088,Joe Bob,OG,Ohio,3,0,0,0,0,0,0,0,0,0,0,0
6089,Joe Bob,WR,Ohio,4,0,0,0,0,0,0,0,0,0,0,0
6090,Joe Bob,OT,Ohio,1,0,0,0,0,0,0,0,0,0,0,0
6091,Joe Bob,OG,Ohio,1,0,0,0,0,0,0,0,0,0,0,0
6092,Joe Bob,WR,Ohio,4,0,0,0,0,0,0,0,0,0,0,0
6093,Joe Bob,OG,Ohio,1,0,0,0,0,0,0,0,0,0,0,0
6094,Joe Bob,OG,Ohio,4,0,0,0,0,0,0,0,0,0,0,0
6095,Joe Bob,OG,Ohio,1,0,0,0,0,0,0,0,0,0,0,0
6096,Joe Bob,OG,Ohio,2,0,0,0,0,0,0,0,0,0,0,0
6097,Joe Bob,OG,Ohio,1,0,0,0,0,0,0,0,0,0,0,0
6098,Joe Bob,OG,Ohio,1,0,0,0,0,0,0,0,0,0,0,0
6099,Joe Bob,OG,Ohio,2,0,0,0,0,0,0,0,0,0,0,0
6100,Joe Bob,OG,Ohio,4,0,0,0,0,0,0,0,0,0,0,0
6101,Joe Bob,OG,Ohio,3,0,0,0,0,0,0,0,0,0,0,0
6102,Joe Bob,OG,Ohio,3,0,0,0,0,0,0,0,0,0,0,0
6103,Joe Bob,RB,Ohio,2,0,0,0,0,0,0,0,0,0,0,0
6104,Joe Bob,WR,Ohio,4,0,0,0,0,0,0,0,0,0,0,0
6105,Joe Bob,OG,Ohio,3,0,0,0,0,0,0,0,0,0,0,0
6106,Joe Bob,OG,Ohio,1,0,0,0,0,0,0,0,0,0,0,0
6107,Joe Bob,OG,Ohio,4,0,0,0,0,0,0,0,0,0,0,0
6108,Joe Bob,OT,Ohio,4,0,0,0,0,0,0,0,0,0,0,0
6109,Joe Bob,OG,Ohio,3,0,0,0,0,0,0,0,0,0,0,0
6110,Joe Bob,OG,Ohio,2,0,0,0,0,0,0,0,0,0,0,0
6111,Joe Bob,QB,Ohio,1,0,0,0,0,0,0,0,0,0,0,0
6112,Joe Bob,OG,Ohio,2,0,0,0,0,0,0,0,0,0,0,0
6113,Joe Bob,OG,Ohio,2,0,0,0,0,0,0,0,0,0,0,0
6114,Joe Bob,WR,Ohio,3,0,0,0,0,0,0,0,0,0,0,0
6115,Joe Bob,OG,Ohio,4,0,0,0,0,0,0,0,0,0,0,0
6116,Joe Bob,WR,Ohio,2,0,0,0,0,0,0,0,0,0,0,0
6117,Joe Bob,OG,Ohio,3,0,0,0,0,0,0,0,0,0,0,0
6118,Joe Bob,QB,Ohio,2,0,0,0,0,0,0,0,0,0,0,0
6119,Joe Bob,OG,Ohio,4,0,0,0,0,0,0,0,0,0,0,0
6120,Joe Bob,OG,Ohio,4,0,0,0,0,0,0,0,0,0,0,0
6121,Joe Bob,OG,Ohio,3,0,0,0,0,0,0,0,0,0,0,0
6122,Joe Bob,OG,Ohio,2,0,0,0,0,0,0,0,0,0,0,0
6123,Joe Bob,OG,Ohio,4,0,0,0,0,0,0,0,0,0,0,0
6124,Joe Bob,OG,Ohio,1,0,0,0,0,0,0,0,0,0,0,0
6125,Joe Bob,OG,Ohio,1,0,0,0,0,0,0,0,0,0,0,0
6126,Joe Bob,OG,Ohio,1,0,0,0,0,0,0,0,0,0,0,0
6127,Joe Bob,OG,Ohio,2,0,0,0,0,0,0,0,0,0,0,0
6128,Joe Bob,OG,Ohio,1,0,0,0,0,0,0,0,0,0,0,0
6129,Joe Bob,OG,Ohio,2,0,0,0,0,0,0,0,0,0,0,0
6130,Joe Bob,OG,Ohio,3,0,0,0,0,0,0,0,0,0,0,0
6131,Joe Bob,RB,Ohio,1,0,0,0,0,0,0,0,0,0,0,0
6132,Joe Bob,OG,Ohio,4,0,0,0,0,0,0,0,0,0,0,0
6133,Joe Bob,OG,Ohio,2,0,0,0,0,0,0,0,0,0,0,0
6134,Joe Bob,OG,Ohio,2,0,0,0,0,0,0,0,0,0,0,0
6135,Joe Bob,OG,Ohio,4,0,0,0,0,0,0,0,0,0,0,0
6136,Joe Bob,OT,Ohio,3,0,0,0,0,0,0,0,0,0,0,0
6137,Joe Bob,WR,Ohio,4,0,0,0,0,0,0,0,0,0,0,0
6138,Joe Bob,WR,Ohio,3,0,0,0,0,0,0,0,0,0,0,0
6139,Joe Bob,OG,Ohio,1,0,0,0,0,0,0,0,0,0,0,0
6140,Joe Bob,OT,Ohio,3,0,0,0,0,0,0,0,0,0,0,0
6141,Joe Bob,OG,Ohio,4,0,0,0,0,0,0,0,0,0,0,0
6142,Joe Bob,OG,Ohio,4,0,0,0,0,0,0,0,0,0,0,0
6143,Joe Bob,OG,Ohio,4,0,0,0,0,0,0,0,0,0,0,0
6144,Joe Bob,OT,Ohio,4,0,0,0,0,0,0,0,0,0,0,0
6145,Joe Bob,WR,Ohio,4,0,0,0,0,0,0,0,0,0,0,0
6146,Joe Bob,OG,Ohio,1,0,0,0,0,0,0,0,0,0,0,0
6147,Joe Bob,OG,Ohio,1,0,0,0,0,0,0,0,0,0,0,0
6148,Joe Bob,OG,Ohio,1,0,0,0,0,0,0,0,0,0,0,0
6149,Joe Bob,OG,Ohio,2,0,0,0,0,0,0,0,0,0,0,0
6150,Joe Bob,OG,Ohio,1,0,0,0,0,0,0,0,0,0,0,0
6151,Joe Bob,WR,Ohio State,1,0,0,0,0,0,0,0,0,0,0,0
6152,Joe Bob,OG,Ohio State,3,0,0,0,0,0,0,0,0,0,0,0
6153,Joe Bob,OG,Ohio State,2,0,0,0,0,0,0,0,0,0,0,0
6154,Joe Bob,OG,Ohio State,3,0,0,0,0,0,0,0,0,0,0,0
6155,Joe Bob,OG,Ohio State,2,0,0,0,0,0,0,0,0,0,0,0
6156,Joe Bob,WR,Ohio State,3,0,0,0,0,0,0,0,0,0,0,0
6157,Joe Bob,RB,Ohio State,3,0,0,0,0,0,0,0,0,0,0,0
6158,Joe Bob,OG,Ohio State,4,0,0,0,0,0,0,0,0,0,0,0
6159,Joe Bob,OG,Ohio State,4,0,0,0,0,0,0,0,0,0,0,0
6160,Joe Bob,OG,Ohio State,2,0,0,0,0,0,0,0,0,0,0,0
6161,Joe Bob,OG,Ohio State,4,0,0,0,0,0,0,0,0,0,0,0
6162,Joe Bob,OT,Ohio State,1,0,0,0,0,0,0,0,0,0,0,0
6163,Joe Bob,OG,Ohio State,1,0,0,0,0,0,0,0,0,0,0,0
6164,Joe Bob,OG,Ohio State,1,0,0,0,0,0,0,0,0,0,0,0
6165,Joe Bob,OG,Ohio State,1,0,0,0,0,0,0,0,0,0,0,0
6166,Joe Bob,OG,Ohio State,1,0,0,0,0,0,0,0,0,0,0,0
6167,Joe Bob,OG,Ohio State,2,0,0,0,0,0,0,0,0,0,0,0
6168,Joe Bob,OG,Ohio State,1,0,0,0,0,0,0,0,0,0,0,0
6169,Joe Bob,OG,Ohio State,3,0,0,0,0,0,0,0,0,0,0,0
6170,Joe Bob,OG,Ohio State,1,0,0,0,0,0,0,0,0,0,0,0
6171,Joe Bob,OG,Ohio State,3,0,0,0,0,0,0,0,0,0,0,0
6172,Joe Bob,OG,Ohio State,3,0,0,0,0,0,0,0,0,0,0,0
6173,Joe Bob,OT,Ohio State,3,0,0,0,0,0,0,0,0,0,0,0
6174,Joe Bob,OG,Ohio State,3,0,0,0,0,0,0,0,0,0,0,0
6175,Joe Bob,RB,Ohio State,3,0,0,0,0,0,0,0,0,0,0,0
6176,Joe Bob,WR,Ohio State,1,0,0,0,0,0,0,0,0,0,0,0
6177,Joe Bob,OT,Ohio State,1,0,0,0,0,0,0,0,0,0,0,0
6178,Joe Bob,OT,Ohio State,1,0,0,0,0,0,0,0,0,0,0,0
6179,Joe Bob,OG,Ohio State,1,0,0,0,0,0,0,0,0,0,0,0
6180,Joe Bob,OG,Ohio State,1,0,0,0,0,0,0,0,0,0,0,0
6181,Joe Bob,OG,Ohio State,1,0,0,0,0,0,0,0,0,0,0,0
6182,Joe Bob,OG,Ohio State,3,0,0,0,0,0,0,0,0,0,0,0
6183,Joe Bob,QB,Ohio State,2,0,0,0,0,0,0,0,0,0,0,0
6184,Joe Bob,OG,Ohio State,2,0,0,0,0,0,0,0,0,0,0,0
6185,Joe Bob,OG,Ohio State,2,0,0,0,0,0,0,0,0,0,0,0
6186,Joe Bob,OG,Ohio State,3,0,0,0,0,0,0,0,0,0,0,0
6187,Joe Bob,OG,Ohio State,3,0,0,0,0,0,0,0,0,0,0,0
6188,Joe Bob,FB,Ohio State,3,0,0,0,0,0,0,0,0,0,0,0
6189,Joe Bob,OG,Ohio State,1,0,0,0,0,0,0,0,0,0,0,0
6190,Joe Bob,OG,Ohio State,2,0,0,0,0,0,0,0,0,0,0,0
6191,Joe Bob,OG,Ohio State,4,0,0,0,0,0,0,0,0,0,0,0
6192,Joe Bob,WR,Ohio State,4,0,0,0,0,0,0,0,0,0,0,0
6193,Joe Bob,OG,Ohio State,1,0,0,0,0,0,0,0,0,0,0,0
6194,Joe Bob,WR,Ohio State,1,0,0,0,0,0,0,0,0,0,0,0
6195,Joe Bob,OT,Ohio State,4,0,0,0,0,0,0,0,0,0,0,0
6196,Joe Bob,OG,Ohio State,1,0,0,0,0,0,0,0,0,0,0,0
6197,Joe Bob,OG,Ohio State,1,0,0,0,0,0,0,0,0,0,0,0
6198,Joe Bob,OG,Ohio State,1,0,0,0,0,0,0,0,0,0,0,0
6199,Joe Bob,OG,Ohio State,2,0,0,0,0,0,0,0,0,0,0,0
6200,Joe Bob,OG,Ohio State,1,0,0,0,0,0,0,0,0,0,0,0
6201,Joe Bob,OG,Ohio State,2,0,0,0,0,0,0,0,0,0,0,0
6202,Joe Bob,OG,Ohio State,3,0,0,0,0,0,0,0,0,0,0,0
6203,Joe Bob,WR,Ohio State,2,0,0,0,0,0,0,0,0,0,0,0
6204,Joe Bob,OG,Ohio State,4,0,0,0,0,0,0,0,0,0,0,0
6205,Joe Bob,QB,Ohio State,2,0,0,0,0,0,0,0,0,0,0,0
6206,Joe Bob,OG,Ohio State,4,0,0,0,0,0,0,0,0,0,0,0
6207,Joe Bob,OG,Ohio State,2,0,0,0,0,0,0,0,0,0,0,0
6208,Joe Bob,FB,Ohio State,4,0,0,0,0,0,0,0,0,0,0,0
6209,Joe Bob,WR,Ohio State,4,0,0,0,0,0,0,0,0,0,0,0
6210,Joe Bob,OT,Ohio State,1,0,0,0,0,0,0,0,0,0,0,0
6211,Joe Bob,OG,Ohio State,3,0,0,0,0,0,0,0,0,0,0,0
6212,Joe Bob,WR,Ohio State,3,0,0,0,0,0,0,0,0,0,0,0
6213,Joe Bob,OG,Ohio State,4,0,0,0,0,0,0,0,0,0,0,0
6214,Joe Bob,OG,Ohio State,4,0,0,0,0,0,0,0,0,0,0,0
6215,Joe Bob,WR,Ohio State,3,0,0,0,0,0,0,0,0,0,0,0
6216,Joe Bob,OG,Ohio State,1,0,0,0,0,0,0,0,0,0,0,0
6217,Joe Bob,OG,Ohio State,4,0,0,0,0,0,0,0,0,0,0,0
6218,Joe Bob,OG,Ohio State,4,0,0,0,0,0,0,0,0,0,0,0
6219,Joe Bob,OG,Ohio State,3,0,0,0,0,0,0,0,0,0,0,0
6220,Joe Bob,OG,Ohio State,3,0,0,0,0,0,0,0,0,0,0,0
6221,Joe Bob,OG,Ohio State,2,0,0,0,0,0,0,0,0,0,0,0
6222,Joe Bob,OG,Ohio State,1,0,0,0,0,0,0,0,0,0,0,0
6223,Joe Bob,OG,Ohio State,2,0,0,0,0,0,0,0,0,0,0,0
6224,Joe Bob,OG,Ohio State,3,0,0,0,0,0,0,0,0,0,0,0
6225,Joe Bob,OG,Ohio State,2,0,0,0,0,0,0,0,0,0,0,0
6226,Joe Bob,OG,Oklahoma,4,0,0,0,0,0,0,0,0,0,0,0
6227,Joe Bob,WR,Oklahoma,2,0,0,0,0,0,0,0,0,0,0,0
6228,Joe Bob,QB,Oklahoma,2,0,0,0,0,0,0,0,0,0,0,0
6229,Joe Bob,WR,Oklahoma,4,0,0,0,0,0,0,0,0,0,0,0
6230,Joe Bob,OG,Oklahoma,3,0,0,0,0,0,0,0,0,0,0,0
6231,Joe Bob,OG,Oklahoma,4,0,0,0,0,0,0,0,0,0,0,0
6232,Joe Bob,WR,Oklahoma,4,0,0,0,0,0,0,0,0,0,0,0
6233,Joe Bob,OG,Oklahoma,3,0,0,0,0,0,0,0,0,0,0,0
6234,Joe Bob,OG,Oklahoma,1,0,0,0,0,0,0,0,0,0,0,0
6235,Joe Bob,OG,Oklahoma,4,0,0,0,0,0,0,0,0,0,0,0
6236,Joe Bob,WR,Oklahoma,1,0,0,0,0,0,0,0,0,0,0,0
6237,Joe Bob,OG,Oklahoma,4,0,0,0,0,0,0,0,0,0,0,0
6238,Joe Bob,OG,Oklahoma,4,0,0,0,0,0,0,0,0,0,0,0
6239,Joe Bob,OG,Oklahoma,3,0,0,0,0,0,0,0,0,0,0,0
6240,Joe Bob,OG,Oklahoma,1,0,0,0,0,0,0,0,0,0,0,0
6241,Joe Bob,OG,Oklahoma,2,0,0,0,0,0,0,0,0,0,0,0
6242,Joe Bob,OG,Oklahoma,2,0,0,0,0,0,0,0,0,0,0,0
6243,Joe Bob,OG,Oklahoma,3,0,0,0,0,0,0,0,0,0,0,0
6244,Joe Bob,OG,Oklahoma,3,0,0,0,0,0,0,0,0,0,0,0
6245,Joe Bob,OG,Oklahoma,4,0,0,0,0,0,0,0,0,0,0,0
6246,Joe Bob,OG,Oklahoma,4,0,0,0,0,0,0,0,0,0,0,0
6247,Joe Bob,WR,Oklahoma,3,0,0,0,0,0,0,0,0,0,0,0
6248,Joe Bob,OT,Oklahoma,4,0,0,0,0,0,0,0,0,0,0,0
6249,Joe Bob,WR,Oklahoma,1,0,0,0,0,0,0,0,0,0,0,0
6250,Joe Bob,OG,Oklahoma,4,0,0,0,0,0,0,0,0,0,0,0
6251,Joe Bob,FB,Oklahoma,4,0,0,0,0,0,0,0,0,0,0,0
6252,Joe Bob,OG,Oklahoma,1,0,0,0,0,0,0,0,0,0,0,0
6253,Joe Bob,OG,Oklahoma,2,0,0,0,0,0,0,0,0,0,0,0
6254,Joe Bob,OG,Oklahoma,2,0,0,0,0,0,0,0,0,0,0,0
6255,Joe Bob,OG,Oklahoma,2,0,0,0,0,0,0,0,0,0,0,0
6256,Joe Bob,OG,Oklahoma,3,0,0,0,0,0,0,0,0,0,0,0
6257,Joe Bob,WR,Oklahoma,1,0,0,0,0,0,0,0,0,0,0,0
6258,Joe Bob,OG,Oklahoma,4,0,0,0,0,0,0,0,0,0,0,0
6259,Joe Bob,OG,Oklahoma,3,0,0,0,0,0,0,0,0,0,0,0
6260,Joe Bob,WR,Oklahoma,3,0,0,0,0,0,0,0,0,0,0,0
6261,Joe Bob,OG,Oklahoma,4,0,0,0,0,0,0,0,0,0,0,0
6262,Joe Bob,QB,Oklahoma,3,0,0,0,0,0,0,0,0,0,0,0
6263,Joe Bob,RB,Oklahoma,4,0,0,0,0,0,0,0,0,0,0,0
6264,Joe Bob,WR,Oklahoma,3,0,0,0,0,0,0,0,0,0,0,0
6265,Joe Bob,OG,Oklahoma,4,0,0,0,0,0,0,0,0,0,0,0
6266,Joe Bob,QB,Oklahoma,2,0,0,0,0,0,0,0,0,0,0,0
6267,Joe Bob,OG,Oklahoma,3,0,0,0,0,0,0,0,0,0,0,0
6268,Joe Bob,OG,Oklahoma,1,0,0,0,0,0,0,0,0,0,0,0
6269,Joe Bob,WR,Oklahoma,2,0,0,0,0,0,0,0,0,0,0,0
6270,Joe Bob,OG,Oklahoma,4,0,0,0,0,0,0,0,0,0,0,0
6271,Joe Bob,OG,Oklahoma,3,0,0,0,0,0,0,0,0,0,0,0
6272,Joe Bob,OG,Oklahoma,4,0,0,0,0,0,0,0,0,0,0,0
6273,Joe Bob,OG,Oklahoma,3,0,0,0,0,0,0,0,0,0,0,0
6274,Joe Bob,OG,Oklahoma,1,0,0,0,0,0,0,0,0,0,0,0
6275,Joe Bob,OG,Oklahoma,2,0,0,0,0,0,0,0,0,0,0,0
6276,Joe Bob,OG,Oklahoma,4,0,0,0,0,0,0,0,0,0,0,0
6277,Joe Bob,OG,Oklahoma,1,0,0,0,0,0,0,0,0,0,0,0
6278,Joe Bob,OG,Oklahoma,4,0,0,0,0,0,0,0,0,0,0,0
6279,Joe Bob,OG,Oklahoma,3,0,0,0,0,0,0,0,0,0,0,0
6280,Joe Bob,OT,Oklahoma,1,0,0,0,0,0,0,0,0,0,0,0
6281,Joe Bob,WR,Oklahoma,2,0,0,0,0,0,0,0,0,0,0,0
6282,Joe Bob,OG,Oklahoma,1,0,0,0,0,0,0,0,0,0,0,0
6283,Joe Bob,OG,Oklahoma,2,0,0,0,0,0,0,0,0,0,0,0
6284,Joe Bob,OG,Oklahoma,3,0,0,0,0,0,0,0,0,0,0,0
6285,Joe Bob,OG,Oklahoma,2,0,0,0,0,0,0,0,0,0,0,0
6286,Joe Bob,OG,Oklahoma,1,0,0,0,0,0,0,0,0,0,0,0
6287,Joe Bob,RB,Oklahoma,1,0,0,0,0,0,0,0,0,0,0,0
6288,Joe Bob,OG,Oklahoma,4,0,0,0,0,0,0,0,0,0,0,0
6289,Joe Bob,OT,Oklahoma,4,0,0,0,0,0,0,0,0,0,0,0
6290,Joe Bob,OG,Oklahoma,2,0,0,0,0,0,0,0,0,0,0,0
6291,Joe Bob,RB,Oklahoma,1,0,0,0,0,0,0,0,0,0,0,0
6292,Joe Bob,OT,Oklahoma,1,0,0,0,0,0,0,0,0,0,0,0
6293,Joe Bob,WR,Oklahoma,1,0,0,0,0,0,0,0,0,0,0,0
6294,Joe Bob,OG,Oklahoma,4,0,0,0,0,0,0,0,0,0,0,0
6295,Joe Bob,OG,Oklahoma,4,0,0,0,0,0,0,0,0,0,0,0
6296,Joe Bob,OG,Oklahoma,2,0,0,0,0,0,0,0,0,0,0,0
6297,Joe Bob,OG,Oklahoma,2,0,0,0,0,0,0,0,0,0,0,0
6298,Joe Bob,OG,Oklahoma,1,0,0,0,0,0,0,0,0,0,0,0
6299,Joe Bob,OG,Oklahoma,2,0,0,0,0,0,0,0,0,0,0,0
6300,Joe Bob,OG,Oklahoma,4,0,0,0,0,0,0,0,0,0,0,0
6301,Joe Bob,OG,Oklahoma State,3,0,0,0,0,0,0,0,0,0,0,0
6302,Joe Bob,QB,Oklahoma State,3,0,0,0,0,0,0,0,0,0,0,0
6303,Joe Bob,OG,Oklahoma State,3,0,0,0,0,0,0,0,0,0,0,0
6304,Joe Bob,WR,Oklahoma State,3,0,0,0,0,0,0,0,0,0,0,0
6305,Joe Bob,QB,Oklahoma State,3,0,0,0,0,0,0,0,0,0,0,0
6306,Joe Bob,RB,Oklahoma State,4,0,0,0,0,0,0,0,0,0,0,0
6307,Joe Bob,OG,Oklahoma State,3,0,0,0,0,0,0,0,0,0,0,0
6308,Joe Bob,OG,Oklahoma State,4,0,0,0,0,0,0,0,0,0,0,0
6309,Joe Bob,OG,Oklahoma State,3,0,0,0,0,0,0,0,0,0,0,0
6310,Joe Bob,OT,Oklahoma State,1,0,0,0,0,0,0,0,0,0,0,0
6311,Joe Bob,WR,Oklahoma State,4,0,0,0,0,0,0,0,0,0,0,0
6312,Joe Bob,OG,Oklahoma State,1,0,0,0,0,0,0,0,0,0,0,0
6313,Joe Bob,OT,Oklahoma State,1,0,0,0,0,0,0,0,0,0,0,0
6314,Joe Bob,OG,Oklahoma State,1,0,0,0,0,0,0,0,0,0,0,0
6315,Joe Bob,OG,Oklahoma State,3,0,0,0,0,0,0,0,0,0,0,0
6316,Joe Bob,OG,Oklahoma State,3,0,0,0,0,0,0,0,0,0,0,0
6317,Joe Bob,QB,Oklahoma State,3,0,0,0,0,0,0,0,0,0,0,0
6318,Joe Bob,OG,Oklahoma State,3,0,0,0,0,0,0,0,0,0,0,0
6319,Joe Bob,FB,Oklahoma State,3,0,0,0,0,0,0,0,0,0,0,0
6320,Joe Bob,WR,Oklahoma State,4,0,0,0,0,0,0,0,0,0,0,0
6321,Joe Bob,OG,Oklahoma State,4,0,0,0,0,0,0,0,0,0,0,0
6322,Joe Bob,OG,Oklahoma State,3,0,0,0,0,0,0,0,0,0,0,0
6323,Joe Bob,OG,Oklahoma State,1,0,0,0,0,0,0,0,0,0,0,0
6324,Joe Bob,OG,Oklahoma State,3,0,0,0,0,0,0,0,0,0,0,0
6325,Joe Bob,WR,Oklahoma State,2,0,0,0,0,0,0,0,0,0,0,0
6326,Joe Bob,OG,Oklahoma State,1,0,0,0,0,0,0,0,0,0,0,0
6327,Joe Bob,OG,Oklahoma State,1,0,0,0,0,0,0,0,0,0,0,0
6328,Joe Bob,WR,Oklahoma State,2,0,0,0,0,0,0,0,0,0,0,0
6329,Joe Bob,OG,Oklahoma State,4,0,0,0,0,0,0,0,0,0,0,0
6330,Joe Bob,OG,Oklahoma State,2,0,0,0,0,0,0,0,0,0,0,0
6331,Joe Bob,OG,Oklahoma State,2,0,0,0,0,0,0,0,0,0,0,0
6332,Joe Bob,OG,Oklahoma State,2,0,0,0,0,0,0,0,0,0,0,0
6333,Joe Bob,OG,Oklahoma State,4,0,0,0,0,0,0,0,0,0,0,0
6334,Joe Bob,OG,Oklahoma State,1,0,0,0,0,0,0,0,0,0,0,0
6335,Joe Bob,OG,Oklahoma State,3,0,0,0,0,0,0,0,0,0,0,0
6336,Joe Bob,OG,Oklahoma State,4,0,0,0,0,0,0,0,0,0,0,0
6337,Joe Bob,OG,Oklahoma State,2,0,0,0,0,0,0,0,0,0,0,0
6338,Joe Bob,OG,Oklahoma State,1,0,0,0,0,0,0,0,0,0,0,0
6339,Joe Bob,WR,Oklahoma State,2,0,0,0,0,0,0,0,0,0,0,0
6340,Joe Bob,RB,Oklahoma State,4,0,0,0,0,0,0,0,0,0,0,0
6341,Joe Bob,OG,Oklahoma State,4,0,0,0,0,0,0,0,0,0,0,0
6342,Joe Bob,OG,Oklahoma State,3,0,0,0,0,0,0,0,0,0,0,0
6343,Joe Bob,OG,Oklahoma State,3,0,0,0,0,0,0,0,0,0,0,0
6344,Joe Bob,OG,Oklahoma State,3,0,0,0,0,0,0,0,0,0,0,0
6345,Joe Bob,OT,Oklahoma State,1,0,0,0,0,0,0,0,0,0,0,0
6346,Joe Bob,OG,Oklahoma State,1,0,0,0,0,0,0,0,0,0,0,0
6347,Joe Bob,OG,Oklahoma State,1,0,0,0,0,0,0,0,0,0,0,0
6348,Joe Bob,OG,Oklahoma State,2,0,0,0,0,0,0,0,0,0,0,0
6349,Joe Bob,OG,Oklahoma State,1,0,0,0,0,0,0,0,0,0,0,0
6350,Joe Bob,OG,Oklahoma State,4,0,0,0,0,0,0,0,0,0,0,0
6351,Joe Bob,OG,Oklahoma State,2,0,0,0,0,0,0,0,0,0,0,0
6352,Joe Bob,OG,Oklahoma State,1,0,0,0,0,0,0,0,0,0,0,0
6353,Joe Bob,OG,Oklahoma State,3,0,0,0,0,0,0,0,0,0,0,0
6354,Joe Bob,OG,Oklahoma State,1,0,0,0,0,0,0,0,0,0,0,0
6355,Joe Bob,OG,Oklahoma State,2,0,0,0,0,0,0,0,0,0,0,0
6356,Joe Bob,OG,Oklahoma State,3,0,0,0,0,0,0,0,0,0,0,0
6357,Joe Bob,FB,Oklahoma State,2,0,0,0,0,0,0,0,0,0,0,0
6358,Joe Bob,OG,Oklahoma State,4,0,0,0,0,0,0,0,0,0,0,0
6359,Joe Bob,FB,Oklahoma State,3,0,0,0,0,0,0,0,0,0,0,0
6360,Joe Bob,OG,Oklahoma State,3,0,0,0,0,0,0,0,0,0,0,0
6361,Joe Bob,OT,Oklahoma State,3,0,0,0,0,0,0,0,0,0,0,0
6362,Joe Bob,WR,Oklahoma State,4,0,0,0,0,0,0,0,0,0,0,0
6363,Joe Bob,OT,Oklahoma State,1,0,0,0,0,0,0,0,0,0,0,0
6364,Joe Bob,OG,Oklahoma State,1,0,0,0,0,0,0,0,0,0,0,0
6365,Joe Bob,QB,Oklahoma State,4,0,0,0,0,0,0,0,0,0,0,0
6366,Joe Bob,OG,Oklahoma State,4,0,0,0,0,0,0,0,0,0,0,0
6367,Joe Bob,OG,Oklahoma State,4,0,0,0,0,0,0,0,0,0,0,0
6368,Joe Bob,OG,Oklahoma State,1,0,0,0,0,0,0,0,0,0,0,0
6369,Joe Bob,OG,Oklahoma State,2,0,0,0,0,0,0,0,0,0,0,0
6370,Joe Bob,OG,Oklahoma State,1,0,0,0,0,0,0,0,0,0,0,0
6371,Joe Bob,OG,Oklahoma State,1,0,0,0,0,0,0,0,0,0,0,0
6372,Joe Bob,OG,Oklahoma State,2,0,0,0,0,0,0,0,0,0,0,0
6373,Joe Bob,OG,Oklahoma State,3,0,0,0,0,0,0,0,0,0,0,0
6374,Joe Bob,OG,Oklahoma State,2,0,0,0,0,0,0,0,0,0,0,0
6375,Joe Bob,OG,Oklahoma State,3,0,0,0,0,0,0,0,0,0,0,0
6376,Joe Bob,QB,Old Dominion,2,0,0,0,0,0,0,0,0,0,0,0
6377,Joe Bob,WR,Old Dominion,4,0,0,0,0,0,0,0,0,0,0,0
6378,Joe Bob,OG,Old Dominion,3,0,0,0,0,0,0,0,0,0,0,0
6379,Joe Bob,OG,Old Dominion,4,0,0,0,0,0,0,0,0,0,0,0
6380,Joe Bob,OG,Old Dominion,3,0,0,0,0,0,0,0,0,0,0,0
6381,Joe Bob,WR,Old Dominion,3,0,0,0,0,0,0,0,0,0,0,0
6382,Joe Bob,OT,Old Dominion,2,0,0,0,0,0,0,0,0,0,0,0
6383,Joe Bob,OT,Old Dominion,1,0,0,0,0,0,0,0,0,0,0,0
6384,Joe Bob,OG,Old Dominion,1,0,0,0,0,0,0,0,0,0,0,0
6385,Joe Bob,OT,Old Dominion,2,0,0,0,0,0,0,0,0,0,0,0
6386,Joe Bob,OG,Old Dominion,1,0,0,0,0,0,0,0,0,0,0,0
6387,Joe Bob,OG,Old Dominion,2,0,0,0,0,0,0,0,0,0,0,0
6388,Joe Bob,OG,Old Dominion,3,0,0,0,0,0,0,0,0,0,0,0
6389,Joe Bob,WR,Old Dominion,2,0,0,0,0,0,0,0,0,0,0,0
6390,Joe Bob,OG,Old Dominion,3,0,0,0,0,0,0,0,0,0,0,0
6391,Joe Bob,OG,Old Dominion,2,0,0,0,0,0,0,0,0,0,0,0
6392,Joe Bob,OG,Old Dominion,4,0,0,0,0,0,0,0,0,0,0,0
6393,Joe Bob,QB,Old Dominion,4,0,0,0,0,0,0,0,0,0,0,0
6394,Joe Bob,OG,Old Dominion,3,0,0,0,0,0,0,0,0,0,0,0
6395,Joe Bob,OG,Old Dominion,2,0,0,0,0,0,0,0,0,0,0,0
6396,Joe Bob,OT,Old Dominion,4,0,0,0,0,0,0,0,0,0,0,0
6397,Joe Bob,WR,Old Dominion,4,0,0,0,0,0,0,0,0,0,0,0
6398,Joe Bob,OT,Old Dominion,1,0,0,0,0,0,0,0,0,0,0,0
6399,Joe Bob,OG,Old Dominion,1,0,0,0,0,0,0,0,0,0,0,0
6400,Joe Bob,OG,Old Dominion,1,0,0,0,0,0,0,0,0,0,0,0
6401,Joe Bob,OG,Old Dominion,1,0,0,0,0,0,0,0,0,0,0,0
6402,Joe Bob,OG,Old Dominion,1,0,0,0,0,0,0,0,0,0,0,0
6403,Joe Bob,OG,Old Dominion,3,0,0,0,0,0,0,0,0,0,0,0
6404,Joe Bob,QB,Old Dominion,1,0,0,0,0,0,0,0,0,0,0,0
6405,Joe Bob,OG,Old Dominion,3,0,0,0,0,0,0,0,0,0,0,0
6406,Joe Bob,OG,Old Dominion,2,0,0,0,0,0,0,0,0,0,0,0
6407,Joe Bob,OG,Old Dominion,2,0,0,0,0,0,0,0,0,0,0,0
6408,Joe Bob,OG,Old Dominion,3,0,0,0,0,0,0,0,0,0,0,0
6409,Joe Bob,WR,Old Dominion,3,0,0,0,0,0,0,0,0,0,0,0
6410,Joe Bob,OG,Old Dominion,4,0,0,0,0,0,0,0,0,0,0,0
6411,Joe Bob,WR,Old Dominion,2,0,0,0,0,0,0,0,0,0,0,0
6412,Joe Bob,OG,Old Dominion,4,0,0,0,0,0,0,0,0,0,0,0
6413,Joe Bob,OT,Old Dominion,2,0,0,0,0,0,0,0,0,0,0,0
6414,Joe Bob,OG,Old Dominion,4,0,0,0,0,0,0,0,0,0,0,0
6415,Joe Bob,OT,Old Dominion,1,0,0,0,0,0,0,0,0,0,0,0
6416,Joe Bob,OG,Old Dominion,4,0,0,0,0,0,0,0,0,0,0,0
6417,Joe Bob,OG,Old Dominion,4,0,0,0,0,0,0,0,0,0,0,0
6418,Joe Bob,OT,Old Dominion,4,0,0,0,0,0,0,0,0,0,0,0
6419,Joe Bob,OG,Old Dominion,1,0,0,0,0,0,0,0,0,0,0,0
6420,Joe Bob,OG,Old Dominion,1,0,0,0,0,0,0,0,0,0,0,0
6421,Joe Bob,OG,Old Dominion,1,0,0,0,0,0,0,0,0,0,0,0
6422,Joe Bob,OG,Old Dominion,2,0,0,0,0,0,0,0,0,0,0,0
6423,Joe Bob,OG,Old Dominion,1,0,0,0,0,0,0,0,0,0,0,0
6424,Joe Bob,RB,Old Dominion,1,0,0,0,0,0,0,0,0,0,0,0
6425,Joe Bob,OG,Old Dominion,3,0,0,0,0,0,0,0,0,0,0,0
6426,Joe Bob,OG,Old Dominion,2,0,0,0,0,0,0,0,0,0,0,0
6427,Joe Bob,OG,Old Dominion,3,0,0,0,0,0,0,0,0,0,0,0
6428,Joe Bob,OG,Old Dominion,2,0,0,0,0,0,0,0,0,0,0,0
6429,Joe Bob,FB,Old Dominion,3,0,0,0,0,0,0,0,0,0,0,0
6430,Joe Bob,RB,Old Dominion,3,0,0,0,0,0,0,0,0,0,0,0
6431,Joe Bob,OG,Old Dominion,4,0,0,0,0,0,0,0,0,0,0,0
6432,Joe Bob,OG,Old Dominion,4,0,0,0,0,0,0,0,0,0,0,0
6433,Joe Bob,OG,Old Dominion,2,0,0,0,0,0,0,0,0,0,0,0
6434,Joe Bob,OG,Old Dominion,4,0,0,0,0,0,0,0,0,0,0,0
6435,Joe Bob,WR,Old Dominion,1,0,0,0,0,0,0,0,0,0,0,0
6436,Joe Bob,OG,Old Dominion,1,0,0,0,0,0,0,0,0,0,0,0
6437,Joe Bob,OG,Old Dominion,4,0,0,0,0,0,0,0,0,0,0,0
6438,Joe Bob,OG,Old Dominion,4,0,0,0,0,0,0,0,0,0,0,0
6439,Joe Bob,OG,Old Dominion,4,0,0,0,0,0,0,0,0,0,0,0
6440,Joe Bob,OG,Old Dominion,2,0,0,0,0,0,0,0,0,0,0,0
6441,Joe Bob,OG,Old Dominion,1,0,0,0,0,0,0,0,0,0,0,0
6442,Joe Bob,OG,Old Dominion,2,0,0,0,0,0,0,0,0,0,0,0
6443,Joe Bob,OG,Old Dominion,4,0,0,0,0,0,0,0,0,0,0,0
6444,Joe Bob,OG,Old Dominion,3,0,0,0,0,0,0,0,0,0,0,0
6445,Joe Bob,OG,Old Dominion,3,0,0,0,0,0,0,0,0,0,0,0
6446,Joe Bob,WR,Old Dominion,2,0,0,0,0,0,0,0,0,0,0,0
6447,Joe Bob,OG,Old Dominion,3,0,0,0,0,0,0,0,0,0,0,0
6448,Joe Bob,OG,Old Dominion,3,0,0,0,0,0,0,0,0,0,0,0
6449,Joe Bob,OG,Old Dominion,4,0,0,0,0,0,0,0,0,0,0,0
6450,Joe Bob,WR,Old Dominion,4,0,0,0,0,0,0,0,0,0,0,0
6451,Joe Bob,WR,Ole Miss,4,0,0,0,0,0,0,0,0,0,0,0
6452,Joe Bob,RB,Ole Miss,3,0,0,0,0,0,0,0,0,0,0,0
6453,Joe Bob,OT,Ole Miss,4,0,0,0,0,0,0,0,0,0,0,0
6454,Joe Bob,WR,Ole Miss,1,0,0,0,0,0,0,0,0,0,0,0
6455,Joe Bob,OT,Ole Miss,3,0,0,0,0,0,0,0,0,0,0,0
6456,Joe Bob,OG,Ole Miss,2,0,0,0,0,0,0,0,0,0,0,0
6457,Joe Bob,OG,Ole Miss,2,0,0,0,0,0,0,0,0,0,0,0
6458,Joe Bob,OG,Ole Miss,1,0,0,0,0,0,0,0,0,0,0,0
6459,Joe Bob,OG,Ole Miss,3,0,0,0,0,0,0,0,0,0,0,0
6460,Joe Bob,OG,Ole Miss,3,0,0,0,0,0,0,0,0,0,0,0
6461,Joe Bob,QB,Ole Miss,3,0,0,0,0,0,0,0,0,0,0,0
6462,Joe Bob,OG,Ole Miss,4,0,0,0,0,0,0,0,0,0,0,0
6463,Joe Bob,OT,Ole Miss,2,0,0,0,0,0,0,0,0,0,0,0
6464,Joe Bob,OG,Ole Miss,4,0,0,0,0,0,0,0,0,0,0,0
6465,Joe Bob,WR,Ole Miss,4,0,0,0,0,0,0,0,0,0,0,0
6466,Joe Bob,OG,Ole Miss,1,0,0,0,0,0,0,0,0,0,0,0
6467,Joe Bob,WR,Ole Miss,4,0,0,0,0,0,0,0,0,0,0,0
6468,Joe Bob,OT,Ole Miss,4,0,0,0,0,0,0,0,0,0,0,0
6469,Joe Bob,OG,Ole Miss,1,0,0,0,0,0,0,0,0,0,0,0
6470,Joe Bob,OG,Ole Miss,1,0,0,0,0,0,0,0,0,0,0,0
6471,Joe Bob,OG,Ole Miss,1,0,0,0,0,0,0,0,0,0,0,0
6472,Joe Bob,OG,Ole Miss,2,0,0,0,0,0,0,0,0,0,0,0
6473,Joe Bob,OG,Ole Miss,1,0,0,0,0,0,0,0,0,0,0,0
6474,Joe Bob,OG,Ole Miss,2,0,0,0,0,0,0,0,0,0,0,0
6475,Joe Bob,OG,Ole Miss,2,0,0,0,0,0,0,0,0,0,0,0
6476,Joe Bob,WR,Ole Miss,2,0,0,0,0,0,0,0,0,0,0,0
6477,Joe Bob,OG,Ole Miss,3,0,0,0,0,0,0,0,0,0,0,0
6478,Joe Bob,OG,Ole Miss,1,0,0,0,0,0,0,0,0,0,0,0
6479,Joe Bob,OG,Ole Miss,4,0,0,0,0,0,0,0,0,0,0,0
6480,Joe Bob,OG,Ole Miss,2,0,0,0,0,0,0,0,0,0,0,0
6481,Joe Bob,RB,Ole Miss,3,0,0,0,0,0,0,0,0,0,0,0
6482,Joe Bob,WR,Ole Miss,4,0,0,0,0,0,0,0,0,0,0,0
6483,Joe Bob,WR,Ole Miss,2,0,0,0,0,0,0,0,0,0,0,0
6484,Joe Bob,OG,Ole Miss,4,0,0,0,0,0,0,0,0,0,0,0
6485,Joe Bob,RB,Ole Miss,3,0,0,0,0,0,0,0,0,0,0,0
6486,Joe Bob,OG,Ole Miss,1,0,0,0,0,0,0,0,0,0,0,0
6487,Joe Bob,OG,Ole Miss,1,0,0,0,0,0,0,0,0,0,0,0
6488,Joe Bob,WR,Ole Miss,3,0,0,0,0,0,0,0,0,0,0,0
6489,Joe Bob,OG,Ole Miss,1,0,0,0,0,0,0,0,0,0,0,0
6490,Joe Bob,OG,Ole Miss,4,0,0,0,0,0,0,0,0,0,0,0
6491,Joe Bob,OG,Ole Miss,3,0,0,0,0,0,0,0,0,0,0,0
6492,Joe Bob,OT,Ole Miss,2,0,0,0,0,0,0,0,0,0,0,0
6493,Joe Bob,OG,Ole Miss,4,0,0,0,0,0,0,0,0,0,0,0
6494,Joe Bob,OT,Ole Miss,2,0,0,0,0,0,0,0,0,0,0,0
6495,Joe Bob,OG,Ole Miss,1,0,0,0,0,0,0,0,0,0,0,0
6496,Joe Bob,OG,Ole Miss,1,0,0,0,0,0,0,0,0,0,0,0
6497,Joe Bob,OG,Ole Miss,3,0,0,0,0,0,0,0,0,0,0,0
6498,Joe Bob,OG,Ole Miss,2,0,0,0,0,0,0,0,0,0,0,0
6499,Joe Bob,OG,Ole Miss,3,0,0,0,0,0,0,0,0,0,0,0
6500,Joe Bob,FB,Ole Miss,2,0,0,0,0,0,0,0,0,0,0,0
6501,Joe Bob,OG,Ole Miss,2,0,0,0,0,0,0,0,0,0,0,0
6502,Joe Bob,RB,Ole Miss,4,0,0,0,0,0,0,0,0,0,0,0
6503,Joe Bob,OG,Ole Miss,3,0,0,0,0,0,0,0,0,0,0,0
6504,Joe Bob,OG,Ole Miss,3,0,0,0,0,0,0,0,0,0,0,0
6505,Joe Bob,WR,Ole Miss,4,0,0,0,0,0,0,0,0,0,0,0
6506,Joe Bob,OG,Ole Miss,3,0,0,0,0,0,0,0,0,0,0,0
6507,Joe Bob,OG,Ole Miss,1,0,0,0,0,0,0,0,0,0,0,0
6508,Joe Bob,OG,Ole Miss,4,0,0,0,0,0,0,0,0,0,0,0
6509,Joe Bob,WR,Ole Miss,1,0,0,0,0,0,0,0,0,0,0,0
6510,Joe Bob,OG,Ole Miss,4,0,0,0,0,0,0,0,0,0,0,0
6511,Joe Bob,OG,Ole Miss,1,0,0,0,0,0,0,0,0,0,0,0
6512,Joe Bob,OG,Ole Miss,3,0,0,0,0,0,0,0,0,0,0,0
6513,Joe Bob,OG,Ole Miss,1,0,0,0,0,0,0,0,0,0,0,0
6514,Joe Bob,WR,Ole Miss,1,0,0,0,0,0,0,0,0,0,0,0
6515,Joe Bob,OG,Ole Miss,1,0,0,0,0,0,0,0,0,0,0,0
6516,Joe Bob,OG,Ole Miss,3,0,0,0,0,0,0,0,0,0,0,0
6517,Joe Bob,OG,Ole Miss,2,0,0,0,0,0,0,0,0,0,0,0
6518,Joe Bob,OG,Ole Miss,3,0,0,0,0,0,0,0,0,0,0,0
6519,Joe Bob,OG,Ole Miss,2,0,0,0,0,0,0,0,0,0,0,0
6520,Joe Bob,WR,Ole Miss,2,0,0,0,0,0,0,0,0,0,0,0
6521,Joe Bob,OG,Ole Miss,4,0,0,0,0,0,0,0,0,0,0,0
6522,Joe Bob,OG,Ole Miss,1,0,0,0,0,0,0,0,0,0,0,0
6523,Joe Bob,OG,Ole Miss,4,0,0,0,0,0,0,0,0,0,0,0
6524,Joe Bob,OG,Ole Miss,4,0,0,0,0,0,0,0,0,0,0,0
6525,Joe Bob,OT,Ole Miss,1,0,0,0,0,0,0,0,0,0,0,0
6526,Joe Bob,OG,Oregon,2,0,0,0,0,0,0,0,0,0,0,0
6527,Joe Bob,OG,Oregon,1,0,0,0,0,0,0,0,0,0,0,0
6528,Joe Bob,OG,Oregon,2,0,0,0,0,0,0,0,0,0,0,0
6529,Joe Bob,OT,Oregon,3,0,0,0,0,0,0,0,0,0,0,0
6530,Joe Bob,OG,Oregon,4,0,0,0,0,0,0,0,0,0,0,0
6531,Joe Bob,OG,Oregon,3,0,0,0,0,0,0,0,0,0,0,0
6532,Joe Bob,OG,Oregon,2,0,0,0,0,0,0,0,0,0,0,0
6533,Joe Bob,WR,Oregon,3,0,0,0,0,0,0,0,0,0,0,0
6534,Joe Bob,OG,Oregon,4,0,0,0,0,0,0,0,0,0,0,0
6535,Joe Bob,OG,Oregon,3,0,0,0,0,0,0,0,0,0,0,0
6536,Joe Bob,OG,Oregon,4,0,0,0,0,0,0,0,0,0,0,0
6537,Joe Bob,RB,Oregon,3,0,0,0,0,0,0,0,0,0,0,0
6538,Joe Bob,OG,Oregon,4,0,0,0,0,0,0,0,0,0,0,0
6539,Joe Bob,OT,Oregon,2,0,0,0,0,0,0,0,0,0,0,0
6540,Joe Bob,OT,Oregon,3,0,0,0,0,0,0,0,0,0,0,0
6541,Joe Bob,OT,Oregon,1,0,0,0,0,0,0,0,0,0,0,0
6542,Joe Bob,RB,Oregon,1,0,0,0,0,0,0,0,0,0,0,0
6543,Joe Bob,OG,Oregon,4,0,0,0,0,0,0,0,0,0,0,0
6544,Joe Bob,OT,Oregon,3,0,0,0,0,0,0,0,0,0,0,0
6545,Joe Bob,OG,Oregon,4,0,0,0,0,0,0,0,0,0,0,0
6546,Joe Bob,OG,Oregon,3,0,0,0,0,0,0,0,0,0,0,0
6547,Joe Bob,OG,Oregon,1,0,0,0,0,0,0,0,0,0,0,0
6548,Joe Bob,OG,Oregon,2,0,0,0,0,0,0,0,0,0,0,0
6549,Joe Bob,OG,Oregon,3,0,0,0,0,0,0,0,0,0,0,0
6550,Joe Bob,OG,Oregon,1,0,0,0,0,0,0,0,0,0,0,0
6551,Joe Bob,OG,Oregon,4,0,0,0,0,0,0,0,0,0,0,0
6552,Joe Bob,OG,Oregon,3,0,0,0,0,0,0,0,0,0,0,0
6553,Joe Bob,RB,Oregon,2,0,0,0,0,0,0,0,0,0,0,0
6554,Joe Bob,WR,Oregon,4,0,0,0,0,0,0,0,0,0,0,0
6555,Joe Bob,OG,Oregon,3,0,0,0,0,0,0,0,0,0,0,0
6556,Joe Bob,WR,Oregon,4,0,0,0,0,0,0,0,0,0,0,0
6557,Joe Bob,OG,Oregon,2,0,0,0,0,0,0,0,0,0,0,0
6558,Joe Bob,OG,Oregon,1,0,0,0,0,0,0,0,0,0,0,0
6559,Joe Bob,OG,Oregon,1,0,0,0,0,0,0,0,0,0,0,0
6560,Joe Bob,QB,Oregon,2,0,0,0,0,0,0,0,0,0,0,0
6561,Joe Bob,OG,Oregon,3,0,0,0,0,0,0,0,0,0,0,0
6562,Joe Bob,WR,Oregon,3,0,0,0,0,0,0,0,0,0,0,0
6563,Joe Bob,OG,Oregon,2,0,0,0,0,0,0,0,0,0,0,0
6564,Joe Bob,QB,Oregon,1,0,0,0,0,0,0,0,0,0,0,0
6565,Joe Bob,WR,Oregon,4,0,0,0,0,0,0,0,0,0,0,0
6566,Joe Bob,OG,Oregon,1,0,0,0,0,0,0,0,0,0,0,0
6567,Joe Bob,OG,Oregon,4,0,0,0,0,0,0,0,0,0,0,0
6568,Joe Bob,OT,Oregon,4,0,0,0,0,0,0,0,0,0,0,0
6569,Joe Bob,OG,Oregon,1,0,0,0,0,0,0,0,0,0,0,0
6570,Joe Bob,OG,Oregon,2,0,0,0,0,0,0,0,0,0,0,0
6571,Joe Bob,OT,Oregon,1,0,0,0,0,0,0,0,0,0,0,0
6572,Joe Bob,OG,Oregon,2,0,0,0,0,0,0,0,0,0,0,0
6573,Joe Bob,OG,Oregon,1,0,0,0,0,0,0,0,0,0,0,0
6574,Joe Bob,OG,Oregon,3,0,0,0,0,0,0,0,0,0,0,0
6575,Joe Bob,OG,Oregon,3,0,0,0,0,0,0,0,0,0,0,0
6576,Joe Bob,OG,Oregon,2,0,0,0,0,0,0,0,0,0,0,0
6577,Joe Bob,RB,Oregon,3,0,0,0,0,0,0,0,0,0,0,0
6578,Joe Bob,OG,Oregon,4,0,0,0,0,0,0,0,0,0,0,0
6579,Joe Bob,OG,Oregon,4,0,0,0,0,0,0,0,0,0,0,0
6580,Joe Bob,OG,Oregon,3,0,0,0,0,0,0,0,0,0,0,0
6581,Joe Bob,OG,Oregon,3,0,0,0,0,0,0,0,0,0,0,0
6582,Joe Bob,OG,Oregon,3,0,0,0,0,0,0,0,0,0,0,0
6583,Joe Bob,OG,Oregon,1,0,0,0,0,0,0,0,0,0,0,0
6584,Joe Bob,RB,Oregon,4,0,0,0,0,0,0,0,0,0,0,0
6585,Joe Bob,OG,Oregon,1,0,0,0,0,0,0,0,0,0,0,0
6586,Joe Bob,WR,Oregon,1,0,0,0,0,0,0,0,0,0,0,0
6587,Joe Bob,OG,Oregon,4,0,0,0,0,0,0,0,0,0,0,0
6588,Joe Bob,OG,Oregon,2,0,0,0,0,0,0,0,0,0,0,0
6589,Joe Bob,OG,Oregon,2,0,0,0,0,0,0,0,0,0,0,0
6590,Joe Bob,OG,Oregon,2,0,0,0,0,0,0,0,0,0,0,0
6591,Joe Bob,OG,Oregon,2,0,0,0,0,0,0,0,0,0,0,0
6592,Joe Bob,OG,Oregon,2,0,0,0,0,0,0,0,0,0,0,0
6593,Joe Bob,OG,Oregon,3,0,0,0,0,0,0,0,0,0,0,0
6594,Joe Bob,OG,Oregon,4,0,0,0,0,0,0,0,0,0,0,0
6595,Joe Bob,OG,Oregon,3,0,0,0,0,0,0,0,0,0,0,0
6596,Joe Bob,OG,Oregon,2,0,0,0,0,0,0,0,0,0,0,0
6597,Joe Bob,OG,Oregon,2,0,0,0,0,0,0,0,0,0,0,0
6598,Joe Bob,WR,Oregon,2,0,0,0,0,0,0,0,0,0,0,0
6599,Joe Bob,OT,Oregon,1,0,0,0,0,0,0,0,0,0,0,0
6600,Joe Bob,OG,Oregon,4,0,0,0,0,0,0,0,0,0,0,0
6601,Joe Bob,FB,Oregon State,2,0,0,0,0,0,0,0,0,0,0,0
6602,Joe Bob,OG,Oregon State,4,0,0,0,0,0,0,0,0,0,0,0
6603,Joe Bob,OG,Oregon State,2,0,0,0,0,0,0,0,0,0,0,0
6604,Joe Bob,OG,Oregon State,2,0,0,0,0,0,0,0,0,0,0,0
6605,Joe Bob,OG,Oregon State,2,0,0,0,0,0,0,0,0,0,0,0
6606,Joe Bob,OG,Oregon State,4,0,0,0,0,0,0,0,0,0,0,0
6607,Joe Bob,OG,Oregon State,1,0,0,0,0,0,0,0,0,0,0,0
6608,Joe Bob,OG,Oregon State,2,0,0,0,0,0,0,0,0,0,0,0
6609,Joe Bob,OG,Oregon State,4,0,0,0,0,0,0,0,0,0,0,0
6610,Joe Bob,OT,Oregon State,2,0,0,0,0,0,0,0,0,0,0,0
6611,Joe Bob,OG,Oregon State,1,0,0,0,0,0,0,0,0,0,0,0
6612,Joe Bob,RB,Oregon State,3,0,0,0,0,0,0,0,0,0,0,0
6613,Joe Bob,QB,Oregon State,3,0,0,0,0,0,0,0,0,0,0,0
6614,Joe Bob,OG,Oregon State,3,0,0,0,0,0,0,0,0,0,0,0
6615,Joe Bob,OG,Oregon State,3,0,0,0,0,0,0,0,0,0,0,0
6616,Joe Bob,OG,Oregon State,2,0,0,0,0,0,0,0,0,0,0,0
6617,Joe Bob,OG,Oregon State,3,0,0,0,0,0,0,0,0,0,0,0
6618,Joe Bob,QB,Oregon State,1,0,0,0,0,0,0,0,0,0,0,0
6619,Joe Bob,OG,Oregon State,1,0,0,0,0,0,0,0,0,0,0,0
6620,Joe Bob,OG,Oregon State,1,0,0,0,0,0,0,0,0,0,0,0
6621,Joe Bob,OG,Oregon State,2,0,0,0,0,0,0,0,0,0,0,0
6622,Joe Bob,OG,Oregon State,1,0,0,0,0,0,0,0,0,0,0,0
6623,Joe Bob,OG,Oregon State,1,0,0,0,0,0,0,0,0,0,0,0
6624,Joe Bob,OG,Oregon State,2,0,0,0,0,0,0,0,0,0,0,0
6625,Joe Bob,OG,Oregon State,2,0,0,0,0,0,0,0,0,0,0,0
6626,Joe Bob,OG,Oregon State,3,0,0,0,0,0,0,0,0,0,0,0
6627,Joe Bob,OG,Oregon State,4,0,0,0,0,0,0,0,0,0,0,0
6628,Joe Bob,OG,Oregon State,2,0,0,0,0,0,0,0,0,0,0,0
6629,Joe Bob,WR,Oregon State,2,0,0,0,0,0,0,0,0,0,0,0
6630,Joe Bob,RB,Oregon State,2,0,0,0,0,0,0,0,0,0,0,0
6631,Joe Bob,OG,Oregon State,4,0,0,0,0,0,0,0,0,0,0,0
6632,Joe Bob,QB,Oregon State,3,0,0,0,0,0,0,0,0,0,0,0
6633,Joe Bob,OG,Oregon State,3,0,0,0,0,0,0,0,0,0,0,0
6634,Joe Bob,WR,Oregon State,2,0,0,0,0,0,0,0,0,0,0,0
6635,Joe Bob,WR,Oregon State,4,0,0,0,0,0,0,0,0,0,0,0
6636,Joe Bob,WR,Oregon State,1,0,0,0,0,0,0,0,0,0,0,0
6637,Joe Bob,OT,Oregon State,4,0,0,0,0,0,0,0,0,0,0,0
6638,Joe Bob,QB,Oregon State,4,0,0,0,0,0,0,0,0,0,0,0
6639,Joe Bob,OG,Oregon State,4,0,0,0,0,0,0,0,0,0,0,0
6640,Joe Bob,OG,Oregon State,4,0,0,0,0,0,0,0,0,0,0,0
6641,Joe Bob,OG,Oregon State,1,0,0,0,0,0,0,0,0,0,0,0
6642,Joe Bob,OG,Oregon State,2,0,0,0,0,0,0,0,0,0,0,0
6643,Joe Bob,OG,Oregon State,1,0,0,0,0,0,0,0,0,0,0,0
6644,Joe Bob,OG,Oregon State,1,0,0,0,0,0,0,0,0,0,0,0
6645,Joe Bob,OG,Oregon State,3,0,0,0,0,0,0,0,0,0,0,0
6646,Joe Bob,OG,Oregon State,3,0,0,0,0,0,0,0,0,0,0,0
6647,Joe Bob,OT,Oregon State,2,0,0,0,0,0,0,0,0,0,0,0
6648,Joe Bob,OG,Oregon State,3,0,0,0,0,0,0,0,0,0,0,0
6649,Joe Bob,OG,Oregon State,2,0,0,0,0,0,0,0,0,0,0,0
6650,Joe Bob,RB,Oregon State,4,0,0,0,0,0,0,0,0,0,0,0
6651,Joe Bob,OG,Oregon State,4,0,0,0,0,0,0,0,0,0,0,0
6652,Joe Bob,OG,Oregon State,3,0,0,0,0,0,0,0,0,0,0,0
6653,Joe Bob,OG,Oregon State,3,0,0,0,0,0,0,0,0,0,0,0
6654,Joe Bob,WR,Oregon State,2,0,0,0,0,0,0,0,0,0,0,0
6655,Joe Bob,OT,Oregon State,1,0,0,0,0,0,0,0,0,0,0,0
6656,Joe Bob,WR,Oregon State,1,0,0,0,0,0,0,0,0,0,0,0
6657,Joe Bob,OG,Oregon State,4,0,0,0,0,0,0,0,0,0,0,0
6658,Joe Bob,WR,Oregon State,1,0,0,0,0,0,0,0,0,0,0,0
6659,Joe Bob,OG,Oregon State,4,0,0,0,0,0,0,0,0,0,0,0
6660,Joe Bob,OG,Oregon State,1,0,0,0,0,0,0,0,0,0,0,0
6661,Joe Bob,OG,Oregon State,3,0,0,0,0,0,0,0,0,0,0,0
6662,Joe Bob,OG,Oregon State,2,0,0,0,0,0,0,0,0,0,0,0
6663,Joe Bob,OG,Oregon State,4,0,0,0,0,0,0,0,0,0,0,0
6664,Joe Bob,OG,Oregon State,2,0,0,0,0,0,0,0,0,0,0,0
6665,Joe Bob,OG,Oregon State,4,0,0,0,0,0,0,0,0,0,0,0
6666,Joe Bob,OG,Oregon State,4,0,0,0,0,0,0,0,0,0,0,0
6667,Joe Bob,OG,Oregon State,3,0,0,0,0,0,0,0,0,0,0,0
6668,Joe Bob,OG,Oregon State,1,0,0,0,0,0,0,0,0,0,0,0
6669,Joe Bob,OT,Oregon State,3,0,0,0,0,0,0,0,0,0,0,0
6670,Joe Bob,WR,Oregon State,4,0,0,0,0,0,0,0,0,0,0,0
6671,Joe Bob,WR,Oregon State,1,0,0,0,0,0,0,0,0,0,0,0
6672,Joe Bob,OG,Oregon State,1,0,0,0,0,0,0,0,0,0,0,0
6673,Joe Bob,OG,Oregon State,1,0,0,0,0,0,0,0,0,0,0,0
6674,Joe Bob,OG,Oregon State,1,0,0,0,0,0,0,0,0,0,0,0
6675,Joe Bob,OG,Oregon State,1,0,0,0,0,0,0,0,0,0,0,0
6676,Joe Bob,OG,Penn State,3,0,0,0,0,0,0,0,0,0,0,0
6677,Joe Bob,OG,Penn State,1,0,0,0,0,0,0,0,0,0,0,0
6678,Joe Bob,OG,Penn State,3,0,0,0,0,0,0,0,0,0,0,0
6679,Joe Bob,OG,Penn State,1,0,0,0,0,0,0,0,0,0,0,0
6680,Joe Bob,OG,Penn State,2,0,0,0,0,0,0,0,0,0,0,0
6681,Joe Bob,OG,Penn State,2,0,0,0,0,0,0,0,0,0,0,0
6682,Joe Bob,RB,Penn State,3,0,0,0,0,0,0,0,0,0,0,0
6683,Joe Bob,OG,Penn State,4,0,0,0,0,0,0,0,0,0,0,0
6684,Joe Bob,FB,Penn State,2,0,0,0,0,0,0,0,0,0,0,0
6685,Joe Bob,OG,Penn State,4,0,0,0,0,0,0,0,0,0,0,0
6686,Joe Bob,WR,Penn State,2,0,0,0,0,0,0,0,0,0,0,0
6687,Joe Bob,OG,Penn State,4,0,0,0,0,0,0,0,0,0,0,0
6688,Joe Bob,WR,Penn State,4,0,0,0,0,0,0,0,0,0,0,0
6689,Joe Bob,OT,Penn State,4,0,0,0,0,0,0,0,0,0,0,0
6690,Joe Bob,OG,Penn State,4,0,0,0,0,0,0,0,0,0,0,0
6691,Joe Bob,OG,Penn State,4,0,0,0,0,0,0,0,0,0,0,0
6692,Joe Bob,OG,Penn State,1,0,0,0,0,0,0,0,0,0,0,0
6693,Joe Bob,OG,Penn State,1,0,0,0,0,0,0,0,0,0,0,0
6694,Joe Bob,OG,Penn State,4,0,0,0,0,0,0,0,0,0,0,0
6695,Joe Bob,OG,Penn State,2,0,0,0,0,0,0,0,0,0,0,0
6696,Joe Bob,OG,Penn State,1,0,0,0,0,0,0,0,0,0,0,0
6697,Joe Bob,WR,Penn State,1,0,0,0,0,0,0,0,0,0,0,0
6698,Joe Bob,OG,Penn State,3,0,0,0,0,0,0,0,0,0,0,0
6699,Joe Bob,OG,Penn State,2,0,0,0,0,0,0,0,0,0,0,0
6700,Joe Bob,OG,Penn State,3,0,0,0,0,0,0,0,0,0,0,0
6701,Joe Bob,OG,Penn State,1,0,0,0,0,0,0,0,0,0,0,0
6702,Joe Bob,QB,Penn State,3,0,0,0,0,0,0,0,0,0,0,0
6703,Joe Bob,OG,Penn State,3,0,0,0,0,0,0,0,0,0,0,0
6704,Joe Bob,OG,Penn State,3,0,0,0,0,0,0,0,0,0,0,0
6705,Joe Bob,OG,Penn State,4,0,0,0,0,0,0,0,0,0,0,0
6706,Joe Bob,OG,Penn State,2,0,0,0,0,0,0,0,0,0,0,0
6707,Joe Bob,OG,Penn State,3,0,0,0,0,0,0,0,0,0,0,0
6708,Joe Bob,WR,Penn State,1,0,0,0,0,0,0,0,0,0,0,0
6709,Joe Bob,OG,Penn State,1,0,0,0,0,0,0,0,0,0,0,0
6710,Joe Bob,OG,Penn State,4,0,0,0,0,0,0,0,0,0,0,0
6711,Joe Bob,OT,Penn State,4,0,0,0,0,0,0,0,0,0,0,0
6712,Joe Bob,OG,Penn State,4,0,0,0,0,0,0,0,0,0,0,0
6713,Joe Bob,OG,Penn State,2,0,0,0,0,0,0,0,0,0,0,0
6714,Joe Bob,OG,Penn State,1,0,0,0,0,0,0,0,0,0,0,0
6715,Joe Bob,OG,Penn State,2,0,0,0,0,0,0,0,0,0,0,0
6716,Joe Bob,OG,Penn State,1,0,0,0,0,0,0,0,0,0,0,0
6717,Joe Bob,OG,Penn State,2,0,0,0,0,0,0,0,0,0,0,0
6718,Joe Bob,OG,Penn State,3,0,0,0,0,0,0,0,0,0,0,0
6719,Joe Bob,WR,Penn State,2,0,0,0,0,0,0,0,0,0,0,0
6720,Joe Bob,OG,Penn State,2,0,0,0,0,0,0,0,0,0,0,0
6721,Joe Bob,OG,Penn State,2,0,0,0,0,0,0,0,0,0,0,0
6722,Joe Bob,OG,Penn State,4,0,0,0,0,0,0,0,0,0,0,0
6723,Joe Bob,WR,Penn State,4,0,0,0,0,0,0,0,0,0,0,0
6724,Joe Bob,WR,Penn State,3,0,0,0,0,0,0,0,0,0,0,0
6725,Joe Bob,OG,Penn State,3,0,0,0,0,0,0,0,0,0,0,0
6726,Joe Bob,OG,Penn State,3,0,0,0,0,0,0,0,0,0,0,0
6727,Joe Bob,QB,Penn State,4,0,0,0,0,0,0,0,0,0,0,0
6728,Joe Bob,WR,Penn State,1,0,0,0,0,0,0,0,0,0,0,0
6729,Joe Bob,OG,Penn State,1,0,0,0,0,0,0,0,0,0,0,0
6730,Joe Bob,OT,Penn State,3,0,0,0,0,0,0,0,0,0,0,0
6731,Joe Bob,OG,Penn State,1,0,0,0,0,0,0,0,0,0,0,0
6732,Joe Bob,OG,Penn State,3,0,0,0,0,0,0,0,0,0,0,0
6733,Joe Bob,OG,Penn State,2,0,0,0,0,0,0,0,0,0,0,0
6734,Joe Bob,OG,Penn State,2,0,0,0,0,0,0,0,0,0,0,0
6735,Joe Bob,OG,Penn State,4,0,0,0,0,0,0,0,0,0,0,0
6736,Joe Bob,WR,Penn State,2,0,0,0,0,0,0,0,0,0,0,0
6737,Joe Bob,OG,Penn State,4,0,0,0,0,0,0,0,0,0,0,0
6738,Joe Bob,QB,Penn State,3,0,0,0,0,0,0,0,0,0,0,0
6739,Joe Bob,OG,Penn State,4,0,0,0,0,0,0,0,0,0,0,0
6740,Joe Bob,QB,Penn State,4,0,0,0,0,0,0,0,0,0,0,0
6741,Joe Bob,WR,Penn State,4,0,0,0,0,0,0,0,0,0,0,0
6742,Joe Bob,OT,Penn State,1,0,0,0,0,0,0,0,0,0,0,0
6743,Joe Bob,OT,Penn State,1,0,0,0,0,0,0,0,0,0,0,0
6744,Joe Bob,OG,Penn State,4,0,0,0,0,0,0,0,0,0,0,0
6745,Joe Bob,OG,Penn State,2,0,0,0,0,0,0,0,0,0,0,0
6746,Joe Bob,OG,Penn State,4,0,0,0,0,0,0,0,0,0,0,0
6747,Joe Bob,OG,Penn State,2,0,0,0,0,0,0,0,0,0,0,0
6748,Joe Bob,OG,Penn State,1,0,0,0,0,0,0,0,0,0,0,0
6749,Joe Bob,RB,Penn State,2,0,0,0,0,0,0,0,0,0,0,0
6750,Joe Bob,OG,Penn State,3,0,0,0,0,0,0,0,0,0,0,0
6751,Joe Bob,OG,Pittsburgh,1,0,0,0,0,0,0,0,0,0,0,0
6752,Joe Bob,OG,Pittsburgh,4,0,0,0,0,0,0,0,0,0,0,0
6753,Joe Bob,OG,Pittsburgh,2,0,0,0,0,0,0,0,0,0,0,0
6754,Joe Bob,OG,Pittsburgh,3,0,0,0,0,0,0,0,0,0,0,0
6755,Joe Bob,QB,Pittsburgh,4,0,0,0,0,0,0,0,0,0,0,0
6756,Joe Bob,RB,Pittsburgh,2,0,0,0,0,0,0,0,0,0,0,0
6757,Joe Bob,OG,Pittsburgh,4,0,0,0,0,0,0,0,0,0,0,0
6758,Joe Bob,OG,Pittsburgh,3,0,0,0,0,0,0,0,0,0,0,0
6759,Joe Bob,OG,Pittsburgh,4,0,0,0,0,0,0,0,0,0,0,0
6760,Joe Bob,OG,Pittsburgh,1,0,0,0,0,0,0,0,0,0,0,0
6761,Joe Bob,WR,Pittsburgh,4,0,0,0,0,0,0,0,0,0,0,0
6762,Joe Bob,OG,Pittsburgh,1,0,0,0,0,0,0,0,0,0,0,0
6763,Joe Bob,OG,Pittsburgh,1,0,0,0,0,0,0,0,0,0,0,0
6764,Joe Bob,OG,Pittsburgh,4,0,0,0,0,0,0,0,0,0,0,0
6765,Joe Bob,OG,Pittsburgh,2,0,0,0,0,0,0,0,0,0,0,0
6766,Joe Bob,OG,Pittsburgh,4,0,0,0,0,0,0,0,0,0,0,0
6767,Joe Bob,OG,Pittsburgh,2,0,0,0,0,0,0,0,0,0,0,0
6768,Joe Bob,OG,Pittsburgh,1,0,0,0,0,0,0,0,0,0,0,0
6769,Joe Bob,OG,Pittsburgh,1,0,0,0,0,0,0,0,0,0,0,0
6770,Joe Bob,OG,Pittsburgh,2,0,0,0,0,0,0,0,0,0,0,0
6771,Joe Bob,OG,Pittsburgh,2,0,0,0,0,0,0,0,0,0,0,0
6772,Joe Bob,OG,Pittsburgh,3,0,0,0,0,0,0,0,0,0,0,0
6773,Joe Bob,QB,Pittsburgh,1,0,0,0,0,0,0,0,0,0,0,0
6774,Joe Bob,OG,Pittsburgh,2,0,0,0,0,0,0,0,0,0,0,0
6775,Joe Bob,OG,Pittsburgh,3,0,0,0,0,0,0,0,0,0,0,0
6776,Joe Bob,WR,Pittsburgh,3,0,0,0,0,0,0,0,0,0,0,0
6777,Joe Bob,OG,Pittsburgh,2,0,0,0,0,0,0,0,0,0,0,0
6778,Joe Bob,WR,Pittsburgh,4,0,0,0,0,0,0,0,0,0,0,0
6779,Joe Bob,OT,Pittsburgh,3,0,0,0,0,0,0,0,0,0,0,0
6780,Joe Bob,OT,Pittsburgh,1,0,0,0,0,0,0,0,0,0,0,0
6781,Joe Bob,OG,Pittsburgh,4,0,0,0,0,0,0,0,0,0,0,0
6782,Joe Bob,FB,Pittsburgh,1,0,0,0,0,0,0,0,0,0,0,0
6783,Joe Bob,OG,Pittsburgh,4,0,0,0,0,0,0,0,0,0,0,0
6784,Joe Bob,OG,Pittsburgh,1,0,0,0,0,0,0,0,0,0,0,0
6785,Joe Bob,OG,Pittsburgh,2,0,0,0,0,0,0,0,0,0,0,0
6786,Joe Bob,OG,Pittsburgh,1,0,0,0,0,0,0,0,0,0,0,0
6787,Joe Bob,WR,Pittsburgh,1,0,0,0,0,0,0,0,0,0,0,0
6788,Joe Bob,OG,Pittsburgh,1,0,0,0,0,0,0,0,0,0,0,0
6789,Joe Bob,OG,Pittsburgh,3,0,0,0,0,0,0,0,0,0,0,0
6790,Joe Bob,OG,Pittsburgh,2,0,0,0,0,0,0,0,0,0,0,0
6791,Joe Bob,OG,Pittsburgh,3,0,0,0,0,0,0,0,0,0,0,0
6792,Joe Bob,OG,Pittsburgh,2,0,0,0,0,0,0,0,0,0,0,0
6793,Joe Bob,RB,Pittsburgh,2,0,0,0,0,0,0,0,0,0,0,0
6794,Joe Bob,OG,Pittsburgh,4,0,0,0,0,0,0,0,0,0,0,0
6795,Joe Bob,OG,Pittsburgh,4,0,0,0,0,0,0,0,0,0,0,0
6796,Joe Bob,OG,Pittsburgh,3,0,0,0,0,0,0,0,0,0,0,0
6797,Joe Bob,OG,Pittsburgh,4,0,0,0,0,0,0,0,0,0,0,0
6798,Joe Bob,OT,Pittsburgh,3,0,0,0,0,0,0,0,0,0,0,0
6799,Joe Bob,WR,Pittsburgh,1,0,0,0,0,0,0,0,0,0,0,0
6800,Joe Bob,WR,Pittsburgh,1,0,0,0,0,0,0,0,0,0,0,0
6801,Joe Bob,OG,Pittsburgh,1,0,0,0,0,0,0,0,0,0,0,0
6802,Joe Bob,OG,Pittsburgh,4,0,0,0,0,0,0,0,0,0,0,0
6803,Joe Bob,OG,Pittsburgh,4,0,0,0,0,0,0,0,0,0,0,0
6804,Joe Bob,OG,Pittsburgh,3,0,0,0,0,0,0,0,0,0,0,0
6805,Joe Bob,OG,Pittsburgh,2,0,0,0,0,0,0,0,0,0,0,0
6806,Joe Bob,RB,Pittsburgh,2,0,0,0,0,0,0,0,0,0,0,0
6807,Joe Bob,OG,Pittsburgh,4,0,0,0,0,0,0,0,0,0,0,0
6808,Joe Bob,OG,Pittsburgh,2,0,0,0,0,0,0,0,0,0,0,0
6809,Joe Bob,OG,Pittsburgh,4,0,0,0,0,0,0,0,0,0,0,0
6810,Joe Bob,QB,Pittsburgh,3,0,0,0,0,0,0,0,0,0,0,0
6811,Joe Bob,OT,Pittsburgh,3,0,0,0,0,0,0,0,0,0,0,0
6812,Joe Bob,OT,Pittsburgh,1,0,0,0,0,0,0,0,0,0,0,0
6813,Joe Bob,WR,Pittsburgh,3,0,0,0,0,0,0,0,0,0,0,0
6814,Joe Bob,WR,Pittsburgh,1,0,0,0,0,0,0,0,0,0,0,0
6815,Joe Bob,QB,Pittsburgh,1,0,0,0,0,0,0,0,0,0,0,0
6816,Joe Bob,OG,Pittsburgh,3,0,0,0,0,0,0,0,0,0,0,0
6817,Joe Bob,OG,Pittsburgh,3,0,0,0,0,0,0,0,0,0,0,0
6818,Joe Bob,OG,Pittsburgh,4,0,0,0,0,0,0,0,0,0,0,0
6819,Joe Bob,OG,Pittsburgh,3,0,0,0,0,0,0,0,0,0,0,0
6820,Joe Bob,OG,Pittsburgh,1,0,0,0,0,0,0,0,0,0,0,0
6821,Joe Bob,OG,Pittsburgh,2,0,0,0,0,0,0,0,0,0,0,0
6822,Joe Bob,OG,Pittsburgh,3,0,0,0,0,0,0,0,0,0,0,0
6823,Joe Bob,OG,Pittsburgh,4,0,0,0,0,0,0,0,0,0,0,0
6824,Joe Bob,OG,Pittsburgh,3,0,0,0,0,0,0,0,0,0,0,0
6825,Joe Bob,OG,Pittsburgh,3,0,0,0,0,0,0,0,0,0,0,0
6826,Joe Bob,QB,Purdue,2,0,0,0,0,0,0,0,0,0,0,0
6827,Joe Bob,RB,Purdue,4,0,0,0,0,0,0,0,0,0,0,0
6828,Joe Bob,OG,Purdue,3,0,0,0,0,0,0,0,0,0,0,0
6829,Joe Bob,WR,Purdue,4,0,0,0,0,0,0,0,0,0,0,0
6830,Joe Bob,OG,Purdue,4,0,0,0,0,0,0,0,0,0,0,0
6831,Joe Bob,OG,Purdue,3,0,0,0,0,0,0,0,0,0,0,0
6832,Joe Bob,OT,Purdue,2,0,0,0,0,0,0,0,0,0,0,0
6833,Joe Bob,OG,Purdue,4,0,0,0,0,0,0,0,0,0,0,0
6834,Joe Bob,RB,Purdue,3,0,0,0,0,0,0,0,0,0,0,0
6835,Joe Bob,OG,Purdue,3,0,0,0,0,0,0,0,0,0,0,0
6836,Joe Bob,OG,Purdue,2,0,0,0,0,0,0,0,0,0,0,0
6837,Joe Bob,OG,Purdue,4,0,0,0,0,0,0,0,0,0,0,0
6838,Joe Bob,WR,Purdue,4,0,0,0,0,0,0,0,0,0,0,0
6839,Joe Bob,OG,Purdue,1,0,0,0,0,0,0,0,0,0,0,0
6840,Joe Bob,OG,Purdue,3,0,0,0,0,0,0,0,0,0,0,0
6841,Joe Bob,WR,Purdue,1,0,0,0,0,0,0,0,0,0,0,0
6842,Joe Bob,OG,Purdue,1,0,0,0,0,0,0,0,0,0,0,0
6843,Joe Bob,OG,Purdue,1,0,0,0,0,0,0,0,0,0,0,0
6844,Joe Bob,WR,Purdue,4,0,0,0,0,0,0,0,0,0,0,0
6845,Joe Bob,OG,Purdue,2,0,0,0,0,0,0,0,0,0,0,0
6846,Joe Bob,OG,Purdue,1,0,0,0,0,0,0,0,0,0,0,0
6847,Joe Bob,OG,Purdue,2,0,0,0,0,0,0,0,0,0,0,0
6848,Joe Bob,OG,Purdue,2,0,0,0,0,0,0,0,0,0,0,0
6849,Joe Bob,OG,Purdue,2,0,0,0,0,0,0,0,0,0,0,0
6850,Joe Bob,QB,Purdue,2,0,0,0,0,0,0,0,0,0,0,0
6851,Joe Bob,OG,Purdue,3,0,0,0,0,0,0,0,0,0,0,0
6852,Joe Bob,OG,Purdue,4,0,0,0,0,0,0,0,0,0,0,0
6853,Joe Bob,OG,Purdue,3,0,0,0,0,0,0,0,0,0,0,0
6854,Joe Bob,OG,Purdue,4,0,0,0,0,0,0,0,0,0,0,0
6855,Joe Bob,OG,Purdue,3,0,0,0,0,0,0,0,0,0,0,0
6856,Joe Bob,OG,Purdue,1,0,0,0,0,0,0,0,0,0,0,0
6857,Joe Bob,QB,Purdue,4,0,0,0,0,0,0,0,0,0,0,0
6858,Joe Bob,OG,Purdue,1,0,0,0,0,0,0,0,0,0,0,0
6859,Joe Bob,FB,Purdue,1,0,0,0,0,0,0,0,0,0,0,0
6860,Joe Bob,OG,Purdue,4,0,0,0,0,0,0,0,0,0,0,0
6861,Joe Bob,OT,Purdue,2,0,0,0,0,0,0,0,0,0,0,0
6862,Joe Bob,OG,Purdue,1,0,0,0,0,0,0,0,0,0,0,0
6863,Joe Bob,OG,Purdue,1,0,0,0,0,0,0,0,0,0,0,0
6864,Joe Bob,OT,Purdue,1,0,0,0,0,0,0,0,0,0,0,0
6865,Joe Bob,OG,Purdue,1,0,0,0,0,0,0,0,0,0,0,0
6866,Joe Bob,OG,Purdue,2,0,0,0,0,0,0,0,0,0,0,0
6867,Joe Bob,OG,Purdue,3,0,0,0,0,0,0,0,0,0,0,0
6868,Joe Bob,WR,Purdue,2,0,0,0,0,0,0,0,0,0,0,0
6869,Joe Bob,OG,Purdue,2,0,0,0,0,0,0,0,0,0,0,0
6870,Joe Bob,FB,Purdue,2,0,0,0,0,0,0,0,0,0,0,0
6871,Joe Bob,OG,Purdue,1,0,0,0,0,0,0,0,0,0,0,0
6872,Joe Bob,WR,Purdue,1,0,0,0,0,0,0,0,0,0,0,0
6873,Joe Bob,OG,Purdue,4,0,0,0,0,0,0,0,0,0,0,0
6874,Joe Bob,QB,Purdue,2,0,0,0,0,0,0,0,0,0,0,0
6875,Joe Bob,OG,Purdue,4,0,0,0,0,0,0,0,0,0,0,0
6876,Joe Bob,OG,Purdue,1,0,0,0,0,0,0,0,0,0,0,0
6877,Joe Bob,OT,Purdue,2,0,0,0,0,0,0,0,0,0,0,0
6878,Joe Bob,OG,Purdue,1,0,0,0,0,0,0,0,0,0,0,0
6879,Joe Bob,OG,Purdue,3,0,0,0,0,0,0,0,0,0,0,0
6880,Joe Bob,OG,Purdue,1,0,0,0,0,0,0,0,0,0,0,0
6881,Joe Bob,OG,Purdue,2,0,0,0,0,0,0,0,0,0,0,0
6882,Joe Bob,OG,Purdue,3,0,0,0,0,0,0,0,0,0,0,0
6883,Joe Bob,WR,Purdue,1,0,0,0,0,0,0,0,0,0,0,0
6884,Joe Bob,OG,Purdue,1,0,0,0,0,0,0,0,0,0,0,0
6885,Joe Bob,QB,Purdue,2,0,0,0,0,0,0,0,0,0,0,0
6886,Joe Bob,OG,Purdue,3,0,0,0,0,0,0,0,0,0,0,0
6887,Joe Bob,OG,Purdue,3,0,0,0,0,0,0,0,0,0,0,0
6888,Joe Bob,OT,Purdue,3,0,0,0,0,0,0,0,0,0,0,0
6889,Joe Bob,OT,Purdue,1,0,0,0,0,0,0,0,0,0,0,0
6890,Joe Bob,OG,Purdue,3,0,0,0,0,0,0,0,0,0,0,0
6891,Joe Bob,OG,Purdue,1,0,0,0,0,0,0,0,0,0,0,0
6892,Joe Bob,OG,Purdue,1,0,0,0,0,0,0,0,0,0,0,0
6893,Joe Bob,OG,Purdue,1,0,0,0,0,0,0,0,0,0,0,0
6894,Joe Bob,OG,Purdue,1,0,0,0,0,0,0,0,0,0,0,0
6895,Joe Bob,OG,Purdue,1,0,0,0,0,0,0,0,0,0,0,0
6896,Joe Bob,OG,Purdue,1,0,0,0,0,0,0,0,0,0,0,0
6897,Joe Bob,OG,Purdue,2,0,0,0,0,0,0,0,0,0,0,0
6898,Joe Bob,OG,Purdue,2,0,0,0,0,0,0,0,0,0,0,0
6899,Joe Bob,OG,Purdue,4,0,0,0,0,0,0,0,0,0,0,0
6900,Joe Bob,OG,Purdue,2,0,0,0,0,0,0,0,0,0,0,0
6901,Joe Bob,OG,Rice,2,0,0,0,0,0,0,0,0,0,0,0
6902,Joe Bob,RB,Rice,3,0,0,0,0,0,0,0,0,0,0,0
6903,Joe Bob,OG,Rice,2,0,0,0,0,0,0,0,0,0,0,0
6904,Joe Bob,OG,Rice,3,0,0,0,0,0,0,0,0,0,0,0
6905,Joe Bob,OT,Rice,3,0,0,0,0,0,0,0,0,0,0,0
6906,Joe Bob,OG,Rice,3,0,0,0,0,0,0,0,0,0,0,0
6907,Joe Bob,WR,Rice,2,0,0,0,0,0,0,0,0,0,0,0
6908,Joe Bob,RB,Rice,3,0,0,0,0,0,0,0,0,0,0,0
6909,Joe Bob,WR,Rice,4,0,0,0,0,0,0,0,0,0,0,0
6910,Joe Bob,OG,Rice,4,0,0,0,0,0,0,0,0,0,0,0
6911,Joe Bob,OG,Rice,4,0,0,0,0,0,0,0,0,0,0,0
6912,Joe Bob,OG,Rice,4,0,0,0,0,0,0,0,0,0,0,0
6913,Joe Bob,OG,Rice,4,0,0,0,0,0,0,0,0,0,0,0
6914,Joe Bob,OT,Rice,1,0,0,0,0,0,0,0,0,0,0,0
6915,Joe Bob,OG,Rice,1,0,0,0,0,0,0,0,0,0,0,0
6916,Joe Bob,OG,Rice,4,0,0,0,0,0,0,0,0,0,0,0
6917,Joe Bob,OG,Rice,1,0,0,0,0,0,0,0,0,0,0,0
6918,Joe Bob,OG,Rice,2,0,0,0,0,0,0,0,0,0,0,0
6919,Joe Bob,OG,Rice,3,0,0,0,0,0,0,0,0,0,0,0
6920,Joe Bob,OT,Rice,1,0,0,0,0,0,0,0,0,0,0,0
6921,Joe Bob,OG,Rice,3,0,0,0,0,0,0,0,0,0,0,0
6922,Joe Bob,OG,Rice,2,0,0,0,0,0,0,0,0,0,0,0
6923,Joe Bob,RB,Rice,4,0,0,0,0,0,0,0,0,0,0,0
6924,Joe Bob,OG,Rice,4,0,0,0,0,0,0,0,0,0,0,0
6925,Joe Bob,OT,Rice,3,0,0,0,0,0,0,0,0,0,0,0
6926,Joe Bob,OG,Rice,3,0,0,0,0,0,0,0,0,0,0,0
6927,Joe Bob,RB,Rice,2,0,0,0,0,0,0,0,0,0,0,0
6928,Joe Bob,OG,Rice,1,0,0,0,0,0,0,0,0,0,0,0
6929,Joe Bob,OT,Rice,1,0,0,0,0,0,0,0,0,0,0,0
6930,Joe Bob,OG,Rice,4,0,0,0,0,0,0,0,0,0,0,0
6931,Joe Bob,WR,Rice,4,0,0,0,0,0,0,0,0,0,0,0
6932,Joe Bob,OG,Rice,1,0,0,0,0,0,0,0,0,0,0,0
6933,Joe Bob,OG,Rice,1,0,0,0,0,0,0,0,0,0,0,0
6934,Joe Bob,OT,Rice,2,0,0,0,0,0,0,0,0,0,0,0
6935,Joe Bob,OG,Rice,1,0,0,0,0,0,0,0,0,0,0,0
6936,Joe Bob,OG,Rice,3,0,0,0,0,0,0,0,0,0,0,0
6937,Joe Bob,OG,Rice,1,0,0,0,0,0,0,0,0,0,0,0
6938,Joe Bob,OG,Rice,3,0,0,0,0,0,0,0,0,0,0,0
6939,Joe Bob,OG,Rice,4,0,0,0,0,0,0,0,0,0,0,0
6940,Joe Bob,WR,Rice,2,0,0,0,0,0,0,0,0,0,0,0
6941,Joe Bob,OG,Rice,1,0,0,0,0,0,0,0,0,0,0,0
6942,Joe Bob,OG,Rice,3,0,0,0,0,0,0,0,0,0,0,0
6943,Joe Bob,RB,Rice,4,0,0,0,0,0,0,0,0,0,0,0
6944,Joe Bob,WR,Rice,4,0,0,0,0,0,0,0,0,0,0,0
6945,Joe Bob,OG,Rice,1,0,0,0,0,0,0,0,0,0,0,0
6946,Joe Bob,OG,Rice,1,0,0,0,0,0,0,0,0,0,0,0
6947,Joe Bob,OG,Rice,4,0,0,0,0,0,0,0,0,0,0,0
6948,Joe Bob,OG,Rice,1,0,0,0,0,0,0,0,0,0,0,0
6949,Joe Bob,OG,Rice,2,0,0,0,0,0,0,0,0,0,0,0
6950,Joe Bob,OG,Rice,1,0,0,0,0,0,0,0,0,0,0,0
6951,Joe Bob,OG,Rice,3,0,0,0,0,0,0,0,0,0,0,0
6952,Joe Bob,OG,Rice,1,0,0,0,0,0,0,0,0,0,0,0
6953,Joe Bob,OG,Rice,2,0,0,0,0,0,0,0,0,0,0,0
6954,Joe Bob,OG,Rice,2,0,0,0,0,0,0,0,0,0,0,0
6955,Joe Bob,WR,Rice,3,0,0,0,0,0,0,0,0,0,0,0
6956,Joe Bob,OG,Rice,3,0,0,0,0,0,0,0,0,0,0,0
6957,Joe Bob,OG,Rice,2,0,0,0,0,0,0,0,0,0,0,0
6958,Joe Bob,OG,Rice,4,0,0,0,0,0,0,0,0,0,0,0
6959,Joe Bob,WR,Rice,2,0,0,0,0,0,0,0,0,0,0,0
6960,Joe Bob,OG,Rice,4,0,0,0,0,0,0,0,0,0,0,0
6961,Joe Bob,WR,Rice,4,0,0,0,0,0,0,0,0,0,0,0
6962,Joe Bob,OT,Rice,4,0,0,0,0,0,0,0,0,0,0,0
6963,Joe Bob,OT,Rice,4,0,0,0,0,0,0,0,0,0,0,0
6964,Joe Bob,OG,Rice,4,0,0,0,0,0,0,0,0,0,0,0
6965,Joe Bob,OG,Rice,4,0,0,0,0,0,0,0,0,0,0,0
6966,Joe Bob,OG,Rice,1,0,0,0,0,0,0,0,0,0,0,0
6967,Joe Bob,OG,Rice,1,0,0,0,0,0,0,0,0,0,0,0
6968,Joe Bob,OG,Rice,2,0,0,0,0,0,0,0,0,0,0,0
6969,Joe Bob,OG,Rice,1,0,0,0,0,0,0,0,0,0,0,0
6970,Joe Bob,FB,Rice,1,0,0,0,0,0,0,0,0,0,0,0
6971,Joe Bob,OG,Rice,4,0,0,0,0,0,0,0,0,0,0,0
6972,Joe Bob,OG,Rice,2,0,0,0,0,0,0,0,0,0,0,0
6973,Joe Bob,OG,Rice,2,0,0,0,0,0,0,0,0,0,0,0
6974,Joe Bob,OG,Rice,1,0,0,0,0,0,0,0,0,0,0,0
6975,Joe Bob,QB,Rice,2,0,0,0,0,0,0,0,0,0,0,0
6976,Joe Bob,OG,Rutgers,3,0,0,0,0,0,0,0,0,0,0,0
6977,Joe Bob,OG,Rutgers,3,0,0,0,0,0,0,0,0,0,0,0
6978,Joe Bob,OG,Rutgers,4,0,0,0,0,0,0,0,0,0,0,0
6979,Joe Bob,OT,Rutgers,2,0,0,0,0,0,0,0,0,0,0,0
6980,Joe Bob,OT,Rutgers,3,0,0,0,0,0,0,0,0,0,0,0
6981,Joe Bob,OT,Rutgers,4,0,0,0,0,0,0,0,0,0,0,0
6982,Joe Bob,OG,Rutgers,1,0,0,0,0,0,0,0,0,0,0,0
6983,Joe Bob,OT,Rutgers,4,0,0,0,0,0,0,0,0,0,0,0
6984,Joe Bob,WR,Rutgers,4,0,0,0,0,0,0,0,0,0,0,0
6985,Joe Bob,OG,Rutgers,1,0,0,0,0,0,0,0,0,0,0,0
6986,Joe Bob,OG,Rutgers,2,0,0,0,0,0,0,0,0,0,0,0
6987,Joe Bob,OG,Rutgers,1,0,0,0,0,0,0,0,0,0,0,0
6988,Joe Bob,OG,Rutgers,1,0,0,0,0,0,0,0,0,0,0,0
6989,Joe Bob,OG,Rutgers,1,0,0,0,0,0,0,0,0,0,0,0
6990,Joe Bob,OG,Rutgers,2,0,0,0,0,0,0,0,0,0,0,0
6991,Joe Bob,OG,Rutgers,3,0,0,0,0,0,0,0,0,0,0,0
6992,Joe Bob,RB,Rutgers,2,0,0,0,0,0,0,0,0,0,0,0
6993,Joe Bob,OG,Rutgers,2,0,0,0,0,0,0,0,0,0,0,0
6994,Joe Bob,QB,Rutgers,2,0,0,0,0,0,0,0,0,0,0,0
6995,Joe Bob,OG,Rutgers,4,0,0,0,0,0,0,0,0,0,0,0
6996,Joe Bob,FB,Rutgers,3,0,0,0,0,0,0,0,0,0,0,0
6997,Joe Bob,FB,Rutgers,4,0,0,0,0,0,0,0,0,0,0,0
6998,Joe Bob,OG,Rutgers,3,0,0,0,0,0,0,0,0,0,0,0
6999,Joe Bob,OG,Rutgers,3,0,0,0,0,0,0,0,0,0,0,0
7000,Joe Bob,QB,Rutgers,4,0,0,0,0,0,0,0,0,0,0,0
7001,Joe Bob,WR,Rutgers,1,0,0,0,0,0,0,0,0,0,0,0
7002,Joe Bob,OG,Rutgers,1,0,0,0,0,0,0,0,0,0,0,0
7003,Joe Bob,WR,Rutgers,1,0,0,0,0,0,0,0,0,0,0,0
7004,Joe Bob,OG,Rutgers,4,0,0,0,0,0,0,0,0,0,0,0
7005,Joe Bob,OG,Rutgers,1,0,0,0,0,0,0,0,0,0,0,0
7006,Joe Bob,OG,Rutgers,1,0,0,0,0,0,0,0,0,0,0,0
7007,Joe Bob,OG,Rutgers,1,0,0,0,0,0,0,0,0,0,0,0
7008,Joe Bob,WR,Rutgers,4,0,0,0,0,0,0,0,0,0,0,0
7009,Joe Bob,OG,Rutgers,2,0,0,0,0,0,0,0,0,0,0,0
7010,Joe Bob,OG,Rutgers,4,0,0,0,0,0,0,0,0,0,0,0
7011,Joe Bob,OG,Rutgers,3,0,0,0,0,0,0,0,0,0,0,0
7012,Joe Bob,OG,Rutgers,4,0,0,0,0,0,0,0,0,0,0,0
7013,Joe Bob,OT,Rutgers,4,0,0,0,0,0,0,0,0,0,0,0
7014,Joe Bob,WR,Rutgers,3,0,0,0,0,0,0,0,0,0,0,0
7015,Joe Bob,WR,Rutgers,1,0,0,0,0,0,0,0,0,0,0,0
7016,Joe Bob,OT,Rutgers,4,0,0,0,0,0,0,0,0,0,0,0
7017,Joe Bob,OG,Rutgers,4,0,0,0,0,0,0,0,0,0,0,0
7018,Joe Bob,OG,Rutgers,2,0,0,0,0,0,0,0,0,0,0,0
7019,Joe Bob,OG,Rutgers,4,0,0,0,0,0,0,0,0,0,0,0
7020,Joe Bob,OG,Rutgers,1,0,0,0,0,0,0,0,0,0,0,0
7021,Joe Bob,OT,Rutgers,1,0,0,0,0,0,0,0,0,0,0,0
7022,Joe Bob,OG,Rutgers,2,0,0,0,0,0,0,0,0,0,0,0
7023,Joe Bob,OG,Rutgers,3,0,0,0,0,0,0,0,0,0,0,0
7024,Joe Bob,OG,Rutgers,1,0,0,0,0,0,0,0,0,0,0,0
7025,Joe Bob,OG,Rutgers,4,0,0,0,0,0,0,0,0,0,0,0
7026,Joe Bob,OG,Rutgers,1,0,0,0,0,0,0,0,0,0,0,0
7027,Joe Bob,OG,Rutgers,2,0,0,0,0,0,0,0,0,0,0,0
7028,Joe Bob,QB,Rutgers,4,0,0,0,0,0,0,0,0,0,0,0
7029,Joe Bob,QB,Rutgers,2,0,0,0,0,0,0,0,0,0,0,0
7030,Joe Bob,OG,Rutgers,3,0,0,0,0,0,0,0,0,0,0,0
7031,Joe Bob,OT,Rutgers,3,0,0,0,0,0,0,0,0,0,0,0
7032,Joe Bob,OG,Rutgers,4,0,0,0,0,0,0,0,0,0,0,0
7033,Joe Bob,OG,Rutgers,1,0,0,0,0,0,0,0,0,0,0,0
7034,Joe Bob,QB,Rutgers,1,0,0,0,0,0,0,0,0,0,0,0
7035,Joe Bob,OG,Rutgers,1,0,0,0,0,0,0,0,0,0,0,0
7036,Joe Bob,OG,Rutgers,1,0,0,0,0,0,0,0,0,0,0,0
7037,Joe Bob,OG,Rutgers,4,0,0,0,0,0,0,0,0,0,0,0
7038,Joe Bob,OG,Rutgers,3,0,0,0,0,0,0,0,0,0,0,0
7039,Joe Bob,OG,Rutgers,4,0,0,0,0,0,0,0,0,0,0,0
7040,Joe Bob,OT,Rutgers,2,0,0,0,0,0,0,0,0,0,0,0
7041,Joe Bob,OG,Rutgers,1,0,0,0,0,0,0,0,0,0,0,0
7042,Joe Bob,OG,Rutgers,1,0,0,0,0,0,0,0,0,0,0,0
7043,Joe Bob,OG,Rutgers,2,0,0,0,0,0,0,0,0,0,0,0
7044,Joe Bob,OG,Rutgers,1,0,0,0,0,0,0,0,0,0,0,0
7045,Joe Bob,OG,Rutgers,2,0,0,0,0,0,0,0,0,0,0,0
7046,Joe Bob,WR,Rutgers,1,0,0,0,0,0,0,0,0,0,0,0
7047,Joe Bob,OG,Rutgers,2,0,0,0,0,0,0,0,0,0,0,0
7048,Joe Bob,OG,Rutgers,3,0,0,0,0,0,0,0,0,0,0,0
7049,Joe Bob,RB,Rutgers,3,0,0,0,0,0,0,0,0,0,0,0
7050,Joe Bob,OG,Rutgers,2,0,0,0,0,0,0,0,0,0,0,0
7051,Joe Bob,RB,Sam Houston,3,0,0,0,0,0,0,0,0,0,0,0
7052,Joe Bob,WR,Sam Houston,4,0,0,0,0,0,0,0,0,0,0,0
7053,Joe Bob,WR,Sam Houston,4,0,0,0,0,0,0,0,0,0,0,0
7054,Joe Bob,OG,Sam Houston,4,0,0,0,0,0,0,0,0,0,0,0
7055,Joe Bob,RB,Sam Houston,4,0,0,0,0,0,0,0,0,0,0,0
7056,Joe Bob,OG,Sam Houston,3,0,0,0,0,0,0,0,0,0,0,0
7057,Joe Bob,OG,Sam Houston,1,0,0,0,0,0,0,0,0,0,0,0
7058,Joe Bob,OT,Sam Houston,2,0,0,0,0,0,0,0,0,0,0,0
7059,Joe Bob,OG,Sam Houston,4,0,0,0,0,0,0,0,0,0,0,0
7060,Joe Bob,OG,Sam Houston,1,0,0,0,0,0,0,0,0,0,0,0
7061,Joe Bob,OG,Sam Houston,1,0,0,0,0,0,0,0,0,0,0,0
7062,Joe Bob,OG,Sam Houston,3,0,0,0,0,0,0,0,0,0,0,0
7063,Joe Bob,OG,Sam Houston,2,0,0,0,0,0,0,0,0,0,0,0
7064,Joe Bob,OG,Sam Houston,3,0,0,0,0,0,0,0,0,0,0,0
7065,Joe Bob,OG,Sam Houston,2,0,0,0,0,0,0,0,0,0,0,0
7066,Joe Bob,QB,Sam Houston,1,0,0,0,0,0,0,0,0,0,0,0
7067,Joe Bob,OG,Sam Houston,3,0,0,0,0,0,0,0,0,0,0,0
7068,Joe Bob,OG,Sam Houston,3,0,0,0,0,0,0,0,0,0,0,0
7069,Joe Bob,OT,Sam Houston,3,0,0,0,0,0,0,0,0,0,0,0
7070,Joe Bob,OG,Sam Houston,4,0,0,0,0,0,0,0,0,0,0,0
7071,Joe Bob,RB,Sam Houston,3,0,0,0,0,0,0,0,0,0,0,0
7072,Joe Bob,OT,Sam Houston,1,0,0,0,0,0,0,0,0,0,0,0
7073,Joe Bob,WR,Sam Houston,4,0,0,0,0,0,0,0,0,0,0,0
7074,Joe Bob,OG,Sam Houston,4,0,0,0,0,0,0,0,0,0,0,0
7075,Joe Bob,OG,Sam Houston,3,0,0,0,0,0,0,0,0,0,0,0
7076,Joe Bob,OG,Sam Houston,3,0,0,0,0,0,0,0,0,0,0,0
7077,Joe Bob,OT,Sam Houston,3,0,0,0,0,0,0,0,0,0,0,0
7078,Joe Bob,OG,Sam Houston,2,0,0,0,0,0,0,0,0,0,0,0
7079,Joe Bob,OG,Sam Houston,1,0,0,0,0,0,0,0,0,0,0,0
7080,Joe Bob,OG,Sam Houston,3,0,0,0,0,0,0,0,0,0,0,0
7081,Joe Bob,OG,Sam Houston,2,0,0,0,0,0,0,0,0,0,0,0
7082,Joe Bob,OG,Sam Houston,4,0,0,0,0,0,0,0,0,0,0,0
7083,Joe Bob,OG,Sam Houston,3,0,0,0,0,0,0,0,0,0,0,0
7084,Joe Bob,WR,Sam Houston,3,0,0,0,0,0,0,0,0,0,0,0
7085,Joe Bob,OT,Sam Houston,1,0,0,0,0,0,0,0,0,0,0,0
7086,Joe Bob,WR,Sam Houston,2,0,0,0,0,0,0,0,0,0,0,0
7087,Joe Bob,WR,Sam Houston,4,0,0,0,0,0,0,0,0,0,0,0
7088,Joe Bob,OG,Sam Houston,1,0,0,0,0,0,0,0,0,0,0,0
7089,Joe Bob,OG,Sam Houston,3,0,0,0,0,0,0,0,0,0,0,0
7090,Joe Bob,OG,Sam Houston,2,0,0,0,0,0,0,0,0,0,0,0
7091,Joe Bob,OG,Sam Houston,3,0,0,0,0,0,0,0,0,0,0,0
7092,Joe Bob,OG,Sam Houston,2,0,0,0,0,0,0,0,0,0,0,0
7093,Joe Bob,OG,Sam Houston,1,0,0,0,0,0,0,0,0,0,0,0
7094,Joe Bob,OG,Sam Houston,1,0,0,0,0,0,0,0,0,0,0,0
7095,Joe Bob,OG,Sam Houston,3,0,0,0,0,0,0,0,0,0,0,0
7096,Joe Bob,OG,Sam Houston,4,0,0,0,0,0,0,0,0,0,0,0
7097,Joe Bob,OG,Sam Houston,2,0,0,0,0,0,0,0,0,0,0,0
7098,Joe Bob,FB,Sam Houston,2,0,0,0,0,0,0,0,0,0,0,0
7099,Joe Bob,OG,Sam Houston,2,0,0,0,0,0,0,0,0,0,0,0
7100,Joe Bob,OG,Sam Houston,4,0,0,0,0,0,0,0,0,0,0,0
7101,Joe Bob,OG,Sam Houston,3,0,0,0,0,0,0,0,0,0,0,0
7102,Joe Bob,OG,Sam Houston,3,0,0,0,0,0,0,0,0,0,0,0
7103,Joe Bob,OG,Sam Houston,4,0,0,0,0,0,0,0,0,0,0,0
7104,Joe Bob,OT,Sam Houston,3,0,0,0,0,0,0,0,0,0,0,0
7105,Joe Bob,WR,Sam Houston,1,0,0,0,0,0,0,0,0,0,0,0
7106,Joe Bob,OG,Sam Houston,4,0,0,0,0,0,0,0,0,0,0,0
7107,Joe Bob,QB,Sam Houston,1,0,0,0,0,0,0,0,0,0,0,0
7108,Joe Bob,OG,Sam Houston,4,0,0,0,0,0,0,0,0,0,0,0
7109,Joe Bob,OG,Sam Houston,3,0,0,0,0,0,0,0,0,0,0,0
7110,Joe Bob,OG,Sam Houston,2,0,0,0,0,0,0,0,0,0,0,0
7111,Joe Bob,OG,Sam Houston,2,0,0,0,0,0,0,0,0,0,0,0
7112,Joe Bob,OT,Sam Houston,1,0,0,0,0,0,0,0,0,0,0,0
7113,Joe Bob,RB,Sam Houston,3,0,0,0,0,0,0,0,0,0,0,0
7114,Joe Bob,OG,Sam Houston,4,0,0,0,0,0,0,0,0,0,0,0
7115,Joe Bob,OG,Sam Houston,1,0,0,0,0,0,0,0,0,0,0,0
7116,Joe Bob,OG,Sam Houston,1,0,0,0,0,0,0,0,0,0,0,0
7117,Joe Bob,WR,Sam Houston,4,0,0,0,0,0,0,0,0,0,0,0
7118,Joe Bob,OG,Sam Houston,1,0,0,0,0,0,0,0,0,0,0,0
7119,Joe Bob,OG,Sam Houston,2,0,0,0,0,0,0,0,0,0,0,0
7120,Joe Bob,OG,Sam Houston,2,0,0,0,0,0,0,0,0,0,0,0
7121,Joe Bob,OG,Sam Houston,2,0,0,0,0,0,0,0,0,0,0,0
7122,Joe Bob,OG,Sam Houston,2,0,0,0,0,0,0,0,0,0,0,0
7123,Joe Bob,OG,Sam Houston,2,0,0,0,0,0,0,0,0,0,0,0
7124,Joe Bob,OG,Sam Houston,3,0,0,0,0,0,0,0,0,0,0,0
7125,Joe Bob,OG,Sam Houston,4,0,0,0,0,0,0,0,0,0,0,0
7126,Joe Bob,OG,San Diego St.,2,0,0,0,0,0,0,0,0,0,0,0
7127,Joe Bob,OG,San Diego St.,4,0,0,0,0,0,0,0,0,0,0,0
7128,Joe Bob,WR,San Diego St.,2,0,0,0,0,0,0,0,0,0,0,0
7129,Joe Bob,OT,San Diego St.,4,0,0,0,0,0,0,0,0,0,0,0
7130,Joe Bob,OG,San Diego St.,4,0,0,0,0,0,0,0,0,0,0,0
7131,Joe Bob,OG,San Diego St.,4,0,0,0,0,0,0,0,0,0,0,0
7132,Joe Bob,RB,San Diego St.,1,0,0,0,0,0,0,0,0,0,0,0
7133,Joe Bob,OG,San Diego St.,3,0,0,0,0,0,0,0,0,0,0,0
7134,Joe Bob,OT,San Diego St.,1,0,0,0,0,0,0,0,0,0,0,0
7135,Joe Bob,OG,San Diego St.,2,0,0,0,0,0,0,0,0,0,0,0
7136,Joe Bob,OG,San Diego St.,1,0,0,0,0,0,0,0,0,0,0,0
7137,Joe Bob,OG,San Diego St.,2,0,0,0,0,0,0,0,0,0,0,0
7138,Joe Bob,OG,San Diego St.,1,0,0,0,0,0,0,0,0,0,0,0
7139,Joe Bob,OG,San Diego St.,2,0,0,0,0,0,0,0,0,0,0,0
7140,Joe Bob,OG,San Diego St.,3,0,0,0,0,0,0,0,0,0,0,0
7141,Joe Bob,OG,San Diego St.,2,0,0,0,0,0,0,0,0,0,0,0
7142,Joe Bob,OG,San Diego St.,1,0,0,0,0,0,0,0,0,0,0,0
7143,Joe Bob,OG,San Diego St.,1,0,0,0,0,0,0,0,0,0,0,0
7144,Joe Bob,OG,San Diego St.,3,0,0,0,0,0,0,0,0,0,0,0
7145,Joe Bob,OG,San Diego St.,4,0,0,0,0,0,0,0,0,0,0,0
7146,Joe Bob,OG,San Diego St.,4,0,0,0,0,0,0,0,0,0,0,0
7147,Joe Bob,RB,San Diego St.,2,0,0,0,0,0,0,0,0,0,0,0
7148,Joe Bob,WR,San Diego St.,4,0,0,0,0,0,0,0,0,0,0,0
7149,Joe Bob,WR,San Diego St.,1,0,0,0,0,0,0,0,0,0,0,0
7150,Joe Bob,OG,San Diego St.,1,0,0,0,0,0,0,0,0,0,0,0
7151,Joe Bob,OG,San Diego St.,1,0,0,0,0,0,0,0,0,0,0,0
7152,Joe Bob,OG,San Diego St.,3,0,0,0,0,0,0,0,0,0,0,0
7153,Joe Bob,OG,San Diego St.,1,0,0,0,0,0,0,0,0,0,0,0
7154,Joe Bob,OG,San Diego St.,2,0,0,0,0,0,0,0,0,0,0,0
7155,Joe Bob,OG,San Diego St.,3,0,0,0,0,0,0,0,0,0,0,0
7156,Joe Bob,RB,San Diego St.,1,0,0,0,0,0,0,0,0,0,0,0
7157,Joe Bob,OG,San Diego St.,4,0,0,0,0,0,0,0,0,0,0,0
7158,Joe Bob,OG,San Diego St.,2,0,0,0,0,0,0,0,0,0,0,0
7159,Joe Bob,OG,San Diego St.,3,0,0,0,0,0,0,0,0,0,0,0
7160,Joe Bob,OG,San Diego St.,3,0,0,0,0,0,0,0,0,0,0,0
7161,Joe Bob,OT,San Diego St.,3,0,0,0,0,0,0,0,0,0,0,0
7162,Joe Bob,OT,San Diego St.,1,0,0,0,0,0,0,0,0,0,0,0
7163,Joe Bob,OG,San Diego St.,3,0,0,0,0,0,0,0,0,0,0,0
7164,Joe Bob,OG,San Diego St.,4,0,0,0,0,0,0,0,0,0,0,0
7165,Joe Bob,OG,San Diego St.,1,0,0,0,0,0,0,0,0,0,0,0
7166,Joe Bob,OG,San Diego St.,4,0,0,0,0,0,0,0,0,0,0,0
7167,Joe Bob,OG,San Diego St.,1,0,0,0,0,0,0,0,0,0,0,0
7168,Joe Bob,OG,San Diego St.,1,0,0,0,0,0,0,0,0,0,0,0
7169,Joe Bob,OG,San Diego St.,4,0,0,0,0,0,0,0,0,0,0,0
7170,Joe Bob,OG,San Diego St.,1,0,0,0,0,0,0,0,0,0,0,0
7171,Joe Bob,OG,San Diego St.,1,0,0,0,0,0,0,0,0,0,0,0
7172,Joe Bob,OG,San Diego St.,3,0,0,0,0,0,0,0,0,0,0,0
7173,Joe Bob,OG,San Diego St.,2,0,0,0,0,0,0,0,0,0,0,0
7174,Joe Bob,OG,San Diego St.,3,0,0,0,0,0,0,0,0,0,0,0
7175,Joe Bob,RB,San Diego St.,2,0,0,0,0,0,0,0,0,0,0,0
7176,Joe Bob,OG,San Diego St.,2,0,0,0,0,0,0,0,0,0,0,0
7177,Joe Bob,OG,San Diego St.,4,0,0,0,0,0,0,0,0,0,0,0
7178,Joe Bob,WR,San Diego St.,4,0,0,0,0,0,0,0,0,0,0,0
7179,Joe Bob,OG,San Diego St.,4,0,0,0,0,0,0,0,0,0,0,0
7180,Joe Bob,WR,San Diego St.,3,0,0,0,0,0,0,0,0,0,0,0
7181,Joe Bob,WR,San Diego St.,3,0,0,0,0,0,0,0,0,0,0,0
7182,Joe Bob,OT,San Diego St.,4,0,0,0,0,0,0,0,0,0,0,0
7183,Joe Bob,OG,San Diego St.,3,0,0,0,0,0,0,0,0,0,0,0
7184,Joe Bob,OG,San Diego St.,4,0,0,0,0,0,0,0,0,0,0,0
7185,Joe Bob,OG,San Diego St.,4,0,0,0,0,0,0,0,0,0,0,0
7186,Joe Bob,OG,San Diego St.,3,0,0,0,0,0,0,0,0,0,0,0
7187,Joe Bob,OT,San Diego St.,1,0,0,0,0,0,0,0,0,0,0,0
7188,Joe Bob,OG,San Diego St.,1,0,0,0,0,0,0,0,0,0,0,0
7189,Joe Bob,OG,San Diego St.,4,0,0,0,0,0,0,0,0,0,0,0
7190,Joe Bob,OT,San Diego St.,1,0,0,0,0,0,0,0,0,0,0,0
7191,Joe Bob,OG,San Diego St.,2,0,0,0,0,0,0,0,0,0,0,0
7192,Joe Bob,OG,San Diego St.,3,0,0,0,0,0,0,0,0,0,0,0
7193,Joe Bob,QB,San Diego St.,1,0,0,0,0,0,0,0,0,0,0,0
7194,Joe Bob,OG,San Diego St.,3,0,0,0,0,0,0,0,0,0,0,0
7195,Joe Bob,OG,San Diego St.,1,0,0,0,0,0,0,0,0,0,0,0
7196,Joe Bob,OG,San Diego St.,3,0,0,0,0,0,0,0,0,0,0,0
7197,Joe Bob,OG,San Diego St.,3,0,0,0,0,0,0,0,0,0,0,0
7198,Joe Bob,WR,San Diego St.,3,0,0,0,0,0,0,0,0,0,0,0
7199,Joe Bob,OG,San Diego St.,3,0,0,0,0,0,0,0,0,0,0,0
7200,Joe Bob,QB,San Diego St.,2,0,0,0,0,0,0,0,0,0,0,0
7201,Joe Bob,OG,San Jose St.,4,0,0,0,0,0,0,0,0,0,0,0
7202,Joe Bob,OT,San Jose St.,4,0,0,0,0,0,0,0,0,0,0,0
7203,Joe Bob,OG,San Jose St.,4,0,0,0,0,0,0,0,0,0,0,0
7204,Joe Bob,RB,San Jose St.,1,0,0,0,0,0,0,0,0,0,0,0
7205,Joe Bob,OT,San Jose St.,1,0,0,0,0,0,0,0,0,0,0,0
7206,Joe Bob,OG,San Jose St.,4,0,0,0,0,0,0,0,0,0,0,0
7207,Joe Bob,OT,San Jose St.,2,0,0,0,0,0,0,0,0,0,0,0
7208,Joe Bob,OG,San Jose St.,1,0,0,0,0,0,0,0,0,0,0,0
7209,Joe Bob,OG,San Jose St.,2,0,0,0,0,0,0,0,0,0,0,0
7210,Joe Bob,OG,San Jose St.,1,0,0,0,0,0,0,0,0,0,0,0
7211,Joe Bob,OG,San Jose St.,2,0,0,0,0,0,0,0,0,0,0,0
7212,Joe Bob,OG,San Jose St.,3,0,0,0,0,0,0,0,0,0,0,0
7213,Joe Bob,FB,San Jose St.,1,0,0,0,0,0,0,0,0,0,0,0
7214,Joe Bob,OG,San Jose St.,4,0,0,0,0,0,0,0,0,0,0,0
7215,Joe Bob,QB,San Jose St.,2,0,0,0,0,0,0,0,0,0,0,0
7216,Joe Bob,OG,San Jose St.,4,0,0,0,0,0,0,0,0,0,0,0
7217,Joe Bob,OG,San Jose St.,4,0,0,0,0,0,0,0,0,0,0,0
7218,Joe Bob,FB,San Jose St.,1,0,0,0,0,0,0,0,0,0,0,0
7219,Joe Bob,OG,San Jose St.,4,0,0,0,0,0,0,0,0,0,0,0
7220,Joe Bob,OT,San Jose St.,4,0,0,0,0,0,0,0,0,0,0,0
7221,Joe Bob,OT,San Jose St.,1,0,0,0,0,0,0,0,0,0,0,0
7222,Joe Bob,OG,San Jose St.,4,0,0,0,0,0,0,0,0,0,0,0
7223,Joe Bob,OG,San Jose St.,1,0,0,0,0,0,0,0,0,0,0,0
7224,Joe Bob,OG,San Jose St.,3,0,0,0,0,0,0,0,0,0,0,0
7225,Joe Bob,OG,San Jose St.,1,0,0,0,0,0,0,0,0,0,0,0
7226,Joe Bob,OG,San Jose St.,2,0,0,0,0,0,0,0,0,0,0,0
7227,Joe Bob,OG,San Jose St.,2,0,0,0,0,0,0,0,0,0,0,0
7228,Joe Bob,RB,San Jose St.,2,0,0,0,0,0,0,0,0,0,0,0
7229,Joe Bob,OG,San Jose St.,3,0,0,0,0,0,0,0,0,0,0,0
7230,Joe Bob,OG,San Jose St.,2,0,0,0,0,0,0,0,0,0,0,0
7231,Joe Bob,OG,San Jose St.,4,0,0,0,0,0,0,0,0,0,0,0
7232,Joe Bob,WR,San Jose St.,2,0,0,0,0,0,0,0,0,0,0,0
7233,Joe Bob,OG,San Jose St.,3,0,0,0,0,0,0,0,0,0,0,0
7234,Joe Bob,WR,San Jose St.,4,0,0,0,0,0,0,0,0,0,0,0
7235,Joe Bob,WR,San Jose St.,3,0,0,0,0,0,0,0,0,0,0,0
7236,Joe Bob,OG,San Jose St.,4,0,0,0,0,0,0,0,0,0,0,0
7237,Joe Bob,OG,San Jose St.,4,0,0,0,0,0,0,0,0,0,0,0
7238,Joe Bob,OG,San Jose St.,4,0,0,0,0,0,0,0,0,0,0,0
7239,Joe Bob,OG,San Jose St.,1,0,0,0,0,0,0,0,0,0,0,0
7240,Joe Bob,OG,San Jose St.,1,0,0,0,0,0,0,0,0,0,0,0
7241,Joe Bob,OG,San Jose St.,1,0,0,0,0,0,0,0,0,0,0,0
7242,Joe Bob,OG,San Jose St.,4,0,0,0,0,0,0,0,0,0,0,0
7243,Joe Bob,QB,San Jose St.,1,0,0,0,0,0,0,0,0,0,0,0
7244,Joe Bob,OG,San Jose St.,3,0,0,0,0,0,0,0,0,0,0,0
7245,Joe Bob,OG,San Jose St.,2,0,0,0,0,0,0,0,0,0,0,0
7246,Joe Bob,OG,San Jose St.,3,0,0,0,0,0,0,0,0,0,0,0
7247,Joe Bob,OG,San Jose St.,1,0,0,0,0,0,0,0,0,0,0,0
7248,Joe Bob,OG,San Jose St.,3,0,0,0,0,0,0,0,0,0,0,0
7249,Joe Bob,WR,San Jose St.,3,0,0,0,0,0,0,0,0,0,0,0
7250,Joe Bob,WR,San Jose St.,3,0,0,0,0,0,0,0,0,0,0,0
7251,Joe Bob,OG,San Jose St.,3,0,0,0,0,0,0,0,0,0,0,0
7252,Joe Bob,OG,San Jose St.,2,0,0,0,0,0,0,0,0,0,0,0
7253,Joe Bob,OG,San Jose St.,3,0,0,0,0,0,0,0,0,0,0,0
7254,Joe Bob,WR,San Jose St.,4,0,0,0,0,0,0,0,0,0,0,0
7255,Joe Bob,OG,San Jose St.,4,0,0,0,0,0,0,0,0,0,0,0
7256,Joe Bob,OT,San Jose St.,4,0,0,0,0,0,0,0,0,0,0,0
7257,Joe Bob,WR,San Jose St.,4,0,0,0,0,0,0,0,0,0,0,0
7258,Joe Bob,OG,San Jose St.,1,0,0,0,0,0,0,0,0,0,0,0
7259,Joe Bob,OG,San Jose St.,1,0,0,0,0,0,0,0,0,0,0,0
7260,Joe Bob,OG,San Jose St.,4,0,0,0,0,0,0,0,0,0,0,0
7261,Joe Bob,OT,San Jose St.,1,0,0,0,0,0,0,0,0,0,0,0
7262,Joe Bob,OG,San Jose St.,4,0,0,0,0,0,0,0,0,0,0,0
7263,Joe Bob,OG,San Jose St.,2,0,0,0,0,0,0,0,0,0,0,0
7264,Joe Bob,OG,San Jose St.,2,0,0,0,0,0,0,0,0,0,0,0
7265,Joe Bob,QB,San Jose St.,2,0,0,0,0,0,0,0,0,0,0,0
7266,Joe Bob,OG,San Jose St.,2,0,0,0,0,0,0,0,0,0,0,0
7267,Joe Bob,OG,San Jose St.,1,0,0,0,0,0,0,0,0,0,0,0
7268,Joe Bob,OG,San Jose St.,4,0,0,0,0,0,0,0,0,0,0,0
7269,Joe Bob,RB,San Jose St.,3,0,0,0,0,0,0,0,0,0,0,0
7270,Joe Bob,OG,San Jose St.,4,0,0,0,0,0,0,0,0,0,0,0
7271,Joe Bob,OG,San Jose St.,4,0,0,0,0,0,0,0,0,0,0,0
7272,Joe Bob,OT,San Jose St.,3,0,0,0,0,0,0,0,0,0,0,0
7273,Joe Bob,OG,San Jose St.,4,0,0,0,0,0,0,0,0,0,0,0
7274,Joe Bob,RB,San Jose St.,4,0,0,0,0,0,0,0,0,0,0,0
7275,Joe Bob,OG,San Jose St.,1,0,0,0,0,0,0,0,0,0,0,0
7276,Joe Bob,WR,SMU,1,0,0,0,0,0,0,0,0,0,0,0
7277,Joe Bob,OG,SMU,4,0,0,0,0,0,0,0,0,0,0,0
7278,Joe Bob,OG,SMU,1,0,0,0,0,0,0,0,0,0,0,0
7279,Joe Bob,OG,SMU,1,0,0,0,0,0,0,0,0,0,0,0
7280,Joe Bob,OG,SMU,1,0,0,0,0,0,0,0,0,0,0,0
7281,Joe Bob,WR,SMU,3,0,0,0,0,0,0,0,0,0,0,0
7282,Joe Bob,OG,SMU,1,0,0,0,0,0,0,0,0,0,0,0
7283,Joe Bob,OG,SMU,3,0,0,0,0,0,0,0,0,0,0,0
7284,Joe Bob,OG,SMU,2,0,0,0,0,0,0,0,0,0,0,0
7285,Joe Bob,QB,SMU,4,0,0,0,0,0,0,0,0,0,0,0
7286,Joe Bob,OG,SMU,4,0,0,0,0,0,0,0,0,0,0,0
7287,Joe Bob,OG,SMU,3,0,0,0,0,0,0,0,0,0,0,0
7288,Joe Bob,WR,SMU,1,0,0,0,0,0,0,0,0,0,0,0
7289,Joe Bob,WR,SMU,3,0,0,0,0,0,0,0,0,0,0,0
7290,Joe Bob,OG,SMU,4,0,0,0,0,0,0,0,0,0,0,0
7291,Joe Bob,OG,SMU,2,0,0,0,0,0,0,0,0,0,0,0
7292,Joe Bob,OG,SMU,3,0,0,0,0,0,0,0,0,0,0,0
7293,Joe Bob,OG,SMU,1,0,0,0,0,0,0,0,0,0,0,0
7294,Joe Bob,WR,SMU,1,0,0,0,0,0,0,0,0,0,0,0
7295,Joe Bob,OG,SMU,1,0,0,0,0,0,0,0,0,0,0,0
7296,Joe Bob,OG,SMU,3,0,0,0,0,0,0,0,0,0,0,0
7297,Joe Bob,OG,SMU,4,0,0,0,0,0,0,0,0,0,0,0
7298,Joe Bob,OG,SMU,3,0,0,0,0,0,0,0,0,0,0,0
7299,Joe Bob,OG,SMU,1,0,0,0,0,0,0,0,0,0,0,0
7300,Joe Bob,OG,SMU,2,0,0,0,0,0,0,0,0,0,0,0
7301,Joe Bob,RB,SMU,4,0,0,0,0,0,0,0,0,0,0,0
7302,Joe Bob,OG,SMU,2,0,0,0,0,0,0,0,0,0,0,0
7303,Joe Bob,OG,SMU,3,0,0,0,0,0,0,0,0,0,0,0
7304,Joe Bob,WR,SMU,3,0,0,0,0,0,0,0,0,0,0,0
7305,Joe Bob,OG,SMU,3,0,0,0,0,0,0,0,0,0,0,0
7306,Joe Bob,OG,SMU,4,0,0,0,0,0,0,0,0,0,0,0
7307,Joe Bob,QB,SMU,4,0,0,0,0,0,0,0,0,0,0,0
7308,Joe Bob,OT,SMU,4,0,0,0,0,0,0,0,0,0,0,0
7309,Joe Bob,OG,SMU,4,0,0,0,0,0,0,0,0,0,0,0
7310,Joe Bob,OG,SMU,4,0,0,0,0,0,0,0,0,0,0,0
7311,Joe Bob,OG,SMU,3,0,0,0,0,0,0,0,0,0,0,0
7312,Joe Bob,OG,SMU,4,0,0,0,0,0,0,0,0,0,0,0
7313,Joe Bob,OT,SMU,2,0,0,0,0,0,0,0,0,0,0,0
7314,Joe Bob,OG,SMU,1,0,0,0,0,0,0,0,0,0,0,0
7315,Joe Bob,OG,SMU,2,0,0,0,0,0,0,0,0,0,0,0
7316,Joe Bob,OG,SMU,2,0,0,0,0,0,0,0,0,0,0,0
7317,Joe Bob,QB,SMU,3,0,0,0,0,0,0,0,0,0,0,0
7318,Joe Bob,OG,SMU,3,0,0,0,0,0,0,0,0,0,0,0
7319,Joe Bob,OG,SMU,2,0,0,0,0,0,0,0,0,0,0,0
7320,Joe Bob,OG,SMU,1,0,0,0,0,0,0,0,0,0,0,0
7321,Joe Bob,WR,SMU,3,0,0,0,0,0,0,0,0,0,0,0
7322,Joe Bob,OT,SMU,3,0,0,0,0,0,0,0,0,0,0,0
7323,Joe Bob,OG,SMU,2,0,0,0,0,0,0,0,0,0,0,0
7324,Joe Bob,OG,SMU,3,0,0,0,0,0,0,0,0,0,0,0
7325,Joe Bob,WR,SMU,4,0,0,0,0,0,0,0,0,0,0,0
7326,Joe Bob,RB,SMU,4,0,0,0,0,0,0,0,0,0,0,0
7327,Joe Bob,OG,SMU,4,0,0,0,0,0,0,0,0,0,0,0
7328,Joe Bob,OG,SMU,4,0,0,0,0,0,0,0,0,0,0,0
7329,Joe Bob,OG,SMU,3,0,0,0,0,0,0,0,0,0,0,0
7330,Joe Bob,OG,SMU,1,0,0,0,0,0,0,0,0,0,0,0
7331,Joe Bob,OT,SMU,1,0,0,0,0,0,0,0,0,0,0,0
7332,Joe Bob,OG,SMU,4,0,0,0,0,0,0,0,0,0,0,0
7333,Joe Bob,OG,SMU,1,0,0,0,0,0,0,0,0,0,0,0
7334,Joe Bob,OG,SMU,4,0,0,0,0,0,0,0,0,0,0,0
7335,Joe Bob,OG,SMU,3,0,0,0,0,0,0,0,0,0,0,0
7336,Joe Bob,OG,SMU,1,0,0,0,0,0,0,0,0,0,0,0
7337,Joe Bob,OG,SMU,2,0,0,0,0,0,0,0,0,0,0,0
7338,Joe Bob,OG,SMU,2,0,0,0,0,0,0,0,0,0,0,0
7339,Joe Bob,OG,SMU,1,0,0,0,0,0,0,0,0,0,0,0
7340,Joe Bob,OG,SMU,3,0,0,0,0,0,0,0,0,0,0,0
7341,Joe Bob,OG,SMU,3,0,0,0,0,0,0,0,0,0,0,0
7342,Joe Bob,WR,SMU,2,0,0,0,0,0,0,0,0,0,0,0
7343,Joe Bob,OG,SMU,4,0,0,0,0,0,0,0,0,0,0,0
7344,Joe Bob,QB,SMU,3,0,0,0,0,0,0,0,0,0,0,0
7345,Joe Bob,OT,SMU,4,0,0,0,0,0,0,0,0,0,0,0
7346,Joe Bob,OG,SMU,4,0,0,0,0,0,0,0,0,0,0,0
7347,Joe Bob,OG,SMU,3,0,0,0,0,0,0,0,0,0,0,0
7348,Joe Bob,OG,SMU,2,0,0,0,0,0,0,0,0,0,0,0
7349,Joe Bob,OG,SMU,3,0,0,0,0,0,0,0,0,0,0,0
7350,Joe Bob,OT,SMU,2,0,0,0,0,0,0,0,0,0,0,0
7351,Joe Bob,OT,So. Miss,1,0,0,0,0,0,0,0,0,0,0,0
7352,Joe Bob,OG,So. Miss,4,0,0,0,0,0,0,0,0,0,0,0
7353,Joe Bob,OG,So. Miss,2,0,0,0,0,0,0,0,0,0,0,0
7354,Joe Bob,OG,So. Miss,2,0,0,0,0,0,0,0,0,0,0,0
7355,Joe Bob,OG,So. Miss,4,0,0,0,0,0,0,0,0,0,0,0
7356,Joe Bob,OG,So. Miss,2,0,0,0,0,0,0,0,0,0,0,0
7357,Joe Bob,OG,So. Miss,3,0,0,0,0,0,0,0,0,0,0,0
7358,Joe Bob,OT,So. Miss,1,0,0,0,0,0,0,0,0,0,0,0
7359,Joe Bob,WR,So. Miss,2,0,0,0,0,0,0,0,0,0,0,0
7360,Joe Bob,RB,So. Miss,4,0,0,0,0,0,0,0,0,0,0,0
7361,Joe Bob,OG,So. Miss,1,0,0,0,0,0,0,0,0,0,0,0
7362,Joe Bob,OG,So. Miss,3,0,0,0,0,0,0,0,0,0,0,0
7363,Joe Bob,OT,So. Miss,2,0,0,0,0,0,0,0,0,0,0,0
7364,Joe Bob,OG,So. Miss,3,0,0,0,0,0,0,0,0,0,0,0
7365,Joe Bob,OG,So. Miss,2,0,0,0,0,0,0,0,0,0,0,0
7366,Joe Bob,OG,So. Miss,1,0,0,0,0,0,0,0,0,0,0,0
7367,Joe Bob,OG,So. Miss,1,0,0,0,0,0,0,0,0,0,0,0
7368,Joe Bob,OG,So. Miss,3,0,0,0,0,0,0,0,0,0,0,0
7369,Joe Bob,OG,So. Miss,4,0,0,0,0,0,0,0,0,0,0,0
7370,Joe Bob,OG,So. Miss,2,0,0,0,0,0,0,0,0,0,0,0
7371,Joe Bob,RB,So. Miss,2,0,0,0,0,0,0,0,0,0,0,0
7372,Joe Bob,OG,So. Miss,1,0,0,0,0,0,0,0,0,0,0,0
7373,Joe Bob,OG,So. Miss,3,0,0,0,0,0,0,0,0,0,0,0
7374,Joe Bob,OG,So. Miss,4,0,0,0,0,0,0,0,0,0,0,0
7375,Joe Bob,OG,So. Miss,3,0,0,0,0,0,0,0,0,0,0,0
7376,Joe Bob,OG,So. Miss,3,0,0,0,0,0,0,0,0,0,0,0
7377,Joe Bob,WR,So. Miss,3,0,0,0,0,0,0,0,0,0,0,0
7378,Joe Bob,WR,So. Miss,1,0,0,0,0,0,0,0,0,0,0,0
7379,Joe Bob,OG,So. Miss,4,0,0,0,0,0,0,0,0,0,0,0
7380,Joe Bob,OG,So. Miss,4,0,0,0,0,0,0,0,0,0,0,0
7381,Joe Bob,OG,So. Miss,4,0,0,0,0,0,0,0,0,0,0,0
7382,Joe Bob,OG,So. Miss,4,0,0,0,0,0,0,0,0,0,0,0
7383,Joe Bob,OG,So. Miss,1,0,0,0,0,0,0,0,0,0,0,0
7384,Joe Bob,OG,So. Miss,1,0,0,0,0,0,0,0,0,0,0,0
7385,Joe Bob,OT,So. Miss,2,0,0,0,0,0,0,0,0,0,0,0
7386,Joe Bob,QB,So. Miss,4,0,0,0,0,0,0,0,0,0,0,0
7387,Joe Bob,OG,So. Miss,2,0,0,0,0,0,0,0,0,0,0,0
7388,Joe Bob,OG,So. Miss,2,0,0,0,0,0,0,0,0,0,0,0
7389,Joe Bob,FB,So. Miss,1,0,0,0,0,0,0,0,0,0,0,0
7390,Joe Bob,OG,So. Miss,4,0,0,0,0,0,0,0,0,0,0,0
7391,Joe Bob,OG,So. Miss,1,0,0,0,0,0,0,0,0,0,0,0
7392,Joe Bob,OG,So. Miss,1,0,0,0,0,0,0,0,0,0,0,0
7393,Joe Bob,OG,So. Miss,2,0,0,0,0,0,0,0,0,0,0,0
7394,Joe Bob,OG,So. Miss,2,0,0,0,0,0,0,0,0,0,0,0
7395,Joe Bob,OG,So. Miss,2,0,0,0,0,0,0,0,0,0,0,0
7396,Joe Bob,OG,So. Miss,1,0,0,0,0,0,0,0,0,0,0,0
7397,Joe Bob,OG,So. Miss,3,0,0,0,0,0,0,0,0,0,0,0
7398,Joe Bob,OG,So. Miss,4,0,0,0,0,0,0,0,0,0,0,0
7399,Joe Bob,OG,So. Miss,2,0,0,0,0,0,0,0,0,0,0,0
7400,Joe Bob,OG,So. Miss,3,0,0,0,0,0,0,0,0,0,0,0
7401,Joe Bob,FB,So. Miss,2,0,0,0,0,0,0,0,0,0,0,0
7402,Joe Bob,QB,So. Miss,4,0,0,0,0,0,0,0,0,0,0,0
7403,Joe Bob,OG,So. Miss,3,0,0,0,0,0,0,0,0,0,0,0
7404,Joe Bob,OG,So. Miss,4,0,0,0,0,0,0,0,0,0,0,0
7405,Joe Bob,WR,So. Miss,4,0,0,0,0,0,0,0,0,0,0,0
7406,Joe Bob,OG,So. Miss,3,0,0,0,0,0,0,0,0,0,0,0
7407,Joe Bob,WR,So. Miss,1,0,0,0,0,0,0,0,0,0,0,0
7408,Joe Bob,OG,So. Miss,1,0,0,0,0,0,0,0,0,0,0,0
7409,Joe Bob,OG,So. Miss,1,0,0,0,0,0,0,0,0,0,0,0
7410,Joe Bob,OG,So. Miss,2,0,0,0,0,0,0,0,0,0,0,0
7411,Joe Bob,OG,So. Miss,1,0,0,0,0,0,0,0,0,0,0,0
7412,Joe Bob,OG,So. Miss,1,0,0,0,0,0,0,0,0,0,0,0
7413,Joe Bob,OG,So. Miss,3,0,0,0,0,0,0,0,0,0,0,0
7414,Joe Bob,OG,So. Miss,2,0,0,0,0,0,0,0,0,0,0,0
7415,Joe Bob,OG,So. Miss,4,0,0,0,0,0,0,0,0,0,0,0
7416,Joe Bob,OG,So. Miss,1,0,0,0,0,0,0,0,0,0,0,0
7417,Joe Bob,OG,So. Miss,3,0,0,0,0,0,0,0,0,0,0,0
7418,Joe Bob,OG,So. Miss,4,0,0,0,0,0,0,0,0,0,0,0
7419,Joe Bob,OG,So. Miss,2,0,0,0,0,0,0,0,0,0,0,0
7420,Joe Bob,OG,So. Miss,4,0,0,0,0,0,0,0,0,0,0,0
7421,Joe Bob,WR,So. Miss,3,0,0,0,0,0,0,0,0,0,0,0
7422,Joe Bob,OG,So. Miss,4,0,0,0,0,0,0,0,0,0,0,0
7423,Joe Bob,FB,So. Miss,4,0,0,0,0,0,0,0,0,0,0,0
7424,Joe Bob,OG,So. Miss,1,0,0,0,0,0,0,0,0,0,0,0
7425,Joe Bob,OG,So. Miss,2,0,0,0,0,0,0,0,0,0,0,0
7426,Joe Bob,OG,South Alabama,1,0,0,0,0,0,0,0,0,0,0,0
7427,Joe Bob,OG,South Alabama,2,0,0,0,0,0,0,0,0,0,0,0
7428,Joe Bob,OG,South Alabama,3,0,0,0,0,0,0,0,0,0,0,0
7429,Joe Bob,OG,South Alabama,1,0,0,0,0,0,0,0,0,0,0,0
7430,Joe Bob,OG,South Alabama,3,0,0,0,0,0,0,0,0,0,0,0
7431,Joe Bob,OG,South Alabama,2,0,0,0,0,0,0,0,0,0,0,0
7432,Joe Bob,OG,South Alabama,3,0,0,0,0,0,0,0,0,0,0,0
7433,Joe Bob,OG,South Alabama,3,0,0,0,0,0,0,0,0,0,0,0
7434,Joe Bob,WR,South Alabama,3,0,0,0,0,0,0,0,0,0,0,0
7435,Joe Bob,QB,South Alabama,1,0,0,0,0,0,0,0,0,0,0,0
7436,Joe Bob,OG,South Alabama,3,0,0,0,0,0,0,0,0,0,0,0
7437,Joe Bob,OG,South Alabama,4,0,0,0,0,0,0,0,0,0,0,0
7438,Joe Bob,OG,South Alabama,4,0,0,0,0,0,0,0,0,0,0,0
7439,Joe Bob,OG,South Alabama,4,0,0,0,0,0,0,0,0,0,0,0
7440,Joe Bob,OT,South Alabama,1,0,0,0,0,0,0,0,0,0,0,0
7441,Joe Bob,OG,South Alabama,2,0,0,0,0,0,0,0,0,0,0,0
7442,Joe Bob,OG,South Alabama,4,0,0,0,0,0,0,0,0,0,0,0
7443,Joe Bob,OG,South Alabama,1,0,0,0,0,0,0,0,0,0,0,0
7444,Joe Bob,OG,South Alabama,1,0,0,0,0,0,0,0,0,0,0,0
7445,Joe Bob,OG,South Alabama,3,0,0,0,0,0,0,0,0,0,0,0
7446,Joe Bob,OG,South Alabama,2,0,0,0,0,0,0,0,0,0,0,0
7447,Joe Bob,OG,South Alabama,2,0,0,0,0,0,0,0,0,0,0,0
7448,Joe Bob,OG,South Alabama,2,0,0,0,0,0,0,0,0,0,0,0
7449,Joe Bob,WR,South Alabama,2,0,0,0,0,0,0,0,0,0,0,0
7450,Joe Bob,OG,South Alabama,3,0,0,0,0,0,0,0,0,0,0,0
7451,Joe Bob,FB,South Alabama,3,0,0,0,0,0,0,0,0,0,0,0
7452,Joe Bob,OG,South Alabama,4,0,0,0,0,0,0,0,0,0,0,0
7453,Joe Bob,WR,South Alabama,2,0,0,0,0,0,0,0,0,0,0,0
7454,Joe Bob,WR,South Alabama,4,0,0,0,0,0,0,0,0,0,0,0
7455,Joe Bob,OT,South Alabama,1,0,0,0,0,0,0,0,0,0,0,0
7456,Joe Bob,OG,South Alabama,4,0,0,0,0,0,0,0,0,0,0,0
7457,Joe Bob,WR,South Alabama,4,0,0,0,0,0,0,0,0,0,0,0
7458,Joe Bob,OG,South Alabama,4,0,0,0,0,0,0,0,0,0,0,0
7459,Joe Bob,OG,South Alabama,4,0,0,0,0,0,0,0,0,0,0,0
7460,Joe Bob,OG,South Alabama,1,0,0,0,0,0,0,0,0,0,0,0
7461,Joe Bob,OG,South Alabama,1,0,0,0,0,0,0,0,0,0,0,0
7462,Joe Bob,OG,South Alabama,4,0,0,0,0,0,0,0,0,0,0,0
7463,Joe Bob,OT,South Alabama,4,0,0,0,0,0,0,0,0,0,0,0
7464,Joe Bob,OG,South Alabama,1,0,0,0,0,0,0,0,0,0,0,0
7465,Joe Bob,OG,South Alabama,3,0,0,0,0,0,0,0,0,0,0,0
7466,Joe Bob,OG,South Alabama,1,0,0,0,0,0,0,0,0,0,0,0
7467,Joe Bob,OG,South Alabama,2,0,0,0,0,0,0,0,0,0,0,0
7468,Joe Bob,OG,South Alabama,1,0,0,0,0,0,0,0,0,0,0,0
7469,Joe Bob,OG,South Alabama,3,0,0,0,0,0,0,0,0,0,0,0
7470,Joe Bob,OG,South Alabama,3,0,0,0,0,0,0,0,0,0,0,0
7471,Joe Bob,WR,South Alabama,3,0,0,0,0,0,0,0,0,0,0,0
7472,Joe Bob,OG,South Alabama,2,0,0,0,0,0,0,0,0,0,0,0
7473,Joe Bob,OG,South Alabama,2,0,0,0,0,0,0,0,0,0,0,0
7474,Joe Bob,OG,South Alabama,4,0,0,0,0,0,0,0,0,0,0,0
7475,Joe Bob,WR,South Alabama,4,0,0,0,0,0,0,0,0,0,0,0
7476,Joe Bob,OG,South Alabama,3,0,0,0,0,0,0,0,0,0,0,0
7477,Joe Bob,QB,South Alabama,4,0,0,0,0,0,0,0,0,0,0,0
7478,Joe Bob,WR,South Alabama,4,0,0,0,0,0,0,0,0,0,0,0
7479,Joe Bob,OG,South Alabama,4,0,0,0,0,0,0,0,0,0,0,0
7480,Joe Bob,WR,South Alabama,1,0,0,0,0,0,0,0,0,0,0,0
7481,Joe Bob,OG,South Alabama,1,0,0,0,0,0,0,0,0,0,0,0
7482,Joe Bob,OT,South Alabama,2,0,0,0,0,0,0,0,0,0,0,0
7483,Joe Bob,OG,South Alabama,4,0,0,0,0,0,0,0,0,0,0,0
7484,Joe Bob,OG,South Alabama,2,0,0,0,0,0,0,0,0,0,0,0
7485,Joe Bob,OG,South Alabama,3,0,0,0,0,0,0,0,0,0,0,0
7486,Joe Bob,QB,South Alabama,1,0,0,0,0,0,0,0,0,0,0,0
7487,Joe Bob,OG,South Alabama,3,0,0,0,0,0,0,0,0,0,0,0
7488,Joe Bob,OG,South Alabama,2,0,0,0,0,0,0,0,0,0,0,0
7489,Joe Bob,OG,South Alabama,3,0,0,0,0,0,0,0,0,0,0,0
7490,Joe Bob,OG,South Alabama,3,0,0,0,0,0,0,0,0,0,0,0
7491,Joe Bob,RB,South Alabama,4,0,0,0,0,0,0,0,0,0,0,0
7492,Joe Bob,WR,South Alabama,3,0,0,0,0,0,0,0,0,0,0,0
7493,Joe Bob,QB,South Alabama,4,0,0,0,0,0,0,0,0,0,0,0
7494,Joe Bob,OG,South Alabama,1,0,0,0,0,0,0,0,0,0,0,0
7495,Joe Bob,RB,South Alabama,4,0,0,0,0,0,0,0,0,0,0,0
7496,Joe Bob,OG,South Alabama,1,0,0,0,0,0,0,0,0,0,0,0
7497,Joe Bob,OG,South Alabama,2,0,0,0,0,0,0,0,0,0,0,0
7498,Joe Bob,OG,South Alabama,1,0,0,0,0,0,0,0,0,0,0,0
7499,Joe Bob,OG,South Alabama,2,0,0,0,0,0,0,0,0,0,0,0
7500,Joe Bob,OG,South Alabama,2,0,0,0,0,0,0,0,0,0,0,0
7501,Joe Bob,OG,South Carolina,2,0,0,0,0,0,0,0,0,0,0,0
7502,Joe Bob,OG,South Carolina,3,0,0,0,0,0,0,0,0,0,0,0
7503,Joe Bob,OG,South Carolina,1,0,0,0,0,0,0,0,0,0,0,0
7504,Joe Bob,OG,South Carolina,4,0,0,0,0,0,0,0,0,0,0,0
7505,Joe Bob,WR,South Carolina,2,0,0,0,0,0,0,0,0,0,0,0
7506,Joe Bob,OT,South Carolina,3,0,0,0,0,0,0,0,0,0,0,0
7507,Joe Bob,OG,South Carolina,4,0,0,0,0,0,0,0,0,0,0,0
7508,Joe Bob,FB,South Carolina,4,0,0,0,0,0,0,0,0,0,0,0
7509,Joe Bob,OT,South Carolina,4,0,0,0,0,0,0,0,0,0,0,0
7510,Joe Bob,OG,South Carolina,4,0,0,0,0,0,0,0,0,0,0,0
7511,Joe Bob,OG,South Carolina,4,0,0,0,0,0,0,0,0,0,0,0
7512,Joe Bob,OG,South Carolina,1,0,0,0,0,0,0,0,0,0,0,0
7513,Joe Bob,WR,South Carolina,1,0,0,0,0,0,0,0,0,0,0,0
7514,Joe Bob,OG,South Carolina,1,0,0,0,0,0,0,0,0,0,0,0
7515,Joe Bob,OG,South Carolina,4,0,0,0,0,0,0,0,0,0,0,0
7516,Joe Bob,OG,South Carolina,4,0,0,0,0,0,0,0,0,0,0,0
7517,Joe Bob,OG,South Carolina,3,0,0,0,0,0,0,0,0,0,0,0
7518,Joe Bob,OG,South Carolina,2,0,0,0,0,0,0,0,0,0,0,0
7519,Joe Bob,OG,South Carolina,2,0,0,0,0,0,0,0,0,0,0,0
7520,Joe Bob,OG,South Carolina,2,0,0,0,0,0,0,0,0,0,0,0
7521,Joe Bob,OG,South Carolina,2,0,0,0,0,0,0,0,0,0,0,0
7522,Joe Bob,FB,South Carolina,3,0,0,0,0,0,0,0,0,0,0,0
7523,Joe Bob,WR,South Carolina,3,0,0,0,0,0,0,0,0,0,0,0
7524,Joe Bob,OG,South Carolina,3,0,0,0,0,0,0,0,0,0,0,0
7525,Joe Bob,WR,South Carolina,2,0,0,0,0,0,0,0,0,0,0,0
7526,Joe Bob,WR,South Carolina,4,0,0,0,0,0,0,0,0,0,0,0
7527,Joe Bob,OT,South Carolina,1,0,0,0,0,0,0,0,0,0,0,0
7528,Joe Bob,OG,South Carolina,4,0,0,0,0,0,0,0,0,0,0,0
7529,Joe Bob,OG,South Carolina,3,0,0,0,0,0,0,0,0,0,0,0
7530,Joe Bob,OT,South Carolina,4,0,0,0,0,0,0,0,0,0,0,0
7531,Joe Bob,OG,South Carolina,1,0,0,0,0,0,0,0,0,0,0,0
7532,Joe Bob,OT,South Carolina,1,0,0,0,0,0,0,0,0,0,0,0
7533,Joe Bob,OG,South Carolina,4,0,0,0,0,0,0,0,0,0,0,0
7534,Joe Bob,WR,South Carolina,1,0,0,0,0,0,0,0,0,0,0,0
7535,Joe Bob,OG,South Carolina,4,0,0,0,0,0,0,0,0,0,0,0
7536,Joe Bob,OG,South Carolina,2,0,0,0,0,0,0,0,0,0,0,0
7537,Joe Bob,OG,South Carolina,2,0,0,0,0,0,0,0,0,0,0,0
7538,Joe Bob,OG,South Carolina,2,0,0,0,0,0,0,0,0,0,0,0
7539,Joe Bob,OG,South Carolina,2,0,0,0,0,0,0,0,0,0,0,0
7540,Joe Bob,OG,South Carolina,1,0,0,0,0,0,0,0,0,0,0,0
7541,Joe Bob,OG,South Carolina,3,0,0,0,0,0,0,0,0,0,0,0
7542,Joe Bob,OG,South Carolina,2,0,0,0,0,0,0,0,0,0,0,0
7543,Joe Bob,OG,South Carolina,3,0,0,0,0,0,0,0,0,0,0,0
7544,Joe Bob,OG,South Carolina,4,0,0,0,0,0,0,0,0,0,0,0
7545,Joe Bob,WR,South Carolina,3,0,0,0,0,0,0,0,0,0,0,0
7546,Joe Bob,OG,South Carolina,4,0,0,0,0,0,0,0,0,0,0,0
7547,Joe Bob,QB,South Carolina,4,0,0,0,0,0,0,0,0,0,0,0
7548,Joe Bob,OG,South Carolina,4,0,0,0,0,0,0,0,0,0,0,0
7549,Joe Bob,WR,South Carolina,1,0,0,0,0,0,0,0,0,0,0,0
7550,Joe Bob,OT,South Carolina,4,0,0,0,0,0,0,0,0,0,0,0
7551,Joe Bob,OT,South Carolina,1,0,0,0,0,0,0,0,0,0,0,0
7552,Joe Bob,WR,South Carolina,1,0,0,0,0,0,0,0,0,0,0,0
7553,Joe Bob,OG,South Carolina,1,0,0,0,0,0,0,0,0,0,0,0
7554,Joe Bob,OG,South Carolina,3,0,0,0,0,0,0,0,0,0,0,0
7555,Joe Bob,OG,South Carolina,3,0,0,0,0,0,0,0,0,0,0,0
7556,Joe Bob,OG,South Carolina,2,0,0,0,0,0,0,0,0,0,0,0
7557,Joe Bob,OG,South Carolina,2,0,0,0,0,0,0,0,0,0,0,0
7558,Joe Bob,OG,South Carolina,3,0,0,0,0,0,0,0,0,0,0,0
7559,Joe Bob,OG,South Carolina,3,0,0,0,0,0,0,0,0,0,0,0
7560,Joe Bob,OG,South Carolina,2,0,0,0,0,0,0,0,0,0,0,0
7561,Joe Bob,OG,South Carolina,3,0,0,0,0,0,0,0,0,0,0,0
7562,Joe Bob,OG,South Carolina,3,0,0,0,0,0,0,0,0,0,0,0
7563,Joe Bob,RB,South Carolina,4,0,0,0,0,0,0,0,0,0,0,0
7564,Joe Bob,WR,South Carolina,1,0,0,0,0,0,0,0,0,0,0,0
7565,Joe Bob,RB,South Carolina,3,0,0,0,0,0,0,0,0,0,0,0
7566,Joe Bob,OT,South Carolina,1,0,0,0,0,0,0,0,0,0,0,0
7567,Joe Bob,WR,South Carolina,1,0,0,0,0,0,0,0,0,0,0,0
7568,Joe Bob,OG,South Carolina,1,0,0,0,0,0,0,0,0,0,0,0
7569,Joe Bob,OG,South Carolina,3,0,0,0,0,0,0,0,0,0,0,0
7570,Joe Bob,OG,South Carolina,4,0,0,0,0,0,0,0,0,0,0,0
7571,Joe Bob,OG,South Carolina,3,0,0,0,0,0,0,0,0,0,0,0
7572,Joe Bob,OG,South Carolina,1,0,0,0,0,0,0,0,0,0,0,0
7573,Joe Bob,OG,South Carolina,2,0,0,0,0,0,0,0,0,0,0,0
7574,Joe Bob,QB,South Carolina,4,0,0,0,0,0,0,0,0,0,0,0
7575,Joe Bob,OG,South Carolina,1,0,0,0,0,0,0,0,0,0,0,0
7576,Joe Bob,OG,South Florida,3,0,0,0,0,0,0,0,0,0,0,0
7577,Joe Bob,WR,South Florida,3,0,0,0,0,0,0,0,0,0,0,0
7578,Joe Bob,WR,South Florida,3,0,0,0,0,0,0,0,0,0,0,0
7579,Joe Bob,OG,South Florida,4,0,0,0,0,0,0,0,0,0,0,0
7580,Joe Bob,OG,South Florida,4,0,0,0,0,0,0,0,0,0,0,0
7581,Joe Bob,WR,South Florida,4,0,0,0,0,0,0,0,0,0,0,0
7582,Joe Bob,OG,South Florida,4,0,0,0,0,0,0,0,0,0,0,0
7583,Joe Bob,OG,South Florida,3,0,0,0,0,0,0,0,0,0,0,0
7584,Joe Bob,OG,South Florida,2,0,0,0,0,0,0,0,0,0,0,0
7585,Joe Bob,OG,South Florida,1,0,0,0,0,0,0,0,0,0,0,0
7586,Joe Bob,WR,South Florida,1,0,0,0,0,0,0,0,0,0,0,0
7587,Joe Bob,OG,South Florida,1,0,0,0,0,0,0,0,0,0,0,0
7588,Joe Bob,OG,South Florida,2,0,0,0,0,0,0,0,0,0,0,0
7589,Joe Bob,OG,South Florida,2,0,0,0,0,0,0,0,0,0,0,0
7590,Joe Bob,OG,South Florida,2,0,0,0,0,0,0,0,0,0,0,0
7591,Joe Bob,OG,South Florida,3,0,0,0,0,0,0,0,0,0,0,0
7592,Joe Bob,WR,South Florida,2,0,0,0,0,0,0,0,0,0,0,0
7593,Joe Bob,OG,South Florida,3,0,0,0,0,0,0,0,0,0,0,0
7594,Joe Bob,RB,South Florida,3,0,0,0,0,0,0,0,0,0,0,0
7595,Joe Bob,OG,South Florida,4,0,0,0,0,0,0,0,0,0,0,0
7596,Joe Bob,OG,South Florida,3,0,0,0,0,0,0,0,0,0,0,0
7597,Joe Bob,WR,South Florida,3,0,0,0,0,0,0,0,0,0,0,0
7598,Joe Bob,OG,South Florida,4,0,0,0,0,0,0,0,0,0,0,0
7599,Joe Bob,OT,South Florida,4,0,0,0,0,0,0,0,0,0,0,0
7600,Joe Bob,OG,South Florida,3,0,0,0,0,0,0,0,0,0,0,0
7601,Joe Bob,OG,South Florida,4,0,0,0,0,0,0,0,0,0,0,0
7602,Joe Bob,OG,South Florida,3,0,0,0,0,0,0,0,0,0,0,0
7603,Joe Bob,OT,South Florida,1,0,0,0,0,0,0,0,0,0,0,0
7604,Joe Bob,QB,South Florida,1,0,0,0,0,0,0,0,0,0,0,0
7605,Joe Bob,OG,South Florida,4,0,0,0,0,0,0,0,0,0,0,0
7606,Joe Bob,OG,South Florida,1,0,0,0,0,0,0,0,0,0,0,0
7607,Joe Bob,OG,South Florida,4,0,0,0,0,0,0,0,0,0,0,0
7608,Joe Bob,OG,South Florida,3,0,0,0,0,0,0,0,0,0,0,0
7609,Joe Bob,OG,South Florida,1,0,0,0,0,0,0,0,0,0,0,0
7610,Joe Bob,OG,South Florida,2,0,0,0,0,0,0,0,0,0,0,0
7611,Joe Bob,OG,South Florida,3,0,0,0,0,0,0,0,0,0,0,0
7612,Joe Bob,OG,South Florida,1,0,0,0,0,0,0,0,0,0,0,0
7613,Joe Bob,OG,South Florida,3,0,0,0,0,0,0,0,0,0,0,0
7614,Joe Bob,OG,South Florida,3,0,0,0,0,0,0,0,0,0,0,0
7615,Joe Bob,WR,South Florida,2,0,0,0,0,0,0,0,0,0,0,0
7616,Joe Bob,OG,South Florida,4,0,0,0,0,0,0,0,0,0,0,0
7617,Joe Bob,OG,South Florida,3,0,0,0,0,0,0,0,0,0,0,0
7618,Joe Bob,WR,South Florida,4,0,0,0,0,0,0,0,0,0,0,0
7619,Joe Bob,OG,South Florida,4,0,0,0,0,0,0,0,0,0,0,0
7620,Joe Bob,OG,South Florida,3,0,0,0,0,0,0,0,0,0,0,0
7621,Joe Bob,OT,South Florida,2,0,0,0,0,0,0,0,0,0,0,0
7622,Joe Bob,OG,South Florida,3,0,0,0,0,0,0,0,0,0,0,0
7623,Joe Bob,WR,South Florida,1,0,0,0,0,0,0,0,0,0,0,0
7624,Joe Bob,OT,South Florida,1,0,0,0,0,0,0,0,0,0,0,0
7625,Joe Bob,OG,South Florida,4,0,0,0,0,0,0,0,0,0,0,0
7626,Joe Bob,OG,South Florida,2,0,0,0,0,0,0,0,0,0,0,0
7627,Joe Bob,OG,South Florida,4,0,0,0,0,0,0,0,0,0,0,0
7628,Joe Bob,OG,South Florida,2,0,0,0,0,0,0,0,0,0,0,0
7629,Joe Bob,OG,South Florida,1,0,0,0,0,0,0,0,0,0,0,0
7630,Joe Bob,OG,South Florida,2,0,0,0,0,0,0,0,0,0,0,0
7631,Joe Bob,OG,South Florida,3,0,0,0,0,0,0,0,0,0,0,0
7632,Joe Bob,OG,South Florida,2,0,0,0,0,0,0,0,0,0,0,0
7633,Joe Bob,OG,South Florida,3,0,0,0,0,0,0,0,0,0,0,0
7634,Joe Bob,OG,South Florida,4,0,0,0,0,0,0,0,0,0,0,0
7635,Joe Bob,OG,South Florida,3,0,0,0,0,0,0,0,0,0,0,0
7636,Joe Bob,WR,South Florida,2,0,0,0,0,0,0,0,0,0,0,0
7637,Joe Bob,OT,South Florida,4,0,0,0,0,0,0,0,0,0,0,0
7638,Joe Bob,OT,South Florida,1,0,0,0,0,0,0,0,0,0,0,0
7639,Joe Bob,OG,South Florida,4,0,0,0,0,0,0,0,0,0,0,0
7640,Joe Bob,OG,South Florida,1,0,0,0,0,0,0,0,0,0,0,0
7641,Joe Bob,OG,South Florida,3,0,0,0,0,0,0,0,0,0,0,0
7642,Joe Bob,OG,South Florida,4,0,0,0,0,0,0,0,0,0,0,0
7643,Joe Bob,OG,South Florida,2,0,0,0,0,0,0,0,0,0,0,0
7644,Joe Bob,OG,South Florida,2,0,0,0,0,0,0,0,0,0,0,0
7645,Joe Bob,OG,South Florida,1,0,0,0,0,0,0,0,0,0,0,0
7646,Joe Bob,OG,South Florida,3,0,0,0,0,0,0,0,0,0,0,0
7647,Joe Bob,OG,South Florida,4,0,0,0,0,0,0,0,0,0,0,0
7648,Joe Bob,OG,South Florida,3,0,0,0,0,0,0,0,0,0,0,0
7649,Joe Bob,OT,South Florida,3,0,0,0,0,0,0,0,0,0,0,0
7650,Joe Bob,WR,South Florida,3,0,0,0,0,0,0,0,0,0,0,0
7651,Joe Bob,FB,Stanford,1,0,0,0,0,0,0,0,0,0,0,0
7652,Joe Bob,OG,Stanford,4,0,0,0,0,0,0,0,0,0,0,0
7653,Joe Bob,OG,Stanford,4,0,0,0,0,0,0,0,0,0,0,0
7654,Joe Bob,OG,Stanford,4,0,0,0,0,0,0,0,0,0,0,0
7655,Joe Bob,OG,Stanford,4,0,0,0,0,0,0,0,0,0,0,0
7656,Joe Bob,FB,Stanford,1,0,0,0,0,0,0,0,0,0,0,0
7657,Joe Bob,OG,Stanford,1,0,0,0,0,0,0,0,0,0,0,0
7658,Joe Bob,WR,Stanford,2,0,0,0,0,0,0,0,0,0,0,0
7659,Joe Bob,OG,Stanford,4,0,0,0,0,0,0,0,0,0,0,0
7660,Joe Bob,OG,Stanford,2,0,0,0,0,0,0,0,0,0,0,0
7661,Joe Bob,OG,Stanford,2,0,0,0,0,0,0,0,0,0,0,0
7662,Joe Bob,RB,Stanford,2,0,0,0,0,0,0,0,0,0,0,0
7663,Joe Bob,OG,Stanford,2,0,0,0,0,0,0,0,0,0,0,0
7664,Joe Bob,OG,Stanford,2,0,0,0,0,0,0,0,0,0,0,0
7665,Joe Bob,WR,Stanford,3,0,0,0,0,0,0,0,0,0,0,0
7666,Joe Bob,OG,Stanford,2,0,0,0,0,0,0,0,0,0,0,0
7667,Joe Bob,WR,Stanford,1,0,0,0,0,0,0,0,0,0,0,0
7668,Joe Bob,OG,Stanford,2,0,0,0,0,0,0,0,0,0,0,0
7669,Joe Bob,WR,Stanford,1,0,0,0,0,0,0,0,0,0,0,0
7670,Joe Bob,OG,Stanford,3,0,0,0,0,0,0,0,0,0,0,0
7671,Joe Bob,OG,Stanford,3,0,0,0,0,0,0,0,0,0,0,0
7672,Joe Bob,OG,Stanford,2,0,0,0,0,0,0,0,0,0,0,0
7673,Joe Bob,OG,Stanford,3,0,0,0,0,0,0,0,0,0,0,0
7674,Joe Bob,QB,Stanford,2,0,0,0,0,0,0,0,0,0,0,0
7675,Joe Bob,OG,Stanford,4,0,0,0,0,0,0,0,0,0,0,0
7676,Joe Bob,OG,Stanford,4,0,0,0,0,0,0,0,0,0,0,0
7677,Joe Bob,OT,Stanford,4,0,0,0,0,0,0,0,0,0,0,0
7678,Joe Bob,FB,Stanford,1,0,0,0,0,0,0,0,0,0,0,0
7679,Joe Bob,OG,Stanford,3,0,0,0,0,0,0,0,0,0,0,0
7680,Joe Bob,WR,Stanford,1,0,0,0,0,0,0,0,0,0,0,0
7681,Joe Bob,OT,Stanford,1,0,0,0,0,0,0,0,0,0,0,0
7682,Joe Bob,OG,Stanford,4,0,0,0,0,0,0,0,0,0,0,0
7683,Joe Bob,OT,Stanford,2,0,0,0,0,0,0,0,0,0,0,0
7684,Joe Bob,OG,Stanford,1,0,0,0,0,0,0,0,0,0,0,0
7685,Joe Bob,OG,Stanford,1,0,0,0,0,0,0,0,0,0,0,0
7686,Joe Bob,OG,Stanford,2,0,0,0,0,0,0,0,0,0,0,0
7687,Joe Bob,OG,Stanford,1,0,0,0,0,0,0,0,0,0,0,0
7688,Joe Bob,OG,Stanford,4,0,0,0,0,0,0,0,0,0,0,0
7689,Joe Bob,OG,Stanford,1,0,0,0,0,0,0,0,0,0,0,0
7690,Joe Bob,OG,Stanford,3,0,0,0,0,0,0,0,0,0,0,0
7691,Joe Bob,OG,Stanford,3,0,0,0,0,0,0,0,0,0,0,0
7692,Joe Bob,OT,Stanford,2,0,0,0,0,0,0,0,0,0,0,0
7693,Joe Bob,OG,Stanford,4,0,0,0,0,0,0,0,0,0,0,0
7694,Joe Bob,RB,Stanford,2,0,0,0,0,0,0,0,0,0,0,0
7695,Joe Bob,OG,Stanford,4,0,0,0,0,0,0,0,0,0,0,0
7696,Joe Bob,QB,Stanford,3,0,0,0,0,0,0,0,0,0,0,0
7697,Joe Bob,WR,Stanford,4,0,0,0,0,0,0,0,0,0,0,0
7698,Joe Bob,OG,Stanford,1,0,0,0,0,0,0,0,0,0,0,0
7699,Joe Bob,OG,Stanford,4,0,0,0,0,0,0,0,0,0,0,0
7700,Joe Bob,WR,Stanford,1,0,0,0,0,0,0,0,0,0,0,0
7701,Joe Bob,OG,Stanford,2,0,0,0,0,0,0,0,0,0,0,0
7702,Joe Bob,OG,Stanford,1,0,0,0,0,0,0,0,0,0,0,0
7703,Joe Bob,OG,Stanford,3,0,0,0,0,0,0,0,0,0,0,0
7704,Joe Bob,OG,Stanford,2,0,0,0,0,0,0,0,0,0,0,0
7705,Joe Bob,OG,Stanford,2,0,0,0,0,0,0,0,0,0,0,0
7706,Joe Bob,OG,Stanford,2,0,0,0,0,0,0,0,0,0,0,0
7707,Joe Bob,WR,Stanford,3,0,0,0,0,0,0,0,0,0,0,0
7708,Joe Bob,OG,Stanford,1,0,0,0,0,0,0,0,0,0,0,0
7709,Joe Bob,OG,Stanford,2,0,0,0,0,0,0,0,0,0,0,0
7710,Joe Bob,OG,Stanford,4,0,0,0,0,0,0,0,0,0,0,0
7711,Joe Bob,OG,Stanford,4,0,0,0,0,0,0,0,0,0,0,0
7712,Joe Bob,OG,Stanford,4,0,0,0,0,0,0,0,0,0,0,0
7713,Joe Bob,WR,Stanford,1,0,0,0,0,0,0,0,0,0,0,0
7714,Joe Bob,OG,Stanford,2,0,0,0,0,0,0,0,0,0,0,0
7715,Joe Bob,OT,Stanford,1,0,0,0,0,0,0,0,0,0,0,0
7716,Joe Bob,OG,Stanford,4,0,0,0,0,0,0,0,0,0,0,0
7717,Joe Bob,OG,Stanford,1,0,0,0,0,0,0,0,0,0,0,0
7718,Joe Bob,OG,Stanford,3,0,0,0,0,0,0,0,0,0,0,0
7719,Joe Bob,OG,Stanford,2,0,0,0,0,0,0,0,0,0,0,0
7720,Joe Bob,OG,Stanford,2,0,0,0,0,0,0,0,0,0,0,0
7721,Joe Bob,OG,Stanford,2,0,0,0,0,0,0,0,0,0,0,0
7722,Joe Bob,WR,Stanford,2,0,0,0,0,0,0,0,0,0,0,0
7723,Joe Bob,OG,Stanford,3,0,0,0,0,0,0,0,0,0,0,0
7724,Joe Bob,OG,Stanford,3,0,0,0,0,0,0,0,0,0,0,0
7725,Joe Bob,OG,Stanford,3,0,0,0,0,0,0,0,0,0,0,0
7726,Joe Bob,FB,Syracuse,2,0,0,0,0,0,0,0,0,0,0,0
7727,Joe Bob,WR,Syracuse,4,0,0,0,0,0,0,0,0,0,0,0
7728,Joe Bob,WR,Syracuse,1,0,0,0,0,0,0,0,0,0,0,0
7729,Joe Bob,OG,Syracuse,4,0,0,0,0,0,0,0,0,0,0,0
7730,Joe Bob,WR,Syracuse,4,0,0,0,0,0,0,0,0,0,0,0
7731,Joe Bob,OG,Syracuse,4,0,0,0,0,0,0,0,0,0,0,0
7732,Joe Bob,OG,Syracuse,1,0,0,0,0,0,0,0,0,0,0,0
7733,Joe Bob,OT,Syracuse,1,0,0,0,0,0,0,0,0,0,0,0
7734,Joe Bob,OG,Syracuse,1,0,0,0,0,0,0,0,0,0,0,0
7735,Joe Bob,OG,Syracuse,1,0,0,0,0,0,0,0,0,0,0,0
7736,Joe Bob,OG,Syracuse,4,0,0,0,0,0,0,0,0,0,0,0
7737,Joe Bob,OG,Syracuse,1,0,0,0,0,0,0,0,0,0,0,0
7738,Joe Bob,OG,Syracuse,3,0,0,0,0,0,0,0,0,0,0,0
7739,Joe Bob,OG,Syracuse,4,0,0,0,0,0,0,0,0,0,0,0
7740,Joe Bob,OT,Syracuse,2,0,0,0,0,0,0,0,0,0,0,0
7741,Joe Bob,OG,Syracuse,1,0,0,0,0,0,0,0,0,0,0,0
7742,Joe Bob,OG,Syracuse,2,0,0,0,0,0,0,0,0,0,0,0
7743,Joe Bob,OG,Syracuse,2,0,0,0,0,0,0,0,0,0,0,0
7744,Joe Bob,QB,Syracuse,3,0,0,0,0,0,0,0,0,0,0,0
7745,Joe Bob,OG,Syracuse,3,0,0,0,0,0,0,0,0,0,0,0
7746,Joe Bob,OG,Syracuse,2,0,0,0,0,0,0,0,0,0,0,0
7747,Joe Bob,OG,Syracuse,4,0,0,0,0,0,0,0,0,0,0,0
7748,Joe Bob,WR,Syracuse,4,0,0,0,0,0,0,0,0,0,0,0
7749,Joe Bob,OT,Syracuse,3,0,0,0,0,0,0,0,0,0,0,0
7750,Joe Bob,OG,Syracuse,4,0,0,0,0,0,0,0,0,0,0,0
7751,Joe Bob,WR,Syracuse,4,0,0,0,0,0,0,0,0,0,0,0
7752,Joe Bob,OT,Syracuse,4,0,0,0,0,0,0,0,0,0,0,0
7753,Joe Bob,QB,Syracuse,1,0,0,0,0,0,0,0,0,0,0,0
7754,Joe Bob,OG,Syracuse,1,0,0,0,0,0,0,0,0,0,0,0
7755,Joe Bob,RB,Syracuse,1,0,0,0,0,0,0,0,0,0,0,0
7756,Joe Bob,OG,Syracuse,4,0,0,0,0,0,0,0,0,0,0,0
7757,Joe Bob,OG,Syracuse,2,0,0,0,0,0,0,0,0,0,0,0
7758,Joe Bob,OG,Syracuse,2,0,0,0,0,0,0,0,0,0,0,0
7759,Joe Bob,OG,Syracuse,1,0,0,0,0,0,0,0,0,0,0,0
7760,Joe Bob,OG,Syracuse,3,0,0,0,0,0,0,0,0,0,0,0
7761,Joe Bob,OG,Syracuse,1,0,0,0,0,0,0,0,0,0,0,0
7762,Joe Bob,OG,Syracuse,3,0,0,0,0,0,0,0,0,0,0,0
7763,Joe Bob,OG,Syracuse,2,0,0,0,0,0,0,0,0,0,0,0
7764,Joe Bob,WR,Syracuse,3,0,0,0,0,0,0,0,0,0,0,0
7765,Joe Bob,RB,Syracuse,3,0,0,0,0,0,0,0,0,0,0,0
7766,Joe Bob,OG,Syracuse,3,0,0,0,0,0,0,0,0,0,0,0
7767,Joe Bob,OG,Syracuse,4,0,0,0,0,0,0,0,0,0,0,0
7768,Joe Bob,OG,Syracuse,3,0,0,0,0,0,0,0,0,0,0,0
7769,Joe Bob,OG,Syracuse,3,0,0,0,0,0,0,0,0,0,0,0
7770,Joe Bob,OT,Syracuse,2,0,0,0,0,0,0,0,0,0,0,0
7771,Joe Bob,OT,Syracuse,1,0,0,0,0,0,0,0,0,0,0,0
7772,Joe Bob,OG,Syracuse,1,0,0,0,0,0,0,0,0,0,0,0
7773,Joe Bob,QB,Syracuse,1,0,0,0,0,0,0,0,0,0,0,0
7774,Joe Bob,OG,Syracuse,2,0,0,0,0,0,0,0,0,0,0,0
7775,Joe Bob,OG,Syracuse,3,0,0,0,0,0,0,0,0,0,0,0
7776,Joe Bob,OG,Syracuse,1,0,0,0,0,0,0,0,0,0,0,0
7777,Joe Bob,OG,Syracuse,4,0,0,0,0,0,0,0,0,0,0,0
7778,Joe Bob,FB,Syracuse,1,0,0,0,0,0,0,0,0,0,0,0
7779,Joe Bob,WR,Syracuse,3,0,0,0,0,0,0,0,0,0,0,0
7780,Joe Bob,OG,Syracuse,4,0,0,0,0,0,0,0,0,0,0,0
7781,Joe Bob,OG,Syracuse,4,0,0,0,0,0,0,0,0,0,0,0
7782,Joe Bob,WR,Syracuse,3,0,0,0,0,0,0,0,0,0,0,0
7783,Joe Bob,OT,Syracuse,3,0,0,0,0,0,0,0,0,0,0,0
7784,Joe Bob,OG,Syracuse,4,0,0,0,0,0,0,0,0,0,0,0
7785,Joe Bob,OG,Syracuse,1,0,0,0,0,0,0,0,0,0,0,0
7786,Joe Bob,FB,Syracuse,1,0,0,0,0,0,0,0,0,0,0,0
7787,Joe Bob,OG,Syracuse,1,0,0,0,0,0,0,0,0,0,0,0
7788,Joe Bob,OG,Syracuse,4,0,0,0,0,0,0,0,0,0,0,0
7789,Joe Bob,OG,Syracuse,4,0,0,0,0,0,0,0,0,0,0,0
7790,Joe Bob,OG,Syracuse,3,0,0,0,0,0,0,0,0,0,0,0
7791,Joe Bob,OG,Syracuse,2,0,0,0,0,0,0,0,0,0,0,0
7792,Joe Bob,OG,Syracuse,2,0,0,0,0,0,0,0,0,0,0,0
7793,Joe Bob,OG,Syracuse,1,0,0,0,0,0,0,0,0,0,0,0
7794,Joe Bob,OG,Syracuse,2,0,0,0,0,0,0,0,0,0,0,0
7795,Joe Bob,QB,Syracuse,3,0,0,0,0,0,0,0,0,0,0,0
7796,Joe Bob,FB,Syracuse,3,0,0,0,0,0,0,0,0,0,0,0
7797,Joe Bob,OG,Syracuse,3,0,0,0,0,0,0,0,0,0,0,0
7798,Joe Bob,WR,Syracuse,2,0,0,0,0,0,0,0,0,0,0,0
7799,Joe Bob,WR,Syracuse,4,0,0,0,0,0,0,0,0,0,0,0
7800,Joe Bob,WR,Syracuse,4,0,0,0,0,0,0,0,0,0,0,0
7801,Joe Bob,OG,TCU,1,0,0,0,0,0,0,0,0,0,0,0
7802,Joe Bob,OT,TCU,3,0,0,0,0,0,0,0,0,0,0,0
7803,Joe Bob,OT,TCU,4,0,0,0,0,0,0,0,0,0,0,0
7804,Joe Bob,OG,TCU,1,0,0,0,0,0,0,0,0,0,0,0
7805,Joe Bob,OG,TCU,1,0,0,0,0,0,0,0,0,0,0,0
7806,Joe Bob,OG,TCU,4,0,0,0,0,0,0,0,0,0,0,0
7807,Joe Bob,QB,TCU,1,0,0,0,0,0,0,0,0,0,0,0
7808,Joe Bob,OG,TCU,4,0,0,0,0,0,0,0,0,0,0,0
7809,Joe Bob,OT,TCU,2,0,0,0,0,0,0,0,0,0,0,0
7810,Joe Bob,OG,TCU,2,0,0,0,0,0,0,0,0,0,0,0
7811,Joe Bob,OG,TCU,2,0,0,0,0,0,0,0,0,0,0,0
7812,Joe Bob,OG,TCU,1,0,0,0,0,0,0,0,0,0,0,0
7813,Joe Bob,OG,TCU,1,0,0,0,0,0,0,0,0,0,0,0
7814,Joe Bob,OG,TCU,4,0,0,0,0,0,0,0,0,0,0,0
7815,Joe Bob,OG,TCU,2,0,0,0,0,0,0,0,0,0,0,0
7816,Joe Bob,OG,TCU,3,0,0,0,0,0,0,0,0,0,0,0
7817,Joe Bob,OG,TCU,4,0,0,0,0,0,0,0,0,0,0,0
7818,Joe Bob,QB,TCU,2,0,0,0,0,0,0,0,0,0,0,0
7819,Joe Bob,OG,TCU,3,0,0,0,0,0,0,0,0,0,0,0
7820,Joe Bob,OG,TCU,4,0,0,0,0,0,0,0,0,0,0,0
7821,Joe Bob,OG,TCU,4,0,0,0,0,0,0,0,0,0,0,0
7822,Joe Bob,QB,TCU,1,0,0,0,0,0,0,0,0,0,0,0
7823,Joe Bob,WR,TCU,3,0,0,0,0,0,0,0,0,0,0,0
7824,Joe Bob,OT,TCU,1,0,0,0,0,0,0,0,0,0,0,0
7825,Joe Bob,WR,TCU,1,0,0,0,0,0,0,0,0,0,0,0
7826,Joe Bob,OG,TCU,4,0,0,0,0,0,0,0,0,0,0,0
7827,Joe Bob,OG,TCU,3,0,0,0,0,0,0,0,0,0,0,0
7828,Joe Bob,OG,TCU,3,0,0,0,0,0,0,0,0,0,0,0
7829,Joe Bob,OG,TCU,2,0,0,0,0,0,0,0,0,0,0,0
7830,Joe Bob,OG,TCU,1,0,0,0,0,0,0,0,0,0,0,0
7831,Joe Bob,OG,TCU,3,0,0,0,0,0,0,0,0,0,0,0
7832,Joe Bob,OG,TCU,3,0,0,0,0,0,0,0,0,0,0,0
7833,Joe Bob,OG,TCU,1,0,0,0,0,0,0,0,0,0,0,0
7834,Joe Bob,OG,TCU,3,0,0,0,0,0,0,0,0,0,0,0
7835,Joe Bob,OG,TCU,2,0,0,0,0,0,0,0,0,0,0,0
7836,Joe Bob,QB,TCU,3,0,0,0,0,0,0,0,0,0,0,0
7837,Joe Bob,RB,TCU,4,0,0,0,0,0,0,0,0,0,0,0
7838,Joe Bob,OG,TCU,2,0,0,0,0,0,0,0,0,0,0,0
7839,Joe Bob,QB,TCU,4,0,0,0,0,0,0,0,0,0,0,0
7840,Joe Bob,OG,TCU,1,0,0,0,0,0,0,0,0,0,0,0
7841,Joe Bob,OG,TCU,1,0,0,0,0,0,0,0,0,0,0,0
7842,Joe Bob,OG,TCU,2,0,0,0,0,0,0,0,0,0,0,0
7843,Joe Bob,OG,TCU,4,0,0,0,0,0,0,0,0,0,0,0
7844,Joe Bob,OG,TCU,3,0,0,0,0,0,0,0,0,0,0,0
7845,Joe Bob,OG,TCU,1,0,0,0,0,0,0,0,0,0,0,0
7846,Joe Bob,OG,TCU,2,0,0,0,0,0,0,0,0,0,0,0
7847,Joe Bob,OG,TCU,3,0,0,0,0,0,0,0,0,0,0,0
7848,Joe Bob,OG,TCU,2,0,0,0,0,0,0,0,0,0,0,0
7849,Joe Bob,OG,TCU,3,0,0,0,0,0,0,0,0,0,0,0
7850,Joe Bob,FB,TCU,3,0,0,0,0,0,0,0,0,0,0,0
7851,Joe Bob,RB,TCU,3,0,0,0,0,0,0,0,0,0,0,0
7852,Joe Bob,OG,TCU,4,0,0,0,0,0,0,0,0,0,0,0
7853,Joe Bob,OG,TCU,4,0,0,0,0,0,0,0,0,0,0,0
7854,Joe Bob,WR,TCU,4,0,0,0,0,0,0,0,0,0,0,0
7855,Joe Bob,OG,TCU,4,0,0,0,0,0,0,0,0,0,0,0
7856,Joe Bob,OT,TCU,3,0,0,0,0,0,0,0,0,0,0,0
7857,Joe Bob,OG,TCU,2,0,0,0,0,0,0,0,0,0,0,0
7858,Joe Bob,OG,TCU,1,0,0,0,0,0,0,0,0,0,0,0
7859,Joe Bob,OG,TCU,1,0,0,0,0,0,0,0,0,0,0,0
7860,Joe Bob,OG,TCU,1,0,0,0,0,0,0,0,0,0,0,0
7861,Joe Bob,OG,TCU,1,0,0,0,0,0,0,0,0,0,0,0
7862,Joe Bob,OG,TCU,2,0,0,0,0,0,0,0,0,0,0,0
7863,Joe Bob,OG,TCU,2,0,0,0,0,0,0,0,0,0,0,0
7864,Joe Bob,OG,TCU,2,0,0,0,0,0,0,0,0,0,0,0
7865,Joe Bob,WR,TCU,1,0,0,0,0,0,0,0,0,0,0,0
7866,Joe Bob,OG,TCU,4,0,0,0,0,0,0,0,0,0,0,0
7867,Joe Bob,OG,TCU,3,0,0,0,0,0,0,0,0,0,0,0
7868,Joe Bob,OT,TCU,3,0,0,0,0,0,0,0,0,0,0,0
7869,Joe Bob,OG,TCU,2,0,0,0,0,0,0,0,0,0,0,0
7870,Joe Bob,FB,TCU,4,0,0,0,0,0,0,0,0,0,0,0
7871,Joe Bob,OT,TCU,1,0,0,0,0,0,0,0,0,0,0,0
7872,Joe Bob,RB,TCU,4,0,0,0,0,0,0,0,0,0,0,0
7873,Joe Bob,OG,TCU,4,0,0,0,0,0,0,0,0,0,0,0
7874,Joe Bob,QB,TCU,4,0,0,0,0,0,0,0,0,0,0,0
7875,Joe Bob,OG,TCU,2,0,0,0,0,0,0,0,0,0,0,0
7876,Joe Bob,OT,Temple,4,0,0,0,0,0,0,0,0,0,0,0
7877,Joe Bob,OT,Temple,1,0,0,0,0,0,0,0,0,0,0,0
7878,Joe Bob,OG,Temple,4,0,0,0,0,0,0,0,0,0,0,0
7879,Joe Bob,OG,Temple,1,0,0,0,0,0,0,0,0,0,0,0
7880,Joe Bob,OG,Temple,3,0,0,0,0,0,0,0,0,0,0,0
7881,Joe Bob,OG,Temple,3,0,0,0,0,0,0,0,0,0,0,0
7882,Joe Bob,OG,Temple,1,0,0,0,0,0,0,0,0,0,0,0
7883,Joe Bob,OG,Temple,2,0,0,0,0,0,0,0,0,0,0,0
7884,Joe Bob,OG,Temple,3,0,0,0,0,0,0,0,0,0,0,0
7885,Joe Bob,OG,Temple,1,0,0,0,0,0,0,0,0,0,0,0
7886,Joe Bob,OG,Temple,2,0,0,0,0,0,0,0,0,0,0,0
7887,Joe Bob,OG,Temple,3,0,0,0,0,0,0,0,0,0,0,0
7888,Joe Bob,RB,Temple,2,0,0,0,0,0,0,0,0,0,0,0
7889,Joe Bob,OG,Temple,4,0,0,0,0,0,0,0,0,0,0,0
7890,Joe Bob,OG,Temple,2,0,0,0,0,0,0,0,0,0,0,0
7891,Joe Bob,WR,Temple,4,0,0,0,0,0,0,0,0,0,0,0
7892,Joe Bob,OG,Temple,4,0,0,0,0,0,0,0,0,0,0,0
7893,Joe Bob,OG,Temple,3,0,0,0,0,0,0,0,0,0,0,0
7894,Joe Bob,WR,Temple,2,0,0,0,0,0,0,0,0,0,0,0
7895,Joe Bob,OG,Temple,2,0,0,0,0,0,0,0,0,0,0,0
7896,Joe Bob,QB,Temple,1,0,0,0,0,0,0,0,0,0,0,0
7897,Joe Bob,WR,Temple,1,0,0,0,0,0,0,0,0,0,0,0
7898,Joe Bob,OG,Temple,4,0,0,0,0,0,0,0,0,0,0,0
7899,Joe Bob,OG,Temple,2,0,0,0,0,0,0,0,0,0,0,0
7900,Joe Bob,OG,Temple,4,0,0,0,0,0,0,0,0,0,0,0
7901,Joe Bob,OG,Temple,2,0,0,0,0,0,0,0,0,0,0,0
7902,Joe Bob,OG,Temple,1,0,0,0,0,0,0,0,0,0,0,0
7903,Joe Bob,OG,Temple,2,0,0,0,0,0,0,0,0,0,0,0
7904,Joe Bob,OG,Temple,3,0,0,0,0,0,0,0,0,0,0,0
7905,Joe Bob,OG,Temple,1,0,0,0,0,0,0,0,0,0,0,0
7906,Joe Bob,OG,Temple,2,0,0,0,0,0,0,0,0,0,0,0
7907,Joe Bob,OG,Temple,3,0,0,0,0,0,0,0,0,0,0,0
7908,Joe Bob,WR,Temple,2,0,0,0,0,0,0,0,0,0,0,0
7909,Joe Bob,OG,Temple,1,0,0,0,0,0,0,0,0,0,0,0
7910,Joe Bob,OG,Temple,3,0,0,0,0,0,0,0,0,0,0,0
7911,Joe Bob,OG,Temple,1,0,0,0,0,0,0,0,0,0,0,0
7912,Joe Bob,OG,Temple,4,0,0,0,0,0,0,0,0,0,0,0
7913,Joe Bob,OG,Temple,4,0,0,0,0,0,0,0,0,0,0,0
7914,Joe Bob,OG,Temple,2,0,0,0,0,0,0,0,0,0,0,0
7915,Joe Bob,OG,Temple,1,0,0,0,0,0,0,0,0,0,0,0
7916,Joe Bob,OT,Temple,2,0,0,0,0,0,0,0,0,0,0,0
7917,Joe Bob,OG,Temple,2,0,0,0,0,0,0,0,0,0,0,0
7918,Joe Bob,OG,Temple,1,0,0,0,0,0,0,0,0,0,0,0
7919,Joe Bob,OG,Temple,2,0,0,0,0,0,0,0,0,0,0,0
7920,Joe Bob,OG,Temple,3,0,0,0,0,0,0,0,0,0,0,0
7921,Joe Bob,OG,Temple,3,0,0,0,0,0,0,0,0,0,0,0
7922,Joe Bob,WR,Temple,3,0,0,0,0,0,0,0,0,0,0,0
7923,Joe Bob,OG,Temple,3,0,0,0,0,0,0,0,0,0,0,0
7924,Joe Bob,OG,Temple,4,0,0,0,0,0,0,0,0,0,0,0
7925,Joe Bob,OG,Temple,3,0,0,0,0,0,0,0,0,0,0,0
7926,Joe Bob,OG,Temple,4,0,0,0,0,0,0,0,0,0,0,0
7927,Joe Bob,OG,Temple,4,0,0,0,0,0,0,0,0,0,0,0
7928,Joe Bob,OG,Temple,3,0,0,0,0,0,0,0,0,0,0,0
7929,Joe Bob,RB,Temple,1,0,0,0,0,0,0,0,0,0,0,0
7930,Joe Bob,OG,Temple,1,0,0,0,0,0,0,0,0,0,0,0
7931,Joe Bob,WR,Temple,2,0,0,0,0,0,0,0,0,0,0,0
7932,Joe Bob,OG,Temple,4,0,0,0,0,0,0,0,0,0,0,0
7933,Joe Bob,OG,Temple,3,0,0,0,0,0,0,0,0,0,0,0
7934,Joe Bob,OG,Temple,2,0,0,0,0,0,0,0,0,0,0,0
7935,Joe Bob,OG,Temple,2,0,0,0,0,0,0,0,0,0,0,0
7936,Joe Bob,OG,Temple,2,0,0,0,0,0,0,0,0,0,0,0
7937,Joe Bob,OG,Temple,2,0,0,0,0,0,0,0,0,0,0,0
7938,Joe Bob,WR,Temple,3,0,0,0,0,0,0,0,0,0,0,0
7939,Joe Bob,OG,Temple,3,0,0,0,0,0,0,0,0,0,0,0
7940,Joe Bob,WR,Temple,3,0,0,0,0,0,0,0,0,0,0,0
7941,Joe Bob,OG,Temple,3,0,0,0,0,0,0,0,0,0,0,0
7942,Joe Bob,FB,Temple,2,0,0,0,0,0,0,0,0,0,0,0
7943,Joe Bob,FB,Temple,4,0,0,0,0,0,0,0,0,0,0,0
7944,Joe Bob,OG,Temple,3,0,0,0,0,0,0,0,0,0,0,0
7945,Joe Bob,OG,Temple,1,0,0,0,0,0,0,0,0,0,0,0
7946,Joe Bob,OG,Temple,3,0,0,0,0,0,0,0,0,0,0,0
7947,Joe Bob,OG,Temple,2,0,0,0,0,0,0,0,0,0,0,0
7948,Joe Bob,OG,Temple,4,0,0,0,0,0,0,0,0,0,0,0
7949,Joe Bob,OG,Temple,3,0,0,0,0,0,0,0,0,0,0,0
7950,Joe Bob,RB,Temple,4,0,0,0,0,0,0,0,0,0,0,0
7951,Joe Bob,QB,Tennessee,1,0,0,0,0,0,0,0,0,0,0,0
7952,Joe Bob,OG,Tennessee,3,0,0,0,0,0,0,0,0,0,0,0
7953,Joe Bob,RB,Tennessee,1,0,0,0,0,0,0,0,0,0,0,0
7954,Joe Bob,OG,Tennessee,1,0,0,0,0,0,0,0,0,0,0,0
7955,Joe Bob,OG,Tennessee,4,0,0,0,0,0,0,0,0,0,0,0
7956,Joe Bob,WR,Tennessee,2,0,0,0,0,0,0,0,0,0,0,0
7957,Joe Bob,OG,Tennessee,1,0,0,0,0,0,0,0,0,0,0,0
7958,Joe Bob,OG,Tennessee,4,0,0,0,0,0,0,0,0,0,0,0
7959,Joe Bob,OT,Tennessee,2,0,0,0,0,0,0,0,0,0,0,0
7960,Joe Bob,OG,Tennessee,1,0,0,0,0,0,0,0,0,0,0,0
7961,Joe Bob,OG,Tennessee,3,0,0,0,0,0,0,0,0,0,0,0
7962,Joe Bob,OG,Tennessee,1,0,0,0,0,0,0,0,0,0,0,0
7963,Joe Bob,OG,Tennessee,3,0,0,0,0,0,0,0,0,0,0,0
7964,Joe Bob,OG,Tennessee,3,0,0,0,0,0,0,0,0,0,0,0
7965,Joe Bob,WR,Tennessee,2,0,0,0,0,0,0,0,0,0,0,0
7966,Joe Bob,OG,Tennessee,4,0,0,0,0,0,0,0,0,0,0,0
7967,Joe Bob,WR,Tennessee,2,0,0,0,0,0,0,0,0,0,0,0
7968,Joe Bob,OG,Tennessee,3,0,0,0,0,0,0,0,0,0,0,0
7969,Joe Bob,OG,Tennessee,3,0,0,0,0,0,0,0,0,0,0,0
7970,Joe Bob,WR,Tennessee,4,0,0,0,0,0,0,0,0,0,0,0
7971,Joe Bob,OG,Tennessee,1,0,0,0,0,0,0,0,0,0,0,0
7972,Joe Bob,OG,Tennessee,4,0,0,0,0,0,0,0,0,0,0,0
7973,Joe Bob,WR,Tennessee,4,0,0,0,0,0,0,0,0,0,0,0
7974,Joe Bob,OT,Tennessee,1,0,0,0,0,0,0,0,0,0,0,0
7975,Joe Bob,OG,Tennessee,4,0,0,0,0,0,0,0,0,0,0,0
7976,Joe Bob,OG,Tennessee,2,0,0,0,0,0,0,0,0,0,0,0
7977,Joe Bob,OG,Tennessee,1,0,0,0,0,0,0,0,0,0,0,0
7978,Joe Bob,OG,Tennessee,2,0,0,0,0,0,0,0,0,0,0,0
7979,Joe Bob,OG,Tennessee,2,0,0,0,0,0,0,0,0,0,0,0
7980,Joe Bob,OG,Tennessee,2,0,0,0,0,0,0,0,0,0,0,0
7981,Joe Bob,OG,Tennessee,1,0,0,0,0,0,0,0,0,0,0,0
7982,Joe Bob,OT,Tennessee,3,0,0,0,0,0,0,0,0,0,0,0
7983,Joe Bob,OG,Tennessee,4,0,0,0,0,0,0,0,0,0,0,0
7984,Joe Bob,OG,Tennessee,3,0,0,0,0,0,0,0,0,0,0,0
7985,Joe Bob,OG,Tennessee,4,0,0,0,0,0,0,0,0,0,0,0
7986,Joe Bob,WR,Tennessee,1,0,0,0,0,0,0,0,0,0,0,0
7987,Joe Bob,OT,Tennessee,1,0,0,0,0,0,0,0,0,0,0,0
7988,Joe Bob,OT,Tennessee,4,0,0,0,0,0,0,0,0,0,0,0
7989,Joe Bob,OG,Tennessee,4,0,0,0,0,0,0,0,0,0,0,0
7990,Joe Bob,OG,Tennessee,1,0,0,0,0,0,0,0,0,0,0,0
7991,Joe Bob,OG,Tennessee,2,0,0,0,0,0,0,0,0,0,0,0
7992,Joe Bob,OG,Tennessee,2,0,0,0,0,0,0,0,0,0,0,0
7993,Joe Bob,OG,Tennessee,2,0,0,0,0,0,0,0,0,0,0,0
7994,Joe Bob,OG,Tennessee,2,0,0,0,0,0,0,0,0,0,0,0
7995,Joe Bob,RB,Tennessee,1,0,0,0,0,0,0,0,0,0,0,0
7996,Joe Bob,OG,Tennessee,4,0,0,0,0,0,0,0,0,0,0,0
7997,Joe Bob,OT,Tennessee,3,0,0,0,0,0,0,0,0,0,0,0
7998,Joe Bob,OG,Tennessee,3,0,0,0,0,0,0,0,0,0,0,0
7999,Joe Bob,OG,Tennessee,2,0,0,0,0,0,0,0,0,0,0,0
8000,Joe Bob,FB,Tennessee,4,0,0,0,0,0,0,0,0,0,0,0
8001,Joe Bob,WR,Tennessee,1,0,0,0,0,0,0,0,0,0,0,0
8002,Joe Bob,OG,Tennessee,4,0,0,0,0,0,0,0,0,0,0,0
8003,Joe Bob,FB,Tennessee,4,0,0,0,0,0,0,0,0,0,0,0
8004,Joe Bob,OG,Tennessee,4,0,0,0,0,0,0,0,0,0,0,0
8005,Joe Bob,OG,Tennessee,1,0,0,0,0,0,0,0,0,0,0,0
8006,Joe Bob,OG,Tennessee,1,0,0,0,0,0,0,0,0,0,0,0
8007,Joe Bob,OG,Tennessee,1,0,0,0,0,0,0,0,0,0,0,0
8008,Joe Bob,OG,Tennessee,1,0,0,0,0,0,0,0,0,0,0,0
8009,Joe Bob,OG,Tennessee,1,0,0,0,0,0,0,0,0,0,0,0
8010,Joe Bob,OG,Tennessee,2,0,0,0,0,0,0,0,0,0,0,0
8011,Joe Bob,OG,Tennessee,3,0,0,0,0,0,0,0,0,0,0,0
8012,Joe Bob,WR,Tennessee,1,0,0,0,0,0,0,0,0,0,0,0
8013,Joe Bob,OG,Tennessee,1,0,0,0,0,0,0,0,0,0,0,0
8014,Joe Bob,OG,Tennessee,1,0,0,0,0,0,0,0,0,0,0,0
8015,Joe Bob,OG,Tennessee,2,0,0,0,0,0,0,0,0,0,0,0
8016,Joe Bob,OG,Tennessee,2,0,0,0,0,0,0,0,0,0,0,0
8017,Joe Bob,OG,Tennessee,2,0,0,0,0,0,0,0,0,0,0,0
8018,Joe Bob,OG,Tennessee,3,0,0,0,0,0,0,0,0,0,0,0
8019,Joe Bob,OG,Tennessee,2,0,0,0,0,0,0,0,0,0,0,0
8020,Joe Bob,OG,Tennessee,3,0,0,0,0,0,0,0,0,0,0,0
8021,Joe Bob,RB,Tennessee,4,0,0,0,0,0,0,0,0,0,0,0
8022,Joe Bob,WR,Tennessee,4,0,0,0,0,0,0,0,0,0,0,0
8023,Joe Bob,OG,Tennessee,4,0,0,0,0,0,0,0,0,0,0,0
8024,Joe Bob,WR,Tennessee,4,0,0,0,0,0,0,0,0,0,0,0
8025,Joe Bob,OT,Tennessee,3,0,0,0,0,0,0,0,0,0,0,0
8026,Joe Bob,OG,Texas,4,0,0,0,0,0,0,0,0,0,0,0
8027,Joe Bob,OG,Texas,4,0,0,0,0,0,0,0,0,0,0,0
8028,Joe Bob,OG,Texas,1,0,0,0,0,0,0,0,0,0,0,0
8029,Joe Bob,OG,Texas,4,0,0,0,0,0,0,0,0,0,0,0
8030,Joe Bob,OG,Texas,2,0,0,0,0,0,0,0,0,0,0,0
8031,Joe Bob,OG,Texas,2,0,0,0,0,0,0,0,0,0,0,0
8032,Joe Bob,RB,Texas,1,0,0,0,0,0,0,0,0,0,0,0
8033,Joe Bob,OG,Texas,3,0,0,0,0,0,0,0,0,0,0,0
8034,Joe Bob,OG,Texas,1,0,0,0,0,0,0,0,0,0,0,0
8035,Joe Bob,OG,Texas,3,0,0,0,0,0,0,0,0,0,0,0
8036,Joe Bob,OG,Texas,1,0,0,0,0,0,0,0,0,0,0,0
8037,Joe Bob,OG,Texas,3,0,0,0,0,0,0,0,0,0,0,0
8038,Joe Bob,QB,Texas,3,0,0,0,0,0,0,0,0,0,0,0
8039,Joe Bob,OG,Texas,2,0,0,0,0,0,0,0,0,0,0,0
8040,Joe Bob,OG,Texas,4,0,0,0,0,0,0,0,0,0,0,0
8041,Joe Bob,OG,Texas,3,0,0,0,0,0,0,0,0,0,0,0
8042,Joe Bob,OG,Texas,3,0,0,0,0,0,0,0,0,0,0,0
8043,Joe Bob,WR,Texas,1,0,0,0,0,0,0,0,0,0,0,0
8044,Joe Bob,WR,Texas,4,0,0,0,0,0,0,0,0,0,0,0
8045,Joe Bob,OG,Texas,4,0,0,0,0,0,0,0,0,0,0,0
8046,Joe Bob,OT,Texas,4,0,0,0,0,0,0,0,0,0,0,0
8047,Joe Bob,OG,Texas,4,0,0,0,0,0,0,0,0,0,0,0
8048,Joe Bob,OG,Texas,3,0,0,0,0,0,0,0,0,0,0,0
8049,Joe Bob,OG,Texas,4,0,0,0,0,0,0,0,0,0,0,0
8050,Joe Bob,OG,Texas,3,0,0,0,0,0,0,0,0,0,0,0
8051,Joe Bob,RB,Texas,1,0,0,0,0,0,0,0,0,0,0,0
8052,Joe Bob,WR,Texas,2,0,0,0,0,0,0,0,0,0,0,0
8053,Joe Bob,OG,Texas,4,0,0,0,0,0,0,0,0,0,0,0
8054,Joe Bob,OG,Texas,4,0,0,0,0,0,0,0,0,0,0,0
8055,Joe Bob,FB,Texas,3,0,0,0,0,0,0,0,0,0,0,0
8056,Joe Bob,WR,Texas,3,0,0,0,0,0,0,0,0,0,0,0
8057,Joe Bob,OT,Texas,4,0,0,0,0,0,0,0,0,0,0,0
8058,Joe Bob,OG,Texas,4,0,0,0,0,0,0,0,0,0,0,0
8059,Joe Bob,QB,Texas,4,0,0,0,0,0,0,0,0,0,0,0
8060,Joe Bob,OT,Texas,1,0,0,0,0,0,0,0,0,0,0,0
8061,Joe Bob,OG,Texas,4,0,0,0,0,0,0,0,0,0,0,0
8062,Joe Bob,OG,Texas,4,0,0,0,0,0,0,0,0,0,0,0
8063,Joe Bob,OG,Texas,2,0,0,0,0,0,0,0,0,0,0,0
8064,Joe Bob,OG,Texas,1,0,0,0,0,0,0,0,0,0,0,0
8065,Joe Bob,OG,Texas,1,0,0,0,0,0,0,0,0,0,0,0
8066,Joe Bob,OG,Texas,1,0,0,0,0,0,0,0,0,0,0,0
8067,Joe Bob,OG,Texas,3,0,0,0,0,0,0,0,0,0,0,0
8068,Joe Bob,OG,Texas,3,0,0,0,0,0,0,0,0,0,0,0
8069,Joe Bob,OG,Texas,3,0,0,0,0,0,0,0,0,0,0,0
8070,Joe Bob,OG,Texas,3,0,0,0,0,0,0,0,0,0,0,0
8071,Joe Bob,OT,Texas,2,0,0,0,0,0,0,0,0,0,0,0
8072,Joe Bob,RB,Texas,4,0,0,0,0,0,0,0,0,0,0,0
8073,Joe Bob,QB,Texas,4,0,0,0,0,0,0,0,0,0,0,0
8074,Joe Bob,OT,Texas,4,0,0,0,0,0,0,0,0,0,0,0
8075,Joe Bob,OG,Texas,3,0,0,0,0,0,0,0,0,0,0,0
8076,Joe Bob,OT,Texas,4,0,0,0,0,0,0,0,0,0,0,0
8077,Joe Bob,OG,Texas,1,0,0,0,0,0,0,0,0,0,0,0
8078,Joe Bob,OG,Texas,1,0,0,0,0,0,0,0,0,0,0,0
8079,Joe Bob,OG,Texas,4,0,0,0,0,0,0,0,0,0,0,0
8080,Joe Bob,QB,Texas,1,0,0,0,0,0,0,0,0,0,0,0
8081,Joe Bob,OG,Texas,4,0,0,0,0,0,0,0,0,0,0,0
8082,Joe Bob,OG,Texas,1,0,0,0,0,0,0,0,0,0,0,0
8083,Joe Bob,OG,Texas,2,0,0,0,0,0,0,0,0,0,0,0
8084,Joe Bob,QB,Texas,2,0,0,0,0,0,0,0,0,0,0,0
8085,Joe Bob,OG,Texas,2,0,0,0,0,0,0,0,0,0,0,0
8086,Joe Bob,OG,Texas,1,0,0,0,0,0,0,0,0,0,0,0
8087,Joe Bob,OG,Texas,4,0,0,0,0,0,0,0,0,0,0,0
8088,Joe Bob,OG,Texas,2,0,0,0,0,0,0,0,0,0,0,0
8089,Joe Bob,OG,Texas,3,0,0,0,0,0,0,0,0,0,0,0
8090,Joe Bob,OG,Texas,3,0,0,0,0,0,0,0,0,0,0,0
8091,Joe Bob,OG,Texas,2,0,0,0,0,0,0,0,0,0,0,0
8092,Joe Bob,OG,Texas,3,0,0,0,0,0,0,0,0,0,0,0
8093,Joe Bob,OG,Texas,4,0,0,0,0,0,0,0,0,0,0,0
8094,Joe Bob,OG,Texas,4,0,0,0,0,0,0,0,0,0,0,0
8095,Joe Bob,OT,Texas,1,0,0,0,0,0,0,0,0,0,0,0
8096,Joe Bob,WR,Texas,3,0,0,0,0,0,0,0,0,0,0,0
8097,Joe Bob,OG,Texas,1,0,0,0,0,0,0,0,0,0,0,0
8098,Joe Bob,FB,Texas,4,0,0,0,0,0,0,0,0,0,0,0
8099,Joe Bob,OG,Texas,4,0,0,0,0,0,0,0,0,0,0,0
8100,Joe Bob,OT,Texas,3,0,0,0,0,0,0,0,0,0,0,0
8101,Joe Bob,OG,Texas A&M,3,0,0,0,0,0,0,0,0,0,0,0
8102,Joe Bob,OT,Texas A&M,2,0,0,0,0,0,0,0,0,0,0,0
8103,Joe Bob,OG,Texas A&M,1,0,0,0,0,0,0,0,0,0,0,0
8104,Joe Bob,OG,Texas A&M,2,0,0,0,0,0,0,0,0,0,0,0
8105,Joe Bob,OG,Texas A&M,2,0,0,0,0,0,0,0,0,0,0,0
8106,Joe Bob,OG,Texas A&M,1,0,0,0,0,0,0,0,0,0,0,0
8107,Joe Bob,OG,Texas A&M,3,0,0,0,0,0,0,0,0,0,0,0
8108,Joe Bob,OG,Texas A&M,2,0,0,0,0,0,0,0,0,0,0,0
8109,Joe Bob,OG,Texas A&M,3,0,0,0,0,0,0,0,0,0,0,0
8110,Joe Bob,WR,Texas A&M,4,0,0,0,0,0,0,0,0,0,0,0
8111,Joe Bob,OG,Texas A&M,2,0,0,0,0,0,0,0,0,0,0,0
8112,Joe Bob,OG,Texas A&M,3,0,0,0,0,0,0,0,0,0,0,0
8113,Joe Bob,RB,Texas A&M,4,0,0,0,0,0,0,0,0,0,0,0
8114,Joe Bob,OG,Texas A&M,3,0,0,0,0,0,0,0,0,0,0,0
8115,Joe Bob,OG,Texas A&M,1,0,0,0,0,0,0,0,0,0,0,0
8116,Joe Bob,WR,Texas A&M,3,0,0,0,0,0,0,0,0,0,0,0
8117,Joe Bob,OT,Texas A&M,2,0,0,0,0,0,0,0,0,0,0,0
8118,Joe Bob,OG,Texas A&M,1,0,0,0,0,0,0,0,0,0,0,0
8119,Joe Bob,OG,Texas A&M,1,0,0,0,0,0,0,0,0,0,0,0
8120,Joe Bob,OG,Texas A&M,3,0,0,0,0,0,0,0,0,0,0,0
8121,Joe Bob,OG,Texas A&M,2,0,0,0,0,0,0,0,0,0,0,0
8122,Joe Bob,OG,Texas A&M,3,0,0,0,0,0,0,0,0,0,0,0
8123,Joe Bob,WR,Texas A&M,2,0,0,0,0,0,0,0,0,0,0,0
8124,Joe Bob,OG,Texas A&M,3,0,0,0,0,0,0,0,0,0,0,0
8125,Joe Bob,OT,Texas A&M,4,0,0,0,0,0,0,0,0,0,0,0
8126,Joe Bob,OG,Texas A&M,4,0,0,0,0,0,0,0,0,0,0,0
8127,Joe Bob,OG,Texas A&M,4,0,0,0,0,0,0,0,0,0,0,0
8128,Joe Bob,OG,Texas A&M,4,0,0,0,0,0,0,0,0,0,0,0
8129,Joe Bob,OT,Texas A&M,3,0,0,0,0,0,0,0,0,0,0,0
8130,Joe Bob,OT,Texas A&M,1,0,0,0,0,0,0,0,0,0,0,0
8131,Joe Bob,OG,Texas A&M,4,0,0,0,0,0,0,0,0,0,0,0
8132,Joe Bob,OG,Texas A&M,4,0,0,0,0,0,0,0,0,0,0,0
8133,Joe Bob,OG,Texas A&M,1,0,0,0,0,0,0,0,0,0,0,0
8134,Joe Bob,OG,Texas A&M,2,0,0,0,0,0,0,0,0,0,0,0
8135,Joe Bob,OG,Texas A&M,2,0,0,0,0,0,0,0,0,0,0,0
8136,Joe Bob,OG,Texas A&M,2,0,0,0,0,0,0,0,0,0,0,0
8137,Joe Bob,OG,Texas A&M,2,0,0,0,0,0,0,0,0,0,0,0
8138,Joe Bob,QB,Texas A&M,1,0,0,0,0,0,0,0,0,0,0,0
8139,Joe Bob,OG,Texas A&M,3,0,0,0,0,0,0,0,0,0,0,0
8140,Joe Bob,OG,Texas A&M,3,0,0,0,0,0,0,0,0,0,0,0
8141,Joe Bob,WR,Texas A&M,3,0,0,0,0,0,0,0,0,0,0,0
8142,Joe Bob,OG,Texas A&M,2,0,0,0,0,0,0,0,0,0,0,0
8143,Joe Bob,RB,Texas A&M,3,0,0,0,0,0,0,0,0,0,0,0
8144,Joe Bob,WR,Texas A&M,4,0,0,0,0,0,0,0,0,0,0,0
8145,Joe Bob,QB,Texas A&M,4,0,0,0,0,0,0,0,0,0,0,0
8146,Joe Bob,OG,Texas A&M,4,0,0,0,0,0,0,0,0,0,0,0
8147,Joe Bob,OG,Texas A&M,1,0,0,0,0,0,0,0,0,0,0,0
8148,Joe Bob,OG,Texas A&M,3,0,0,0,0,0,0,0,0,0,0,0
8149,Joe Bob,OG,Texas A&M,1,0,0,0,0,0,0,0,0,0,0,0
8150,Joe Bob,WR,Texas A&M,1,0,0,0,0,0,0,0,0,0,0,0
8151,Joe Bob,OG,Texas A&M,4,0,0,0,0,0,0,0,0,0,0,0
8152,Joe Bob,OG,Texas A&M,2,0,0,0,0,0,0,0,0,0,0,0
8153,Joe Bob,OG,Texas A&M,3,0,0,0,0,0,0,0,0,0,0,0
8154,Joe Bob,OG,Texas A&M,2,0,0,0,0,0,0,0,0,0,0,0
8155,Joe Bob,OG,Texas A&M,4,0,0,0,0,0,0,0,0,0,0,0
8156,Joe Bob,OG,Texas A&M,1,0,0,0,0,0,0,0,0,0,0,0
8157,Joe Bob,OG,Texas A&M,3,0,0,0,0,0,0,0,0,0,0,0
8158,Joe Bob,OG,Texas A&M,4,0,0,0,0,0,0,0,0,0,0,0
8159,Joe Bob,OG,Texas A&M,2,0,0,0,0,0,0,0,0,0,0,0
8160,Joe Bob,OG,Texas A&M,3,0,0,0,0,0,0,0,0,0,0,0
8161,Joe Bob,RB,Texas A&M,2,0,0,0,0,0,0,0,0,0,0,0
8162,Joe Bob,OG,Texas A&M,4,0,0,0,0,0,0,0,0,0,0,0
8163,Joe Bob,OG,Texas A&M,2,0,0,0,0,0,0,0,0,0,0,0
8164,Joe Bob,RB,Texas A&M,4,0,0,0,0,0,0,0,0,0,0,0
8165,Joe Bob,OG,Texas A&M,4,0,0,0,0,0,0,0,0,0,0,0
8166,Joe Bob,WR,Texas A&M,3,0,0,0,0,0,0,0,0,0,0,0
8167,Joe Bob,WR,Texas A&M,2,0,0,0,0,0,0,0,0,0,0,0
8168,Joe Bob,OT,Texas A&M,2,0,0,0,0,0,0,0,0,0,0,0
8169,Joe Bob,OG,Texas A&M,4,0,0,0,0,0,0,0,0,0,0,0
8170,Joe Bob,WR,Texas A&M,4,0,0,0,0,0,0,0,0,0,0,0
8171,Joe Bob,OG,Texas A&M,4,0,0,0,0,0,0,0,0,0,0,0
8172,Joe Bob,OG,Texas A&M,2,0,0,0,0,0,0,0,0,0,0,0
8173,Joe Bob,OG,Texas A&M,1,0,0,0,0,0,0,0,0,0,0,0
8174,Joe Bob,OG,Texas A&M,2,0,0,0,0,0,0,0,0,0,0,0
8175,Joe Bob,OG,Texas A&M,1,0,0,0,0,0,0,0,0,0,0,0
8176,Joe Bob,OG,Texas St.,1,0,0,0,0,0,0,0,0,0,0,0
8177,Joe Bob,OG,Texas St.,3,0,0,0,0,0,0,0,0,0,0,0
8178,Joe Bob,OG,Texas St.,1,0,0,0,0,0,0,0,0,0,0,0
8179,Joe Bob,OG,Texas St.,2,0,0,0,0,0,0,0,0,0,0,0
8180,Joe Bob,OG,Texas St.,3,0,0,0,0,0,0,0,0,0,0,0
8181,Joe Bob,RB,Texas St.,1,0,0,0,0,0,0,0,0,0,0,0
8182,Joe Bob,OG,Texas St.,4,0,0,0,0,0,0,0,0,0,0,0
8183,Joe Bob,OG,Texas St.,2,0,0,0,0,0,0,0,0,0,0,0
8184,Joe Bob,OG,Texas St.,4,0,0,0,0,0,0,0,0,0,0,0
8185,Joe Bob,OG,Texas St.,3,0,0,0,0,0,0,0,0,0,0,0
8186,Joe Bob,OT,Texas St.,1,0,0,0,0,0,0,0,0,0,0,0
8187,Joe Bob,WR,Texas St.,2,0,0,0,0,0,0,0,0,0,0,0
8188,Joe Bob,OG,Texas St.,1,0,0,0,0,0,0,0,0,0,0,0
8189,Joe Bob,OG,Texas St.,2,0,0,0,0,0,0,0,0,0,0,0
8190,Joe Bob,OG,Texas St.,1,0,0,0,0,0,0,0,0,0,0,0
8191,Joe Bob,OG,Texas St.,1,0,0,0,0,0,0,0,0,0,0,0
8192,Joe Bob,OG,Texas St.,2,0,0,0,0,0,0,0,0,0,0,0
8193,Joe Bob,OG,Texas St.,3,0,0,0,0,0,0,0,0,0,0,0
8194,Joe Bob,OG,Texas St.,3,0,0,0,0,0,0,0,0,0,0,0
8195,Joe Bob,WR,Texas St.,2,0,0,0,0,0,0,0,0,0,0,0
8196,Joe Bob,OG,Texas St.,2,0,0,0,0,0,0,0,0,0,0,0
8197,Joe Bob,OG,Texas St.,4,0,0,0,0,0,0,0,0,0,0,0
8198,Joe Bob,OG,Texas St.,3,0,0,0,0,0,0,0,0,0,0,0
8199,Joe Bob,OG,Texas St.,4,0,0,0,0,0,0,0,0,0,0,0
8200,Joe Bob,OG,Texas St.,4,0,0,0,0,0,0,0,0,0,0,0
8201,Joe Bob,OG,Texas St.,3,0,0,0,0,0,0,0,0,0,0,0
8202,Joe Bob,OG,Texas St.,1,0,0,0,0,0,0,0,0,0,0,0
8203,Joe Bob,OG,Texas St.,1,0,0,0,0,0,0,0,0,0,0,0
8204,Joe Bob,RB,Texas St.,2,0,0,0,0,0,0,0,0,0,0,0
8205,Joe Bob,OG,Texas St.,4,0,0,0,0,0,0,0,0,0,0,0
8206,Joe Bob,OG,Texas St.,2,0,0,0,0,0,0,0,0,0,0,0
8207,Joe Bob,OG,Texas St.,2,0,0,0,0,0,0,0,0,0,0,0
8208,Joe Bob,OG,Texas St.,1,0,0,0,0,0,0,0,0,0,0,0
8209,Joe Bob,OG,Texas St.,2,0,0,0,0,0,0,0,0,0,0,0
8210,Joe Bob,OG,Texas St.,2,0,0,0,0,0,0,0,0,0,0,0
8211,Joe Bob,RB,Texas St.,2,0,0,0,0,0,0,0,0,0,0,0
8212,Joe Bob,OG,Texas St.,3,0,0,0,0,0,0,0,0,0,0,0
8213,Joe Bob,WR,Texas St.,3,0,0,0,0,0,0,0,0,0,0,0
8214,Joe Bob,OG,Texas St.,3,0,0,0,0,0,0,0,0,0,0,0
8215,Joe Bob,RB,Texas St.,2,0,0,0,0,0,0,0,0,0,0,0
8216,Joe Bob,QB,Texas St.,4,0,0,0,0,0,0,0,0,0,0,0
8217,Joe Bob,OG,Texas St.,1,0,0,0,0,0,0,0,0,0,0,0
8218,Joe Bob,OG,Texas St.,3,0,0,0,0,0,0,0,0,0,0,0
8219,Joe Bob,OG,Texas St.,2,0,0,0,0,0,0,0,0,0,0,0
8220,Joe Bob,OG,Texas St.,3,0,0,0,0,0,0,0,0,0,0,0
8221,Joe Bob,OT,Texas St.,3,0,0,0,0,0,0,0,0,0,0,0
8222,Joe Bob,WR,Texas St.,3,0,0,0,0,0,0,0,0,0,0,0
8223,Joe Bob,OG,Texas St.,3,0,0,0,0,0,0,0,0,0,0,0
8224,Joe Bob,OG,Texas St.,1,0,0,0,0,0,0,0,0,0,0,0
8225,Joe Bob,OT,Texas St.,3,0,0,0,0,0,0,0,0,0,0,0
8226,Joe Bob,QB,Texas St.,4,0,0,0,0,0,0,0,0,0,0,0
8227,Joe Bob,OT,Texas St.,1,0,0,0,0,0,0,0,0,0,0,0
8228,Joe Bob,OG,Texas St.,4,0,0,0,0,0,0,0,0,0,0,0
8229,Joe Bob,WR,Texas St.,2,0,0,0,0,0,0,0,0,0,0,0
8230,Joe Bob,OT,Texas St.,1,0,0,0,0,0,0,0,0,0,0,0
8231,Joe Bob,OG,Texas St.,4,0,0,0,0,0,0,0,0,0,0,0
8232,Joe Bob,WR,Texas St.,2,0,0,0,0,0,0,0,0,0,0,0
8233,Joe Bob,OG,Texas St.,1,0,0,0,0,0,0,0,0,0,0,0
8234,Joe Bob,OG,Texas St.,3,0,0,0,0,0,0,0,0,0,0,0
8235,Joe Bob,OG,Texas St.,4,0,0,0,0,0,0,0,0,0,0,0
8236,Joe Bob,OG,Texas St.,3,0,0,0,0,0,0,0,0,0,0,0
8237,Joe Bob,OG,Texas St.,2,0,0,0,0,0,0,0,0,0,0,0
8238,Joe Bob,WR,Texas St.,2,0,0,0,0,0,0,0,0,0,0,0
8239,Joe Bob,OG,Texas St.,4,0,0,0,0,0,0,0,0,0,0,0
8240,Joe Bob,WR,Texas St.,2,0,0,0,0,0,0,0,0,0,0,0
8241,Joe Bob,OG,Texas St.,3,0,0,0,0,0,0,0,0,0,0,0
8242,Joe Bob,OG,Texas St.,3,0,0,0,0,0,0,0,0,0,0,0
8243,Joe Bob,RB,Texas St.,4,0,0,0,0,0,0,0,0,0,0,0
8244,Joe Bob,OT,Texas St.,1,0,0,0,0,0,0,0,0,0,0,0
8245,Joe Bob,OT,Texas St.,3,0,0,0,0,0,0,0,0,0,0,0
8246,Joe Bob,RB,Texas St.,4,0,0,0,0,0,0,0,0,0,0,0
8247,Joe Bob,OG,Texas St.,1,0,0,0,0,0,0,0,0,0,0,0
8248,Joe Bob,OG,Texas St.,4,0,0,0,0,0,0,0,0,0,0,0
8249,Joe Bob,OT,Texas St.,2,0,0,0,0,0,0,0,0,0,0,0
8250,Joe Bob,OG,Texas St.,4,0,0,0,0,0,0,0,0,0,0,0
8251,Joe Bob,OG,Texas Tech,2,0,0,0,0,0,0,0,0,0,0,0
8252,Joe Bob,OG,Texas Tech,1,0,0,0,0,0,0,0,0,0,0,0
8253,Joe Bob,OG,Texas Tech,1,0,0,0,0,0,0,0,0,0,0,0
8254,Joe Bob,OG,Texas Tech,3,0,0,0,0,0,0,0,0,0,0,0
8255,Joe Bob,OG,Texas Tech,2,0,0,0,0,0,0,0,0,0,0,0
8256,Joe Bob,OG,Texas Tech,4,0,0,0,0,0,0,0,0,0,0,0
8257,Joe Bob,QB,Texas Tech,3,0,0,0,0,0,0,0,0,0,0,0
8258,Joe Bob,WR,Texas Tech,3,0,0,0,0,0,0,0,0,0,0,0
8259,Joe Bob,FB,Texas Tech,4,0,0,0,0,0,0,0,0,0,0,0
8260,Joe Bob,WR,Texas Tech,1,0,0,0,0,0,0,0,0,0,0,0
8261,Joe Bob,OG,Texas Tech,4,0,0,0,0,0,0,0,0,0,0,0
8262,Joe Bob,OT,Texas Tech,4,0,0,0,0,0,0,0,0,0,0,0
8263,Joe Bob,OG,Texas Tech,4,0,0,0,0,0,0,0,0,0,0,0
8264,Joe Bob,OG,Texas Tech,3,0,0,0,0,0,0,0,0,0,0,0
8265,Joe Bob,OG,Texas Tech,1,0,0,0,0,0,0,0,0,0,0,0
8266,Joe Bob,OG,Texas Tech,1,0,0,0,0,0,0,0,0,0,0,0
8267,Joe Bob,OG,Texas Tech,2,0,0,0,0,0,0,0,0,0,0,0
8268,Joe Bob,QB,Texas Tech,1,0,0,0,0,0,0,0,0,0,0,0
8269,Joe Bob,OG,Texas Tech,3,0,0,0,0,0,0,0,0,0,0,0
8270,Joe Bob,FB,Texas Tech,2,0,0,0,0,0,0,0,0,0,0,0
8271,Joe Bob,OG,Texas Tech,3,0,0,0,0,0,0,0,0,0,0,0
8272,Joe Bob,OG,Texas Tech,2,0,0,0,0,0,0,0,0,0,0,0
8273,Joe Bob,QB,Texas Tech,4,0,0,0,0,0,0,0,0,0,0,0
8274,Joe Bob,WR,Texas Tech,4,0,0,0,0,0,0,0,0,0,0,0
8275,Joe Bob,OG,Texas Tech,3,0,0,0,0,0,0,0,0,0,0,0
8276,Joe Bob,RB,Texas Tech,4,0,0,0,0,0,0,0,0,0,0,0
8277,Joe Bob,OG,Texas Tech,4,0,0,0,0,0,0,0,0,0,0,0
8278,Joe Bob,OG,Texas Tech,4,0,0,0,0,0,0,0,0,0,0,0
8279,Joe Bob,OT,Texas Tech,1,0,0,0,0,0,0,0,0,0,0,0
8280,Joe Bob,OG,Texas Tech,1,0,0,0,0,0,0,0,0,0,0,0
8281,Joe Bob,OG,Texas Tech,4,0,0,0,0,0,0,0,0,0,0,0
8282,Joe Bob,OG,Texas Tech,1,0,0,0,0,0,0,0,0,0,0,0
8283,Joe Bob,OG,Texas Tech,2,0,0,0,0,0,0,0,0,0,0,0
8284,Joe Bob,OG,Texas Tech,3,0,0,0,0,0,0,0,0,0,0,0
8285,Joe Bob,QB,Texas Tech,1,0,0,0,0,0,0,0,0,0,0,0
8286,Joe Bob,OG,Texas Tech,2,0,0,0,0,0,0,0,0,0,0,0
8287,Joe Bob,OG,Texas Tech,2,0,0,0,0,0,0,0,0,0,0,0
8288,Joe Bob,OG,Texas Tech,3,0,0,0,0,0,0,0,0,0,0,0
8289,Joe Bob,OG,Texas Tech,3,0,0,0,0,0,0,0,0,0,0,0
8290,Joe Bob,WR,Texas Tech,3,0,0,0,0,0,0,0,0,0,0,0
8291,Joe Bob,OG,Texas Tech,3,0,0,0,0,0,0,0,0,0,0,0
8292,Joe Bob,FB,Texas Tech,1,0,0,0,0,0,0,0,0,0,0,0
8293,Joe Bob,OG,Texas Tech,3,0,0,0,0,0,0,0,0,0,0,0
8294,Joe Bob,OG,Texas Tech,3,0,0,0,0,0,0,0,0,0,0,0
8295,Joe Bob,WR,Texas Tech,3,0,0,0,0,0,0,0,0,0,0,0
8296,Joe Bob,OG,Texas Tech,4,0,0,0,0,0,0,0,0,0,0,0
8297,Joe Bob,WR,Texas Tech,4,0,0,0,0,0,0,0,0,0,0,0
8298,Joe Bob,WR,Texas Tech,3,0,0,0,0,0,0,0,0,0,0,0
8299,Joe Bob,OG,Texas Tech,4,0,0,0,0,0,0,0,0,0,0,0
8300,Joe Bob,OG,Texas Tech,4,0,0,0,0,0,0,0,0,0,0,0
8301,Joe Bob,OT,Texas Tech,1,0,0,0,0,0,0,0,0,0,0,0
8302,Joe Bob,OG,Texas Tech,3,0,0,0,0,0,0,0,0,0,0,0
8303,Joe Bob,OT,Texas Tech,2,0,0,0,0,0,0,0,0,0,0,0
8304,Joe Bob,OG,Texas Tech,4,0,0,0,0,0,0,0,0,0,0,0
8305,Joe Bob,QB,Texas Tech,1,0,0,0,0,0,0,0,0,0,0,0
8306,Joe Bob,OG,Texas Tech,3,0,0,0,0,0,0,0,0,0,0,0
8307,Joe Bob,OG,Texas Tech,4,0,0,0,0,0,0,0,0,0,0,0
8308,Joe Bob,OG,Texas Tech,3,0,0,0,0,0,0,0,0,0,0,0
8309,Joe Bob,OG,Texas Tech,1,0,0,0,0,0,0,0,0,0,0,0
8310,Joe Bob,OG,Texas Tech,3,0,0,0,0,0,0,0,0,0,0,0
8311,Joe Bob,OG,Texas Tech,2,0,0,0,0,0,0,0,0,0,0,0
8312,Joe Bob,OG,Texas Tech,2,0,0,0,0,0,0,0,0,0,0,0
8313,Joe Bob,OG,Texas Tech,3,0,0,0,0,0,0,0,0,0,0,0
8314,Joe Bob,OG,Texas Tech,2,0,0,0,0,0,0,0,0,0,0,0
8315,Joe Bob,OG,Texas Tech,3,0,0,0,0,0,0,0,0,0,0,0
8316,Joe Bob,WR,Texas Tech,1,0,0,0,0,0,0,0,0,0,0,0
8317,Joe Bob,WR,Texas Tech,3,0,0,0,0,0,0,0,0,0,0,0
8318,Joe Bob,OG,Texas Tech,4,0,0,0,0,0,0,0,0,0,0,0
8319,Joe Bob,WR,Texas Tech,4,0,0,0,0,0,0,0,0,0,0,0
8320,Joe Bob,OG,Texas Tech,4,0,0,0,0,0,0,0,0,0,0,0
8321,Joe Bob,OG,Texas Tech,2,0,0,0,0,0,0,0,0,0,0,0
8322,Joe Bob,OG,Texas Tech,1,0,0,0,0,0,0,0,0,0,0,0
8323,Joe Bob,OG,Texas Tech,2,0,0,0,0,0,0,0,0,0,0,0
8324,Joe Bob,OG,Texas Tech,4,0,0,0,0,0,0,0,0,0,0,0
8325,Joe Bob,OG,Texas Tech,2,0,0,0,0,0,0,0,0,0,0,0
8326,Joe Bob,OG,Toledo,4,0,0,0,0,0,0,0,0,0,0,0
8327,Joe Bob,OG,Toledo,4,0,0,0,0,0,0,0,0,0,0,0
8328,Joe Bob,QB,Toledo,3,0,0,0,0,0,0,0,0,0,0,0
8329,Joe Bob,WR,Toledo,3,0,0,0,0,0,0,0,0,0,0,0
8330,Joe Bob,WR,Toledo,3,0,0,0,0,0,0,0,0,0,0,0
8331,Joe Bob,OG,Toledo,4,0,0,0,0,0,0,0,0,0,0,0
8332,Joe Bob,OT,Toledo,4,0,0,0,0,0,0,0,0,0,0,0
8333,Joe Bob,WR,Toledo,4,0,0,0,0,0,0,0,0,0,0,0
8334,Joe Bob,OG,Toledo,4,0,0,0,0,0,0,0,0,0,0,0
8335,Joe Bob,OG,Toledo,4,0,0,0,0,0,0,0,0,0,0,0
8336,Joe Bob,OG,Toledo,2,0,0,0,0,0,0,0,0,0,0,0
8337,Joe Bob,OG,Toledo,1,0,0,0,0,0,0,0,0,0,0,0
8338,Joe Bob,OG,Toledo,1,0,0,0,0,0,0,0,0,0,0,0
8339,Joe Bob,OG,Toledo,1,0,0,0,0,0,0,0,0,0,0,0
8340,Joe Bob,OG,Toledo,3,0,0,0,0,0,0,0,0,0,0,0
8341,Joe Bob,OG,Toledo,2,0,0,0,0,0,0,0,0,0,0,0
8342,Joe Bob,OG,Toledo,3,0,0,0,0,0,0,0,0,0,0,0
8343,Joe Bob,OG,Toledo,3,0,0,0,0,0,0,0,0,0,0,0
8344,Joe Bob,WR,Toledo,2,0,0,0,0,0,0,0,0,0,0,0
8345,Joe Bob,QB,Toledo,3,0,0,0,0,0,0,0,0,0,0,0
8346,Joe Bob,QB,Toledo,3,0,0,0,0,0,0,0,0,0,0,0
8347,Joe Bob,WR,Toledo,4,0,0,0,0,0,0,0,0,0,0,0
8348,Joe Bob,OG,Toledo,3,0,0,0,0,0,0,0,0,0,0,0
8349,Joe Bob,WR,Toledo,4,0,0,0,0,0,0,0,0,0,0,0
8350,Joe Bob,WR,Toledo,1,0,0,0,0,0,0,0,0,0,0,0
8351,Joe Bob,OT,Toledo,4,0,0,0,0,0,0,0,0,0,0,0
8352,Joe Bob,OG,Toledo,4,0,0,0,0,0,0,0,0,0,0,0
8353,Joe Bob,OG,Toledo,1,0,0,0,0,0,0,0,0,0,0,0
8354,Joe Bob,OG,Toledo,4,0,0,0,0,0,0,0,0,0,0,0
8355,Joe Bob,OG,Toledo,2,0,0,0,0,0,0,0,0,0,0,0
8356,Joe Bob,OG,Toledo,2,0,0,0,0,0,0,0,0,0,0,0
8357,Joe Bob,OG,Toledo,2,0,0,0,0,0,0,0,0,0,0,0
8358,Joe Bob,OG,Toledo,3,0,0,0,0,0,0,0,0,0,0,0
8359,Joe Bob,OG,Toledo,1,0,0,0,0,0,0,0,0,0,0,0
8360,Joe Bob,OG,Toledo,3,0,0,0,0,0,0,0,0,0,0,0
8361,Joe Bob,OG,Toledo,1,0,0,0,0,0,0,0,0,0,0,0
8362,Joe Bob,OG,Toledo,3,0,0,0,0,0,0,0,0,0,0,0
8363,Joe Bob,OG,Toledo,3,0,0,0,0,0,0,0,0,0,0,0
8364,Joe Bob,OG,Toledo,1,0,0,0,0,0,0,0,0,0,0,0
8365,Joe Bob,OG,Toledo,3,0,0,0,0,0,0,0,0,0,0,0
8366,Joe Bob,OG,Toledo,4,0,0,0,0,0,0,0,0,0,0,0
8367,Joe Bob,OG,Toledo,3,0,0,0,0,0,0,0,0,0,0,0
8368,Joe Bob,WR,Toledo,1,0,0,0,0,0,0,0,0,0,0,0
8369,Joe Bob,WR,Toledo,3,0,0,0,0,0,0,0,0,0,0,0
8370,Joe Bob,WR,Toledo,1,0,0,0,0,0,0,0,0,0,0,0
8371,Joe Bob,QB,Toledo,4,0,0,0,0,0,0,0,0,0,0,0
8372,Joe Bob,OG,Toledo,3,0,0,0,0,0,0,0,0,0,0,0
8373,Joe Bob,OT,Toledo,3,0,0,0,0,0,0,0,0,0,0,0
8374,Joe Bob,OG,Toledo,3,0,0,0,0,0,0,0,0,0,0,0
8375,Joe Bob,WR,Toledo,2,0,0,0,0,0,0,0,0,0,0,0
8376,Joe Bob,OG,Toledo,1,0,0,0,0,0,0,0,0,0,0,0
8377,Joe Bob,OG,Toledo,2,0,0,0,0,0,0,0,0,0,0,0
8378,Joe Bob,OG,Toledo,2,0,0,0,0,0,0,0,0,0,0,0
8379,Joe Bob,OG,Toledo,1,0,0,0,0,0,0,0,0,0,0,0
8380,Joe Bob,OG,Toledo,3,0,0,0,0,0,0,0,0,0,0,0
8381,Joe Bob,OG,Toledo,2,0,0,0,0,0,0,0,0,0,0,0
8382,Joe Bob,OG,Toledo,2,0,0,0,0,0,0,0,0,0,0,0
8383,Joe Bob,FB,Toledo,4,0,0,0,0,0,0,0,0,0,0,0
8384,Joe Bob,OG,Toledo,2,0,0,0,0,0,0,0,0,0,0,0
8385,Joe Bob,OG,Toledo,3,0,0,0,0,0,0,0,0,0,0,0
8386,Joe Bob,QB,Toledo,4,0,0,0,0,0,0,0,0,0,0,0
8387,Joe Bob,OG,Toledo,3,0,0,0,0,0,0,0,0,0,0,0
8388,Joe Bob,OT,Toledo,1,0,0,0,0,0,0,0,0,0,0,0
8389,Joe Bob,WR,Toledo,4,0,0,0,0,0,0,0,0,0,0,0
8390,Joe Bob,WR,Toledo,1,0,0,0,0,0,0,0,0,0,0,0
8391,Joe Bob,OG,Toledo,4,0,0,0,0,0,0,0,0,0,0,0
8392,Joe Bob,OG,Toledo,4,0,0,0,0,0,0,0,0,0,0,0
8393,Joe Bob,OG,Toledo,2,0,0,0,0,0,0,0,0,0,0,0
8394,Joe Bob,OG,Toledo,2,0,0,0,0,0,0,0,0,0,0,0
8395,Joe Bob,OT,Toledo,2,0,0,0,0,0,0,0,0,0,0,0
8396,Joe Bob,OG,Toledo,2,0,0,0,0,0,0,0,0,0,0,0
8397,Joe Bob,OG,Toledo,3,0,0,0,0,0,0,0,0,0,0,0
8398,Joe Bob,WR,Toledo,3,0,0,0,0,0,0,0,0,0,0,0
8399,Joe Bob,OG,Toledo,4,0,0,0,0,0,0,0,0,0,0,0
8400,Joe Bob,OG,Toledo,3,0,0,0,0,0,0,0,0,0,0,0
8401,Joe Bob,OG,Troy,3,0,0,0,0,0,0,0,0,0,0,0
8402,Joe Bob,WR,Troy,3,0,0,0,0,0,0,0,0,0,0,0
8403,Joe Bob,WR,Troy,1,0,0,0,0,0,0,0,0,0,0,0
8404,Joe Bob,OG,Troy,4,0,0,0,0,0,0,0,0,0,0,0
8405,Joe Bob,OG,Troy,4,0,0,0,0,0,0,0,0,0,0,0
8406,Joe Bob,OG,Troy,4,0,0,0,0,0,0,0,0,0,0,0
8407,Joe Bob,OG,Troy,3,0,0,0,0,0,0,0,0,0,0,0
8408,Joe Bob,OG,Troy,2,0,0,0,0,0,0,0,0,0,0,0
8409,Joe Bob,OG,Troy,2,0,0,0,0,0,0,0,0,0,0,0
8410,Joe Bob,OG,Troy,2,0,0,0,0,0,0,0,0,0,0,0
8411,Joe Bob,QB,Troy,4,0,0,0,0,0,0,0,0,0,0,0
8412,Joe Bob,OG,Troy,3,0,0,0,0,0,0,0,0,0,0,0
8413,Joe Bob,OG,Troy,3,0,0,0,0,0,0,0,0,0,0,0
8414,Joe Bob,WR,Troy,3,0,0,0,0,0,0,0,0,0,0,0
8415,Joe Bob,OG,Troy,2,0,0,0,0,0,0,0,0,0,0,0
8416,Joe Bob,OG,Troy,2,0,0,0,0,0,0,0,0,0,0,0
8417,Joe Bob,FB,Troy,4,0,0,0,0,0,0,0,0,0,0,0
8418,Joe Bob,OG,Troy,4,0,0,0,0,0,0,0,0,0,0,0
8419,Joe Bob,OG,Troy,4,0,0,0,0,0,0,0,0,0,0,0
8420,Joe Bob,OG,Troy,1,0,0,0,0,0,0,0,0,0,0,0
8421,Joe Bob,OT,Troy,3,0,0,0,0,0,0,0,0,0,0,0
8422,Joe Bob,OT,Troy,1,0,0,0,0,0,0,0,0,0,0,0
8423,Joe Bob,WR,Troy,1,0,0,0,0,0,0,0,0,0,0,0
8424,Joe Bob,OG,Troy,4,0,0,0,0,0,0,0,0,0,0,0
8425,Joe Bob,OG,Troy,2,0,0,0,0,0,0,0,0,0,0,0
8426,Joe Bob,OG,Troy,4,0,0,0,0,0,0,0,0,0,0,0
8427,Joe Bob,OG,Troy,3,0,0,0,0,0,0,0,0,0,0,0
8428,Joe Bob,OG,Troy,1,0,0,0,0,0,0,0,0,0,0,0
8429,Joe Bob,OG,Troy,1,0,0,0,0,0,0,0,0,0,0,0
8430,Joe Bob,OG,Troy,3,0,0,0,0,0,0,0,0,0,0,0
8431,Joe Bob,OG,Troy,4,0,0,0,0,0,0,0,0,0,0,0
8432,Joe Bob,OG,Troy,2,0,0,0,0,0,0,0,0,0,0,0
8433,Joe Bob,OG,Troy,3,0,0,0,0,0,0,0,0,0,0,0
8434,Joe Bob,OG,Troy,1,0,0,0,0,0,0,0,0,0,0,0
8435,Joe Bob,OG,Troy,3,0,0,0,0,0,0,0,0,0,0,0
8436,Joe Bob,OG,Troy,2,0,0,0,0,0,0,0,0,0,0,0
8437,Joe Bob,OG,Troy,3,0,0,0,0,0,0,0,0,0,0,0
8438,Joe Bob,OG,Troy,4,0,0,0,0,0,0,0,0,0,0,0
8439,Joe Bob,WR,Troy,2,0,0,0,0,0,0,0,0,0,0,0
8440,Joe Bob,FB,Troy,1,0,0,0,0,0,0,0,0,0,0,0
8441,Joe Bob,OT,Troy,2,0,0,0,0,0,0,0,0,0,0,0
8442,Joe Bob,OG,Troy,4,0,0,0,0,0,0,0,0,0,0,0
8443,Joe Bob,WR,Troy,4,0,0,0,0,0,0,0,0,0,0,0
8444,Joe Bob,OG,Troy,4,0,0,0,0,0,0,0,0,0,0,0
8445,Joe Bob,OG,Troy,1,0,0,0,0,0,0,0,0,0,0,0
8446,Joe Bob,OG,Troy,4,0,0,0,0,0,0,0,0,0,0,0
8447,Joe Bob,WR,Troy,2,0,0,0,0,0,0,0,0,0,0,0
8448,Joe Bob,OG,Troy,1,0,0,0,0,0,0,0,0,0,0,0
8449,Joe Bob,OG,Troy,1,0,0,0,0,0,0,0,0,0,0,0
8450,Joe Bob,OG,Troy,2,0,0,0,0,0,0,0,0,0,0,0
8451,Joe Bob,OG,Troy,1,0,0,0,0,0,0,0,0,0,0,0
8452,Joe Bob,OG,Troy,1,0,0,0,0,0,0,0,0,0,0,0
8453,Joe Bob,OG,Troy,3,0,0,0,0,0,0,0,0,0,0,0
8454,Joe Bob,RB,Troy,1,0,0,0,0,0,0,0,0,0,0,0
8455,Joe Bob,OG,Troy,4,0,0,0,0,0,0,0,0,0,0,0
8456,Joe Bob,OG,Troy,3,0,0,0,0,0,0,0,0,0,0,0
8457,Joe Bob,OG,Troy,4,0,0,0,0,0,0,0,0,0,0,0
8458,Joe Bob,OG,Troy,3,0,0,0,0,0,0,0,0,0,0,0
8459,Joe Bob,WR,Troy,4,0,0,0,0,0,0,0,0,0,0,0
8460,Joe Bob,OG,Troy,1,0,0,0,0,0,0,0,0,0,0,0
8461,Joe Bob,OG,Troy,4,0,0,0,0,0,0,0,0,0,0,0
8462,Joe Bob,OG,Troy,4,0,0,0,0,0,0,0,0,0,0,0
8463,Joe Bob,OG,Troy,4,0,0,0,0,0,0,0,0,0,0,0
8464,Joe Bob,OG,Troy,1,0,0,0,0,0,0,0,0,0,0,0
8465,Joe Bob,OG,Troy,2,0,0,0,0,0,0,0,0,0,0,0
8466,Joe Bob,OG,Troy,3,0,0,0,0,0,0,0,0,0,0,0
8467,Joe Bob,OG,Troy,3,0,0,0,0,0,0,0,0,0,0,0
8468,Joe Bob,FB,Troy,2,0,0,0,0,0,0,0,0,0,0,0
8469,Joe Bob,QB,Troy,2,0,0,0,0,0,0,0,0,0,0,0
8470,Joe Bob,OG,Troy,4,0,0,0,0,0,0,0,0,0,0,0
8471,Joe Bob,OG,Troy,3,0,0,0,0,0,0,0,0,0,0,0
8472,Joe Bob,OG,Troy,4,0,0,0,0,0,0,0,0,0,0,0
8473,Joe Bob,QB,Troy,3,0,0,0,0,0,0,0,0,0,0,0
8474,Joe Bob,OG,Troy,4,0,0,0,0,0,0,0,0,0,0,0
8475,Joe Bob,OG,Troy,1,0,0,0,0,0,0,0,0,0,0,0
8476,Joe Bob,OG,Tulane,4,0,0,0,0,0,0,0,0,0,0,0
8477,Joe Bob,QB,Tulane,1,0,0,0,0,0,0,0,0,0,0,0
8478,Joe Bob,OG,Tulane,3,0,0,0,0,0,0,0,0,0,0,0
8479,Joe Bob,OG,Tulane,2,0,0,0,0,0,0,0,0,0,0,0
8480,Joe Bob,OG,Tulane,2,0,0,0,0,0,0,0,0,0,0,0
8481,Joe Bob,OG,Tulane,1,0,0,0,0,0,0,0,0,0,0,0
8482,Joe Bob,OG,Tulane,1,0,0,0,0,0,0,0,0,0,0,0
8483,Joe Bob,OG,Tulane,1,0,0,0,0,0,0,0,0,0,0,0
8484,Joe Bob,OG,Tulane,2,0,0,0,0,0,0,0,0,0,0,0
8485,Joe Bob,OG,Tulane,3,0,0,0,0,0,0,0,0,0,0,0
8486,Joe Bob,OG,Tulane,3,0,0,0,0,0,0,0,0,0,0,0
8487,Joe Bob,OG,Tulane,3,0,0,0,0,0,0,0,0,0,0,0
8488,Joe Bob,OG,Tulane,2,0,0,0,0,0,0,0,0,0,0,0
8489,Joe Bob,OG,Tulane,3,0,0,0,0,0,0,0,0,0,0,0
8490,Joe Bob,OG,Tulane,1,0,0,0,0,0,0,0,0,0,0,0
8491,Joe Bob,OG,Tulane,3,0,0,0,0,0,0,0,0,0,0,0
8492,Joe Bob,OG,Tulane,1,0,0,0,0,0,0,0,0,0,0,0
8493,Joe Bob,OT,Tulane,3,0,0,0,0,0,0,0,0,0,0,0
8494,Joe Bob,OT,Tulane,4,0,0,0,0,0,0,0,0,0,0,0
8495,Joe Bob,OT,Tulane,1,0,0,0,0,0,0,0,0,0,0,0
8496,Joe Bob,OG,Tulane,1,0,0,0,0,0,0,0,0,0,0,0
8497,Joe Bob,OG,Tulane,2,0,0,0,0,0,0,0,0,0,0,0
8498,Joe Bob,OG,Tulane,3,0,0,0,0,0,0,0,0,0,0,0
8499,Joe Bob,OT,Tulane,4,0,0,0,0,0,0,0,0,0,0,0
8500,Joe Bob,OG,Tulane,1,0,0,0,0,0,0,0,0,0,0,0
8501,Joe Bob,OG,Tulane,3,0,0,0,0,0,0,0,0,0,0,0
8502,Joe Bob,OG,Tulane,1,0,0,0,0,0,0,0,0,0,0,0
8503,Joe Bob,OT,Tulane,4,0,0,0,0,0,0,0,0,0,0,0
8504,Joe Bob,OG,Tulane,4,0,0,0,0,0,0,0,0,0,0,0
8505,Joe Bob,WR,Tulane,2,0,0,0,0,0,0,0,0,0,0,0
8506,Joe Bob,OG,Tulane,1,0,0,0,0,0,0,0,0,0,0,0
8507,Joe Bob,OG,Tulane,3,0,0,0,0,0,0,0,0,0,0,0
8508,Joe Bob,OG,Tulane,4,0,0,0,0,0,0,0,0,0,0,0
8509,Joe Bob,OG,Tulane,2,0,0,0,0,0,0,0,0,0,0,0
8510,Joe Bob,OG,Tulane,2,0,0,0,0,0,0,0,0,0,0,0
8511,Joe Bob,OG,Tulane,2,0,0,0,0,0,0,0,0,0,0,0
8512,Joe Bob,OG,Tulane,3,0,0,0,0,0,0,0,0,0,0,0
8513,Joe Bob,QB,Tulane,2,0,0,0,0,0,0,0,0,0,0,0
8514,Joe Bob,OG,Tulane,3,0,0,0,0,0,0,0,0,0,0,0
8515,Joe Bob,OG,Tulane,2,0,0,0,0,0,0,0,0,0,0,0
8516,Joe Bob,QB,Tulane,4,0,0,0,0,0,0,0,0,0,0,0
8517,Joe Bob,WR,Tulane,4,0,0,0,0,0,0,0,0,0,0,0
8518,Joe Bob,OT,Tulane,3,0,0,0,0,0,0,0,0,0,0,0
8519,Joe Bob,QB,Tulane,4,0,0,0,0,0,0,0,0,0,0,0
8520,Joe Bob,OG,Tulane,4,0,0,0,0,0,0,0,0,0,0,0
8521,Joe Bob,OG,Tulane,4,0,0,0,0,0,0,0,0,0,0,0
8522,Joe Bob,WR,Tulane,2,0,0,0,0,0,0,0,0,0,0,0
8523,Joe Bob,OG,Tulane,4,0,0,0,0,0,0,0,0,0,0,0
8524,Joe Bob,OG,Tulane,1,0,0,0,0,0,0,0,0,0,0,0
8525,Joe Bob,OG,Tulane,1,0,0,0,0,0,0,0,0,0,0,0
8526,Joe Bob,OG,Tulane,1,0,0,0,0,0,0,0,0,0,0,0
8527,Joe Bob,OG,Tulane,3,0,0,0,0,0,0,0,0,0,0,0
8528,Joe Bob,OG,Tulane,1,0,0,0,0,0,0,0,0,0,0,0
8529,Joe Bob,OG,Tulane,3,0,0,0,0,0,0,0,0,0,0,0
8530,Joe Bob,QB,Tulane,2,0,0,0,0,0,0,0,0,0,0,0
8531,Joe Bob,RB,Tulane,2,0,0,0,0,0,0,0,0,0,0,0
8532,Joe Bob,OG,Tulane,3,0,0,0,0,0,0,0,0,0,0,0
8533,Joe Bob,OG,Tulane,4,0,0,0,0,0,0,0,0,0,0,0
8534,Joe Bob,RB,Tulane,4,0,0,0,0,0,0,0,0,0,0,0
8535,Joe Bob,QB,Tulane,4,0,0,0,0,0,0,0,0,0,0,0
8536,Joe Bob,OG,Tulane,4,0,0,0,0,0,0,0,0,0,0,0
8537,Joe Bob,OG,Tulane,3,0,0,0,0,0,0,0,0,0,0,0
8538,Joe Bob,OG,Tulane,1,0,0,0,0,0,0,0,0,0,0,0
8539,Joe Bob,OG,Tulane,1,0,0,0,0,0,0,0,0,0,0,0
8540,Joe Bob,OG,Tulane,1,0,0,0,0,0,0,0,0,0,0,0
8541,Joe Bob,OG,Tulane,1,0,0,0,0,0,0,0,0,0,0,0
8542,Joe Bob,OG,Tulane,3,0,0,0,0,0,0,0,0,0,0,0
8543,Joe Bob,QB,Tulane,2,0,0,0,0,0,0,0,0,0,0,0
8544,Joe Bob,OG,Tulane,2,0,0,0,0,0,0,0,0,0,0,0
8545,Joe Bob,OG,Tulane,2,0,0,0,0,0,0,0,0,0,0,0
8546,Joe Bob,OG,Tulane,4,0,0,0,0,0,0,0,0,0,0,0
8547,Joe Bob,RB,Tulane,4,0,0,0,0,0,0,0,0,0,0,0
8548,Joe Bob,OT,Tulane,3,0,0,0,0,0,0,0,0,0,0,0
8549,Joe Bob,OG,Tulane,4,0,0,0,0,0,0,0,0,0,0,0
8550,Joe Bob,OT,Tulane,4,0,0,0,0,0,0,0,0,0,0,0
8551,Joe Bob,OT,Tulsa,4,0,0,0,0,0,0,0,0,0,0,0
8552,Joe Bob,WR,Tulsa,1,0,0,0,0,0,0,0,0,0,0,0
8553,Joe Bob,OG,Tulsa,1,0,0,0,0,0,0,0,0,0,0,0
8554,Joe Bob,OG,Tulsa,4,0,0,0,0,0,0,0,0,0,0,0
8555,Joe Bob,OT,Tulsa,1,0,0,0,0,0,0,0,0,0,0,0
8556,Joe Bob,OG,Tulsa,1,0,0,0,0,0,0,0,0,0,0,0
8557,Joe Bob,OG,Tulsa,3,0,0,0,0,0,0,0,0,0,0,0
8558,Joe Bob,OG,Tulsa,1,0,0,0,0,0,0,0,0,0,0,0
8559,Joe Bob,OG,Tulsa,3,0,0,0,0,0,0,0,0,0,0,0
8560,Joe Bob,OG,Tulsa,2,0,0,0,0,0,0,0,0,0,0,0
8561,Joe Bob,OG,Tulsa,3,0,0,0,0,0,0,0,0,0,0,0
8562,Joe Bob,OG,Tulsa,3,0,0,0,0,0,0,0,0,0,0,0
8563,Joe Bob,RB,Tulsa,3,0,0,0,0,0,0,0,0,0,0,0
8564,Joe Bob,OG,Tulsa,4,0,0,0,0,0,0,0,0,0,0,0
8565,Joe Bob,QB,Tulsa,2,0,0,0,0,0,0,0,0,0,0,0
8566,Joe Bob,OG,Tulsa,4,0,0,0,0,0,0,0,0,0,0,0
8567,Joe Bob,FB,Tulsa,4,0,0,0,0,0,0,0,0,0,0,0
8568,Joe Bob,OG,Tulsa,3,0,0,0,0,0,0,0,0,0,0,0
8569,Joe Bob,WR,Tulsa,4,0,0,0,0,0,0,0,0,0,0,0
8570,Joe Bob,OT,Tulsa,3,0,0,0,0,0,0,0,0,0,0,0
8571,Joe Bob,WR,Tulsa,3,0,0,0,0,0,0,0,0,0,0,0
8572,Joe Bob,OG,Tulsa,4,0,0,0,0,0,0,0,0,0,0,0
8573,Joe Bob,OG,Tulsa,4,0,0,0,0,0,0,0,0,0,0,0
8574,Joe Bob,WR,Tulsa,1,0,0,0,0,0,0,0,0,0,0,0
8575,Joe Bob,OG,Tulsa,3,0,0,0,0,0,0,0,0,0,0,0
8576,Joe Bob,WR,Tulsa,2,0,0,0,0,0,0,0,0,0,0,0
8577,Joe Bob,WR,Tulsa,4,0,0,0,0,0,0,0,0,0,0,0
8578,Joe Bob,OG,Tulsa,4,0,0,0,0,0,0,0,0,0,0,0
8579,Joe Bob,OG,Tulsa,2,0,0,0,0,0,0,0,0,0,0,0
8580,Joe Bob,OG,Tulsa,4,0,0,0,0,0,0,0,0,0,0,0
8581,Joe Bob,OG,Tulsa,2,0,0,0,0,0,0,0,0,0,0,0
8582,Joe Bob,OG,Tulsa,1,0,0,0,0,0,0,0,0,0,0,0
8583,Joe Bob,OG,Tulsa,3,0,0,0,0,0,0,0,0,0,0,0
8584,Joe Bob,OG,Tulsa,3,0,0,0,0,0,0,0,0,0,0,0
8585,Joe Bob,OG,Tulsa,1,0,0,0,0,0,0,0,0,0,0,0
8586,Joe Bob,OG,Tulsa,3,0,0,0,0,0,0,0,0,0,0,0
8587,Joe Bob,QB,Tulsa,2,0,0,0,0,0,0,0,0,0,0,0
8588,Joe Bob,OG,Tulsa,2,0,0,0,0,0,0,0,0,0,0,0
8589,Joe Bob,RB,Tulsa,1,0,0,0,0,0,0,0,0,0,0,0
8590,Joe Bob,OG,Tulsa,3,0,0,0,0,0,0,0,0,0,0,0
8591,Joe Bob,OT,Tulsa,4,0,0,0,0,0,0,0,0,0,0,0
8592,Joe Bob,WR,Tulsa,4,0,0,0,0,0,0,0,0,0,0,0
8593,Joe Bob,OG,Tulsa,4,0,0,0,0,0,0,0,0,0,0,0
8594,Joe Bob,OG,Tulsa,2,0,0,0,0,0,0,0,0,0,0,0
8595,Joe Bob,OT,Tulsa,4,0,0,0,0,0,0,0,0,0,0,0
8596,Joe Bob,OT,Tulsa,2,0,0,0,0,0,0,0,0,0,0,0
8597,Joe Bob,OG,Tulsa,4,0,0,0,0,0,0,0,0,0,0,0
8598,Joe Bob,OG,Tulsa,1,0,0,0,0,0,0,0,0,0,0,0
8599,Joe Bob,OG,Tulsa,3,0,0,0,0,0,0,0,0,0,0,0
8600,Joe Bob,OG,Tulsa,2,0,0,0,0,0,0,0,0,0,0,0
8601,Joe Bob,OG,Tulsa,2,0,0,0,0,0,0,0,0,0,0,0
8602,Joe Bob,OG,Tulsa,3,0,0,0,0,0,0,0,0,0,0,0
8603,Joe Bob,OG,Tulsa,3,0,0,0,0,0,0,0,0,0,0,0
8604,Joe Bob,FB,Tulsa,4,0,0,0,0,0,0,0,0,0,0,0
8605,Joe Bob,OG,Tulsa,4,0,0,0,0,0,0,0,0,0,0,0
8606,Joe Bob,WR,Tulsa,4,0,0,0,0,0,0,0,0,0,0,0
8607,Joe Bob,OG,Tulsa,4,0,0,0,0,0,0,0,0,0,0,0
8608,Joe Bob,OG,Tulsa,3,0,0,0,0,0,0,0,0,0,0,0
8609,Joe Bob,OG,Tulsa,2,0,0,0,0,0,0,0,0,0,0,0
8610,Joe Bob,OG,Tulsa,2,0,0,0,0,0,0,0,0,0,0,0
8611,Joe Bob,OG,Tulsa,1,0,0,0,0,0,0,0,0,0,0,0
8612,Joe Bob,OG,Tulsa,1,0,0,0,0,0,0,0,0,0,0,0
8613,Joe Bob,OG,Tulsa,3,0,0,0,0,0,0,0,0,0,0,0
8614,Joe Bob,OG,Tulsa,2,0,0,0,0,0,0,0,0,0,0,0
8615,Joe Bob,OG,Tulsa,2,0,0,0,0,0,0,0,0,0,0,0
8616,Joe Bob,OG,Tulsa,3,0,0,0,0,0,0,0,0,0,0,0
8617,Joe Bob,WR,Tulsa,1,0,0,0,0,0,0,0,0,0,0,0
8618,Joe Bob,OG,Tulsa,3,0,0,0,0,0,0,0,0,0,0,0
8619,Joe Bob,OG,Tulsa,3,0,0,0,0,0,0,0,0,0,0,0
8620,Joe Bob,OT,Tulsa,4,0,0,0,0,0,0,0,0,0,0,0
8621,Joe Bob,OG,Tulsa,2,0,0,0,0,0,0,0,0,0,0,0
8622,Joe Bob,WR,Tulsa,3,0,0,0,0,0,0,0,0,0,0,0
8623,Joe Bob,FB,Tulsa,1,0,0,0,0,0,0,0,0,0,0,0
8624,Joe Bob,OT,Tulsa,4,0,0,0,0,0,0,0,0,0,0,0
8625,Joe Bob,OG,Tulsa,4,0,0,0,0,0,0,0,0,0,0,0
8626,Joe Bob,OG,UAB,2,0,0,0,0,0,0,0,0,0,0,0
8627,Joe Bob,OG,UAB,3,0,0,0,0,0,0,0,0,0,0,0
8628,Joe Bob,OT,UAB,2,0,0,0,0,0,0,0,0,0,0,0
8629,Joe Bob,OT,UAB,2,0,0,0,0,0,0,0,0,0,0,0
8630,Joe Bob,OG,UAB,2,0,0,0,0,0,0,0,0,0,0,0
8631,Joe Bob,OG,UAB,2,0,0,0,0,0,0,0,0,0,0,0
8632,Joe Bob,OG,UAB,4,0,0,0,0,0,0,0,0,0,0,0
8633,Joe Bob,OG,UAB,3,0,0,0,0,0,0,0,0,0,0,0
8634,Joe Bob,OG,UAB,2,0,0,0,0,0,0,0,0,0,0,0
8635,Joe Bob,OG,UAB,3,0,0,0,0,0,0,0,0,0,0,0
8636,Joe Bob,OG,UAB,4,0,0,0,0,0,0,0,0,0,0,0
8637,Joe Bob,QB,UAB,1,0,0,0,0,0,0,0,0,0,0,0
8638,Joe Bob,OG,UAB,3,0,0,0,0,0,0,0,0,0,0,0
8639,Joe Bob,OG,UAB,3,0,0,0,0,0,0,0,0,0,0,0
8640,Joe Bob,OG,UAB,3,0,0,0,0,0,0,0,0,0,0,0
8641,Joe Bob,WR,UAB,1,0,0,0,0,0,0,0,0,0,0,0
8642,Joe Bob,OG,UAB,3,0,0,0,0,0,0,0,0,0,0,0
8643,Joe Bob,WR,UAB,4,0,0,0,0,0,0,0,0,0,0,0
8644,Joe Bob,OG,UAB,3,0,0,0,0,0,0,0,0,0,0,0
8645,Joe Bob,OG,UAB,3,0,0,0,0,0,0,0,0,0,0,0
8646,Joe Bob,OT,UAB,2,0,0,0,0,0,0,0,0,0,0,0
8647,Joe Bob,OG,UAB,2,0,0,0,0,0,0,0,0,0,0,0
8648,Joe Bob,WR,UAB,2,0,0,0,0,0,0,0,0,0,0,0
8649,Joe Bob,OG,UAB,1,0,0,0,0,0,0,0,0,0,0,0
8650,Joe Bob,OG,UAB,1,0,0,0,0,0,0,0,0,0,0,0
8651,Joe Bob,OG,UAB,2,0,0,0,0,0,0,0,0,0,0,0
8652,Joe Bob,OG,UAB,1,0,0,0,0,0,0,0,0,0,0,0
8653,Joe Bob,OG,UAB,2,0,0,0,0,0,0,0,0,0,0,0
8654,Joe Bob,OG,UAB,2,0,0,0,0,0,0,0,0,0,0,0
8655,Joe Bob,OG,UAB,2,0,0,0,0,0,0,0,0,0,0,0
8656,Joe Bob,QB,UAB,4,0,0,0,0,0,0,0,0,0,0,0
8657,Joe Bob,OG,UAB,1,0,0,0,0,0,0,0,0,0,0,0
8658,Joe Bob,OG,UAB,2,0,0,0,0,0,0,0,0,0,0,0
8659,Joe Bob,WR,UAB,4,0,0,0,0,0,0,0,0,0,0,0
8660,Joe Bob,OT,UAB,3,0,0,0,0,0,0,0,0,0,0,0
8661,Joe Bob,WR,UAB,1,0,0,0,0,0,0,0,0,0,0,0
8662,Joe Bob,WR,UAB,4,0,0,0,0,0,0,0,0,0,0,0
8663,Joe Bob,QB,UAB,1,0,0,0,0,0,0,0,0,0,0,0
8664,Joe Bob,OG,UAB,3,0,0,0,0,0,0,0,0,0,0,0
8665,Joe Bob,OT,UAB,4,0,0,0,0,0,0,0,0,0,0,0
8666,Joe Bob,OG,UAB,1,0,0,0,0,0,0,0,0,0,0,0
8667,Joe Bob,OG,UAB,1,0,0,0,0,0,0,0,0,0,0,0
8668,Joe Bob,RB,UAB,1,0,0,0,0,0,0,0,0,0,0,0
8669,Joe Bob,OG,UAB,1,0,0,0,0,0,0,0,0,0,0,0
8670,Joe Bob,OG,UAB,2,0,0,0,0,0,0,0,0,0,0,0
8671,Joe Bob,OG,UAB,2,0,0,0,0,0,0,0,0,0,0,0
8672,Joe Bob,OG,UAB,4,0,0,0,0,0,0,0,0,0,0,0
8673,Joe Bob,OG,UAB,3,0,0,0,0,0,0,0,0,0,0,0
8674,Joe Bob,RB,UAB,3,0,0,0,0,0,0,0,0,0,0,0
8675,Joe Bob,WR,UAB,3,0,0,0,0,0,0,0,0,0,0,0
8676,Joe Bob,WR,UAB,1,0,0,0,0,0,0,0,0,0,0,0
8677,Joe Bob,OG,UAB,4,0,0,0,0,0,0,0,0,0,0,0
8678,Joe Bob,OG,UAB,4,0,0,0,0,0,0,0,0,0,0,0
8679,Joe Bob,OG,UAB,4,0,0,0,0,0,0,0,0,0,0,0
8680,Joe Bob,OG,UAB,2,0,0,0,0,0,0,0,0,0,0,0
8681,Joe Bob,OG,UAB,1,0,0,0,0,0,0,0,0,0,0,0
8682,Joe Bob,OG,UAB,1,0,0,0,0,0,0,0,0,0,0,0
8683,Joe Bob,WR,UAB,2,0,0,0,0,0,0,0,0,0,0,0
8684,Joe Bob,OG,UAB,4,0,0,0,0,0,0,0,0,0,0,0
8685,Joe Bob,OG,UAB,3,0,0,0,0,0,0,0,0,0,0,0
8686,Joe Bob,OG,UAB,2,0,0,0,0,0,0,0,0,0,0,0
8687,Joe Bob,WR,UAB,2,0,0,0,0,0,0,0,0,0,0,0
8688,Joe Bob,OG,UAB,2,0,0,0,0,0,0,0,0,0,0,0
8689,Joe Bob,OG,UAB,2,0,0,0,0,0,0,0,0,0,0,0
8690,Joe Bob,RB,UAB,4,0,0,0,0,0,0,0,0,0,0,0
8691,Joe Bob,OG,UAB,3,0,0,0,0,0,0,0,0,0,0,0
8692,Joe Bob,OG,UAB,3,0,0,0,0,0,0,0,0,0,0,0
8693,Joe Bob,OG,UAB,2,0,0,0,0,0,0,0,0,0,0,0
8694,Joe Bob,OT,UAB,3,0,0,0,0,0,0,0,0,0,0,0
8695,Joe Bob,WR,UAB,1,0,0,0,0,0,0,0,0,0,0,0
8696,Joe Bob,RB,UAB,1,0,0,0,0,0,0,0,0,0,0,0
8697,Joe Bob,OG,UAB,4,0,0,0,0,0,0,0,0,0,0,0
8698,Joe Bob,OG,UAB,2,0,0,0,0,0,0,0,0,0,0,0
8699,Joe Bob,OG,UAB,4,0,0,0,0,0,0,0,0,0,0,0
8700,Joe Bob,OG,UAB,3,0,0,0,0,0,0,0,0,0,0,0
8701,Joe Bob,OG,UCF,2,0,0,0,0,0,0,0,0,0,0,0
8702,Joe Bob,OG,UCF,1,0,0,0,0,0,0,0,0,0,0,0
8703,Joe Bob,OG,UCF,3,0,0,0,0,0,0,0,0,0,0,0
8704,Joe Bob,OG,UCF,1,0,0,0,0,0,0,0,0,0,0,0
8705,Joe Bob,OG,UCF,2,0,0,0,0,0,0,0,0,0,0,0
8706,Joe Bob,OG,UCF,3,0,0,0,0,0,0,0,0,0,0,0
8707,Joe Bob,QB,UCF,1,0,0,0,0,0,0,0,0,0,0,0
8708,Joe Bob,OG,UCF,3,0,0,0,0,0,0,0,0,0,0,0
8709,Joe Bob,OG,UCF,1,0,0,0,0,0,0,0,0,0,0,0
8710,Joe Bob,OG,UCF,3,0,0,0,0,0,0,0,0,0,0,0
8711,Joe Bob,OG,UCF,3,0,0,0,0,0,0,0,0,0,0,0
8712,Joe Bob,FB,UCF,2,0,0,0,0,0,0,0,0,0,0,0
8713,Joe Bob,QB,UCF,1,0,0,0,0,0,0,0,0,0,0,0
8714,Joe Bob,WR,UCF,2,0,0,0,0,0,0,0,0,0,0,0
8715,Joe Bob,OG,UCF,4,0,0,0,0,0,0,0,0,0,0,0
8716,Joe Bob,WR,UCF,4,0,0,0,0,0,0,0,0,0,0,0
8717,Joe Bob,OT,UCF,3,0,0,0,0,0,0,0,0,0,0,0
8718,Joe Bob,OG,UCF,4,0,0,0,0,0,0,0,0,0,0,0
8719,Joe Bob,OT,UCF,4,0,0,0,0,0,0,0,0,0,0,0
8720,Joe Bob,WR,UCF,1,0,0,0,0,0,0,0,0,0,0,0
8721,Joe Bob,OG,UCF,4,0,0,0,0,0,0,0,0,0,0,0
8722,Joe Bob,OG,UCF,1,0,0,0,0,0,0,0,0,0,0,0
8723,Joe Bob,OG,UCF,2,0,0,0,0,0,0,0,0,0,0,0
8724,Joe Bob,OG,UCF,1,0,0,0,0,0,0,0,0,0,0,0
8725,Joe Bob,OG,UCF,1,0,0,0,0,0,0,0,0,0,0,0
8726,Joe Bob,OG,UCF,3,0,0,0,0,0,0,0,0,0,0,0
8727,Joe Bob,OG,UCF,1,0,0,0,0,0,0,0,0,0,0,0
8728,Joe Bob,OG,UCF,3,0,0,0,0,0,0,0,0,0,0,0
8729,Joe Bob,OG,UCF,3,0,0,0,0,0,0,0,0,0,0,0
8730,Joe Bob,OG,UCF,4,0,0,0,0,0,0,0,0,0,0,0
8731,Joe Bob,OG,UCF,2,0,0,0,0,0,0,0,0,0,0,0
8732,Joe Bob,WR,UCF,3,0,0,0,0,0,0,0,0,0,0,0
8733,Joe Bob,OG,UCF,1,0,0,0,0,0,0,0,0,0,0,0
8734,Joe Bob,OG,UCF,4,0,0,0,0,0,0,0,0,0,0,0
8735,Joe Bob,OG,UCF,4,0,0,0,0,0,0,0,0,0,0,0
8736,Joe Bob,OG,UCF,3,0,0,0,0,0,0,0,0,0,0,0
8737,Joe Bob,OG,UCF,4,0,0,0,0,0,0,0,0,0,0,0
8738,Joe Bob,OT,UCF,1,0,0,0,0,0,0,0,0,0,0,0
8739,Joe Bob,OG,UCF,2,0,0,0,0,0,0,0,0,0,0,0
8740,Joe Bob,OG,UCF,1,0,0,0,0,0,0,0,0,0,0,0
8741,Joe Bob,OG,UCF,1,0,0,0,0,0,0,0,0,0,0,0
8742,Joe Bob,OG,UCF,2,0,0,0,0,0,0,0,0,0,0,0
8743,Joe Bob,OG,UCF,4,0,0,0,0,0,0,0,0,0,0,0
8744,Joe Bob,OG,UCF,2,0,0,0,0,0,0,0,0,0,0,0
8745,Joe Bob,OG,UCF,3,0,0,0,0,0,0,0,0,0,0,0
8746,Joe Bob,OG,UCF,3,0,0,0,0,0,0,0,0,0,0,0
8747,Joe Bob,OG,UCF,4,0,0,0,0,0,0,0,0,0,0,0
8748,Joe Bob,OG,UCF,4,0,0,0,0,0,0,0,0,0,0,0
8749,Joe Bob,OG,UCF,4,0,0,0,0,0,0,0,0,0,0,0
8750,Joe Bob,FB,UCF,1,0,0,0,0,0,0,0,0,0,0,0
8751,Joe Bob,OG,UCF,3,0,0,0,0,0,0,0,0,0,0,0
8752,Joe Bob,OG,UCF,2,0,0,0,0,0,0,0,0,0,0,0
8753,Joe Bob,OG,UCF,2,0,0,0,0,0,0,0,0,0,0,0
8754,Joe Bob,OG,UCF,1,0,0,0,0,0,0,0,0,0,0,0
8755,Joe Bob,OG,UCF,1,0,0,0,0,0,0,0,0,0,0,0
8756,Joe Bob,OG,UCF,1,0,0,0,0,0,0,0,0,0,0,0
8757,Joe Bob,OG,UCF,1,0,0,0,0,0,0,0,0,0,0,0
8758,Joe Bob,OG,UCF,3,0,0,0,0,0,0,0,0,0,0,0
8759,Joe Bob,OG,UCF,2,0,0,0,0,0,0,0,0,0,0,0
8760,Joe Bob,OG,UCF,3,0,0,0,0,0,0,0,0,0,0,0
8761,Joe Bob,OG,UCF,2,0,0,0,0,0,0,0,0,0,0,0
8762,Joe Bob,OG,UCF,3,0,0,0,0,0,0,0,0,0,0,0
8763,Joe Bob,OG,UCF,4,0,0,0,0,0,0,0,0,0,0,0
8764,Joe Bob,OG,UCF,2,0,0,0,0,0,0,0,0,0,0,0
8765,Joe Bob,OG,UCF,1,0,0,0,0,0,0,0,0,0,0,0
8766,Joe Bob,WR,UCF,3,0,0,0,0,0,0,0,0,0,0,0
8767,Joe Bob,QB,UCF,4,0,0,0,0,0,0,0,0,0,0,0
8768,Joe Bob,WR,UCF,4,0,0,0,0,0,0,0,0,0,0,0
8769,Joe Bob,OG,UCF,4,0,0,0,0,0,0,0,0,0,0,0
8770,Joe Bob,OG,UCF,2,0,0,0,0,0,0,0,0,0,0,0
8771,Joe Bob,OG,UCF,4,0,0,0,0,0,0,0,0,0,0,0
8772,Joe Bob,WR,UCF,2,0,0,0,0,0,0,0,0,0,0,0
8773,Joe Bob,OG,UCF,2,0,0,0,0,0,0,0,0,0,0,0
8774,Joe Bob,OG,UCF,1,0,0,0,0,0,0,0,0,0,0,0
8775,Joe Bob,OG,UCF,2,0,0,0,0,0,0,0,0,0,0,0
8776,Joe Bob,OG,UCLA,4,0,0,0,0,0,0,0,0,0,0,0
8777,Joe Bob,OG,UCLA,4,0,0,0,0,0,0,0,0,0,0,0
8778,Joe Bob,OG,UCLA,1,0,0,0,0,0,0,0,0,0,0,0
8779,Joe Bob,OG,UCLA,1,0,0,0,0,0,0,0,0,0,0,0
8780,Joe Bob,OG,UCLA,3,0,0,0,0,0,0,0,0,0,0,0
8781,Joe Bob,OG,UCLA,4,0,0,0,0,0,0,0,0,0,0,0
8782,Joe Bob,OT,UCLA,2,0,0,0,0,0,0,0,0,0,0,0
8783,Joe Bob,OG,UCLA,1,0,0,0,0,0,0,0,0,0,0,0
8784,Joe Bob,OG,UCLA,2,0,0,0,0,0,0,0,0,0,0,0
8785,Joe Bob,OG,UCLA,3,0,0,0,0,0,0,0,0,0,0,0
8786,Joe Bob,OG,UCLA,2,0,0,0,0,0,0,0,0,0,0,0
8787,Joe Bob,OG,UCLA,2,0,0,0,0,0,0,0,0,0,0,0
8788,Joe Bob,OG,UCLA,2,0,0,0,0,0,0,0,0,0,0,0
8789,Joe Bob,FB,UCLA,4,0,0,0,0,0,0,0,0,0,0,0
8790,Joe Bob,WR,UCLA,4,0,0,0,0,0,0,0,0,0,0,0
8791,Joe Bob,WR,UCLA,3,0,0,0,0,0,0,0,0,0,0,0
8792,Joe Bob,OG,UCLA,4,0,0,0,0,0,0,0,0,0,0,0
8793,Joe Bob,WR,UCLA,4,0,0,0,0,0,0,0,0,0,0,0
8794,Joe Bob,OG,UCLA,3,0,0,0,0,0,0,0,0,0,0,0
8795,Joe Bob,RB,UCLA,1,0,0,0,0,0,0,0,0,0,0,0
8796,Joe Bob,OG,UCLA,1,0,0,0,0,0,0,0,0,0,0,0
8797,Joe Bob,OG,UCLA,1,0,0,0,0,0,0,0,0,0,0,0
8798,Joe Bob,OG,UCLA,1,0,0,0,0,0,0,0,0,0,0,0
8799,Joe Bob,OG,UCLA,1,0,0,0,0,0,0,0,0,0,0,0
8800,Joe Bob,OG,UCLA,3,0,0,0,0,0,0,0,0,0,0,0
8801,Joe Bob,OG,UCLA,1,0,0,0,0,0,0,0,0,0,0,0
8802,Joe Bob,OG,UCLA,3,0,0,0,0,0,0,0,0,0,0,0
8803,Joe Bob,OG,UCLA,1,0,0,0,0,0,0,0,0,0,0,0
8804,Joe Bob,OG,UCLA,2,0,0,0,0,0,0,0,0,0,0,0
8805,Joe Bob,OG,UCLA,3,0,0,0,0,0,0,0,0,0,0,0
8806,Joe Bob,QB,UCLA,3,0,0,0,0,0,0,0,0,0,0,0
8807,Joe Bob,OG,UCLA,3,0,0,0,0,0,0,0,0,0,0,0
8808,Joe Bob,OG,UCLA,3,0,0,0,0,0,0,0,0,0,0,0
8809,Joe Bob,OG,UCLA,3,0,0,0,0,0,0,0,0,0,0,0
8810,Joe Bob,WR,UCLA,2,0,0,0,0,0,0,0,0,0,0,0
8811,Joe Bob,OG,UCLA,1,0,0,0,0,0,0,0,0,0,0,0
8812,Joe Bob,WR,UCLA,1,0,0,0,0,0,0,0,0,0,0,0
8813,Joe Bob,OT,UCLA,2,0,0,0,0,0,0,0,0,0,0,0
8814,Joe Bob,OG,UCLA,1,0,0,0,0,0,0,0,0,0,0,0
8815,Joe Bob,OG,UCLA,3,0,0,0,0,0,0,0,0,0,0,0
8816,Joe Bob,OG,UCLA,2,0,0,0,0,0,0,0,0,0,0,0
8817,Joe Bob,OG,UCLA,2,0,0,0,0,0,0,0,0,0,0,0
8818,Joe Bob,OG,UCLA,2,0,0,0,0,0,0,0,0,0,0,0
8819,Joe Bob,OG,UCLA,4,0,0,0,0,0,0,0,0,0,0,0
8820,Joe Bob,QB,UCLA,4,0,0,0,0,0,0,0,0,0,0,0
8821,Joe Bob,WR,UCLA,3,0,0,0,0,0,0,0,0,0,0,0
8822,Joe Bob,OG,UCLA,3,0,0,0,0,0,0,0,0,0,0,0
8823,Joe Bob,OT,UCLA,4,0,0,0,0,0,0,0,0,0,0,0
8824,Joe Bob,QB,UCLA,4,0,0,0,0,0,0,0,0,0,0,0
8825,Joe Bob,WR,UCLA,4,0,0,0,0,0,0,0,0,0,0,0
8826,Joe Bob,OG,UCLA,1,0,0,0,0,0,0,0,0,0,0,0
8827,Joe Bob,OT,UCLA,3,0,0,0,0,0,0,0,0,0,0,0
8828,Joe Bob,OG,UCLA,4,0,0,0,0,0,0,0,0,0,0,0
8829,Joe Bob,OG,UCLA,1,0,0,0,0,0,0,0,0,0,0,0
8830,Joe Bob,OG,UCLA,3,0,0,0,0,0,0,0,0,0,0,0
8831,Joe Bob,OG,UCLA,1,0,0,0,0,0,0,0,0,0,0,0
8832,Joe Bob,WR,UCLA,3,0,0,0,0,0,0,0,0,0,0,0
8833,Joe Bob,OG,UCLA,1,0,0,0,0,0,0,0,0,0,0,0
8834,Joe Bob,OG,UCLA,2,0,0,0,0,0,0,0,0,0,0,0
8835,Joe Bob,OG,UCLA,2,0,0,0,0,0,0,0,0,0,0,0
8836,Joe Bob,QB,UCLA,3,0,0,0,0,0,0,0,0,0,0,0
8837,Joe Bob,OG,UCLA,3,0,0,0,0,0,0,0,0,0,0,0
8838,Joe Bob,OG,UCLA,2,0,0,0,0,0,0,0,0,0,0,0
8839,Joe Bob,OG,UCLA,4,0,0,0,0,0,0,0,0,0,0,0
8840,Joe Bob,RB,UCLA,4,0,0,0,0,0,0,0,0,0,0,0
8841,Joe Bob,OG,UCLA,4,0,0,0,0,0,0,0,0,0,0,0
8842,Joe Bob,WR,UCLA,4,0,0,0,0,0,0,0,0,0,0,0
8843,Joe Bob,OT,UCLA,4,0,0,0,0,0,0,0,0,0,0,0
8844,Joe Bob,WR,UCLA,4,0,0,0,0,0,0,0,0,0,0,0
8845,Joe Bob,OG,UCLA,3,0,0,0,0,0,0,0,0,0,0,0
8846,Joe Bob,OG,UCLA,4,0,0,0,0,0,0,0,0,0,0,0
8847,Joe Bob,OG,UCLA,1,0,0,0,0,0,0,0,0,0,0,0
8848,Joe Bob,OG,UCLA,2,0,0,0,0,0,0,0,0,0,0,0
8849,Joe Bob,WR,UCLA,2,0,0,0,0,0,0,0,0,0,0,0
8850,Joe Bob,WR,UCLA,4,0,0,0,0,0,0,0,0,0,0,0
8851,Joe Bob,OG,UL-Monroe,4,0,0,0,0,0,0,0,0,0,0,0
8852,Joe Bob,OG,UL-Monroe,2,0,0,0,0,0,0,0,0,0,0,0
8853,Joe Bob,OG,UL-Monroe,4,0,0,0,0,0,0,0,0,0,0,0
8854,Joe Bob,OG,UL-Monroe,2,0,0,0,0,0,0,0,0,0,0,0
8855,Joe Bob,OG,UL-Monroe,1,0,0,0,0,0,0,0,0,0,0,0
8856,Joe Bob,OG,UL-Monroe,3,0,0,0,0,0,0,0,0,0,0,0
8857,Joe Bob,OG,UL-Monroe,3,0,0,0,0,0,0,0,0,0,0,0
8858,Joe Bob,OG,UL-Monroe,1,0,0,0,0,0,0,0,0,0,0,0
8859,Joe Bob,OG,UL-Monroe,3,0,0,0,0,0,0,0,0,0,0,0
8860,Joe Bob,OG,UL-Monroe,2,0,0,0,0,0,0,0,0,0,0,0
8861,Joe Bob,OG,UL-Monroe,2,0,0,0,0,0,0,0,0,0,0,0
8862,Joe Bob,OG,UL-Monroe,1,0,0,0,0,0,0,0,0,0,0,0
8863,Joe Bob,OG,UL-Monroe,4,0,0,0,0,0,0,0,0,0,0,0
8864,Joe Bob,OT,UL-Monroe,3,0,0,0,0,0,0,0,0,0,0,0
8865,Joe Bob,WR,UL-Monroe,4,0,0,0,0,0,0,0,0,0,0,0
8866,Joe Bob,OG,UL-Monroe,3,0,0,0,0,0,0,0,0,0,0,0
8867,Joe Bob,OG,UL-Monroe,1,0,0,0,0,0,0,0,0,0,0,0
8868,Joe Bob,OT,UL-Monroe,4,0,0,0,0,0,0,0,0,0,0,0
8869,Joe Bob,WR,UL-Monroe,2,0,0,0,0,0,0,0,0,0,0,0
8870,Joe Bob,OG,UL-Monroe,4,0,0,0,0,0,0,0,0,0,0,0
8871,Joe Bob,OG,UL-Monroe,4,0,0,0,0,0,0,0,0,0,0,0
8872,Joe Bob,OG,UL-Monroe,2,0,0,0,0,0,0,0,0,0,0,0
8873,Joe Bob,OG,UL-Monroe,2,0,0,0,0,0,0,0,0,0,0,0
8874,Joe Bob,OG,UL-Monroe,1,0,0,0,0,0,0,0,0,0,0,0
8875,Joe Bob,OG,UL-Monroe,2,0,0,0,0,0,0,0,0,0,0,0
8876,Joe Bob,OG,UL-Monroe,2,0,0,0,0,0,0,0,0,0,0,0
8877,Joe Bob,RB,UL-Monroe,3,0,0,0,0,0,0,0,0,0,0,0
8878,Joe Bob,OG,UL-Monroe,3,0,0,0,0,0,0,0,0,0,0,0
8879,Joe Bob,OG,UL-Monroe,2,0,0,0,0,0,0,0,0,0,0,0
8880,Joe Bob,WR,UL-Monroe,4,0,0,0,0,0,0,0,0,0,0,0
8881,Joe Bob,OT,UL-Monroe,4,0,0,0,0,0,0,0,0,0,0,0
8882,Joe Bob,OG,UL-Monroe,2,0,0,0,0,0,0,0,0,0,0,0
8883,Joe Bob,OG,UL-Monroe,1,0,0,0,0,0,0,0,0,0,0,0
8884,Joe Bob,WR,UL-Monroe,1,0,0,0,0,0,0,0,0,0,0,0
8885,Joe Bob,OG,UL-Monroe,1,0,0,0,0,0,0,0,0,0,0,0
8886,Joe Bob,OG,UL-Monroe,2,0,0,0,0,0,0,0,0,0,0,0
8887,Joe Bob,OG,UL-Monroe,1,0,0,0,0,0,0,0,0,0,0,0
8888,Joe Bob,OG,UL-Monroe,2,0,0,0,0,0,0,0,0,0,0,0
8889,Joe Bob,OT,UL-Monroe,2,0,0,0,0,0,0,0,0,0,0,0
8890,Joe Bob,RB,UL-Monroe,1,0,0,0,0,0,0,0,0,0,0,0
8891,Joe Bob,OG,UL-Monroe,4,0,0,0,0,0,0,0,0,0,0,0
8892,Joe Bob,OG,UL-Monroe,3,0,0,0,0,0,0,0,0,0,0,0
8893,Joe Bob,OT,UL-Monroe,4,0,0,0,0,0,0,0,0,0,0,0
8894,Joe Bob,OG,UL-Monroe,2,0,0,0,0,0,0,0,0,0,0,0
8895,Joe Bob,RB,UL-Monroe,3,0,0,0,0,0,0,0,0,0,0,0
8896,Joe Bob,QB,UL-Monroe,1,0,0,0,0,0,0,0,0,0,0,0
8897,Joe Bob,QB,UL-Monroe,4,0,0,0,0,0,0,0,0,0,0,0
8898,Joe Bob,OG,UL-Monroe,4,0,0,0,0,0,0,0,0,0,0,0
8899,Joe Bob,OG,UL-Monroe,2,0,0,0,0,0,0,0,0,0,0,0
8900,Joe Bob,OG,UL-Monroe,3,0,0,0,0,0,0,0,0,0,0,0
8901,Joe Bob,WR,UL-Monroe,1,0,0,0,0,0,0,0,0,0,0,0
8902,Joe Bob,WR,UL-Monroe,1,0,0,0,0,0,0,0,0,0,0,0
8903,Joe Bob,OG,UL-Monroe,1,0,0,0,0,0,0,0,0,0,0,0
8904,Joe Bob,OT,UL-Monroe,3,0,0,0,0,0,0,0,0,0,0,0
8905,Joe Bob,OG,UL-Monroe,4,0,0,0,0,0,0,0,0,0,0,0
8906,Joe Bob,OG,UL-Monroe,3,0,0,0,0,0,0,0,0,0,0,0
8907,Joe Bob,OG,UL-Monroe,1,0,0,0,0,0,0,0,0,0,0,0
8908,Joe Bob,OG,UL-Monroe,2,0,0,0,0,0,0,0,0,0,0,0
8909,Joe Bob,OG,UL-Monroe,4,0,0,0,0,0,0,0,0,0,0,0
8910,Joe Bob,OG,UL-Monroe,1,0,0,0,0,0,0,0,0,0,0,0
8911,Joe Bob,OG,UL-Monroe,3,0,0,0,0,0,0,0,0,0,0,0
8912,Joe Bob,OG,UL-Monroe,4,0,0,0,0,0,0,0,0,0,0,0
8913,Joe Bob,OG,UL-Monroe,3,0,0,0,0,0,0,0,0,0,0,0
8914,Joe Bob,OG,UL-Monroe,1,0,0,0,0,0,0,0,0,0,0,0
8915,Joe Bob,OG,UL-Monroe,2,0,0,0,0,0,0,0,0,0,0,0
8916,Joe Bob,WR,UL-Monroe,4,0,0,0,0,0,0,0,0,0,0,0
8917,Joe Bob,RB,UL-Monroe,4,0,0,0,0,0,0,0,0,0,0,0
8918,Joe Bob,OG,UL-Monroe,3,0,0,0,0,0,0,0,0,0,0,0
8919,Joe Bob,OT,UL-Monroe,2,0,0,0,0,0,0,0,0,0,0,0
8920,Joe Bob,OG,UL-Monroe,2,0,0,0,0,0,0,0,0,0,0,0
8921,Joe Bob,RB,UL-Monroe,1,0,0,0,0,0,0,0,0,0,0,0
8922,Joe Bob,OT,UL-Monroe,1,0,0,0,0,0,0,0,0,0,0,0
8923,Joe Bob,OG,UL-Monroe,1,0,0,0,0,0,0,0,0,0,0,0
8924,Joe Bob,OG,UL-Monroe,2,0,0,0,0,0,0,0,0,0,0,0
8925,Joe Bob,OG,UL-Monroe,1,0,0,0,0,0,0,0,0,0,0,0
8926,Joe Bob,OG,UNLV,2,0,0,0,0,0,0,0,0,0,0,0
8927,Joe Bob,QB,UNLV,2,0,0,0,0,0,0,0,0,0,0,0
8928,Joe Bob,OG,UNLV,1,0,0,0,0,0,0,0,0,0,0,0
8929,Joe Bob,OG,UNLV,3,0,0,0,0,0,0,0,0,0,0,0
8930,Joe Bob,OG,UNLV,3,0,0,0,0,0,0,0,0,0,0,0
8931,Joe Bob,OG,UNLV,2,0,0,0,0,0,0,0,0,0,0,0
8932,Joe Bob,RB,UNLV,3,0,0,0,0,0,0,0,0,0,0,0
8933,Joe Bob,OT,UNLV,2,0,0,0,0,0,0,0,0,0,0,0
8934,Joe Bob,WR,UNLV,1,0,0,0,0,0,0,0,0,0,0,0
8935,Joe Bob,QB,UNLV,4,0,0,0,0,0,0,0,0,0,0,0
8936,Joe Bob,OG,UNLV,4,0,0,0,0,0,0,0,0,0,0,0
8937,Joe Bob,OG,UNLV,3,0,0,0,0,0,0,0,0,0,0,0
8938,Joe Bob,WR,UNLV,4,0,0,0,0,0,0,0,0,0,0,0
8939,Joe Bob,OG,UNLV,1,0,0,0,0,0,0,0,0,0,0,0
8940,Joe Bob,OG,UNLV,1,0,0,0,0,0,0,0,0,0,0,0
8941,Joe Bob,OG,UNLV,1,0,0,0,0,0,0,0,0,0,0,0
8942,Joe Bob,OG,UNLV,1,0,0,0,0,0,0,0,0,0,0,0
8943,Joe Bob,OG,UNLV,2,0,0,0,0,0,0,0,0,0,0,0
8944,Joe Bob,OG,UNLV,1,0,0,0,0,0,0,0,0,0,0,0
8945,Joe Bob,OG,UNLV,3,0,0,0,0,0,0,0,0,0,0,0
8946,Joe Bob,OG,UNLV,2,0,0,0,0,0,0,0,0,0,0,0
8947,Joe Bob,OG,UNLV,2,0,0,0,0,0,0,0,0,0,0,0
8948,Joe Bob,OG,UNLV,3,0,0,0,0,0,0,0,0,0,0,0
8949,Joe Bob,OG,UNLV,1,0,0,0,0,0,0,0,0,0,0,0
8950,Joe Bob,OG,UNLV,4,0,0,0,0,0,0,0,0,0,0,0
8951,Joe Bob,OG,UNLV,4,0,0,0,0,0,0,0,0,0,0,0
8952,Joe Bob,OG,UNLV,3,0,0,0,0,0,0,0,0,0,0,0
8953,Joe Bob,OG,UNLV,2,0,0,0,0,0,0,0,0,0,0,0
8954,Joe Bob,OT,UNLV,1,0,0,0,0,0,0,0,0,0,0,0
8955,Joe Bob,OG,UNLV,1,0,0,0,0,0,0,0,0,0,0,0
8956,Joe Bob,WR,UNLV,2,0,0,0,0,0,0,0,0,0,0,0
8957,Joe Bob,OG,UNLV,4,0,0,0,0,0,0,0,0,0,0,0
8958,Joe Bob,OG,UNLV,3,0,0,0,0,0,0,0,0,0,0,0
8959,Joe Bob,OG,UNLV,2,0,0,0,0,0,0,0,0,0,0,0
8960,Joe Bob,RB,UNLV,2,0,0,0,0,0,0,0,0,0,0,0
8961,Joe Bob,OG,UNLV,2,0,0,0,0,0,0,0,0,0,0,0
8962,Joe Bob,OG,UNLV,2,0,0,0,0,0,0,0,0,0,0,0
8963,Joe Bob,OG,UNLV,4,0,0,0,0,0,0,0,0,0,0,0
8964,Joe Bob,OG,UNLV,3,0,0,0,0,0,0,0,0,0,0,0
8965,Joe Bob,OT,UNLV,3,0,0,0,0,0,0,0,0,0,0,0
8966,Joe Bob,OG,UNLV,1,0,0,0,0,0,0,0,0,0,0,0
8967,Joe Bob,RB,UNLV,3,0,0,0,0,0,0,0,0,0,0,0
8968,Joe Bob,WR,UNLV,4,0,0,0,0,0,0,0,0,0,0,0
8969,Joe Bob,QB,UNLV,1,0,0,0,0,0,0,0,0,0,0,0
8970,Joe Bob,OG,UNLV,3,0,0,0,0,0,0,0,0,0,0,0
8971,Joe Bob,OG,UNLV,2,0,0,0,0,0,0,0,0,0,0,0
8972,Joe Bob,OG,UNLV,4,0,0,0,0,0,0,0,0,0,0,0
8973,Joe Bob,OG,UNLV,2,0,0,0,0,0,0,0,0,0,0,0
8974,Joe Bob,OG,UNLV,1,0,0,0,0,0,0,0,0,0,0,0
8975,Joe Bob,OG,UNLV,1,0,0,0,0,0,0,0,0,0,0,0
8976,Joe Bob,OG,UNLV,3,0,0,0,0,0,0,0,0,0,0,0
8977,Joe Bob,OG,UNLV,4,0,0,0,0,0,0,0,0,0,0,0
8978,Joe Bob,OG,UNLV,2,0,0,0,0,0,0,0,0,0,0,0
8979,Joe Bob,OG,UNLV,4,0,0,0,0,0,0,0,0,0,0,0
8980,Joe Bob,OG,UNLV,2,0,0,0,0,0,0,0,0,0,0,0
8981,Joe Bob,OG,UNLV,4,0,0,0,0,0,0,0,0,0,0,0
8982,Joe Bob,OG,UNLV,3,0,0,0,0,0,0,0,0,0,0,0
8983,Joe Bob,QB,UNLV,3,0,0,0,0,0,0,0,0,0,0,0
8984,Joe Bob,QB,UNLV,2,0,0,0,0,0,0,0,0,0,0,0
8985,Joe Bob,WR,UNLV,2,0,0,0,0,0,0,0,0,0,0,0
8986,Joe Bob,OT,UNLV,4,0,0,0,0,0,0,0,0,0,0,0
8987,Joe Bob,WR,UNLV,2,0,0,0,0,0,0,0,0,0,0,0
8988,Joe Bob,OG,UNLV,4,0,0,0,0,0,0,0,0,0,0,0
8989,Joe Bob,FB,UNLV,4,0,0,0,0,0,0,0,0,0,0,0
8990,Joe Bob,OT,UNLV,3,0,0,0,0,0,0,0,0,0,0,0
8991,Joe Bob,OT,UNLV,4,0,0,0,0,0,0,0,0,0,0,0
8992,Joe Bob,OG,UNLV,4,0,0,0,0,0,0,0,0,0,0,0
8993,Joe Bob,RB,UNLV,1,0,0,0,0,0,0,0,0,0,0,0
8994,Joe Bob,OG,UNLV,4,0,0,0,0,0,0,0,0,0,0,0
8995,Joe Bob,OG,UNLV,1,0,0,0,0,0,0,0,0,0,0,0
8996,Joe Bob,OG,UNLV,2,0,0,0,0,0,0,0,0,0,0,0
8997,Joe Bob,OG,UNLV,1,0,0,0,0,0,0,0,0,0,0,0
8998,Joe Bob,OG,UNLV,1,0,0,0,0,0,0,0,0,0,0,0
8999,Joe Bob,OG,UNLV,2,0,0,0,0,0,0,0,0,0,0,0
9000,Joe Bob,OG,UNLV,1,0,0,0,0,0,0,0,0,0,0,0
9001,Joe Bob,OG,USC,3,0,0,0,0,0,0,0,0,0,0,0
9002,Joe Bob,OG,USC,3,0,0,0,0,0,0,0,0,0,0,0
9003,Joe Bob,OG,USC,3,0,0,0,0,0,0,0,0,0,0,0
9004,Joe Bob,OG,USC,2,0,0,0,0,0,0,0,0,0,0,0
9005,Joe Bob,WR,USC,3,0,0,0,0,0,0,0,0,0,0,0
9006,Joe Bob,OG,USC,4,0,0,0,0,0,0,0,0,0,0,0
9007,Joe Bob,OG,USC,3,0,0,0,0,0,0,0,0,0,0,0
9008,Joe Bob,OG,USC,4,0,0,0,0,0,0,0,0,0,0,0
9009,Joe Bob,OG,USC,3,0,0,0,0,0,0,0,0,0,0,0
9010,Joe Bob,OG,USC,4,0,0,0,0,0,0,0,0,0,0,0
9011,Joe Bob,WR,USC,4,0,0,0,0,0,0,0,0,0,0,0
9012,Joe Bob,OG,USC,1,0,0,0,0,0,0,0,0,0,0,0
9013,Joe Bob,OT,USC,1,0,0,0,0,0,0,0,0,0,0,0
9014,Joe Bob,OG,USC,4,0,0,0,0,0,0,0,0,0,0,0
9015,Joe Bob,OG,USC,2,0,0,0,0,0,0,0,0,0,0,0
9016,Joe Bob,OG,USC,3,0,0,0,0,0,0,0,0,0,0,0
9017,Joe Bob,WR,USC,1,0,0,0,0,0,0,0,0,0,0,0
9018,Joe Bob,OG,USC,3,0,0,0,0,0,0,0,0,0,0,0
9019,Joe Bob,OG,USC,3,0,0,0,0,0,0,0,0,0,0,0
9020,Joe Bob,FB,USC,4,0,0,0,0,0,0,0,0,0,0,0
9021,Joe Bob,OG,USC,1,0,0,0,0,0,0,0,0,0,0,0
9022,Joe Bob,OG,USC,3,0,0,0,0,0,0,0,0,0,0,0
9023,Joe Bob,OG,USC,1,0,0,0,0,0,0,0,0,0,0,0
9024,Joe Bob,OG,USC,3,0,0,0,0,0,0,0,0,0,0,0
9025,Joe Bob,OG,USC,1,0,0,0,0,0,0,0,0,0,0,0
9026,Joe Bob,OG,USC,2,0,0,0,0,0,0,0,0,0,0,0
9027,Joe Bob,OG,USC,1,0,0,0,0,0,0,0,0,0,0,0
9028,Joe Bob,OT,USC,1,0,0,0,0,0,0,0,0,0,0,0
9029,Joe Bob,OG,USC,1,0,0,0,0,0,0,0,0,0,0,0
9030,Joe Bob,OG,USC,1,0,0,0,0,0,0,0,0,0,0,0
9031,Joe Bob,OG,USC,3,0,0,0,0,0,0,0,0,0,0,0
9032,Joe Bob,OG,USC,2,0,0,0,0,0,0,0,0,0,0,0
9033,Joe Bob,OG,USC,4,0,0,0,0,0,0,0,0,0,0,0
9034,Joe Bob,OG,USC,2,0,0,0,0,0,0,0,0,0,0,0
9035,Joe Bob,OG,USC,3,0,0,0,0,0,0,0,0,0,0,0
9036,Joe Bob,OG,USC,4,0,0,0,0,0,0,0,0,0,0,0
9037,Joe Bob,OG,USC,2,0,0,0,0,0,0,0,0,0,0,0
9038,Joe Bob,OG,USC,4,0,0,0,0,0,0,0,0,0,0,0
9039,Joe Bob,WR,USC,3,0,0,0,0,0,0,0,0,0,0,0
9040,Joe Bob,OG,USC,4,0,0,0,0,0,0,0,0,0,0,0
9041,Joe Bob,RB,USC,4,0,0,0,0,0,0,0,0,0,0,0
9042,Joe Bob,OT,USC,4,0,0,0,0,0,0,0,0,0,0,0
9043,Joe Bob,OG,USC,2,0,0,0,0,0,0,0,0,0,0,0
9044,Joe Bob,OG,USC,4,0,0,0,0,0,0,0,0,0,0,0
9045,Joe Bob,WR,USC,1,0,0,0,0,0,0,0,0,0,0,0
9046,Joe Bob,OG,USC,2,0,0,0,0,0,0,0,0,0,0,0
9047,Joe Bob,OG,USC,1,0,0,0,0,0,0,0,0,0,0,0
9048,Joe Bob,OG,USC,2,0,0,0,0,0,0,0,0,0,0,0
9049,Joe Bob,OG,USC,1,0,0,0,0,0,0,0,0,0,0,0
9050,Joe Bob,OG,USC,1,0,0,0,0,0,0,0,0,0,0,0
9051,Joe Bob,OG,USC,2,0,0,0,0,0,0,0,0,0,0,0
9052,Joe Bob,OG,USC,2,0,0,0,0,0,0,0,0,0,0,0
9053,Joe Bob,OG,USC,2,0,0,0,0,0,0,0,0,0,0,0
9054,Joe Bob,WR,USC,4,0,0,0,0,0,0,0,0,0,0,0
9055,Joe Bob,OG,USC,2,0,0,0,0,0,0,0,0,0,0,0
9056,Joe Bob,OG,USC,1,0,0,0,0,0,0,0,0,0,0,0
9057,Joe Bob,QB,USC,2,0,0,0,0,0,0,0,0,0,0,0
9058,Joe Bob,OG,USC,3,0,0,0,0,0,0,0,0,0,0,0
9059,Joe Bob,OG,USC,1,0,0,0,0,0,0,0,0,0,0,0
9060,Joe Bob,OG,USC,3,0,0,0,0,0,0,0,0,0,0,0
9061,Joe Bob,RB,USC,2,0,0,0,0,0,0,0,0,0,0,0
9062,Joe Bob,RB,USC,3,0,0,0,0,0,0,0,0,0,0,0
9063,Joe Bob,FB,USC,4,0,0,0,0,0,0,0,0,0,0,0
9064,Joe Bob,WR,USC,2,0,0,0,0,0,0,0,0,0,0,0
9065,Joe Bob,OG,USC,4,0,0,0,0,0,0,0,0,0,0,0
9066,Joe Bob,WR,USC,4,0,0,0,0,0,0,0,0,0,0,0
9067,Joe Bob,OG,USC,3,0,0,0,0,0,0,0,0,0,0,0
9068,Joe Bob,OG,USC,1,0,0,0,0,0,0,0,0,0,0,0
9069,Joe Bob,OG,USC,4,0,0,0,0,0,0,0,0,0,0,0
9070,Joe Bob,OG,USC,1,0,0,0,0,0,0,0,0,0,0,0
9071,Joe Bob,OG,USC,4,0,0,0,0,0,0,0,0,0,0,0
9072,Joe Bob,OG,USC,1,0,0,0,0,0,0,0,0,0,0,0
9073,Joe Bob,OG,USC,3,0,0,0,0,0,0,0,0,0,0,0
9074,Joe Bob,OG,USC,1,0,0,0,0,0,0,0,0,0,0,0
9075,Joe Bob,OG,USC,3,0,0,0,0,0,0,0,0,0,0,0
9076,Joe Bob,OG,UT-San Antonio,1,0,0,0,0,0,0,0,0,0,0,0
9077,Joe Bob,OG,UT-San Antonio,1,0,0,0,0,0,0,0,0,0,0,0
9078,Joe Bob,OG,UT-San Antonio,3,0,0,0,0,0,0,0,0,0,0,0
9079,Joe Bob,OG,UT-San Antonio,3,0,0,0,0,0,0,0,0,0,0,0
9080,Joe Bob,OG,UT-San Antonio,2,0,0,0,0,0,0,0,0,0,0,0
9081,Joe Bob,OG,UT-San Antonio,3,0,0,0,0,0,0,0,0,0,0,0
9082,Joe Bob,WR,UT-San Antonio,4,0,0,0,0,0,0,0,0,0,0,0
9083,Joe Bob,OT,UT-San Antonio,1,0,0,0,0,0,0,0,0,0,0,0
9084,Joe Bob,OG,UT-San Antonio,4,0,0,0,0,0,0,0,0,0,0,0
9085,Joe Bob,FB,UT-San Antonio,4,0,0,0,0,0,0,0,0,0,0,0
9086,Joe Bob,WR,UT-San Antonio,1,0,0,0,0,0,0,0,0,0,0,0
9087,Joe Bob,OG,UT-San Antonio,4,0,0,0,0,0,0,0,0,0,0,0
9088,Joe Bob,WR,UT-San Antonio,3,0,0,0,0,0,0,0,0,0,0,0
9089,Joe Bob,OG,UT-San Antonio,1,0,0,0,0,0,0,0,0,0,0,0
9090,Joe Bob,OT,UT-San Antonio,1,0,0,0,0,0,0,0,0,0,0,0
9091,Joe Bob,OG,UT-San Antonio,1,0,0,0,0,0,0,0,0,0,0,0
9092,Joe Bob,OG,UT-San Antonio,3,0,0,0,0,0,0,0,0,0,0,0
9093,Joe Bob,OG,UT-San Antonio,4,0,0,0,0,0,0,0,0,0,0,0
9094,Joe Bob,WR,UT-San Antonio,3,0,0,0,0,0,0,0,0,0,0,0
9095,Joe Bob,OG,UT-San Antonio,3,0,0,0,0,0,0,0,0,0,0,0
9096,Joe Bob,OT,UT-San Antonio,4,0,0,0,0,0,0,0,0,0,0,0
9097,Joe Bob,OG,UT-San Antonio,4,0,0,0,0,0,0,0,0,0,0,0
9098,Joe Bob,WR,UT-San Antonio,4,0,0,0,0,0,0,0,0,0,0,0
9099,Joe Bob,OT,UT-San Antonio,1,0,0,0,0,0,0,0,0,0,0,0
9100,Joe Bob,RB,UT-San Antonio,4,0,0,0,0,0,0,0,0,0,0,0
9101,Joe Bob,OG,UT-San Antonio,4,0,0,0,0,0,0,0,0,0,0,0
9102,Joe Bob,OT,UT-San Antonio,1,0,0,0,0,0,0,0,0,0,0,0
9103,Joe Bob,OG,UT-San Antonio,2,0,0,0,0,0,0,0,0,0,0,0
9104,Joe Bob,OG,UT-San Antonio,1,0,0,0,0,0,0,0,0,0,0,0
9105,Joe Bob,FB,UT-San Antonio,2,0,0,0,0,0,0,0,0,0,0,0
9106,Joe Bob,OG,UT-San Antonio,1,0,0,0,0,0,0,0,0,0,0,0
9107,Joe Bob,OG,UT-San Antonio,2,0,0,0,0,0,0,0,0,0,0,0
9108,Joe Bob,OG,UT-San Antonio,2,0,0,0,0,0,0,0,0,0,0,0
9109,Joe Bob,WR,UT-San Antonio,3,0,0,0,0,0,0,0,0,0,0,0
9110,Joe Bob,OG,UT-San Antonio,3,0,0,0,0,0,0,0,0,0,0,0
9111,Joe Bob,OG,UT-San Antonio,2,0,0,0,0,0,0,0,0,0,0,0
9112,Joe Bob,OG,UT-San Antonio,4,0,0,0,0,0,0,0,0,0,0,0
9113,Joe Bob,OG,UT-San Antonio,3,0,0,0,0,0,0,0,0,0,0,0
9114,Joe Bob,OG,UT-San Antonio,3,0,0,0,0,0,0,0,0,0,0,0
9115,Joe Bob,RB,UT-San Antonio,4,0,0,0,0,0,0,0,0,0,0,0
9116,Joe Bob,WR,UT-San Antonio,3,0,0,0,0,0,0,0,0,0,0,0
9117,Joe Bob,WR,UT-San Antonio,4,0,0,0,0,0,0,0,0,0,0,0
9118,Joe Bob,OG,UT-San Antonio,4,0,0,0,0,0,0,0,0,0,0,0
9119,Joe Bob,OG,UT-San Antonio,4,0,0,0,0,0,0,0,0,0,0,0
9120,Joe Bob,OG,UT-San Antonio,1,0,0,0,0,0,0,0,0,0,0,0
9121,Joe Bob,OG,UT-San Antonio,3,0,0,0,0,0,0,0,0,0,0,0
9122,Joe Bob,OG,UT-San Antonio,1,0,0,0,0,0,0,0,0,0,0,0
9123,Joe Bob,OT,UT-San Antonio,4,0,0,0,0,0,0,0,0,0,0,0
9124,Joe Bob,OG,UT-San Antonio,4,0,0,0,0,0,0,0,0,0,0,0
9125,Joe Bob,OG,UT-San Antonio,2,0,0,0,0,0,0,0,0,0,0,0
9126,Joe Bob,OG,UT-San Antonio,4,0,0,0,0,0,0,0,0,0,0,0
9127,Joe Bob,OG,UT-San Antonio,2,0,0,0,0,0,0,0,0,0,0,0
9128,Joe Bob,OG,UT-San Antonio,1,0,0,0,0,0,0,0,0,0,0,0
9129,Joe Bob,OG,UT-San Antonio,1,0,0,0,0,0,0,0,0,0,0,0
9130,Joe Bob,OG,UT-San Antonio,2,0,0,0,0,0,0,0,0,0,0,0
9131,Joe Bob,OG,UT-San Antonio,1,0,0,0,0,0,0,0,0,0,0,0
9132,Joe Bob,OG,UT-San Antonio,3,0,0,0,0,0,0,0,0,0,0,0
9133,Joe Bob,OG,UT-San Antonio,2,0,0,0,0,0,0,0,0,0,0,0
9134,Joe Bob,OG,UT-San Antonio,1,0,0,0,0,0,0,0,0,0,0,0
9135,Joe Bob,OG,UT-San Antonio,1,0,0,0,0,0,0,0,0,0,0,0
9136,Joe Bob,OG,UT-San Antonio,4,0,0,0,0,0,0,0,0,0,0,0
9137,Joe Bob,FB,UT-San Antonio,3,0,0,0,0,0,0,0,0,0,0,0
9138,Joe Bob,RB,UT-San Antonio,4,0,0,0,0,0,0,0,0,0,0,0
9139,Joe Bob,OG,UT-San Antonio,3,0,0,0,0,0,0,0,0,0,0,0
9140,Joe Bob,OT,UT-San Antonio,1,0,0,0,0,0,0,0,0,0,0,0
9141,Joe Bob,WR,UT-San Antonio,4,0,0,0,0,0,0,0,0,0,0,0
9142,Joe Bob,WR,UT-San Antonio,1,0,0,0,0,0,0,0,0,0,0,0
9143,Joe Bob,OG,UT-San Antonio,4,0,0,0,0,0,0,0,0,0,0,0
9144,Joe Bob,OG,UT-San Antonio,4,0,0,0,0,0,0,0,0,0,0,0
9145,Joe Bob,OG,UT-San Antonio,2,0,0,0,0,0,0,0,0,0,0,0
9146,Joe Bob,OG,UT-San Antonio,3,0,0,0,0,0,0,0,0,0,0,0
9147,Joe Bob,OG,UT-San Antonio,1,0,0,0,0,0,0,0,0,0,0,0
9148,Joe Bob,OG,UT-San Antonio,2,0,0,0,0,0,0,0,0,0,0,0
9149,Joe Bob,OG,UT-San Antonio,2,0,0,0,0,0,0,0,0,0,0,0
9150,Joe Bob,OG,UT-San Antonio,2,0,0,0,0,0,0,0,0,0,0,0
9151,Joe Bob,OG,Utah,3,0,0,0,0,0,0,0,0,0,0,0
9152,Joe Bob,OG,Utah,2,0,0,0,0,0,0,0,0,0,0,0
9153,Joe Bob,RB,Utah,3,0,0,0,0,0,0,0,0,0,0,0
9154,Joe Bob,WR,Utah,3,0,0,0,0,0,0,0,0,0,0,0
9155,Joe Bob,OG,Utah,4,0,0,0,0,0,0,0,0,0,0,0
9156,Joe Bob,OG,Utah,4,0,0,0,0,0,0,0,0,0,0,0
9157,Joe Bob,OG,Utah,4,0,0,0,0,0,0,0,0,0,0,0
9158,Joe Bob,OG,Utah,4,0,0,0,0,0,0,0,0,0,0,0
9159,Joe Bob,OT,Utah,3,0,0,0,0,0,0,0,0,0,0,0
9160,Joe Bob,OG,Utah,1,0,0,0,0,0,0,0,0,0,0,0
9161,Joe Bob,OG,Utah,2,0,0,0,0,0,0,0,0,0,0,0
9162,Joe Bob,WR,Utah,2,0,0,0,0,0,0,0,0,0,0,0
9163,Joe Bob,OG,Utah,1,0,0,0,0,0,0,0,0,0,0,0
9164,Joe Bob,OG,Utah,3,0,0,0,0,0,0,0,0,0,0,0
9165,Joe Bob,OG,Utah,2,0,0,0,0,0,0,0,0,0,0,0
9166,Joe Bob,WR,Utah,4,0,0,0,0,0,0,0,0,0,0,0
9167,Joe Bob,OG,Utah,3,0,0,0,0,0,0,0,0,0,0,0
9168,Joe Bob,QB,Utah,2,0,0,0,0,0,0,0,0,0,0,0
9169,Joe Bob,OG,Utah,4,0,0,0,0,0,0,0,0,0,0,0
9170,Joe Bob,OG,Utah,4,0,0,0,0,0,0,0,0,0,0,0
9171,Joe Bob,OG,Utah,4,0,0,0,0,0,0,0,0,0,0,0
9172,Joe Bob,OG,Utah,2,0,0,0,0,0,0,0,0,0,0,0
9173,Joe Bob,OG,Utah,2,0,0,0,0,0,0,0,0,0,0,0
9174,Joe Bob,OT,Utah,1,0,0,0,0,0,0,0,0,0,0,0
9175,Joe Bob,QB,Utah,1,0,0,0,0,0,0,0,0,0,0,0
9176,Joe Bob,OG,Utah,1,0,0,0,0,0,0,0,0,0,0,0
9177,Joe Bob,WR,Utah,3,0,0,0,0,0,0,0,0,0,0,0
9178,Joe Bob,OG,Utah,4,0,0,0,0,0,0,0,0,0,0,0
9179,Joe Bob,OG,Utah,3,0,0,0,0,0,0,0,0,0,0,0
9180,Joe Bob,OG,Utah,1,0,0,0,0,0,0,0,0,0,0,0
9181,Joe Bob,OG,Utah,2,0,0,0,0,0,0,0,0,0,0,0
9182,Joe Bob,OG,Utah,4,0,0,0,0,0,0,0,0,0,0,0
9183,Joe Bob,OG,Utah,1,0,0,0,0,0,0,0,0,0,0,0
9184,Joe Bob,OG,Utah,3,0,0,0,0,0,0,0,0,0,0,0
9185,Joe Bob,OG,Utah,3,0,0,0,0,0,0,0,0,0,0,0
9186,Joe Bob,OG,Utah,3,0,0,0,0,0,0,0,0,0,0,0
9187,Joe Bob,OG,Utah,1,0,0,0,0,0,0,0,0,0,0,0
9188,Joe Bob,OG,Utah,3,0,0,0,0,0,0,0,0,0,0,0
9189,Joe Bob,WR,Utah,1,0,0,0,0,0,0,0,0,0,0,0
9190,Joe Bob,QB,Utah,4,0,0,0,0,0,0,0,0,0,0,0
9191,Joe Bob,OG,Utah,3,0,0,0,0,0,0,0,0,0,0,0
9192,Joe Bob,OG,Utah,2,0,0,0,0,0,0,0,0,0,0,0
9193,Joe Bob,OG,Utah,2,0,0,0,0,0,0,0,0,0,0,0
9194,Joe Bob,WR,Utah,4,0,0,0,0,0,0,0,0,0,0,0
9195,Joe Bob,OG,Utah,4,0,0,0,0,0,0,0,0,0,0,0
9196,Joe Bob,OG,Utah,1,0,0,0,0,0,0,0,0,0,0,0
9197,Joe Bob,OG,Utah,2,0,0,0,0,0,0,0,0,0,0,0
9198,Joe Bob,OT,Utah,1,0,0,0,0,0,0,0,0,0,0,0
9199,Joe Bob,OG,Utah,1,0,0,0,0,0,0,0,0,0,0,0
9200,Joe Bob,OG,Utah,2,0,0,0,0,0,0,0,0,0,0,0
9201,Joe Bob,OG,Utah,1,0,0,0,0,0,0,0,0,0,0,0
9202,Joe Bob,OG,Utah,3,0,0,0,0,0,0,0,0,0,0,0
9203,Joe Bob,OG,Utah,3,0,0,0,0,0,0,0,0,0,0,0
9204,Joe Bob,OG,Utah,2,0,0,0,0,0,0,0,0,0,0,0
9205,Joe Bob,OG,Utah,3,0,0,0,0,0,0,0,0,0,0,0
9206,Joe Bob,WR,Utah,2,0,0,0,0,0,0,0,0,0,0,0
9207,Joe Bob,RB,Utah,4,0,0,0,0,0,0,0,0,0,0,0
9208,Joe Bob,QB,Utah,4,0,0,0,0,0,0,0,0,0,0,0
9209,Joe Bob,OG,Utah,4,0,0,0,0,0,0,0,0,0,0,0
9210,Joe Bob,OG,Utah,3,0,0,0,0,0,0,0,0,0,0,0
9211,Joe Bob,FB,Utah,4,0,0,0,0,0,0,0,0,0,0,0
9212,Joe Bob,OG,Utah,1,0,0,0,0,0,0,0,0,0,0,0
9213,Joe Bob,OG,Utah,1,0,0,0,0,0,0,0,0,0,0,0
9214,Joe Bob,OG,Utah,1,0,0,0,0,0,0,0,0,0,0,0
9215,Joe Bob,OG,Utah,1,0,0,0,0,0,0,0,0,0,0,0
9216,Joe Bob,OG,Utah,2,0,0,0,0,0,0,0,0,0,0,0
9217,Joe Bob,OG,Utah,1,0,0,0,0,0,0,0,0,0,0,0
9218,Joe Bob,OG,Utah,3,0,0,0,0,0,0,0,0,0,0,0
9219,Joe Bob,OG,Utah,2,0,0,0,0,0,0,0,0,0,0,0
9220,Joe Bob,OG,Utah,1,0,0,0,0,0,0,0,0,0,0,0
9221,Joe Bob,OG,Utah,3,0,0,0,0,0,0,0,0,0,0,0
9222,Joe Bob,OG,Utah,3,0,0,0,0,0,0,0,0,0,0,0
9223,Joe Bob,OG,Utah,2,0,0,0,0,0,0,0,0,0,0,0
9224,Joe Bob,OG,Utah,3,0,0,0,0,0,0,0,0,0,0,0
9225,Joe Bob,WR,Utah,2,0,0,0,0,0,0,0,0,0,0,0
9226,Joe Bob,OG,Utah St.,2,0,0,0,0,0,0,0,0,0,0,0
9227,Joe Bob,QB,Utah St.,1,0,0,0,0,0,0,0,0,0,0,0
9228,Joe Bob,OG,Utah St.,1,0,0,0,0,0,0,0,0,0,0,0
9229,Joe Bob,OG,Utah St.,2,0,0,0,0,0,0,0,0,0,0,0
9230,Joe Bob,OG,Utah St.,3,0,0,0,0,0,0,0,0,0,0,0
9231,Joe Bob,OG,Utah St.,3,0,0,0,0,0,0,0,0,0,0,0
9232,Joe Bob,OG,Utah St.,2,0,0,0,0,0,0,0,0,0,0,0
9233,Joe Bob,OG,Utah St.,1,0,0,0,0,0,0,0,0,0,0,0
9234,Joe Bob,OG,Utah St.,2,0,0,0,0,0,0,0,0,0,0,0
9235,Joe Bob,OG,Utah St.,2,0,0,0,0,0,0,0,0,0,0,0
9236,Joe Bob,OG,Utah St.,4,0,0,0,0,0,0,0,0,0,0,0
9237,Joe Bob,OG,Utah St.,3,0,0,0,0,0,0,0,0,0,0,0
9238,Joe Bob,OT,Utah St.,2,0,0,0,0,0,0,0,0,0,0,0
9239,Joe Bob,OG,Utah St.,1,0,0,0,0,0,0,0,0,0,0,0
9240,Joe Bob,QB,Utah St.,2,0,0,0,0,0,0,0,0,0,0,0
9241,Joe Bob,FB,Utah St.,4,0,0,0,0,0,0,0,0,0,0,0
9242,Joe Bob,OG,Utah St.,1,0,0,0,0,0,0,0,0,0,0,0
9243,Joe Bob,OG,Utah St.,3,0,0,0,0,0,0,0,0,0,0,0
9244,Joe Bob,OG,Utah St.,2,0,0,0,0,0,0,0,0,0,0,0
9245,Joe Bob,OG,Utah St.,3,0,0,0,0,0,0,0,0,0,0,0
9246,Joe Bob,OG,Utah St.,2,0,0,0,0,0,0,0,0,0,0,0
9247,Joe Bob,OG,Utah St.,1,0,0,0,0,0,0,0,0,0,0,0
9248,Joe Bob,OG,Utah St.,1,0,0,0,0,0,0,0,0,0,0,0
9249,Joe Bob,OG,Utah St.,3,0,0,0,0,0,0,0,0,0,0,0
9250,Joe Bob,OG,Utah St.,1,0,0,0,0,0,0,0,0,0,0,0
9251,Joe Bob,OG,Utah St.,2,0,0,0,0,0,0,0,0,0,0,0
9252,Joe Bob,OG,Utah St.,3,0,0,0,0,0,0,0,0,0,0,0
9253,Joe Bob,OG,Utah St.,2,0,0,0,0,0,0,0,0,0,0,0
9254,Joe Bob,OG,Utah St.,4,0,0,0,0,0,0,0,0,0,0,0
9255,Joe Bob,OG,Utah St.,2,0,0,0,0,0,0,0,0,0,0,0
9256,Joe Bob,OG,Utah St.,3,0,0,0,0,0,0,0,0,0,0,0
9257,Joe Bob,OG,Utah St.,3,0,0,0,0,0,0,0,0,0,0,0
9258,Joe Bob,WR,Utah St.,3,0,0,0,0,0,0,0,0,0,0,0
9259,Joe Bob,WR,Utah St.,1,0,0,0,0,0,0,0,0,0,0,0
9260,Joe Bob,OG,Utah St.,2,0,0,0,0,0,0,0,0,0,0,0
9261,Joe Bob,OG,Utah St.,3,0,0,0,0,0,0,0,0,0,0,0
9262,Joe Bob,OT,Utah St.,3,0,0,0,0,0,0,0,0,0,0,0
9263,Joe Bob,OG,Utah St.,3,0,0,0,0,0,0,0,0,0,0,0
9264,Joe Bob,OT,Utah St.,4,0,0,0,0,0,0,0,0,0,0,0
9265,Joe Bob,OT,Utah St.,4,0,0,0,0,0,0,0,0,0,0,0
9266,Joe Bob,RB,Utah St.,1,0,0,0,0,0,0,0,0,0,0,0
9267,Joe Bob,OG,Utah St.,4,0,0,0,0,0,0,0,0,0,0,0
9268,Joe Bob,OG,Utah St.,1,0,0,0,0,0,0,0,0,0,0,0
9269,Joe Bob,OG,Utah St.,2,0,0,0,0,0,0,0,0,0,0,0
9270,Joe Bob,OG,Utah St.,2,0,0,0,0,0,0,0,0,0,0,0
9271,Joe Bob,OT,Utah St.,1,0,0,0,0,0,0,0,0,0,0,0
9272,Joe Bob,OG,Utah St.,2,0,0,0,0,0,0,0,0,0,0,0
9273,Joe Bob,QB,Utah St.,1,0,0,0,0,0,0,0,0,0,0,0
9274,Joe Bob,OG,Utah St.,3,0,0,0,0,0,0,0,0,0,0,0
9275,Joe Bob,OG,Utah St.,3,0,0,0,0,0,0,0,0,0,0,0
9276,Joe Bob,OG,Utah St.,4,0,0,0,0,0,0,0,0,0,0,0
9277,Joe Bob,OG,Utah St.,1,0,0,0,0,0,0,0,0,0,0,0
9278,Joe Bob,FB,Utah St.,3,0,0,0,0,0,0,0,0,0,0,0
9279,Joe Bob,OG,Utah St.,4,0,0,0,0,0,0,0,0,0,0,0
9280,Joe Bob,OG,Utah St.,3,0,0,0,0,0,0,0,0,0,0,0
9281,Joe Bob,OG,Utah St.,4,0,0,0,0,0,0,0,0,0,0,0
9282,Joe Bob,OG,Utah St.,3,0,0,0,0,0,0,0,0,0,0,0
9283,Joe Bob,OG,Utah St.,4,0,0,0,0,0,0,0,0,0,0,0
9284,Joe Bob,WR,Utah St.,4,0,0,0,0,0,0,0,0,0,0,0
9285,Joe Bob,OG,Utah St.,1,0,0,0,0,0,0,0,0,0,0,0
9286,Joe Bob,OG,Utah St.,1,0,0,0,0,0,0,0,0,0,0,0
9287,Joe Bob,OG,Utah St.,4,0,0,0,0,0,0,0,0,0,0,0
9288,Joe Bob,OG,Utah St.,2,0,0,0,0,0,0,0,0,0,0,0
9289,Joe Bob,OG,Utah St.,3,0,0,0,0,0,0,0,0,0,0,0
9290,Joe Bob,FB,Utah St.,1,0,0,0,0,0,0,0,0,0,0,0
9291,Joe Bob,OG,Utah St.,2,0,0,0,0,0,0,0,0,0,0,0
9292,Joe Bob,OG,Utah St.,2,0,0,0,0,0,0,0,0,0,0,0
9293,Joe Bob,RB,Utah St.,2,0,0,0,0,0,0,0,0,0,0,0
9294,Joe Bob,OG,Utah St.,4,0,0,0,0,0,0,0,0,0,0,0
9295,Joe Bob,WR,Utah St.,2,0,0,0,0,0,0,0,0,0,0,0
9296,Joe Bob,OG,Utah St.,1,0,0,0,0,0,0,0,0,0,0,0
9297,Joe Bob,WR,Utah St.,2,0,0,0,0,0,0,0,0,0,0,0
9298,Joe Bob,OG,Utah St.,1,0,0,0,0,0,0,0,0,0,0,0
9299,Joe Bob,OG,Utah St.,1,0,0,0,0,0,0,0,0,0,0,0
9300,Joe Bob,OG,Utah St.,4,0,0,0,0,0,0,0,0,0,0,0
9301,Joe Bob,OT,UTEP,1,0,0,0,0,0,0,0,0,0,0,0
9302,Joe Bob,OG,UTEP,1,0,0,0,0,0,0,0,0,0,0,0
9303,Joe Bob,OG,UTEP,1,0,0,0,0,0,0,0,0,0,0,0
9304,Joe Bob,OG,UTEP,2,0,0,0,0,0,0,0,0,0,0,0
9305,Joe Bob,OG,UTEP,2,0,0,0,0,0,0,0,0,0,0,0
9306,Joe Bob,OG,UTEP,3,0,0,0,0,0,0,0,0,0,0,0
9307,Joe Bob,OG,UTEP,2,0,0,0,0,0,0,0,0,0,0,0
9308,Joe Bob,OG,UTEP,2,0,0,0,0,0,0,0,0,0,0,0
9309,Joe Bob,OG,UTEP,4,0,0,0,0,0,0,0,0,0,0,0
9310,Joe Bob,OT,UTEP,2,0,0,0,0,0,0,0,0,0,0,0
9311,Joe Bob,OG,UTEP,4,0,0,0,0,0,0,0,0,0,0,0
9312,Joe Bob,WR,UTEP,3,0,0,0,0,0,0,0,0,0,0,0
9313,Joe Bob,OG,UTEP,4,0,0,0,0,0,0,0,0,0,0,0
9314,Joe Bob,QB,UTEP,4,0,0,0,0,0,0,0,0,0,0,0
9315,Joe Bob,OT,UTEP,4,0,0,0,0,0,0,0,0,0,0,0
9316,Joe Bob,OG,UTEP,1,0,0,0,0,0,0,0,0,0,0,0
9317,Joe Bob,OG,UTEP,4,0,0,0,0,0,0,0,0,0,0,0
9318,Joe Bob,QB,UTEP,1,0,0,0,0,0,0,0,0,0,0,0
9319,Joe Bob,OG,UTEP,4,0,0,0,0,0,0,0,0,0,0,0
9320,Joe Bob,OG,UTEP,1,0,0,0,0,0,0,0,0,0,0,0
9321,Joe Bob,OG,UTEP,2,0,0,0,0,0,0,0,0,0,0,0
9322,Joe Bob,OG,UTEP,1,0,0,0,0,0,0,0,0,0,0,0
9323,Joe Bob,OG,UTEP,1,0,0,0,0,0,0,0,0,0,0,0
9324,Joe Bob,OG,UTEP,2,0,0,0,0,0,0,0,0,0,0,0
9325,Joe Bob,OG,UTEP,2,0,0,0,0,0,0,0,0,0,0,0
9326,Joe Bob,OG,UTEP,4,0,0,0,0,0,0,0,0,0,0,0
9327,Joe Bob,RB,UTEP,1,0,0,0,0,0,0,0,0,0,0,0
9328,Joe Bob,OG,UTEP,4,0,0,0,0,0,0,0,0,0,0,0
9329,Joe Bob,OG,UTEP,3,0,0,0,0,0,0,0,0,0,0,0
9330,Joe Bob,OG,UTEP,1,0,0,0,0,0,0,0,0,0,0,0
9331,Joe Bob,OG,UTEP,3,0,0,0,0,0,0,0,0,0,0,0
9332,Joe Bob,OT,UTEP,1,0,0,0,0,0,0,0,0,0,0,0
9333,Joe Bob,OG,UTEP,3,0,0,0,0,0,0,0,0,0,0,0
9334,Joe Bob,OG,UTEP,2,0,0,0,0,0,0,0,0,0,0,0
9335,Joe Bob,OG,UTEP,3,0,0,0,0,0,0,0,0,0,0,0
9336,Joe Bob,OG,UTEP,4,0,0,0,0,0,0,0,0,0,0,0
9337,Joe Bob,RB,UTEP,3,0,0,0,0,0,0,0,0,0,0,0
9338,Joe Bob,OG,UTEP,4,0,0,0,0,0,0,0,0,0,0,0
9339,Joe Bob,WR,UTEP,4,0,0,0,0,0,0,0,0,0,0,0
9340,Joe Bob,OG,UTEP,3,0,0,0,0,0,0,0,0,0,0,0
9341,Joe Bob,OG,UTEP,1,0,0,0,0,0,0,0,0,0,0,0
9342,Joe Bob,OG,UTEP,4,0,0,0,0,0,0,0,0,0,0,0
9343,Joe Bob,OG,UTEP,1,0,0,0,0,0,0,0,0,0,0,0
9344,Joe Bob,OT,UTEP,4,0,0,0,0,0,0,0,0,0,0,0
9345,Joe Bob,OG,UTEP,4,0,0,0,0,0,0,0,0,0,0,0
9346,Joe Bob,OG,UTEP,3,0,0,0,0,0,0,0,0,0,0,0
9347,Joe Bob,OG,UTEP,1,0,0,0,0,0,0,0,0,0,0,0
9348,Joe Bob,OG,UTEP,2,0,0,0,0,0,0,0,0,0,0,0
9349,Joe Bob,OG,UTEP,1,0,0,0,0,0,0,0,0,0,0,0
9350,Joe Bob,OG,UTEP,1,0,0,0,0,0,0,0,0,0,0,0
9351,Joe Bob,OG,UTEP,3,0,0,0,0,0,0,0,0,0,0,0
9352,Joe Bob,OG,UTEP,3,0,0,0,0,0,0,0,0,0,0,0
9353,Joe Bob,OG,UTEP,2,0,0,0,0,0,0,0,0,0,0,0
9354,Joe Bob,OG,UTEP,3,0,0,0,0,0,0,0,0,0,0,0
9355,Joe Bob,WR,UTEP,3,0,0,0,0,0,0,0,0,0,0,0
9356,Joe Bob,WR,UTEP,1,0,0,0,0,0,0,0,0,0,0,0
9357,Joe Bob,OG,UTEP,3,0,0,0,0,0,0,0,0,0,0,0
9358,Joe Bob,QB,UTEP,3,0,0,0,0,0,0,0,0,0,0,0
9359,Joe Bob,WR,UTEP,4,0,0,0,0,0,0,0,0,0,0,0
9360,Joe Bob,OG,UTEP,4,0,0,0,0,0,0,0,0,0,0,0
9361,Joe Bob,WR,UTEP,2,0,0,0,0,0,0,0,0,0,0,0
9362,Joe Bob,OG,UTEP,4,0,0,0,0,0,0,0,0,0,0,0
9363,Joe Bob,WR,UTEP,4,0,0,0,0,0,0,0,0,0,0,0
9364,Joe Bob,OG,UTEP,4,0,0,0,0,0,0,0,0,0,0,0
9365,Joe Bob,OT,UTEP,3,0,0,0,0,0,0,0,0,0,0,0
9366,Joe Bob,OG,UTEP,3,0,0,0,0,0,0,0,0,0,0,0
9367,Joe Bob,OG,UTEP,3,0,0,0,0,0,0,0,0,0,0,0
9368,Joe Bob,OG,UTEP,2,0,0,0,0,0,0,0,0,0,0,0
9369,Joe Bob,OT,UTEP,3,0,0,0,0,0,0,0,0,0,0,0
9370,Joe Bob,OG,UTEP,4,0,0,0,0,0,0,0,0,0,0,0
9371,Joe Bob,RB,UTEP,3,0,0,0,0,0,0,0,0,0,0,0
9372,Joe Bob,WR,UTEP,4,0,0,0,0,0,0,0,0,0,0,0
9373,Joe Bob,QB,UTEP,4,0,0,0,0,0,0,0,0,0,0,0
9374,Joe Bob,WR,UTEP,4,0,0,0,0,0,0,0,0,0,0,0
9375,Joe Bob,WR,UTEP,4,0,0,0,0,0,0,0,0,0,0,0
9376,Joe Bob,OG,Vanderbilt,2,0,0,0,0,0,0,0,0,0,0,0
9377,Joe Bob,OG,Vanderbilt,1,0,0,0,0,0,0,0,0,0,0,0
9378,Joe Bob,QB,Vanderbilt,2,0,0,0,0,0,0,0,0,0,0,0
9379,Joe Bob,OG,Vanderbilt,1,0,0,0,0,0,0,0,0,0,0,0
9380,Joe Bob,OG,Vanderbilt,2,0,0,0,0,0,0,0,0,0,0,0
9381,Joe Bob,OG,Vanderbilt,1,0,0,0,0,0,0,0,0,0,0,0
9382,Joe Bob,RB,Vanderbilt,2,0,0,0,0,0,0,0,0,0,0,0
9383,Joe Bob,OG,Vanderbilt,3,0,0,0,0,0,0,0,0,0,0,0
9384,Joe Bob,OG,Vanderbilt,1,0,0,0,0,0,0,0,0,0,0,0
9385,Joe Bob,OG,Vanderbilt,4,0,0,0,0,0,0,0,0,0,0,0
9386,Joe Bob,OG,Vanderbilt,3,0,0,0,0,0,0,0,0,0,0,0
9387,Joe Bob,OG,Vanderbilt,3,0,0,0,0,0,0,0,0,0,0,0
9388,Joe Bob,QB,Vanderbilt,4,0,0,0,0,0,0,0,0,0,0,0
9389,Joe Bob,WR,Vanderbilt,3,0,0,0,0,0,0,0,0,0,0,0
9390,Joe Bob,WR,Vanderbilt,4,0,0,0,0,0,0,0,0,0,0,0
9391,Joe Bob,OG,Vanderbilt,4,0,0,0,0,0,0,0,0,0,0,0
9392,Joe Bob,OG,Vanderbilt,4,0,0,0,0,0,0,0,0,0,0,0
9393,Joe Bob,OT,Vanderbilt,1,0,0,0,0,0,0,0,0,0,0,0
9394,Joe Bob,OG,Vanderbilt,3,0,0,0,0,0,0,0,0,0,0,0
9395,Joe Bob,OG,Vanderbilt,2,0,0,0,0,0,0,0,0,0,0,0
9396,Joe Bob,OT,Vanderbilt,4,0,0,0,0,0,0,0,0,0,0,0
9397,Joe Bob,OG,Vanderbilt,4,0,0,0,0,0,0,0,0,0,0,0
9398,Joe Bob,OG,Vanderbilt,3,0,0,0,0,0,0,0,0,0,0,0
9399,Joe Bob,OG,Vanderbilt,1,0,0,0,0,0,0,0,0,0,0,0
9400,Joe Bob,OG,Vanderbilt,1,0,0,0,0,0,0,0,0,0,0,0
9401,Joe Bob,OG,Vanderbilt,4,0,0,0,0,0,0,0,0,0,0,0
9402,Joe Bob,OG,Vanderbilt,1,0,0,0,0,0,0,0,0,0,0,0
9403,Joe Bob,OG,Vanderbilt,2,0,0,0,0,0,0,0,0,0,0,0
9404,Joe Bob,OG,Vanderbilt,2,0,0,0,0,0,0,0,0,0,0,0
9405,Joe Bob,OG,Vanderbilt,2,0,0,0,0,0,0,0,0,0,0,0
9406,Joe Bob,OG,Vanderbilt,2,0,0,0,0,0,0,0,0,0,0,0
9407,Joe Bob,OG,Vanderbilt,1,0,0,0,0,0,0,0,0,0,0,0
9408,Joe Bob,OG,Vanderbilt,4,0,0,0,0,0,0,0,0,0,0,0
9409,Joe Bob,OG,Vanderbilt,4,0,0,0,0,0,0,0,0,0,0,0
9410,Joe Bob,RB,Vanderbilt,2,0,0,0,0,0,0,0,0,0,0,0
9411,Joe Bob,QB,Vanderbilt,3,0,0,0,0,0,0,0,0,0,0,0
9412,Joe Bob,WR,Vanderbilt,3,0,0,0,0,0,0,0,0,0,0,0
9413,Joe Bob,OT,Vanderbilt,1,0,0,0,0,0,0,0,0,0,0,0
9414,Joe Bob,WR,Vanderbilt,4,0,0,0,0,0,0,0,0,0,0,0
9415,Joe Bob,QB,Vanderbilt,1,0,0,0,0,0,0,0,0,0,0,0
9416,Joe Bob,OG,Vanderbilt,3,0,0,0,0,0,0,0,0,0,0,0
9417,Joe Bob,OG,Vanderbilt,4,0,0,0,0,0,0,0,0,0,0,0
9418,Joe Bob,OG,Vanderbilt,2,0,0,0,0,0,0,0,0,0,0,0
9419,Joe Bob,OG,Vanderbilt,2,0,0,0,0,0,0,0,0,0,0,0
9420,Joe Bob,OG,Vanderbilt,4,0,0,0,0,0,0,0,0,0,0,0
9421,Joe Bob,OG,Vanderbilt,2,0,0,0,0,0,0,0,0,0,0,0
9422,Joe Bob,OG,Vanderbilt,3,0,0,0,0,0,0,0,0,0,0,0
9423,Joe Bob,OG,Vanderbilt,2,0,0,0,0,0,0,0,0,0,0,0
9424,Joe Bob,OG,Vanderbilt,3,0,0,0,0,0,0,0,0,0,0,0
9425,Joe Bob,OG,Vanderbilt,2,0,0,0,0,0,0,0,0,0,0,0
9426,Joe Bob,QB,Vanderbilt,2,0,0,0,0,0,0,0,0,0,0,0
9427,Joe Bob,WR,Vanderbilt,3,0,0,0,0,0,0,0,0,0,0,0
9428,Joe Bob,OG,Vanderbilt,4,0,0,0,0,0,0,0,0,0,0,0
9429,Joe Bob,OG,Vanderbilt,4,0,0,0,0,0,0,0,0,0,0,0
9430,Joe Bob,OG,Vanderbilt,3,0,0,0,0,0,0,0,0,0,0,0
9431,Joe Bob,OG,Vanderbilt,3,0,0,0,0,0,0,0,0,0,0,0
9432,Joe Bob,OG,Vanderbilt,2,0,0,0,0,0,0,0,0,0,0,0
9433,Joe Bob,WR,Vanderbilt,4,0,0,0,0,0,0,0,0,0,0,0
9434,Joe Bob,OG,Vanderbilt,2,0,0,0,0,0,0,0,0,0,0,0
9435,Joe Bob,OG,Vanderbilt,2,0,0,0,0,0,0,0,0,0,0,0
9436,Joe Bob,OG,Vanderbilt,4,0,0,0,0,0,0,0,0,0,0,0
9437,Joe Bob,WR,Vanderbilt,3,0,0,0,0,0,0,0,0,0,0,0
9438,Joe Bob,OG,Vanderbilt,2,0,0,0,0,0,0,0,0,0,0,0
9439,Joe Bob,RB,Vanderbilt,3,0,0,0,0,0,0,0,0,0,0,0
9440,Joe Bob,OG,Vanderbilt,3,0,0,0,0,0,0,0,0,0,0,0
9441,Joe Bob,OG,Vanderbilt,2,0,0,0,0,0,0,0,0,0,0,0
9442,Joe Bob,RB,Vanderbilt,4,0,0,0,0,0,0,0,0,0,0,0
9443,Joe Bob,OG,Vanderbilt,3,0,0,0,0,0,0,0,0,0,0,0
9444,Joe Bob,OG,Vanderbilt,3,0,0,0,0,0,0,0,0,0,0,0
9445,Joe Bob,OG,Vanderbilt,2,0,0,0,0,0,0,0,0,0,0,0
9446,Joe Bob,WR,Vanderbilt,2,0,0,0,0,0,0,0,0,0,0,0
9447,Joe Bob,OT,Vanderbilt,1,0,0,0,0,0,0,0,0,0,0,0
9448,Joe Bob,OG,Vanderbilt,1,0,0,0,0,0,0,0,0,0,0,0
9449,Joe Bob,OG,Vanderbilt,4,0,0,0,0,0,0,0,0,0,0,0
9450,Joe Bob,OG,Vanderbilt,2,0,0,0,0,0,0,0,0,0,0,0
9451,Joe Bob,OG,Virginia,4,0,0,0,0,0,0,0,0,0,0,0
9452,Joe Bob,OG,Virginia,3,0,0,0,0,0,0,0,0,0,0,0
9453,Joe Bob,OG,Virginia,1,0,0,0,0,0,0,0,0,0,0,0
9454,Joe Bob,OG,Virginia,1,0,0,0,0,0,0,0,0,0,0,0
9455,Joe Bob,OG,Virginia,3,0,0,0,0,0,0,0,0,0,0,0
9456,Joe Bob,OG,Virginia,1,0,0,0,0,0,0,0,0,0,0,0
9457,Joe Bob,OG,Virginia,3,0,0,0,0,0,0,0,0,0,0,0
9458,Joe Bob,OG,Virginia,3,0,0,0,0,0,0,0,0,0,0,0
9459,Joe Bob,OG,Virginia,2,0,0,0,0,0,0,0,0,0,0,0
9460,Joe Bob,OT,Virginia,4,0,0,0,0,0,0,0,0,0,0,0
9461,Joe Bob,OG,Virginia,2,0,0,0,0,0,0,0,0,0,0,0
9462,Joe Bob,WR,Virginia,4,0,0,0,0,0,0,0,0,0,0,0
9463,Joe Bob,OG,Virginia,4,0,0,0,0,0,0,0,0,0,0,0
9464,Joe Bob,OT,Virginia,3,0,0,0,0,0,0,0,0,0,0,0
9465,Joe Bob,OG,Virginia,2,0,0,0,0,0,0,0,0,0,0,0
9466,Joe Bob,OG,Virginia,2,0,0,0,0,0,0,0,0,0,0,0
9467,Joe Bob,WR,Virginia,1,0,0,0,0,0,0,0,0,0,0,0
9468,Joe Bob,OG,Virginia,1,0,0,0,0,0,0,0,0,0,0,0
9469,Joe Bob,OG,Virginia,1,0,0,0,0,0,0,0,0,0,0,0
9470,Joe Bob,OG,Virginia,1,0,0,0,0,0,0,0,0,0,0,0
9471,Joe Bob,OG,Virginia,1,0,0,0,0,0,0,0,0,0,0,0
9472,Joe Bob,OG,Virginia,1,0,0,0,0,0,0,0,0,0,0,0
9473,Joe Bob,OG,Virginia,1,0,0,0,0,0,0,0,0,0,0,0
9474,Joe Bob,OG,Virginia,1,0,0,0,0,0,0,0,0,0,0,0
9475,Joe Bob,OG,Virginia,3,0,0,0,0,0,0,0,0,0,0,0
9476,Joe Bob,OG,Virginia,2,0,0,0,0,0,0,0,0,0,0,0
9477,Joe Bob,OG,Virginia,2,0,0,0,0,0,0,0,0,0,0,0
9478,Joe Bob,OG,Virginia,3,0,0,0,0,0,0,0,0,0,0,0
9479,Joe Bob,QB,Virginia,3,0,0,0,0,0,0,0,0,0,0,0
9480,Joe Bob,QB,Virginia,3,0,0,0,0,0,0,0,0,0,0,0
9481,Joe Bob,RB,Virginia,3,0,0,0,0,0,0,0,0,0,0,0
9482,Joe Bob,OG,Virginia,4,0,0,0,0,0,0,0,0,0,0,0
9483,Joe Bob,OG,Virginia,3,0,0,0,0,0,0,0,0,0,0,0
9484,Joe Bob,QB,Virginia,4,0,0,0,0,0,0,0,0,0,0,0
9485,Joe Bob,QB,Virginia,4,0,0,0,0,0,0,0,0,0,0,0
9486,Joe Bob,OG,Virginia,1,0,0,0,0,0,0,0,0,0,0,0
9487,Joe Bob,OG,Virginia,4,0,0,0,0,0,0,0,0,0,0,0
9488,Joe Bob,OG,Virginia,4,0,0,0,0,0,0,0,0,0,0,0
9489,Joe Bob,OG,Virginia,3,0,0,0,0,0,0,0,0,0,0,0
9490,Joe Bob,OG,Virginia,1,0,0,0,0,0,0,0,0,0,0,0
9491,Joe Bob,OG,Virginia,2,0,0,0,0,0,0,0,0,0,0,0
9492,Joe Bob,OG,Virginia,2,0,0,0,0,0,0,0,0,0,0,0
9493,Joe Bob,OG,Virginia,1,0,0,0,0,0,0,0,0,0,0,0
9494,Joe Bob,OG,Virginia,3,0,0,0,0,0,0,0,0,0,0,0
9495,Joe Bob,OG,Virginia,3,0,0,0,0,0,0,0,0,0,0,0
9496,Joe Bob,OG,Virginia,2,0,0,0,0,0,0,0,0,0,0,0
9497,Joe Bob,OG,Virginia,3,0,0,0,0,0,0,0,0,0,0,0
9498,Joe Bob,OG,Virginia,2,0,0,0,0,0,0,0,0,0,0,0
9499,Joe Bob,OT,Virginia,1,0,0,0,0,0,0,0,0,0,0,0
9500,Joe Bob,OG,Virginia,4,0,0,0,0,0,0,0,0,0,0,0
9501,Joe Bob,OG,Virginia,3,0,0,0,0,0,0,0,0,0,0,0
9502,Joe Bob,OG,Virginia,1,0,0,0,0,0,0,0,0,0,0,0
9503,Joe Bob,OG,Virginia,2,0,0,0,0,0,0,0,0,0,0,0
9504,Joe Bob,FB,Virginia,2,0,0,0,0,0,0,0,0,0,0,0
9505,Joe Bob,OT,Virginia,2,0,0,0,0,0,0,0,0,0,0,0
9506,Joe Bob,OG,Virginia,1,0,0,0,0,0,0,0,0,0,0,0
9507,Joe Bob,OG,Virginia,3,0,0,0,0,0,0,0,0,0,0,0
9508,Joe Bob,OG,Virginia,2,0,0,0,0,0,0,0,0,0,0,0
9509,Joe Bob,OG,Virginia,3,0,0,0,0,0,0,0,0,0,0,0
9510,Joe Bob,OG,Virginia,3,0,0,0,0,0,0,0,0,0,0,0
9511,Joe Bob,OG,Virginia,2,0,0,0,0,0,0,0,0,0,0,0
9512,Joe Bob,OG,Virginia,1,0,0,0,0,0,0,0,0,0,0,0
9513,Joe Bob,OG,Virginia,2,0,0,0,0,0,0,0,0,0,0,0
9514,Joe Bob,RB,Virginia,3,0,0,0,0,0,0,0,0,0,0,0
9515,Joe Bob,OG,Virginia,1,0,0,0,0,0,0,0,0,0,0,0
9516,Joe Bob,OG,Virginia,2,0,0,0,0,0,0,0,0,0,0,0
9517,Joe Bob,WR,Virginia,2,0,0,0,0,0,0,0,0,0,0,0
9518,Joe Bob,OT,Virginia,3,0,0,0,0,0,0,0,0,0,0,0
9519,Joe Bob,OG,Virginia,1,0,0,0,0,0,0,0,0,0,0,0
9520,Joe Bob,OG,Virginia,1,0,0,0,0,0,0,0,0,0,0,0
9521,Joe Bob,OG,Virginia,1,0,0,0,0,0,0,0,0,0,0,0
9522,Joe Bob,OG,Virginia,3,0,0,0,0,0,0,0,0,0,0,0
9523,Joe Bob,OG,Virginia,1,0,0,0,0,0,0,0,0,0,0,0
9524,Joe Bob,OT,Virginia,1,0,0,0,0,0,0,0,0,0,0,0
9525,Joe Bob,OG,Virginia,2,0,0,0,0,0,0,0,0,0,0,0
9526,Joe Bob,OG,Virginia Tech,1,0,0,0,0,0,0,0,0,0,0,0
9527,Joe Bob,OG,Virginia Tech,2,0,0,0,0,0,0,0,0,0,0,0
9528,Joe Bob,OG,Virginia Tech,2,0,0,0,0,0,0,0,0,0,0,0
9529,Joe Bob,OG,Virginia Tech,3,0,0,0,0,0,0,0,0,0,0,0
9530,Joe Bob,OG,Virginia Tech,3,0,0,0,0,0,0,0,0,0,0,0
9531,Joe Bob,FB,Virginia Tech,3,0,0,0,0,0,0,0,0,0,0,0
9532,Joe Bob,FB,Virginia Tech,1,0,0,0,0,0,0,0,0,0,0,0
9533,Joe Bob,OG,Virginia Tech,2,0,0,0,0,0,0,0,0,0,0,0
9534,Joe Bob,OG,Virginia Tech,4,0,0,0,0,0,0,0,0,0,0,0
9535,Joe Bob,OG,Virginia Tech,4,0,0,0,0,0,0,0,0,0,0,0
9536,Joe Bob,OG,Virginia Tech,4,0,0,0,0,0,0,0,0,0,0,0
9537,Joe Bob,WR,Virginia Tech,1,0,0,0,0,0,0,0,0,0,0,0
9538,Joe Bob,OG,Virginia Tech,4,0,0,0,0,0,0,0,0,0,0,0
9539,Joe Bob,WR,Virginia Tech,1,0,0,0,0,0,0,0,0,0,0,0
9540,Joe Bob,OG,Virginia Tech,3,0,0,0,0,0,0,0,0,0,0,0
9541,Joe Bob,OG,Virginia Tech,1,0,0,0,0,0,0,0,0,0,0,0
9542,Joe Bob,OG,Virginia Tech,1,0,0,0,0,0,0,0,0,0,0,0
9543,Joe Bob,OG,Virginia Tech,1,0,0,0,0,0,0,0,0,0,0,0
9544,Joe Bob,WR,Virginia Tech,1,0,0,0,0,0,0,0,0,0,0,0
9545,Joe Bob,OG,Virginia Tech,1,0,0,0,0,0,0,0,0,0,0,0
9546,Joe Bob,OG,Virginia Tech,1,0,0,0,0,0,0,0,0,0,0,0
9547,Joe Bob,OG,Virginia Tech,3,0,0,0,0,0,0,0,0,0,0,0
9548,Joe Bob,OG,Virginia Tech,2,0,0,0,0,0,0,0,0,0,0,0
9549,Joe Bob,OG,Virginia Tech,4,0,0,0,0,0,0,0,0,0,0,0
9550,Joe Bob,OG,Virginia Tech,1,0,0,0,0,0,0,0,0,0,0,0
9551,Joe Bob,QB,Virginia Tech,3,0,0,0,0,0,0,0,0,0,0,0
9552,Joe Bob,OG,Virginia Tech,4,0,0,0,0,0,0,0,0,0,0,0
9553,Joe Bob,OG,Virginia Tech,2,0,0,0,0,0,0,0,0,0,0,0
9554,Joe Bob,OG,Virginia Tech,4,0,0,0,0,0,0,0,0,0,0,0
9555,Joe Bob,WR,Virginia Tech,3,0,0,0,0,0,0,0,0,0,0,0
9556,Joe Bob,OG,Virginia Tech,4,0,0,0,0,0,0,0,0,0,0,0
9557,Joe Bob,FB,Virginia Tech,4,0,0,0,0,0,0,0,0,0,0,0
9558,Joe Bob,OG,Virginia Tech,1,0,0,0,0,0,0,0,0,0,0,0
9559,Joe Bob,OG,Virginia Tech,1,0,0,0,0,0,0,0,0,0,0,0
9560,Joe Bob,OG,Virginia Tech,4,0,0,0,0,0,0,0,0,0,0,0
9561,Joe Bob,OG,Virginia Tech,2,0,0,0,0,0,0,0,0,0,0,0
9562,Joe Bob,OT,Virginia Tech,3,0,0,0,0,0,0,0,0,0,0,0
9563,Joe Bob,OG,Virginia Tech,4,0,0,0,0,0,0,0,0,0,0,0
9564,Joe Bob,OG,Virginia Tech,2,0,0,0,0,0,0,0,0,0,0,0
9565,Joe Bob,OG,Virginia Tech,1,0,0,0,0,0,0,0,0,0,0,0
9566,Joe Bob,OG,Virginia Tech,2,0,0,0,0,0,0,0,0,0,0,0
9567,Joe Bob,OG,Virginia Tech,3,0,0,0,0,0,0,0,0,0,0,0
9568,Joe Bob,FB,Virginia Tech,2,0,0,0,0,0,0,0,0,0,0,0
9569,Joe Bob,OG,Virginia Tech,4,0,0,0,0,0,0,0,0,0,0,0
9570,Joe Bob,WR,Virginia Tech,2,0,0,0,0,0,0,0,0,0,0,0
9571,Joe Bob,OG,Virginia Tech,4,0,0,0,0,0,0,0,0,0,0,0
9572,Joe Bob,WR,Virginia Tech,4,0,0,0,0,0,0,0,0,0,0,0
9573,Joe Bob,OT,Virginia Tech,4,0,0,0,0,0,0,0,0,0,0,0
9574,Joe Bob,OG,Virginia Tech,2,0,0,0,0,0,0,0,0,0,0,0
9575,Joe Bob,WR,Virginia Tech,1,0,0,0,0,0,0,0,0,0,0,0
9576,Joe Bob,FB,Virginia Tech,1,0,0,0,0,0,0,0,0,0,0,0
9577,Joe Bob,OG,Virginia Tech,2,0,0,0,0,0,0,0,0,0,0,0
9578,Joe Bob,OG,Virginia Tech,2,0,0,0,0,0,0,0,0,0,0,0
9579,Joe Bob,OG,Virginia Tech,3,0,0,0,0,0,0,0,0,0,0,0
9580,Joe Bob,OG,Virginia Tech,2,0,0,0,0,0,0,0,0,0,0,0
9581,Joe Bob,OG,Virginia Tech,2,0,0,0,0,0,0,0,0,0,0,0
9582,Joe Bob,OG,Virginia Tech,4,0,0,0,0,0,0,0,0,0,0,0
9583,Joe Bob,WR,Virginia Tech,2,0,0,0,0,0,0,0,0,0,0,0
9584,Joe Bob,OG,Virginia Tech,4,0,0,0,0,0,0,0,0,0,0,0
9585,Joe Bob,WR,Virginia Tech,3,0,0,0,0,0,0,0,0,0,0,0
9586,Joe Bob,OG,Virginia Tech,3,0,0,0,0,0,0,0,0,0,0,0
9587,Joe Bob,OG,Virginia Tech,4,0,0,0,0,0,0,0,0,0,0,0
9588,Joe Bob,WR,Virginia Tech,4,0,0,0,0,0,0,0,0,0,0,0
9589,Joe Bob,WR,Virginia Tech,1,0,0,0,0,0,0,0,0,0,0,0
9590,Joe Bob,OG,Virginia Tech,3,0,0,0,0,0,0,0,0,0,0,0
9591,Joe Bob,OG,Virginia Tech,1,0,0,0,0,0,0,0,0,0,0,0
9592,Joe Bob,OG,Virginia Tech,4,0,0,0,0,0,0,0,0,0,0,0
9593,Joe Bob,OG,Virginia Tech,1,0,0,0,0,0,0,0,0,0,0,0
9594,Joe Bob,OG,Virginia Tech,1,0,0,0,0,0,0,0,0,0,0,0
9595,Joe Bob,OG,Virginia Tech,1,0,0,0,0,0,0,0,0,0,0,0
9596,Joe Bob,OG,Virginia Tech,1,0,0,0,0,0,0,0,0,0,0,0
9597,Joe Bob,OG,Virginia Tech,1,0,0,0,0,0,0,0,0,0,0,0
9598,Joe Bob,OG,Virginia Tech,2,0,0,0,0,0,0,0,0,0,0,0
9599,Joe Bob,OG,Virginia Tech,3,0,0,0,0,0,0,0,0,0,0,0
9600,Joe Bob,QB,Virginia Tech,1,0,0,0,0,0,0,0,0,0,0,0
9601,Joe Bob,OG,W. Kentucky,3,0,0,0,0,0,0,0,0,0,0,0
9602,Joe Bob,OG,W. Kentucky,2,0,0,0,0,0,0,0,0,0,0,0
9603,Joe Bob,OG,W. Kentucky,3,0,0,0,0,0,0,0,0,0,0,0
9604,Joe Bob,OG,W. Kentucky,4,0,0,0,0,0,0,0,0,0,0,0
9605,Joe Bob,WR,W. Kentucky,2,0,0,0,0,0,0,0,0,0,0,0
9606,Joe Bob,RB,W. Kentucky,4,0,0,0,0,0,0,0,0,0,0,0
9607,Joe Bob,OT,W. Kentucky,3,0,0,0,0,0,0,0,0,0,0,0
9608,Joe Bob,OG,W. Kentucky,3,0,0,0,0,0,0,0,0,0,0,0
9609,Joe Bob,OG,W. Kentucky,4,0,0,0,0,0,0,0,0,0,0,0
9610,Joe Bob,OG,W. Kentucky,3,0,0,0,0,0,0,0,0,0,0,0
9611,Joe Bob,OG,W. Kentucky,3,0,0,0,0,0,0,0,0,0,0,0
9612,Joe Bob,FB,W. Kentucky,3,0,0,0,0,0,0,0,0,0,0,0
9613,Joe Bob,OG,W. Kentucky,3,0,0,0,0,0,0,0,0,0,0,0
9614,Joe Bob,OG,W. Kentucky,1,0,0,0,0,0,0,0,0,0,0,0
9615,Joe Bob,QB,W. Kentucky,4,0,0,0,0,0,0,0,0,0,0,0
9616,Joe Bob,OT,W. Kentucky,1,0,0,0,0,0,0,0,0,0,0,0
9617,Joe Bob,OT,W. Kentucky,4,0,0,0,0,0,0,0,0,0,0,0
9618,Joe Bob,OG,W. Kentucky,4,0,0,0,0,0,0,0,0,0,0,0
9619,Joe Bob,OG,W. Kentucky,3,0,0,0,0,0,0,0,0,0,0,0
9620,Joe Bob,OG,W. Kentucky,4,0,0,0,0,0,0,0,0,0,0,0
9621,Joe Bob,OG,W. Kentucky,2,0,0,0,0,0,0,0,0,0,0,0
9622,Joe Bob,OG,W. Kentucky,1,0,0,0,0,0,0,0,0,0,0,0
9623,Joe Bob,OG,W. Kentucky,1,0,0,0,0,0,0,0,0,0,0,0
9624,Joe Bob,OG,W. Kentucky,2,0,0,0,0,0,0,0,0,0,0,0
9625,Joe Bob,OG,W. Kentucky,3,0,0,0,0,0,0,0,0,0,0,0
9626,Joe Bob,OG,W. Kentucky,2,0,0,0,0,0,0,0,0,0,0,0
9627,Joe Bob,OG,W. Kentucky,3,0,0,0,0,0,0,0,0,0,0,0
9628,Joe Bob,OG,W. Kentucky,3,0,0,0,0,0,0,0,0,0,0,0
9629,Joe Bob,RB,W. Kentucky,1,0,0,0,0,0,0,0,0,0,0,0
9630,Joe Bob,OT,W. Kentucky,3,0,0,0,0,0,0,0,0,0,0,0
9631,Joe Bob,OG,W. Kentucky,3,0,0,0,0,0,0,0,0,0,0,0
9632,Joe Bob,OT,W. Kentucky,4,0,0,0,0,0,0,0,0,0,0,0
9633,Joe Bob,OG,W. Kentucky,4,0,0,0,0,0,0,0,0,0,0,0
9634,Joe Bob,FB,W. Kentucky,1,0,0,0,0,0,0,0,0,0,0,0
9635,Joe Bob,OG,W. Kentucky,1,0,0,0,0,0,0,0,0,0,0,0
9636,Joe Bob,WR,W. Kentucky,4,0,0,0,0,0,0,0,0,0,0,0
9637,Joe Bob,OG,W. Kentucky,4,0,0,0,0,0,0,0,0,0,0,0
9638,Joe Bob,WR,W. Kentucky,2,0,0,0,0,0,0,0,0,0,0,0
9639,Joe Bob,OG,W. Kentucky,1,0,0,0,0,0,0,0,0,0,0,0
9640,Joe Bob,OG,W. Kentucky,2,0,0,0,0,0,0,0,0,0,0,0
9641,Joe Bob,WR,W. Kentucky,2,0,0,0,0,0,0,0,0,0,0,0
9642,Joe Bob,OG,W. Kentucky,3,0,0,0,0,0,0,0,0,0,0,0
9643,Joe Bob,OG,W. Kentucky,4,0,0,0,0,0,0,0,0,0,0,0
9644,Joe Bob,OG,W. Kentucky,3,0,0,0,0,0,0,0,0,0,0,0
9645,Joe Bob,RB,W. Kentucky,4,0,0,0,0,0,0,0,0,0,0,0
9646,Joe Bob,OG,W. Kentucky,4,0,0,0,0,0,0,0,0,0,0,0
9647,Joe Bob,WR,W. Kentucky,4,0,0,0,0,0,0,0,0,0,0,0
9648,Joe Bob,WR,W. Kentucky,1,0,0,0,0,0,0,0,0,0,0,0
9649,Joe Bob,WR,W. Kentucky,1,0,0,0,0,0,0,0,0,0,0,0
9650,Joe Bob,OG,W. Kentucky,4,0,0,0,0,0,0,0,0,0,0,0
9651,Joe Bob,OG,W. Kentucky,2,0,0,0,0,0,0,0,0,0,0,0
9652,Joe Bob,OG,W. Kentucky,4,0,0,0,0,0,0,0,0,0,0,0
9653,Joe Bob,OG,W. Kentucky,2,0,0,0,0,0,0,0,0,0,0,0
9654,Joe Bob,WR,W. Kentucky,1,0,0,0,0,0,0,0,0,0,0,0
9655,Joe Bob,OG,W. Kentucky,2,0,0,0,0,0,0,0,0,0,0,0
9656,Joe Bob,OG,W. Kentucky,3,0,0,0,0,0,0,0,0,0,0,0
9657,Joe Bob,OG,W. Kentucky,4,0,0,0,0,0,0,0,0,0,0,0
9658,Joe Bob,OG,W. Kentucky,4,0,0,0,0,0,0,0,0,0,0,0
9659,Joe Bob,OG,W. Kentucky,1,0,0,0,0,0,0,0,0,0,0,0
9660,Joe Bob,OT,W. Kentucky,3,0,0,0,0,0,0,0,0,0,0,0
9661,Joe Bob,OG,W. Kentucky,4,0,0,0,0,0,0,0,0,0,0,0
9662,Joe Bob,FB,W. Kentucky,3,0,0,0,0,0,0,0,0,0,0,0
9663,Joe Bob,WR,W. Kentucky,4,0,0,0,0,0,0,0,0,0,0,0
9664,Joe Bob,OG,W. Kentucky,3,0,0,0,0,0,0,0,0,0,0,0
9665,Joe Bob,OG,W. Kentucky,3,0,0,0,0,0,0,0,0,0,0,0
9666,Joe Bob,OT,W. Kentucky,1,0,0,0,0,0,0,0,0,0,0,0
9667,Joe Bob,QB,W. Kentucky,3,0,0,0,0,0,0,0,0,0,0,0
9668,Joe Bob,OG,W. Kentucky,2,0,0,0,0,0,0,0,0,0,0,0
9669,Joe Bob,OG,W. Kentucky,4,0,0,0,0,0,0,0,0,0,0,0
9670,Joe Bob,OG,W. Kentucky,4,0,0,0,0,0,0,0,0,0,0,0
9671,Joe Bob,OG,W. Kentucky,3,0,0,0,0,0,0,0,0,0,0,0
9672,Joe Bob,OG,W. Kentucky,4,0,0,0,0,0,0,0,0,0,0,0
9673,Joe Bob,OG,W. Kentucky,2,0,0,0,0,0,0,0,0,0,0,0
9674,Joe Bob,OG,W. Kentucky,2,0,0,0,0,0,0,0,0,0,0,0
9675,Joe Bob,OG,W. Kentucky,2,0,0,0,0,0,0,0,0,0,0,0
9676,Joe Bob,OG,W. Michigan,3,0,0,0,0,0,0,0,0,0,0,0
9677,Joe Bob,OG,W. Michigan,2,0,0,0,0,0,0,0,0,0,0,0
9678,Joe Bob,OG,W. Michigan,2,0,0,0,0,0,0,0,0,0,0,0
9679,Joe Bob,QB,W. Michigan,2,0,0,0,0,0,0,0,0,0,0,0
9680,Joe Bob,WR,W. Michigan,1,0,0,0,0,0,0,0,0,0,0,0
9681,Joe Bob,OG,W. Michigan,4,0,0,0,0,0,0,0,0,0,0,0
9682,Joe Bob,OG,W. Michigan,3,0,0,0,0,0,0,0,0,0,0,0
9683,Joe Bob,OG,W. Michigan,2,0,0,0,0,0,0,0,0,0,0,0
9684,Joe Bob,RB,W. Michigan,3,0,0,0,0,0,0,0,0,0,0,0
9685,Joe Bob,WR,W. Michigan,3,0,0,0,0,0,0,0,0,0,0,0
9686,Joe Bob,WR,W. Michigan,4,0,0,0,0,0,0,0,0,0,0,0
9687,Joe Bob,OG,W. Michigan,4,0,0,0,0,0,0,0,0,0,0,0
9688,Joe Bob,QB,W. Michigan,4,0,0,0,0,0,0,0,0,0,0,0
9689,Joe Bob,OG,W. Michigan,3,0,0,0,0,0,0,0,0,0,0,0
9690,Joe Bob,OG,W. Michigan,4,0,0,0,0,0,0,0,0,0,0,0
9691,Joe Bob,OG,W. Michigan,1,0,0,0,0,0,0,0,0,0,0,0
9692,Joe Bob,OG,W. Michigan,2,0,0,0,0,0,0,0,0,0,0,0
9693,Joe Bob,OT,W. Michigan,4,0,0,0,0,0,0,0,0,0,0,0
9694,Joe Bob,OG,W. Michigan,2,0,0,0,0,0,0,0,0,0,0,0
9695,Joe Bob,OG,W. Michigan,3,0,0,0,0,0,0,0,0,0,0,0
9696,Joe Bob,OG,W. Michigan,2,0,0,0,0,0,0,0,0,0,0,0
9697,Joe Bob,OG,W. Michigan,2,0,0,0,0,0,0,0,0,0,0,0
9698,Joe Bob,OG,W. Michigan,2,0,0,0,0,0,0,0,0,0,0,0
9699,Joe Bob,OG,W. Michigan,2,0,0,0,0,0,0,0,0,0,0,0
9700,Joe Bob,WR,W. Michigan,3,0,0,0,0,0,0,0,0,0,0,0
9701,Joe Bob,OG,W. Michigan,4,0,0,0,0,0,0,0,0,0,0,0
9702,Joe Bob,OG,W. Michigan,3,0,0,0,0,0,0,0,0,0,0,0
9703,Joe Bob,OG,W. Michigan,3,0,0,0,0,0,0,0,0,0,0,0
9704,Joe Bob,OT,W. Michigan,2,0,0,0,0,0,0,0,0,0,0,0
9705,Joe Bob,OG,W. Michigan,1,0,0,0,0,0,0,0,0,0,0,0
9706,Joe Bob,FB,W. Michigan,3,0,0,0,0,0,0,0,0,0,0,0
9707,Joe Bob,OG,W. Michigan,1,0,0,0,0,0,0,0,0,0,0,0
9708,Joe Bob,OG,W. Michigan,1,0,0,0,0,0,0,0,0,0,0,0
9709,Joe Bob,OG,W. Michigan,3,0,0,0,0,0,0,0,0,0,0,0
9710,Joe Bob,OT,W. Michigan,2,0,0,0,0,0,0,0,0,0,0,0
9711,Joe Bob,OG,W. Michigan,1,0,0,0,0,0,0,0,0,0,0,0
9712,Joe Bob,OG,W. Michigan,3,0,0,0,0,0,0,0,0,0,0,0
9713,Joe Bob,OG,W. Michigan,3,0,0,0,0,0,0,0,0,0,0,0
9714,Joe Bob,OG,W. Michigan,2,0,0,0,0,0,0,0,0,0,0,0
9715,Joe Bob,QB,W. Michigan,4,0,0,0,0,0,0,0,0,0,0,0
9716,Joe Bob,OG,W. Michigan,3,0,0,0,0,0,0,0,0,0,0,0
9717,Joe Bob,OG,W. Michigan,2,0,0,0,0,0,0,0,0,0,0,0
9718,Joe Bob,OG,W. Michigan,1,0,0,0,0,0,0,0,0,0,0,0
9719,Joe Bob,WR,W. Michigan,2,0,0,0,0,0,0,0,0,0,0,0
9720,Joe Bob,WR,W. Michigan,1,0,0,0,0,0,0,0,0,0,0,0
9721,Joe Bob,OG,W. Michigan,1,0,0,0,0,0,0,0,0,0,0,0
9722,Joe Bob,OG,W. Michigan,4,0,0,0,0,0,0,0,0,0,0,0
9723,Joe Bob,OG,W. Michigan,2,0,0,0,0,0,0,0,0,0,0,0
9724,Joe Bob,OG,W. Michigan,3,0,0,0,0,0,0,0,0,0,0,0
9725,Joe Bob,OG,W. Michigan,2,0,0,0,0,0,0,0,0,0,0,0
9726,Joe Bob,OG,W. Michigan,1,0,0,0,0,0,0,0,0,0,0,0
9727,Joe Bob,OG,W. Michigan,1,0,0,0,0,0,0,0,0,0,0,0
9728,Joe Bob,OG,W. Michigan,3,0,0,0,0,0,0,0,0,0,0,0
9729,Joe Bob,OG,W. Michigan,4,0,0,0,0,0,0,0,0,0,0,0
9730,Joe Bob,OG,W. Michigan,2,0,0,0,0,0,0,0,0,0,0,0
9731,Joe Bob,OG,W. Michigan,3,0,0,0,0,0,0,0,0,0,0,0
9732,Joe Bob,OG,W. Michigan,2,0,0,0,0,0,0,0,0,0,0,0
9733,Joe Bob,OT,W. Michigan,4,0,0,0,0,0,0,0,0,0,0,0
9734,Joe Bob,OG,W. Michigan,2,0,0,0,0,0,0,0,0,0,0,0
9735,Joe Bob,RB,W. Michigan,3,0,0,0,0,0,0,0,0,0,0,0
9736,Joe Bob,QB,W. Michigan,4,0,0,0,0,0,0,0,0,0,0,0
9737,Joe Bob,WR,W. Michigan,3,0,0,0,0,0,0,0,0,0,0,0
9738,Joe Bob,OT,W. Michigan,2,0,0,0,0,0,0,0,0,0,0,0
9739,Joe Bob,OT,W. Michigan,3,0,0,0,0,0,0,0,0,0,0,0
9740,Joe Bob,RB,W. Michigan,4,0,0,0,0,0,0,0,0,0,0,0
9741,Joe Bob,OG,W. Michigan,1,0,0,0,0,0,0,0,0,0,0,0
9742,Joe Bob,OG,W. Michigan,1,0,0,0,0,0,0,0,0,0,0,0
9743,Joe Bob,OG,W. Michigan,1,0,0,0,0,0,0,0,0,0,0,0
9744,Joe Bob,OG,W. Michigan,2,0,0,0,0,0,0,0,0,0,0,0
9745,Joe Bob,OT,W. Michigan,1,0,0,0,0,0,0,0,0,0,0,0
9746,Joe Bob,QB,W. Michigan,1,0,0,0,0,0,0,0,0,0,0,0
9747,Joe Bob,OG,W. Michigan,1,0,0,0,0,0,0,0,0,0,0,0
9748,Joe Bob,OG,W. Michigan,2,0,0,0,0,0,0,0,0,0,0,0
9749,Joe Bob,OG,W. Michigan,2,0,0,0,0,0,0,0,0,0,0,0
9750,Joe Bob,OG,W. Michigan,2,0,0,0,0,0,0,0,0,0,0,0
9751,Joe Bob,OG,Wake Forest,2,0,0,0,0,0,0,0,0,0,0,0
9752,Joe Bob,OG,Wake Forest,2,0,0,0,0,0,0,0,0,0,0,0
9753,Joe Bob,OG,Wake Forest,3,0,0,0,0,0,0,0,0,0,0,0
9754,Joe Bob,OG,Wake Forest,3,0,0,0,0,0,0,0,0,0,0,0
9755,Joe Bob,OG,Wake Forest,3,0,0,0,0,0,0,0,0,0,0,0
9756,Joe Bob,OG,Wake Forest,2,0,0,0,0,0,0,0,0,0,0,0
9757,Joe Bob,OG,Wake Forest,4,0,0,0,0,0,0,0,0,0,0,0
9758,Joe Bob,QB,Wake Forest,4,0,0,0,0,0,0,0,0,0,0,0
9759,Joe Bob,OG,Wake Forest,1,0,0,0,0,0,0,0,0,0,0,0
9760,Joe Bob,OG,Wake Forest,4,0,0,0,0,0,0,0,0,0,0,0
9761,Joe Bob,OG,Wake Forest,4,0,0,0,0,0,0,0,0,0,0,0
9762,Joe Bob,OG,Wake Forest,2,0,0,0,0,0,0,0,0,0,0,0
9763,Joe Bob,OG,Wake Forest,1,0,0,0,0,0,0,0,0,0,0,0
9764,Joe Bob,OG,Wake Forest,2,0,0,0,0,0,0,0,0,0,0,0
9765,Joe Bob,OG,Wake Forest,2,0,0,0,0,0,0,0,0,0,0,0
9766,Joe Bob,OG,Wake Forest,1,0,0,0,0,0,0,0,0,0,0,0
9767,Joe Bob,OG,Wake Forest,2,0,0,0,0,0,0,0,0,0,0,0
9768,Joe Bob,OG,Wake Forest,3,0,0,0,0,0,0,0,0,0,0,0
9769,Joe Bob,OT,Wake Forest,1,0,0,0,0,0,0,0,0,0,0,0
9770,Joe Bob,OG,Wake Forest,3,0,0,0,0,0,0,0,0,0,0,0
9771,Joe Bob,OG,Wake Forest,1,0,0,0,0,0,0,0,0,0,0,0
9772,Joe Bob,RB,Wake Forest,1,0,0,0,0,0,0,0,0,0,0,0
9773,Joe Bob,OG,Wake Forest,3,0,0,0,0,0,0,0,0,0,0,0
9774,Joe Bob,OG,Wake Forest,3,0,0,0,0,0,0,0,0,0,0,0
9775,Joe Bob,OG,Wake Forest,1,0,0,0,0,0,0,0,0,0,0,0
9776,Joe Bob,OG,Wake Forest,2,0,0,0,0,0,0,0,0,0,0,0
9777,Joe Bob,QB,Wake Forest,1,0,0,0,0,0,0,0,0,0,0,0
9778,Joe Bob,WR,Wake Forest,1,0,0,0,0,0,0,0,0,0,0,0
9779,Joe Bob,OG,Wake Forest,4,0,0,0,0,0,0,0,0,0,0,0
9780,Joe Bob,WR,Wake Forest,2,0,0,0,0,0,0,0,0,0,0,0
9781,Joe Bob,OG,Wake Forest,1,0,0,0,0,0,0,0,0,0,0,0
9782,Joe Bob,OG,Wake Forest,2,0,0,0,0,0,0,0,0,0,0,0
9783,Joe Bob,OG,Wake Forest,3,0,0,0,0,0,0,0,0,0,0,0
9784,Joe Bob,OG,Wake Forest,2,0,0,0,0,0,0,0,0,0,0,0
9785,Joe Bob,OG,Wake Forest,1,0,0,0,0,0,0,0,0,0,0,0
9786,Joe Bob,OG,Wake Forest,2,0,0,0,0,0,0,0,0,0,0,0
9787,Joe Bob,OG,Wake Forest,3,0,0,0,0,0,0,0,0,0,0,0
9788,Joe Bob,OG,Wake Forest,1,0,0,0,0,0,0,0,0,0,0,0
9789,Joe Bob,OG,Wake Forest,2,0,0,0,0,0,0,0,0,0,0,0
9790,Joe Bob,RB,Wake Forest,1,0,0,0,0,0,0,0,0,0,0,0
9791,Joe Bob,OT,Wake Forest,3,0,0,0,0,0,0,0,0,0,0,0
9792,Joe Bob,QB,Wake Forest,1,0,0,0,0,0,0,0,0,0,0,0
9793,Joe Bob,OG,Wake Forest,4,0,0,0,0,0,0,0,0,0,0,0
9794,Joe Bob,OG,Wake Forest,4,0,0,0,0,0,0,0,0,0,0,0
9795,Joe Bob,OG,Wake Forest,2,0,0,0,0,0,0,0,0,0,0,0
9796,Joe Bob,OG,Wake Forest,4,0,0,0,0,0,0,0,0,0,0,0
9797,Joe Bob,WR,Wake Forest,1,0,0,0,0,0,0,0,0,0,0,0
9798,Joe Bob,OG,Wake Forest,2,0,0,0,0,0,0,0,0,0,0,0
9799,Joe Bob,OG,Wake Forest,1,0,0,0,0,0,0,0,0,0,0,0
9800,Joe Bob,OG,Wake Forest,2,0,0,0,0,0,0,0,0,0,0,0
9801,Joe Bob,OG,Wake Forest,2,0,0,0,0,0,0,0,0,0,0,0
9802,Joe Bob,OG,Wake Forest,3,0,0,0,0,0,0,0,0,0,0,0
9803,Joe Bob,OG,Wake Forest,3,0,0,0,0,0,0,0,0,0,0,0
9804,Joe Bob,QB,Wake Forest,3,0,0,0,0,0,0,0,0,0,0,0
9805,Joe Bob,OG,Wake Forest,4,0,0,0,0,0,0,0,0,0,0,0
9806,Joe Bob,OT,Wake Forest,2,0,0,0,0,0,0,0,0,0,0,0
9807,Joe Bob,OG,Wake Forest,4,0,0,0,0,0,0,0,0,0,0,0
9808,Joe Bob,OG,Wake Forest,3,0,0,0,0,0,0,0,0,0,0,0
9809,Joe Bob,OG,Wake Forest,4,0,0,0,0,0,0,0,0,0,0,0
9810,Joe Bob,OG,Wake Forest,4,0,0,0,0,0,0,0,0,0,0,0
9811,Joe Bob,OG,Wake Forest,1,0,0,0,0,0,0,0,0,0,0,0
9812,Joe Bob,WR,Wake Forest,2,0,0,0,0,0,0,0,0,0,0,0
9813,Joe Bob,OG,Wake Forest,4,0,0,0,0,0,0,0,0,0,0,0
9814,Joe Bob,OG,Wake Forest,1,0,0,0,0,0,0,0,0,0,0,0
9815,Joe Bob,OG,Wake Forest,2,0,0,0,0,0,0,0,0,0,0,0
9816,Joe Bob,OG,Wake Forest,1,0,0,0,0,0,0,0,0,0,0,0
9817,Joe Bob,OG,Wake Forest,1,0,0,0,0,0,0,0,0,0,0,0
9818,Joe Bob,OG,Wake Forest,1,0,0,0,0,0,0,0,0,0,0,0
9819,Joe Bob,OG,Wake Forest,4,0,0,0,0,0,0,0,0,0,0,0
9820,Joe Bob,OG,Wake Forest,2,0,0,0,0,0,0,0,0,0,0,0
9821,Joe Bob,OG,Wake Forest,2,0,0,0,0,0,0,0,0,0,0,0
9822,Joe Bob,OG,Wake Forest,3,0,0,0,0,0,0,0,0,0,0,0
9823,Joe Bob,OG,Wake Forest,1,0,0,0,0,0,0,0,0,0,0,0
9824,Joe Bob,OG,Wake Forest,3,0,0,0,0,0,0,0,0,0,0,0
9825,Joe Bob,OG,Wake Forest,4,0,0,0,0,0,0,0,0,0,0,0
9826,Joe Bob,OG,Washington,2,0,0,0,0,0,0,0,0,0,0,0
9827,Joe Bob,OG,Washington,4,0,0,0,0,0,0,0,0,0,0,0
9828,Joe Bob,WR,Washington,3,0,0,0,0,0,0,0,0,0,0,0
9829,Joe Bob,OT,Washington,4,0,0,0,0,0,0,0,0,0,0,0
9830,Joe Bob,OG,Washington,4,0,0,0,0,0,0,0,0,0,0,0
9831,Joe Bob,OT,Washington,4,0,0,0,0,0,0,0,0,0,0,0
9832,Joe Bob,OT,Washington,1,0,0,0,0,0,0,0,0,0,0,0
9833,Joe Bob,OG,Washington,4,0,0,0,0,0,0,0,0,0,0,0
9834,Joe Bob,OG,Washington,1,0,0,0,0,0,0,0,0,0,0,0
9835,Joe Bob,OT,Washington,2,0,0,0,0,0,0,0,0,0,0,0
9836,Joe Bob,OG,Washington,4,0,0,0,0,0,0,0,0,0,0,0
9837,Joe Bob,OG,Washington,2,0,0,0,0,0,0,0,0,0,0,0
9838,Joe Bob,OG,Washington,1,0,0,0,0,0,0,0,0,0,0,0
9839,Joe Bob,OG,Washington,1,0,0,0,0,0,0,0,0,0,0,0
9840,Joe Bob,OG,Washington,3,0,0,0,0,0,0,0,0,0,0,0
9841,Joe Bob,QB,Washington,2,0,0,0,0,0,0,0,0,0,0,0
9842,Joe Bob,OG,Washington,3,0,0,0,0,0,0,0,0,0,0,0
9843,Joe Bob,FB,Washington,2,0,0,0,0,0,0,0,0,0,0,0
9844,Joe Bob,OG,Washington,4,0,0,0,0,0,0,0,0,0,0,0
9845,Joe Bob,QB,Washington,4,0,0,0,0,0,0,0,0,0,0,0
9846,Joe Bob,WR,Washington,3,0,0,0,0,0,0,0,0,0,0,0
9847,Joe Bob,OG,Washington,4,0,0,0,0,0,0,0,0,0,0,0
9848,Joe Bob,QB,Washington,4,0,0,0,0,0,0,0,0,0,0,0
9849,Joe Bob,RB,Washington,3,0,0,0,0,0,0,0,0,0,0,0
9850,Joe Bob,WR,Washington,2,0,0,0,0,0,0,0,0,0,0,0
9851,Joe Bob,OG,Washington,2,0,0,0,0,0,0,0,0,0,0,0
9852,Joe Bob,OG,Washington,2,0,0,0,0,0,0,0,0,0,0,0
9853,Joe Bob,OG,Washington,1,0,0,0,0,0,0,0,0,0,0,0
9854,Joe Bob,OG,Washington,2,0,0,0,0,0,0,0,0,0,0,0
9855,Joe Bob,OG,Washington,4,0,0,0,0,0,0,0,0,0,0,0
9856,Joe Bob,WR,Washington,2,0,0,0,0,0,0,0,0,0,0,0
9857,Joe Bob,OG,Washington,4,0,0,0,0,0,0,0,0,0,0,0
9858,Joe Bob,FB,Washington,2,0,0,0,0,0,0,0,0,0,0,0
9859,Joe Bob,OG,Washington,3,0,0,0,0,0,0,0,0,0,0,0
9860,Joe Bob,OG,Washington,3,0,0,0,0,0,0,0,0,0,0,0
9861,Joe Bob,WR,Washington,4,0,0,0,0,0,0,0,0,0,0,0
9862,Joe Bob,FB,Washington,1,0,0,0,0,0,0,0,0,0,0,0
9863,Joe Bob,OG,Washington,3,0,0,0,0,0,0,0,0,0,0,0
9864,Joe Bob,OG,Washington,1,0,0,0,0,0,0,0,0,0,0,0
9865,Joe Bob,OG,Washington,4,0,0,0,0,0,0,0,0,0,0,0
9866,Joe Bob,OG,Washington,1,0,0,0,0,0,0,0,0,0,0,0
9867,Joe Bob,OG,Washington,1,0,0,0,0,0,0,0,0,0,0,0
9868,Joe Bob,OG,Washington,1,0,0,0,0,0,0,0,0,0,0,0
9869,Joe Bob,OG,Washington,1,0,0,0,0,0,0,0,0,0,0,0
9870,Joe Bob,WR,Washington,1,0,0,0,0,0,0,0,0,0,0,0
9871,Joe Bob,OG,Washington,2,0,0,0,0,0,0,0,0,0,0,0
9872,Joe Bob,OG,Washington,3,0,0,0,0,0,0,0,0,0,0,0
9873,Joe Bob,OG,Washington,4,0,0,0,0,0,0,0,0,0,0,0
9874,Joe Bob,OG,Washington,3,0,0,0,0,0,0,0,0,0,0,0
9875,Joe Bob,OG,Washington,2,0,0,0,0,0,0,0,0,0,0,0
9876,Joe Bob,OG,Washington,2,0,0,0,0,0,0,0,0,0,0,0
9877,Joe Bob,OG,Washington,4,0,0,0,0,0,0,0,0,0,0,0
9878,Joe Bob,WR,Washington,3,0,0,0,0,0,0,0,0,0,0,0
9879,Joe Bob,QB,Washington,4,0,0,0,0,0,0,0,0,0,0,0
9880,Joe Bob,WR,Washington,3,0,0,0,0,0,0,0,0,0,0,0
9881,Joe Bob,OG,Washington,4,0,0,0,0,0,0,0,0,0,0,0
9882,Joe Bob,OT,Washington,2,0,0,0,0,0,0,0,0,0,0,0
9883,Joe Bob,OT,Washington,4,0,0,0,0,0,0,0,0,0,0,0
9884,Joe Bob,WR,Washington,1,0,0,0,0,0,0,0,0,0,0,0
9885,Joe Bob,OG,Washington,3,0,0,0,0,0,0,0,0,0,0,0
9886,Joe Bob,OG,Washington,2,0,0,0,0,0,0,0,0,0,0,0
9887,Joe Bob,OG,Washington,1,0,0,0,0,0,0,0,0,0,0,0
9888,Joe Bob,OG,Washington,4,0,0,0,0,0,0,0,0,0,0,0
9889,Joe Bob,OT,Washington,4,0,0,0,0,0,0,0,0,0,0,0
9890,Joe Bob,WR,Washington,4,0,0,0,0,0,0,0,0,0,0,0
9891,Joe Bob,OG,Washington,3,0,0,0,0,0,0,0,0,0,0,0
9892,Joe Bob,OG,Washington,2,0,0,0,0,0,0,0,0,0,0,0
9893,Joe Bob,OG,Washington,4,0,0,0,0,0,0,0,0,0,0,0
9894,Joe Bob,WR,Washington,2,0,0,0,0,0,0,0,0,0,0,0
9895,Joe Bob,OG,Washington,1,0,0,0,0,0,0,0,0,0,0,0
9896,Joe Bob,OG,Washington,2,0,0,0,0,0,0,0,0,0,0,0
9897,Joe Bob,OG,Washington,2,0,0,0,0,0,0,0,0,0,0,0
9898,Joe Bob,OG,Washington,3,0,0,0,0,0,0,0,0,0,0,0
9899,Joe Bob,OG,Washington,1,0,0,0,0,0,0,0,0,0,0,0
9900,Joe Bob,OG,Washington,2,0,0,0,0,0,0,0,0,0,0,0
9901,Joe Bob,OG,Washington State,3,0,0,0,0,0,0,0,0,0,0,0
9902,Joe Bob,QB,Washington State,1,0,0,0,0,0,0,0,0,0,0,0
9903,Joe Bob,OT,Washington State,3,0,0,0,0,0,0,0,0,0,0,0
9904,Joe Bob,OG,Washington State,3,0,0,0,0,0,0,0,0,0,0,0
9905,Joe Bob,WR,Washington State,4,0,0,0,0,0,0,0,0,0,0,0
9906,Joe Bob,WR,Washington State,4,0,0,0,0,0,0,0,0,0,0,0
9907,Joe Bob,QB,Washington State,1,0,0,0,0,0,0,0,0,0,0,0
9908,Joe Bob,OG,Washington State,4,0,0,0,0,0,0,0,0,0,0,0
9909,Joe Bob,OG,Washington State,4,0,0,0,0,0,0,0,0,0,0,0
9910,Joe Bob,OG,Washington State,4,0,0,0,0,0,0,0,0,0,0,0
9911,Joe Bob,WR,Washington State,2,0,0,0,0,0,0,0,0,0,0,0
9912,Joe Bob,OG,Washington State,1,0,0,0,0,0,0,0,0,0,0,0
9913,Joe Bob,OG,Washington State,2,0,0,0,0,0,0,0,0,0,0,0
9914,Joe Bob,WR,Washington State,2,0,0,0,0,0,0,0,0,0,0,0
9915,Joe Bob,OG,Washington State,2,0,0,0,0,0,0,0,0,0,0,0
9916,Joe Bob,OG,Washington State,3,0,0,0,0,0,0,0,0,0,0,0
9917,Joe Bob,OG,Washington State,2,0,0,0,0,0,0,0,0,0,0,0
9918,Joe Bob,OG,Washington State,3,0,0,0,0,0,0,0,0,0,0,0
9919,Joe Bob,OG,Washington State,3,0,0,0,0,0,0,0,0,0,0,0
9920,Joe Bob,OG,Washington State,4,0,0,0,0,0,0,0,0,0,0,0
9921,Joe Bob,OG,Washington State,1,0,0,0,0,0,0,0,0,0,0,0
9922,Joe Bob,OG,Washington State,1,0,0,0,0,0,0,0,0,0,0,0
9923,Joe Bob,OG,Washington State,4,0,0,0,0,0,0,0,0,0,0,0
9924,Joe Bob,WR,Washington State,2,0,0,0,0,0,0,0,0,0,0,0
9925,Joe Bob,OG,Washington State,4,0,0,0,0,0,0,0,0,0,0,0
9926,Joe Bob,OG,Washington State,2,0,0,0,0,0,0,0,0,0,0,0
9927,Joe Bob,WR,Washington State,1,0,0,0,0,0,0,0,0,0,0,0
9928,Joe Bob,OG,Washington State,2,0,0,0,0,0,0,0,0,0,0,0
9929,Joe Bob,OG,Washington State,3,0,0,0,0,0,0,0,0,0,0,0
9930,Joe Bob,OG,Washington State,4,0,0,0,0,0,0,0,0,0,0,0
9931,Joe Bob,OG,Washington State,3,0,0,0,0,0,0,0,0,0,0,0
9932,Joe Bob,OG,Washington State,1,0,0,0,0,0,0,0,0,0,0,0
9933,Joe Bob,WR,Washington State,3,0,0,0,0,0,0,0,0,0,0,0
9934,Joe Bob,OG,Washington State,4,0,0,0,0,0,0,0,0,0,0,0
9935,Joe Bob,OG,Washington State,3,0,0,0,0,0,0,0,0,0,0,0
9936,Joe Bob,WR,Washington State,3,0,0,0,0,0,0,0,0,0,0,0
9937,Joe Bob,OG,Washington State,3,0,0,0,0,0,0,0,0,0,0,0
9938,Joe Bob,OG,Washington State,3,0,0,0,0,0,0,0,0,0,0,0
9939,Joe Bob,OG,Washington State,1,0,0,0,0,0,0,0,0,0,0,0
9940,Joe Bob,OG,Washington State,2,0,0,0,0,0,0,0,0,0,0,0
9941,Joe Bob,OT,Washington State,1,0,0,0,0,0,0,0,0,0,0,0
9942,Joe Bob,OG,Washington State,4,0,0,0,0,0,0,0,0,0,0,0
9943,Joe Bob,OG,Washington State,3,0,0,0,0,0,0,0,0,0,0,0
9944,Joe Bob,OG,Washington State,3,0,0,0,0,0,0,0,0,0,0,0
9945,Joe Bob,OG,Washington State,4,0,0,0,0,0,0,0,0,0,0,0
9946,Joe Bob,OG,Washington State,2,0,0,0,0,0,0,0,0,0,0,0
9947,Joe Bob,OG,Washington State,1,0,0,0,0,0,0,0,0,0,0,0
9948,Joe Bob,OG,Washington State,2,0,0,0,0,0,0,0,0,0,0,0
9949,Joe Bob,OG,Washington State,3,0,0,0,0,0,0,0,0,0,0,0
9950,Joe Bob,OG,Washington State,2,0,0,0,0,0,0,0,0,0,0,0
9951,Joe Bob,OG,Washington State,2,0,0,0,0,0,0,0,0,0,0,0
9952,Joe Bob,FB,Washington State,2,0,0,0,0,0,0,0,0,0,0,0
9953,Joe Bob,QB,Washington State,2,0,0,0,0,0,0,0,0,0,0,0
9954,Joe Bob,FB,Washington State,4,0,0,0,0,0,0,0,0,0,0,0
9955,Joe Bob,OG,Washington State,4,0,0,0,0,0,0,0,0,0,0,0
9956,Joe Bob,WR,Washington State,2,0,0,0,0,0,0,0,0,0,0,0
9957,Joe Bob,OT,Washington State,3,0,0,0,0,0,0,0,0,0,0,0
9958,Joe Bob,WR,Washington State,2,0,0,0,0,0,0,0,0,0,0,0
9959,Joe Bob,WR,Washington State,4,0,0,0,0,0,0,0,0,0,0,0
9960,Joe Bob,OT,Washington State,4,0,0,0,0,0,0,0,0,0,0,0
9961,Joe Bob,OG,Washington State,4,0,0,0,0,0,0,0,0,0,0,0
9962,Joe Bob,OG,Washington State,3,0,0,0,0,0,0,0,0,0,0,0
9963,Joe Bob,OG,Washington State,1,0,0,0,0,0,0,0,0,0,0,0
9964,Joe Bob,OG,Washington State,1,0,0,0,0,0,0,0,0,0,0,0
9965,Joe Bob,OG,Washington State,2,0,0,0,0,0,0,0,0,0,0,0
9966,Joe Bob,WR,Washington State,4,0,0,0,0,0,0,0,0,0,0,0
9967,Joe Bob,OG,Washington State,1,0,0,0,0,0,0,0,0,0,0,0
9968,Joe Bob,OG,Washington State,3,0,0,0,0,0,0,0,0,0,0,0
9969,Joe Bob,OG,Washington State,1,0,0,0,0,0,0,0,0,0,0,0
9970,Joe Bob,OG,Washington State,2,0,0,0,0,0,0,0,0,0,0,0
9971,Joe Bob,OG,Washington State,2,0,0,0,0,0,0,0,0,0,0,0
9972,Joe Bob,OG,Washington State,2,0,0,0,0,0,0,0,0,0,0,0
9973,Joe Bob,RB,Washington State,3,0,0,0,0,0,0,0,0,0,0,0
9974,Joe Bob,OG,Washington State,4,0,0,0,0,0,0,0,0,0,0,0
9975,Joe Bob,OG,Washington State,3,0,0,0,0,0,0,0,0,0,0,0
9976,Joe Bob,OG,West Virginia,3,0,0,0,0,0,0,0,0,0,0,0
9977,Joe Bob,OT,West Virginia,2,0,0,0,0,0,0,0,0,0,0,0
9978,Joe Bob,OG,West Virginia,1,0,0,0,0,0,0,0,0,0,0,0
9979,Joe Bob,QB,West Virginia,3,0,0,0,0,0,0,0,0,0,0,0
9980,Joe Bob,OG,West Virginia,4,0,0,0,0,0,0,0,0,0,0,0
9981,Joe Bob,OG,West Virginia,2,0,0,0,0,0,0,0,0,0,0,0
9982,Joe Bob,OG,West Virginia,3,0,0,0,0,0,0,0,0,0,0,0
9983,Joe Bob,WR,West Virginia,2,0,0,0,0,0,0,0,0,0,0,0
9984,Joe Bob,OG,West Virginia,1,0,0,0,0,0,0,0,0,0,0,0
9985,Joe Bob,OG,West Virginia,2,0,0,0,0,0,0,0,0,0,0,0
9986,Joe Bob,OG,West Virginia,2,0,0,0,0,0,0,0,0,0,0,0
9987,Joe Bob,OG,West Virginia,1,0,0,0,0,0,0,0,0,0,0,0
9988,Joe Bob,OG,West Virginia,3,0,0,0,0,0,0,0,0,0,0,0
9989,Joe Bob,OG,West Virginia,3,0,0,0,0,0,0,0,0,0,0,0
9990,Joe Bob,QB,West Virginia,2,0,0,0,0,0,0,0,0,0,0,0
9991,Joe Bob,OG,West Virginia,1,0,0,0,0,0,0,0,0,0,0,0
9992,Joe Bob,OG,West Virginia,1,0,0,0,0,0,0,0,0,0,0,0
9993,Joe Bob,WR,West Virginia,1,0,0,0,0,0,0,0,0,0,0,0
9994,Joe Bob,OG,West Virginia,1,0,0,0,0,0,0,0,0,0,0,0
9995,Joe Bob,OG,West Virginia,4,0,0,0,0,0,0,0,0,0,0,0
9996,Joe Bob,OG,West Virginia,2,0,0,0,0,0,0,0,0,0,0,0
9997,Joe Bob,OG,West Virginia,3,0,0,0,0,0,0,0,0,0,0,0
9998,Joe Bob,OT,West Virginia,2,0,0,0,0,0,0,0,0,0,0,0
9999,Joe Bob,OG,West Virginia,4,0,0,0,0,0,0,0,0,0,0,0
10000,Joe Bob,OG,West Virginia,1,0,0,0,0,0,0,0,0,0,0,0
10001,Joe Bob,OG,West Virginia,3,0,0,0,0,0,0,0,0,0,0,0
10002,Joe Bob,OG,West Virginia,4,0,0,0,0,0,0,0,0,0,0,0
10003,Joe Bob,OG,West Virginia,2,0,0,0,0,0,0,0,0,0,0,0
10004,Joe Bob,OG,West Virginia,3,0,0,0,0,0,0,0,0,0,0,0
10005,Joe Bob,OG,West Virginia,2,0,0,0,0,0,0,0,0,0,0,0
10006,Joe Bob,WR,West Virginia,4,0,0,0,0,0,0,0,0,0,0,0
10007,Joe Bob,OG,West Virginia,2,0,0,0,0,0,0,0,0,0,0,0
10008,Joe Bob,QB,West Virginia,3,0,0,0,0,0,0,0,0,0,0,0
10009,Joe Bob,OT,West Virginia,3,0,0,0,0,0,0,0,0,0,0,0
10010,Joe Bob,WR,West Virginia,2,0,0,0,0,0,0,0,0,0,0,0
10011,Joe Bob,WR,West Virginia,1,0,0,0,0,0,0,0,0,0,0,0
10012,Joe Bob,OT,West Virginia,3,0,0,0,0,0,0,0,0,0,0,0
10013,Joe Bob,OG,West Virginia,4,0,0,0,0,0,0,0,0,0,0,0
10014,Joe Bob,OG,West Virginia,4,0,0,0,0,0,0,0,0,0,0,0
10015,Joe Bob,OG,West Virginia,1,0,0,0,0,0,0,0,0,0,0,0
10016,Joe Bob,OG,West Virginia,1,0,0,0,0,0,0,0,0,0,0,0
10017,Joe Bob,OG,West Virginia,2,0,0,0,0,0,0,0,0,0,0,0
10018,Joe Bob,WR,West Virginia,1,0,0,0,0,0,0,0,0,0,0,0
10019,Joe Bob,OG,West Virginia,1,0,0,0,0,0,0,0,0,0,0,0
10020,Joe Bob,OG,West Virginia,2,0,0,0,0,0,0,0,0,0,0,0
10021,Joe Bob,OG,West Virginia,3,0,0,0,0,0,0,0,0,0,0,0
10022,Joe Bob,OG,West Virginia,2,0,0,0,0,0,0,0,0,0,0,0
10023,Joe Bob,OG,West Virginia,2,0,0,0,0,0,0,0,0,0,0,0
10024,Joe Bob,OG,West Virginia,2,0,0,0,0,0,0,0,0,0,0,0
10025,Joe Bob,QB,West Virginia,2,0,0,0,0,0,0,0,0,0,0,0
10026,Joe Bob,OG,West Virginia,3,0,0,0,0,0,0,0,0,0,0,0
10027,Joe Bob,OT,West Virginia,3,0,0,0,0,0,0,0,0,0,0,0
10028,Joe Bob,OG,West Virginia,3,0,0,0,0,0,0,0,0,0,0,0
10029,Joe Bob,OG,West Virginia,2,0,0,0,0,0,0,0,0,0,0,0
10030,Joe Bob,QB,West Virginia,1,0,0,0,0,0,0,0,0,0,0,0
10031,Joe Bob,OG,West Virginia,4,0,0,0,0,0,0,0,0,0,0,0
10032,Joe Bob,OG,West Virginia,4,0,0,0,0,0,0,0,0,0,0,0
10033,Joe Bob,OG,West Virginia,4,0,0,0,0,0,0,0,0,0,0,0
10034,Joe Bob,OG,West Virginia,3,0,0,0,0,0,0,0,0,0,0,0
10035,Joe Bob,OG,West Virginia,2,0,0,0,0,0,0,0,0,0,0,0
10036,Joe Bob,OG,West Virginia,1,0,0,0,0,0,0,0,0,0,0,0
10037,Joe Bob,OG,West Virginia,1,0,0,0,0,0,0,0,0,0,0,0
10038,Joe Bob,OT,West Virginia,1,0,0,0,0,0,0,0,0,0,0,0
10039,Joe Bob,OG,West Virginia,4,0,0,0,0,0,0,0,0,0,0,0
10040,Joe Bob,OG,West Virginia,2,0,0,0,0,0,0,0,0,0,0,0
10041,Joe Bob,OG,West Virginia,3,0,0,0,0,0,0,0,0,0,0,0
10042,Joe Bob,OT,West Virginia,1,0,0,0,0,0,0,0,0,0,0,0
10043,Joe Bob,OG,West Virginia,3,0,0,0,0,0,0,0,0,0,0,0
10044,Joe Bob,OG,West Virginia,1,0,0,0,0,0,0,0,0,0,0,0
10045,Joe Bob,OG,West Virginia,4,0,0,0,0,0,0,0,0,0,0,0
10046,Joe Bob,OG,West Virginia,4,0,0,0,0,0,0,0,0,0,0,0
10047,Joe Bob,OG,West Virginia,3,0,0,0,0,0,0,0,0,0,0,0
10048,Joe Bob,OG,West Virginia,1,0,0,0,0,0,0,0,0,0,0,0
10049,Joe Bob,OG,West Virginia,2,0,0,0,0,0,0,0,0,0,0,0
10050,Joe Bob,OG,West Virginia,4,0,0,0,0,0,0,0,0,0,0,0
10051,Joe Bob,WR,Wisconsin,1,0,0,0,0,0,0,0,0,0,0,0
10052,Joe Bob,OG,Wisconsin,4,0,0,0,0,0,0,0,0,0,0,0
10053,Joe Bob,WR,Wisconsin,2,0,0,0,0,0,0,0,0,0,0,0
10054,Joe Bob,OT,Wisconsin,4,0,0,0,0,0,0,0,0,0,0,0
10055,Joe Bob,OG,Wisconsin,1,0,0,0,0,0,0,0,0,0,0,0
10056,Joe Bob,OG,Wisconsin,2,0,0,0,0,0,0,0,0,0,0,0
10057,Joe Bob,OG,Wisconsin,1,0,0,0,0,0,0,0,0,0,0,0
10058,Joe Bob,OG,Wisconsin,1,0,0,0,0,0,0,0,0,0,0,0
10059,Joe Bob,OG,Wisconsin,2,0,0,0,0,0,0,0,0,0,0,0
10060,Joe Bob,OG,Wisconsin,3,0,0,0,0,0,0,0,0,0,0,0
10061,Joe Bob,OG,Wisconsin,4,0,0,0,0,0,0,0,0,0,0,0
10062,Joe Bob,OG,Wisconsin,2,0,0,0,0,0,0,0,0,0,0,0
10063,Joe Bob,QB,Wisconsin,1,0,0,0,0,0,0,0,0,0,0,0
10064,Joe Bob,WR,Wisconsin,3,0,0,0,0,0,0,0,0,0,0,0
10065,Joe Bob,OG,Wisconsin,1,0,0,0,0,0,0,0,0,0,0,0
10066,Joe Bob,OG,Wisconsin,4,0,0,0,0,0,0,0,0,0,0,0
10067,Joe Bob,OT,Wisconsin,4,0,0,0,0,0,0,0,0,0,0,0
10068,Joe Bob,OG,Wisconsin,1,0,0,0,0,0,0,0,0,0,0,0
10069,Joe Bob,OG,Wisconsin,4,0,0,0,0,0,0,0,0,0,0,0
10070,Joe Bob,WR,Wisconsin,1,0,0,0,0,0,0,0,0,0,0,0
10071,Joe Bob,OG,Wisconsin,2,0,0,0,0,0,0,0,0,0,0,0
10072,Joe Bob,OG,Wisconsin,1,0,0,0,0,0,0,0,0,0,0,0
10073,Joe Bob,OG,Wisconsin,2,0,0,0,0,0,0,0,0,0,0,0
10074,Joe Bob,OG,Wisconsin,2,0,0,0,0,0,0,0,0,0,0,0
10075,Joe Bob,OG,Wisconsin,2,0,0,0,0,0,0,0,0,0,0,0
10076,Joe Bob,WR,Wisconsin,2,0,0,0,0,0,0,0,0,0,0,0
10077,Joe Bob,OG,Wisconsin,2,0,0,0,0,0,0,0,0,0,0,0
10078,Joe Bob,OG,Wisconsin,4,0,0,0,0,0,0,0,0,0,0,0
10079,Joe Bob,WR,Wisconsin,2,0,0,0,0,0,0,0,0,0,0,0
10080,Joe Bob,OG,Wisconsin,4,0,0,0,0,0,0,0,0,0,0,0
10081,Joe Bob,OG,Wisconsin,3,0,0,0,0,0,0,0,0,0,0,0
10082,Joe Bob,OG,Wisconsin,3,0,0,0,0,0,0,0,0,0,0,0
10083,Joe Bob,OG,Wisconsin,4,0,0,0,0,0,0,0,0,0,0,0
10084,Joe Bob,OG,Wisconsin,1,0,0,0,0,0,0,0,0,0,0,0
10085,Joe Bob,OG,Wisconsin,2,0,0,0,0,0,0,0,0,0,0,0
10086,Joe Bob,OG,Wisconsin,3,0,0,0,0,0,0,0,0,0,0,0
10087,Joe Bob,OG,Wisconsin,1,0,0,0,0,0,0,0,0,0,0,0
10088,Joe Bob,OG,Wisconsin,2,0,0,0,0,0,0,0,0,0,0,0
10089,Joe Bob,OG,Wisconsin,1,0,0,0,0,0,0,0,0,0,0,0
10090,Joe Bob,OG,Wisconsin,2,0,0,0,0,0,0,0,0,0,0,0
10091,Joe Bob,OG,Wisconsin,2,0,0,0,0,0,0,0,0,0,0,0
10092,Joe Bob,OG,Wisconsin,1,0,0,0,0,0,0,0,0,0,0,0
10093,Joe Bob,OG,Wisconsin,2,0,0,0,0,0,0,0,0,0,0,0
10094,Joe Bob,WR,Wisconsin,1,0,0,0,0,0,0,0,0,0,0,0
10095,Joe Bob,OG,Wisconsin,3,0,0,0,0,0,0,0,0,0,0,0
10096,Joe Bob,RB,Wisconsin,1,0,0,0,0,0,0,0,0,0,0,0
10097,Joe Bob,OG,Wisconsin,2,0,0,0,0,0,0,0,0,0,0,0
10098,Joe Bob,OG,Wisconsin,4,0,0,0,0,0,0,0,0,0,0,0
10099,Joe Bob,OT,Wisconsin,2,0,0,0,0,0,0,0,0,0,0,0
10100,Joe Bob,OG,Wisconsin,3,0,0,0,0,0,0,0,0,0,0,0
10101,Joe Bob,RB,Wisconsin,2,0,0,0,0,0,0,0,0,0,0,0
10102,Joe Bob,WR,Wisconsin,3,0,0,0,0,0,0,0,0,0,0,0
10103,Joe Bob,OG,Wisconsin,4,0,0,0,0,0,0,0,0,0,0,0
10104,Joe Bob,OT,Wisconsin,4,0,0,0,0,0,0,0,0,0,0,0
10105,Joe Bob,WR,Wisconsin,4,0,0,0,0,0,0,0,0,0,0,0
10106,Joe Bob,OG,Wisconsin,3,0,0,0,0,0,0,0,0,0,0,0
10107,Joe Bob,OG,Wisconsin,1,0,0,0,0,0,0,0,0,0,0,0
10108,Joe Bob,OT,Wisconsin,2,0,0,0,0,0,0,0,0,0,0,0
10109,Joe Bob,OG,Wisconsin,4,0,0,0,0,0,0,0,0,0,0,0
10110,Joe Bob,OT,Wisconsin,2,0,0,0,0,0,0,0,0,0,0,0
10111,Joe Bob,OG,Wisconsin,1,0,0,0,0,0,0,0,0,0,0,0
10112,Joe Bob,OG,Wisconsin,1,0,0,0,0,0,0,0,0,0,0,0
10113,Joe Bob,OG,Wisconsin,3,0,0,0,0,0,0,0,0,0,0,0
10114,Joe Bob,OG,Wisconsin,2,0,0,0,0,0,0,0,0,0,0,0
10115,Joe Bob,OG,Wisconsin,4,0,0,0,0,0,0,0,0,0,0,0
10116,Joe Bob,RB,Wisconsin,1,0,0,0,0,0,0,0,0,0,0,0
10117,Joe Bob,OG,Wisconsin,3,0,0,0,0,0,0,0,0,0,0,0
10118,Joe Bob,QB,Wisconsin,4,0,0,0,0,0,0,0,0,0,0,0
10119,Joe Bob,WR,Wisconsin,3,0,0,0,0,0,0,0,0,0,0,0
10120,Joe Bob,OG,Wisconsin,4,0,0,0,0,0,0,0,0,0,0,0
10121,Joe Bob,FB,Wisconsin,4,0,0,0,0,0,0,0,0,0,0,0
10122,Joe Bob,OG,Wisconsin,3,0,0,0,0,0,0,0,0,0,0,0
10123,Joe Bob,RB,Wisconsin,1,0,0,0,0,0,0,0,0,0,0,0
10124,Joe Bob,OT,Wisconsin,1,0,0,0,0,0,0,0,0,0,0,0
10125,Joe Bob,FB,Wisconsin,1,0,0,0,0,0,0,0,0,0,0,0
10126,Joe Bob,OG,Wyoming,4,0,0,0,0,0,0,0,0,0,0,0
10127,Joe Bob,OG,Wyoming,1,0,0,0,0,0,0,0,0,0,0,0
10128,Joe Bob,OG,Wyoming,3,0,0,0,0,0,0,0,0,0,0,0
10129,Joe Bob,OG,Wyoming,1,0,0,0,0,0,0,0,0,0,0,0
10130,Joe Bob,OG,Wyoming,3,0,0,0,0,0,0,0,0,0,0,0
10131,Joe Bob,QB,Wyoming,2,0,0,0,0,0,0,0,0,0,0,0
10132,Joe Bob,OG,Wyoming,3,0,0,0,0,0,0,0,0,0,0,0
10133,Joe Bob,OG,Wyoming,2,0,0,0,0,0,0,0,0,0,0,0
10134,Joe Bob,WR,Wyoming,4,0,0,0,0,0,0,0,0,0,0,0
10135,Joe Bob,QB,Wyoming,1,0,0,0,0,0,0,0,0,0,0,0
10136,Joe Bob,OG,Wyoming,3,0,0,0,0,0,0,0,0,0,0,0
10137,Joe Bob,OG,Wyoming,1,0,0,0,0,0,0,0,0,0,0,0
10138,Joe Bob,WR,Wyoming,4,0,0,0,0,0,0,0,0,0,0,0
10139,Joe Bob,OG,Wyoming,4,0,0,0,0,0,0,0,0,0,0,0
10140,Joe Bob,OG,Wyoming,1,0,0,0,0,0,0,0,0,0,0,0
10141,Joe Bob,OG,Wyoming,4,0,0,0,0,0,0,0,0,0,0,0
10142,Joe Bob,OG,Wyoming,1,0,0,0,0,0,0,0,0,0,0,0
10143,Joe Bob,OG,Wyoming,1,0,0,0,0,0,0,0,0,0,0,0
10144,Joe Bob,OG,Wyoming,1,0,0,0,0,0,0,0,0,0,0,0
10145,Joe Bob,OG,Wyoming,4,0,0,0,0,0,0,0,0,0,0,0
10146,Joe Bob,OG,Wyoming,4,0,0,0,0,0,0,0,0,0,0,0
10147,Joe Bob,OG,Wyoming,3,0,0,0,0,0,0,0,0,0,0,0
10148,Joe Bob,OG,Wyoming,2,0,0,0,0,0,0,0,0,0,0,0
10149,Joe Bob,OT,Wyoming,2,0,0,0,0,0,0,0,0,0,0,0
10150,Joe Bob,OG,Wyoming,4,0,0,0,0,0,0,0,0,0,0,0
10151,Joe Bob,OG,Wyoming,3,0,0,0,0,0,0,0,0,0,0,0
10152,Joe Bob,OG,Wyoming,4,0,0,0,0,0,0,0,0,0,0,0
10153,Joe Bob,WR,Wyoming,2,0,0,0,0,0,0,0,0,0,0,0
10154,Joe Bob,OT,Wyoming,3,0,0,0,0,0,0,0,0,0,0,0
10155,Joe Bob,OT,Wyoming,1,0,0,0,0,0,0,0,0,0,0,0
10156,Joe Bob,WR,Wyoming,4,0,0,0,0,0,0,0,0,0,0,0
10157,Joe Bob,WR,Wyoming,1,0,0,0,0,0,0,0,0,0,0,0
10158,Joe Bob,OG,Wyoming,1,0,0,0,0,0,0,0,0,0,0,0
10159,Joe Bob,OG,Wyoming,3,0,0,0,0,0,0,0,0,0,0,0
10160,Joe Bob,OG,Wyoming,2,0,0,0,0,0,0,0,0,0,0,0
10161,Joe Bob,OG,Wyoming,1,0,0,0,0,0,0,0,0,0,0,0
10162,Joe Bob,OG,Wyoming,4,0,0,0,0,0,0,0,0,0,0,0
10163,Joe Bob,OG,Wyoming,4,0,0,0,0,0,0,0,0,0,0,0
10164,Joe Bob,OG,Wyoming,3,0,0,0,0,0,0,0,0,0,0,0
10165,Joe Bob,OG,Wyoming,2,0,0,0,0,0,0,0,0,0,0,0
10166,Joe Bob,OG,Wyoming,4,0,0,0,0,0,0,0,0,0,0,0
10167,Joe Bob,WR,Wyoming,1,0,0,0,0,0,0,0,0,0,0,0
10168,Joe Bob,OG,Wyoming,1,0,0,0,0,0,0,0,0,0,0,0
10169,Joe Bob,OG,Wyoming,2,0,0,0,0,0,0,0,0,0,0,0
10170,Joe Bob,OG,Wyoming,2,0,0,0,0,0,0,0,0,0,0,0
10171,Joe Bob,OG,Wyoming,2,0,0,0,0,0,0,0,0,0,0,0
10172,Joe Bob,OG,Wyoming,1,0,0,0,0,0,0,0,0,0,0,0
10173,Joe Bob,OG,Wyoming,2,0,0,0,0,0,0,0,0,0,0,0
10174,Joe Bob,OG,Wyoming,3,0,0,0,0,0,0,0,0,0,0,0
10175,Joe Bob,OG,Wyoming,4,0,0,0,0,0,0,0,0,0,0,0
10176,Joe Bob,WR,Wyoming,3,0,0,0,0,0,0,0,0,0,0,0
10177,Joe Bob,OG,Wyoming,3,0,0,0,0,0,0,0,0,0,0,0
10178,Joe Bob,WR,Wyoming,3,0,0,0,0,0,0,0,0,0,0,0
10179,Joe Bob,FB,Wyoming,3,0,0,0,0,0,0,0,0,0,0,0
10180,Joe Bob,OG,Wyoming,4,0,0,0,0,0,0,0,0,0,0,0
10181,Joe Bob,OG,Wyoming,4,0,0,0,0,0,0,0,0,0,0,0
10182,Joe Bob,OG,Wyoming,4,0,0,0,0,0,0,0,0,0,0,0
10183,Joe Bob,OG,Wyoming,3,0,0,0,0,0,0,0,0,0,0,0
10184,Joe Bob,WR,Wyoming,2,0,0,0,0,0,0,0,0,0,0,0
10185,Joe Bob,OG,Wyoming,1,0,0,0,0,0,0,0,0,0,0,0
10186,Joe Bob,OG,Wyoming,1,0,0,0,0,0,0,0,0,0,0,0
10187,Joe Bob,RB,Wyoming,2,0,0,0,0,0,0,0,0,0,0,0
10188,Joe Bob,OG,Wyoming,2,0,0,0,0,0,0,0,0,0,0,0
10189,Joe Bob,OG,Wyoming,2,0,0,0,0,0,0,0,0,0,0,0
10190,Joe Bob,OG,Wyoming,2,0,0,0,0,0,0,0,0,0,0,0
10191,Joe Bob,OG,Wyoming,3,0,0,0,0,0,0,0,0,0,0,0
10192,Joe Bob,OG,Wyoming,2,0,0,0,0,0,0,0,0,0,0,0
10193,Joe Bob,OG,Wyoming,2,0,0,0,0,0,0,0,0,0,0,0
10194,Joe Bob,OG,Wyoming,3,0,0,0,0,0,0,0,0,0,0,0
10195,Joe Bob,OG,Wyoming,4,0,0,0,0,0,0,0,0,0,0,0
10196,Joe Bob,OG,Wyoming,3,0,0,0,0,0,0,0,0,0,0,0
10197,Joe Bob,OG,Wyoming,2,0,0,0,0,0,0,0,0,0,0,0
10198,Joe Bob,OG,Wyoming,3,0,0,0,0,0,0,0,0,0,0,0
10199,Joe Bob,WR,Wyoming,2,0,0,0,0,0,0,0,0,0,0,0
10200,Joe Bob,OG,Wyoming,4,0,0,0,0,0,0,0,0,0,0,0