ID No.,Name,Posistion,Current School,Age,Speed,Strength,Tech,Agi,Int,Overall,Victory,Local,Playtime,Money,Hometown
41,Joe Bob,RB,Portal,4,0,0,0,0,0,0,0,0,0,0,0
42,Joe Bob,TE,Portal,4,0,0,0,0,0,0,0,0,0,0,0
43,Joe Bob,LB,Portal,3,0,0,0,0,0,0,0,0,0,0,0
44,Joe Bob,OT,Portal,4,0,0,0,0,0,0,0,0,0,0,0
45,Joe Bob,OT,Portal,1,0,0,0,0,0,0,0,0,0,0,0
51,Joe Bob,OG,Portal,2,0,0,0,0,0,0,0,0,0,0,0
53,Joe Bob,WR,Portal,3,0,0,0,0,0,0,0,0,0,0,0
54,Joe Bob,EDGE,Portal,1,0,0,0,0,0,0,0,0,0,0,0
55,Joe Bob,LB,Portal,4,0,0,0,0,0,0,0,0,0,0,0
56,Joe Bob,EDGE,Portal,2,0,0,0,0,0,0,0,0,0,0,0
58,Joe Bob,LB,Portal,4,0,0,0,0,0,0,0,0,0,0,0
60,Joe Bob,EDGE,Portal,3,0,0,0,0,0,0,0,0,0,0,0
61,Joe Bob,LB,Portal,4,0,0,0,0,0,0,0,0,0,0,0
62,Joe Bob,OT,Portal,2,0,0,0,0,0,0,0,0,0,0,0
65,Joe Bob,OT,Portal,1,0,0,0,0,0,0,0,0,0,0,0
66,Joe Bob,QB,Portal,4,0,0,0,0,0,0,0,0,0,0,0
68,Joe Bob,OG,Portal,3,0,0,0,0,0,0,0,0,0,0,0
69,Joe Bob,K,Portal,3,0,0,0,0,0,0,0,0,0,0,0
71,Joe Bob,OG,Portal,1,0,0,0,0,0,0,0,0,0,0,0
75,Joe Bob,CB,Portal,3,0,0,0,0,0,0,0,0,0,0,0
124,Joe Bob,LB,Portal,2,0,0,0,0,0,0,0,0,0,0,0
126,Joe Bob,EDGE,Portal,4,0,0,0,0,0,0,0,0,0,0,0
129,Joe Bob,FB,Portal,1,0,0,0,0,0,0,0,0,0,0,0
131,Joe Bob,TE,Portal,1,0,0,0,0,0,0,0,0,0,0,0
132,Joe Bob,LB,Portal,1,0,0,0,0,0,0,0,0,0,0,0
133,Joe Bob,TE,Portal,3,0,0,0,0,0,0,0,0,0,0,0
135,Joe Bob,EDGE,Portal,1,0,0,0,0,0,0,0,0,0,0,0
136,Joe Bob,QB,Portal,1,0,0,0,0,0,0,0,0,0,0,0
137,Joe Bob,S,Portal,3,0,0,0,0,0,0,0,0,0,0,0
138,Joe Bob,QB,Portal,3,0,0,0,0,0,0,0,0,0,0,0
139,Joe Bob,OG,Portal,3,0,0,0,0,0,0,0,0,0,0,0
140,Joe Bob,RB,Portal,4,0,0,0,0,0,0,0,0,0,0,0
141,Joe Bob,WR,Portal,3,0,0,0,0,0,0,0,0,0,0,0
143,Joe Bob,WR,Portal,4,0,0,0,0,0,0,0,0,0,0,0
144,Joe Bob,OT,Portal,4,0,0,0,0,0,0,0,0,0,0,0
145,Joe Bob,CB,Portal,1,0,0,0,0,0,0,0,0,0,0,0
146,Joe Bob,TE,Portal,4,0,0,0,0,0,0,0,0,0,0,0
148,Joe Bob,S,Portal,2,0,0,0,0,0,0,0,0,0,0,0
149,Joe Bob,LB,Portal,1,0,0,0,0,0,0,0,0,0,0,0
150,Joe Bob,CB,Portal,3,0,0,0,0,0,0,0,0,0,0,0
200,Joe Bob,WR,Portal,2,0,0,0,0,0,0,0,0,0,0,0
201,Joe Bob,S,Portal,1,0,0,0,0,0,0,0,0,0,0,0
203,Joe Bob,CB,Portal,4,0,0,0,0,0,0,0,0,0,0,0
204,Joe Bob,TE,Portal,2,0,0,0,0,0,0,0,0,0,0,0
205,Joe Bob,CB,Portal,1,0,0,0,0,0,0,0,0,0,0,0
206,Joe Bob,QB,Portal,2,0,0,0,0,0,0,0,0,0,0,0
207,Joe Bob,CB,Portal,3,0,0,0,0,0,0,0,0,0,0,0
208,Joe Bob,RB,Portal,2,0,0,0,0,0,0,0,0,0,0,0
209,Joe Bob,S,Portal,3,0,0,0,0,0,0,0,0,0,0,0
211,Joe Bob,WR,Portal,4,0,0,0,0,0,0,0,0,0,0,0
212,Joe Bob,WR,Portal,3,0,0,0,0,0,0,0,0,0,0,0
214,Joe Bob,QB,Portal,4,0,0,0,0,0,0,0,0,0,0,0
215,Joe Bob,OT,Portal,3,0,0,0,0,0,0,0,0,0,0,0
216,Joe Bob,S,Portal,3,0,0,0,0,0,0,0,0,0,0,0
218,Joe Bob,C,Portal,4,0,0,0,0,0,0,0,0,0,0,0
219,Joe Bob,TE,Portal,1,0,0,0,0,0,0,0,0,0,0,0
220,Joe Bob,TE,Portal,1,0,0,0,0,0,0,0,0,0,0,0
221,Joe Bob,EDGE,Portal,1,0,0,0,0,0,0,0,0,0,0,0
223,Joe Bob,S,Portal,1,0,0,0,0,0,0,0,0,0,0,0
224,Joe Bob,TE,Portal,3,0,0,0,0,0,0,0,0,0,0,0
269,Joe Bob,TE,Portal,1,0,0,0,0,0,0,0,0,0,0,0
270,Joe Bob,OG,Portal,4,0,0,0,0,0,0,0,0,0,0,0
271,Joe Bob,OT,Portal,2,0,0,0,0,0,0,0,0,0,0,0
272,Joe Bob,OT,Portal,4,0,0,0,0,0,0,0,0,0,0,0
274,Joe Bob,TE,Portal,3,0,0,0,0,0,0,0,0,0,0,0
276,Joe Bob,TE,Portal,3,0,0,0,0,0,0,0,0,0,0,0
278,Joe Bob,DL,Portal,3,0,0,0,0,0,0,0,0,0,0,0
279,Joe Bob,DL,Portal,3,0,0,0,0,0,0,0,0,0,0,0
281,Joe Bob,DL,Portal,3,0,0,0,0,0,0,0,0,0,0,0
282,Joe Bob,OT,Portal,3,0,0,0,0,0,0,0,0,0,0,0
283,Joe Bob,WR,Portal,3,0,0,0,0,0,0,0,0,0,0,0
286,Joe Bob,WR,Portal,4,0,0,0,0,0,0,0,0,0,0,0
287,Joe Bob,OT,Portal,1,0,0,0,0,0,0,0,0,0,0,0
289,Joe Bob,TE,Portal,2,0,0,0,0,0,0,0,0,0,0,0
294,Joe Bob,LB,Portal,3,0,0,0,0,0,0,0,0,0,0,0
295,Joe Bob,LB,Portal,2,0,0,0,0,0,0,0,0,0,0,0
296,Joe Bob,TE,Portal,2,0,0,0,0,0,0,0,0,0,0,0
298,Joe Bob,EDGE,Portal,3,0,0,0,0,0,0,0,0,0,0,0
299,Joe Bob,WR,Portal,3,0,0,0,0,0,0,0,0,0,0,0
300,Joe Bob,RB,Portal,1,0,0,0,0,0,0,0,0,0,0,0
349,Joe Bob,LB,Portal,1,0,0,0,0,0,0,0,0,0,0,0
351,Joe Bob,QB,Portal,4,0,0,0,0,0,0,0,0,0,0,0
352,Joe Bob,LB,Portal,2,0,0,0,0,0,0,0,0,0,0,0
354,Joe Bob,WR,Portal,4,0,0,0,0,0,0,0,0,0,0,0
355,Joe Bob,OT,Portal,2,0,0,0,0,0,0,0,0,0,0,0
359,Joe Bob,S,Portal,4,0,0,0,0,0,0,0,0,0,0,0
360,Joe Bob,C,Portal,4,0,0,0,0,0,0,0,0,0,0,0
361,Joe Bob,OG,Portal,2,0,0,0,0,0,0,0,0,0,0,0
364,Joe Bob,LB,Portal,1,0,0,0,0,0,0,0,0,0,0,0
365,Joe Bob,CB,Portal,1,0,0,0,0,0,0,0,0,0,0,0
366,Joe Bob,S,Portal,2,0,0,0,0,0,0,0,0,0,0,0
367,Joe Bob,DL,Portal,3,0,0,0,0,0,0,0,0,0,0,0
368,Joe Bob,CB,Portal,2,0,0,0,0,0,0,0,0,0,0,0
369,Joe Bob,FB,Portal,3,0,0,0,0,0,0,0,0,0,0,0
370,Joe Bob,EDGE,Portal,3,0,0,0,0,0,0,0,0,0,0,0
371,Joe Bob,LB,Portal,1,0,0,0,0,0,0,0,0,0,0,0
372,Joe Bob,S,Portal,4,0,0,0,0,0,0,0,0,0,0,0
373,Joe Bob,DL,Portal,4,0,0,0,0,0,0,0,0,0,0,0
374,Joe Bob,OG,Portal,4,0,0,0,0,0,0,0,0,0,0,0
375,Joe Bob,CB,Portal,1,0,0,0,0,0,0,0,0,0,0,0
425,Joe Bob,CB,Portal,2,0,0,0,0,0,0,0,0,0,0,0
426,Joe Bob,LB,Portal,2,0,0,0,0,0,0,0,0,0,0,0
427,Joe Bob,RB,Portal,2,0,0,0,0,0,0,0,0,0,0,0
429,Joe Bob,WR,Portal,3,0,0,0,0,0,0,0,0,0,0,0
430,Joe Bob,CB,Portal,4,0,0,0,0,0,0,0,0,0,0,0
432,Joe Bob,OT,Portal,3,0,0,0,0,0,0,0,0,0,0,0
433,Joe Bob,RB,Portal,4,0,0,0,0,0,0,0,0,0,0,0
434,Joe Bob,TE,Portal,4,0,0,0,0,0,0,0,0,0,0,0
435,Joe Bob,WR,Portal,4,0,0,0,0,0,0,0,0,0,0,0
436,Joe Bob,OT,Portal,4,0,0,0,0,0,0,0,0,0,0,0
437,Joe Bob,P,Portal,4,0,0,0,0,0,0,0,0,0,0,0
438,Joe Bob,TE,Portal,3,0,0,0,0,0,0,0,0,0,0,0
439,Joe Bob,LB,Portal,2,0,0,0,0,0,0,0,0,0,0,0
442,Joe Bob,WR,Portal,3,0,0,0,0,0,0,0,0,0,0,0
443,Joe Bob,CB,Portal,4,0,0,0,0,0,0,0,0,0,0,0
444,Joe Bob,C,Portal,3,0,0,0,0,0,0,0,0,0,0,0
445,Joe Bob,EDGE,Portal,3,0,0,0,0,0,0,0,0,0,0,0
446,Joe Bob,FB,Portal,2,0,0,0,0,0,0,0,0,0,0,0
448,Joe Bob,WR,Portal,1,0,0,0,0,0,0,0,0,0,0,0
450,Joe Bob,WR,Portal,4,0,0,0,0,0,0,0,0,0,0,0
502,Joe Bob,DL,Portal,3,0,0,0,0,0,0,0,0,0,0,0
504,Joe Bob,WR,Portal,3,0,0,0,0,0,0,0,0,0,0,0
505,Joe Bob,OG,Portal,4,0,0,0,0,0,0,0,0,0,0,0
506,Joe Bob,WR,Portal,4,0,0,0,0,0,0,0,0,0,0,0
507,Joe Bob,WR,Portal,4,0,0,0,0,0,0,0,0,0,0,0
509,Joe Bob,P,Portal,1,0,0,0,0,0,0,0,0,0,0,0
510,Joe Bob,OG,Portal,3,0,0,0,0,0,0,0,0,0,0,0
511,Joe Bob,DL,Portal,2,0,0,0,0,0,0,0,0,0,0,0
512,Joe Bob,CB,Portal,2,0,0,0,0,0,0,0,0,0,0,0
513,Joe Bob,LB,Portal,2,0,0,0,0,0,0,0,0,0,0,0
514,Joe Bob,LB,Portal,3,0,0,0,0,0,0,0,0,0,0,0
516,Joe Bob,WR,Portal,3,0,0,0,0,0,0,0,0,0,0,0
518,Joe Bob,OG,Portal,2,0,0,0,0,0,0,0,0,0,0,0
519,Joe Bob,LB,Portal,4,0,0,0,0,0,0,0,0,0,0,0
520,Joe Bob,WR,Portal,4,0,0,0,0,0,0,0,0,0,0,0
521,Joe Bob,C,Portal,1,0,0,0,0,0,0,0,0,0,0,0
522,Joe Bob,WR,Portal,3,0,0,0,0,0,0,0,0,0,0,0
523,Joe Bob,OG,Portal,4,0,0,0,0,0,0,0,0,0,0,0
524,Joe Bob,OG,Portal,1,0,0,0,0,0,0,0,0,0,0,0
525,Joe Bob,TE,Portal,1,0,0,0,0,0,0,0,0,0,0,0
578,Joe Bob,CB,Portal,1,0,0,0,0,0,0,0,0,0,0,0
581,Joe Bob,LB,Portal,3,0,0,0,0,0,0,0,0,0,0,0
582,Joe Bob,S,Portal,2,0,0,0,0,0,0,0,0,0,0,0
583,Joe Bob,RB,Portal,2,0,0,0,0,0,0,0,0,0,0,0
584,Joe Bob,C,Portal,3,0,0,0,0,0,0,0,0,0,0,0
585,Joe Bob,WR,Portal,1,0,0,0,0,0,0,0,0,0,0,0
586,Joe Bob,LB,Portal,4,0,0,0,0,0,0,0,0,0,0,0
587,Joe Bob,LB,Portal,3,0,0,0,0,0,0,0,0,0,0,0
588,Joe Bob,OG,Portal,3,0,0,0,0,0,0,0,0,0,0,0
589,Joe Bob,S,Portal,3,0,0,0,0,0,0,0,0,0,0,0
590,Joe Bob,WR,Portal,3,0,0,0,0,0,0,0,0,0,0,0
591,Joe Bob,WR,Portal,1,0,0,0,0,0,0,0,0,0,0,0
592,Joe Bob,WR,Portal,4,0,0,0,0,0,0,0,0,0,0,0
593,Joe Bob,CB,Portal,4,0,0,0,0,0,0,0,0,0,0,0
595,Joe Bob,K,Portal,4,0,0,0,0,0,0,0,0,0,0,0
596,Joe Bob,C,Portal,2,0,0,0,0,0,0,0,0,0,0,0
597,Joe Bob,OT,Portal,2,0,0,0,0,0,0,0,0,0,0,0
598,Joe Bob,DL,Portal,1,0,0,0,0,0,0,0,0,0,0,0
599,Joe Bob,FB,Portal,3,0,0,0,0,0,0,0,0,0,0,0
600,Joe Bob,CB,Portal,1,0,0,0,0,0,0,0,0,0,0,0
655,Joe Bob,RB,Portal,2,0,0,0,0,0,0,0,0,0,0,0
656,Joe Bob,TE,Portal,2,0,0,0,0,0,0,0,0,0,0,0
657,Joe Bob,LB,Portal,2,0,0,0,0,0,0,0,0,0,0,0
658,Joe Bob,DL,Portal,3,0,0,0,0,0,0,0,0,0,0,0
659,Joe Bob,LB,Portal,4,0,0,0,0,0,0,0,0,0,0,0
660,Joe Bob,WR,Portal,3,0,0,0,0,0,0,0,0,0,0,0
661,Joe Bob,DL,Portal,1,0,0,0,0,0,0,0,0,0,0,0
662,Joe Bob,WR,Portal,3,0,0,0,0,0,0,0,0,0,0,0
663,Joe Bob,WR,Portal,4,0,0,0,0,0,0,0,0,0,0,0
664,Joe Bob,DL,Portal,1,0,0,0,0,0,0,0,0,0,0,0
665,Joe Bob,P,Portal,3,0,0,0,0,0,0,0,0,0,0,0
666,Joe Bob,DL,Portal,2,0,0,0,0,0,0,0,0,0,0,0
667,Joe Bob,OG,Portal,4,0,0,0,0,0,0,0,0,0,0,0
668,Joe Bob,C,Portal,1,0,0,0,0,0,0,0,0,0,0,0
669,Joe Bob,OT,Portal,1,0,0,0,0,0,0,0,0,0,0,0
671,Joe Bob,LB,Portal,3,0,0,0,0,0,0,0,0,0,0,0
672,Joe Bob,LB,Portal,1,0,0,0,0,0,0,0,0,0,0,0
673,Joe Bob,P,Portal,2,0,0,0,0,0,0,0,0,0,0,0
674,Joe Bob,LB,Portal,3,0,0,0,0,0,0,0,0,0,0,0
675,Joe Bob,DL,Portal,2,0,0,0,0,0,0,0,0,0,0,0
724,Joe Bob,TE,Portal,4,0,0,0,0,0,0,0,0,0,0,0
726,Joe Bob,C,Portal,1,0,0,0,0,0,0,0,0,0,0,0
728,Joe Bob,TE,Portal,2,0,0,0,0,0,0,0,0,0,0,0
729,Joe Bob,TE,Portal,1,0,0,0,0,0,0,0,0,0,0,0
730,Joe Bob,P,Portal,2,0,0,0,0,0,0,0,0,0,0,0
733,Joe Bob,TE,Portal,4,0,0,0,0,0,0,0,0,0,0,0
734,Joe Bob,QB,Portal,2,0,0,0,0,0,0,0,0,0,0,0
735,Joe Bob,LB,Portal,3,0,0,0,0,0,0,0,0,0,0,0
736,Joe Bob,EDGE,Portal,3,0,0,0,0,0,0,0,0,0,0,0
737,Joe Bob,OT,Portal,4,0,0,0,0,0,0,0,0,0,0,0
738,Joe Bob,EDGE,Portal,4,0,0,0,0,0,0,0,0,0,0,0
739,Joe Bob,WR,Portal,3,0,0,0,0,0,0,0,0,0,0,0
740,Joe Bob,DL,Portal,4,0,0,0,0,0,0,0,0,0,0,0
741,Joe Bob,OT,Portal,4,0,0,0,0,0,0,0,0,0,0,0
742,Joe Bob,K,Portal,4,0,0,0,0,0,0,0,0,0,0,0
743,Joe Bob,OG,Portal,1,0,0,0,0,0,0,0,0,0,0,0
744,Joe Bob,TE,Portal,1,0,0,0,0,0,0,0,0,0,0,0
745,Joe Bob,TE,Portal,1,0,0,0,0,0,0,0,0,0,0,0
746,Joe Bob,OT,Portal,1,0,0,0,0,0,0,0,0,0,0,0
747,Joe Bob,EDGE,Portal,1,0,0,0,0,0,0,0,0,0,0,0
803,Joe Bob,TE,Portal,2,0,0,0,0,0,0,0,0,0,0,0
805,Joe Bob,K,Portal,3,0,0,0,0,0,0,0,0,0,0,0
806,Joe Bob,EDGE,Portal,1,0,0,0,0,0,0,0,0,0,0,0
807,Joe Bob,S,Portal,4,0,0,0,0,0,0,0,0,0,0,0
808,Joe Bob,EDGE,Portal,2,0,0,0,0,0,0,0,0,0,0,0
809,Joe Bob,FB,Portal,3,0,0,0,0,0,0,0,0,0,0,0
810,Joe Bob,RB,Portal,4,0,0,0,0,0,0,0,0,0,0,0
812,Joe Bob,QB,Portal,4,0,0,0,0,0,0,0,0,0,0,0
813,Joe Bob,EDGE,Portal,4,0,0,0,0,0,0,0,0,0,0,0
814,Joe Bob,CB,Portal,4,0,0,0,0,0,0,0,0,0,0,0
815,Joe Bob,TE,Portal,2,0,0,0,0,0,0,0,0,0,0,0
816,Joe Bob,OG,Portal,4,0,0,0,0,0,0,0,0,0,0,0
817,Joe Bob,TE,Portal,2,0,0,0,0,0,0,0,0,0,0,0
818,Joe Bob,OG,Portal,4,0,0,0,0,0,0,0,0,0,0,0
819,Joe Bob,S,Portal,4,0,0,0,0,0,0,0,0,0,0,0
820,Joe Bob,TE,Portal,3,0,0,0,0,0,0,0,0,0,0,0
821,Joe Bob,S,Portal,3,0,0,0,0,0,0,0,0,0,0,0
822,Joe Bob,TE,Portal,2,0,0,0,0,0,0,0,0,0,0,0
823,Joe Bob,TE,Portal,1,0,0,0,0,0,0,0,0,0,0,0
825,Joe Bob,QB,Portal,3,0,0,0,0,0,0,0,0,0,0,0
869,Joe Bob,C,Portal,1,0,0,0,0,0,0,0,0,0,0,0
870,Joe Bob,WR,Portal,2,0,0,0,0,0,0,0,0,0,0,0
872,Joe Bob,RB,Portal,3,0,0,0,0,0,0,0,0,0,0,0
874,Joe Bob,CB,Portal,3,0,0,0,0,0,0,0,0,0,0,0
877,Joe Bob,QB,Portal,4,0,0,0,0,0,0,0,0,0,0,0
879,Joe Bob,LB,Portal,3,0,0,0,0,0,0,0,0,0,0,0
880,Joe Bob,LB,Portal,4,0,0,0,0,0,0,0,0,0,0,0
881,Joe Bob,WR,Portal,3,0,0,0,0,0,0,0,0,0,0,0
882,Joe Bob,WR,Portal,1,0,0,0,0,0,0,0,0,0,0,0
883,Joe Bob,QB,Portal,3,0,0,0,0,0,0,0,0,0,0,0
884,Joe Bob,OT,Portal,4,0,0,0,0,0,0,0,0,0,0,0
885,Joe Bob,WR,Portal,4,0,0,0,0,0,0,0,0,0,0,0
886,Joe Bob,TE,Portal,4,0,0,0,0,0,0,0,0,0,0,0
888,Joe Bob,K,Portal,3,0,0,0,0,0,0,0,0,0,0,0
889,Joe Bob,OT,Portal,4,0,0,0,0,0,0,0,0,0,0,0
890,Joe Bob,P,Portal,4,0,0,0,0,0,0,0,0,0,0,0
891,Joe Bob,S,Portal,4,0,0,0,0,0,0,0,0,0,0,0
897,Joe Bob,LB,Portal,3,0,0,0,0,0,0,0,0,0,0,0
898,Joe Bob,S,Portal,3,0,0,0,0,0,0,0,0,0,0,0
900,Joe Bob,QB,Portal,3,0,0,0,0,0,0,0,0,0,0,0
955,Joe Bob,OG,Portal,3,0,0,0,0,0,0,0,0,0,0,0
956,Joe Bob,LB,Portal,4,0,0,0,0,0,0,0,0,0,0,0
957,Joe Bob,OT,Portal,4,0,0,0,0,0,0,0,0,0,0,0
958,Joe Bob,P,Portal,3,0,0,0,0,0,0,0,0,0,0,0
959,Joe Bob,WR,Portal,4,0,0,0,0,0,0,0,0,0,0,0
960,Joe Bob,K,Portal,2,0,0,0,0,0,0,0,0,0,0,0
961,Joe Bob,OT,Portal,3,0,0,0,0,0,0,0,0,0,0,0
962,Joe Bob,OT,Portal,3,0,0,0,0,0,0,0,0,0,0,0
963,Joe Bob,WR,Portal,4,0,0,0,0,0,0,0,0,0,0,0
964,Joe Bob,OT,Portal,1,0,0,0,0,0,0,0,0,0,0,0
965,Joe Bob,OG,Portal,1,0,0,0,0,0,0,0,0,0,0,0
966,Joe Bob,WR,Portal,1,0,0,0,0,0,0,0,0,0,0,0
967,Joe Bob,P,Portal,1,0,0,0,0,0,0,0,0,0,0,0
968,Joe Bob,LB,Portal,4,0,0,0,0,0,0,0,0,0,0,0
969,Joe Bob,OT,Portal,2,0,0,0,0,0,0,0,0,0,0,0
971,Joe Bob,TE,Portal,2,0,0,0,0,0,0,0,0,0,0,0
972,Joe Bob,P,Portal,1,0,0,0,0,0,0,0,0,0,0,0
973,Joe Bob,EDGE,Portal,2,0,0,0,0,0,0,0,0,0,0,0
974,Joe Bob,CB,Portal,3,0,0,0,0,0,0,0,0,0,0,0
975,Joe Bob,QB,Portal,2,0,0,0,0,0,0,0,0,0,0,0
1029,Joe Bob,WR,Portal,1,0,0,0,0,0,0,0,0,0,0,0
1030,Joe Bob,OT,Portal,3,0,0,0,0,0,0,0,0,0,0,0
1031,Joe Bob,DL,Portal,3,0,0,0,0,0,0,0,0,0,0,0
1032,Joe Bob,LB,Portal,3,0,0,0,0,0,0,0,0,0,0,0
1033,Joe Bob,DL,Portal,3,0,0,0,0,0,0,0,0,0,0,0
1034,Joe Bob,WR,Portal,3,0,0,0,0,0,0,0,0,0,0,0
1035,Joe Bob,P,Portal,3,0,0,0,0,0,0,0,0,0,0,0
1036,Joe Bob,WR,Portal,2,0,0,0,0,0,0,0,0,0,0,0
1038,Joe Bob,OG,Portal,4,0,0,0,0,0,0,0,0,0,0,0
1039,Joe Bob,OT,Portal,4,0,0,0,0,0,0,0,0,0,0,0
1040,Joe Bob,CB,Portal,4,0,0,0,0,0,0,0,0,0,0,0
1041,Joe Bob,TE,Portal,2,0,0,0,0,0,0,0,0,0,0,0
1043,Joe Bob,OG,Portal,2,0,0,0,0,0,0,0,0,0,0,0
1044,Joe Bob,EDGE,Portal,1,0,0,0,0,0,0,0,0,0,0,0
1045,Joe Bob,EDGE,Portal,1,0,0,0,0,0,0,0,0,0,0,0
1046,Joe Bob,LB,Portal,3,0,0,0,0,0,0,0,0,0,0,0
1047,Joe Bob,EDGE,Portal,3,0,0,0,0,0,0,0,0,0,0,0
1048,Joe Bob,EDGE,Portal,2,0,0,0,0,0,0,0,0,0,0,0
1049,Joe Bob,EDGE,Portal,3,0,0,0,0,0,0,0,0,0,0,0
1050,Joe Bob,EDGE,Portal,4,0,0,0,0,0,0,0,0,0,0,0
1098,Joe Bob,WR,Portal,2,0,0,0,0,0,0,0,0,0,0,0
1100,Joe Bob,LB,Portal,2,0,0,0,0,0,0,0,0,0,0,0
1102,Joe Bob,LB,Portal,2,0,0,0,0,0,0,0,0,0,0,0
1103,Joe Bob,RB,Portal,4,0,0,0,0,0,0,0,0,0,0,0
1106,Joe Bob,OT,Portal,4,0,0,0,0,0,0,0,0,0,0,0
1107,Joe Bob,OT,Portal,3,0,0,0,0,0,0,0,0,0,0,0
1109,Joe Bob,OT,Portal,4,0,0,0,0,0,0,0,0,0,0,0
1110,Joe Bob,WR,Portal,1,0,0,0,0,0,0,0,0,0,0,0
1111,Joe Bob,LB,Portal,4,0,0,0,0,0,0,0,0,0,0,0
1112,Joe Bob,OG,Portal,4,0,0,0,0,0,0,0,0,0,0,0
1113,Joe Bob,CB,Portal,1,0,0,0,0,0,0,0,0,0,0,0
1115,Joe Bob,WR,Portal,1,0,0,0,0,0,0,0,0,0,0,0
1117,Joe Bob,S,Portal,3,0,0,0,0,0,0,0,0,0,0,0
1118,Joe Bob,QB,Portal,2,0,0,0,0,0,0,0,0,0,0,0
1119,Joe Bob,QB,Portal,3,0,0,0,0,0,0,0,0,0,0,0
1121,Joe Bob,WR,Portal,3,0,0,0,0,0,0,0,0,0,0,0
1122,Joe Bob,QB,Portal,4,0,0,0,0,0,0,0,0,0,0,0
1123,Joe Bob,DL,Portal,4,0,0,0,0,0,0,0,0,0,0,0
1124,Joe Bob,CB,Portal,3,0,0,0,0,0,0,0,0,0,0,0
1125,Joe Bob,CB,Portal,4,0,0,0,0,0,0,0,0,0,0,0
1177,Joe Bob,LB,Portal,4,0,0,0,0,0,0,0,0,0,0,0
1179,Joe Bob,WR,Portal,4,0,0,0,0,0,0,0,0,0,0,0
1180,Joe Bob,RB,Portal,1,0,0,0,0,0,0,0,0,0,0,0
1181,Joe Bob,LB,Portal,4,0,0,0,0,0,0,0,0,0,0,0
1182,Joe Bob,EDGE,Portal,4,0,0,0,0,0,0,0,0,0,0,0
1183,Joe Bob,CB,Portal,4,0,0,0,0,0,0,0,0,0,0,0
1184,Joe Bob,P,Portal,4,0,0,0,0,0,0,0,0,0,0,0
1185,Joe Bob,OG,Portal,1,0,0,0,0,0,0,0,0,0,0,0
1186,Joe Bob,LB,Portal,2,0,0,0,0,0,0,0,0,0,0,0
1187,Joe Bob,TE,Portal,2,0,0,0,0,0,0,0,0,0,0,0
1189,Joe Bob,EDGE,Portal,3,0,0,0,0,0,0,0,0,0,0,0
1190,Joe Bob,P,Portal,3,0,0,0,0,0,0,0,0,0,0,0
1191,Joe Bob,OG,Portal,1,0,0,0,0,0,0,0,0,0,0,0
1192,Joe Bob,K,Portal,3,0,0,0,0,0,0,0,0,0,0,0
1194,Joe Bob,OT,Portal,3,0,0,0,0,0,0,0,0,0,0,0
1195,Joe Bob,S,Portal,4,0,0,0,0,0,0,0,0,0,0,0
1196,Joe Bob,TE,Portal,3,0,0,0,0,0,0,0,0,0,0,0
1197,Joe Bob,EDGE,Portal,1,0,0,0,0,0,0,0,0,0,0,0
1199,Joe Bob,FB,Portal,1,0,0,0,0,0,0,0,0,0,0,0
1200,Joe Bob,OT,Portal,1,0,0,0,0,0,0,0,0,0,0,0
1248,Joe Bob,OT,Portal,2,0,0,0,0,0,0,0,0,0,0,0
1252,Joe Bob,EDGE,Portal,4,0,0,0,0,0,0,0,0,0,0,0
1253,Joe Bob,WR,Portal,4,0,0,0,0,0,0,0,0,0,0,0
1254,Joe Bob,FB,Portal,3,0,0,0,0,0,0,0,0,0,0,0
1255,Joe Bob,DL,Portal,3,0,0,0,0,0,0,0,0,0,0,0
1257,Joe Bob,OT,Portal,2,0,0,0,0,0,0,0,0,0,0,0
1258,Joe Bob,CB,Portal,4,0,0,0,0,0,0,0,0,0,0,0
1259,Joe Bob,OT,Portal,1,0,0,0,0,0,0,0,0,0,0,0
1261,Joe Bob,LB,Portal,1,0,0,0,0,0,0,0,0,0,0,0
1263,Joe Bob,EDGE,Portal,1,0,0,0,0,0,0,0,0,0,0,0
1264,Joe Bob,TE,Portal,2,0,0,0,0,0,0,0,0,0,0,0
1265,Joe Bob,S,Portal,1,0,0,0,0,0,0,0,0,0,0,0
1266,Joe Bob,TE,Portal,3,0,0,0,0,0,0,0,0,0,0,0
1267,Joe Bob,EDGE,Portal,3,0,0,0,0,0,0,0,0,0,0,0
1269,Joe Bob,LB,Portal,3,0,0,0,0,0,0,0,0,0,0,0
1270,Joe Bob,WR,Portal,4,0,0,0,0,0,0,0,0,0,0,0
1271,Joe Bob,EDGE,Portal,1,0,0,0,0,0,0,0,0,0,0,0
1272,Joe Bob,RB,Portal,1,0,0,0,0,0,0,0,0,0,0,0
1273,Joe Bob,WR,Portal,1,0,0,0,0,0,0,0,0,0,0,0
1275,Joe Bob,C,Portal,1,0,0,0,0,0,0,0,0,0,0,0
1325,Joe Bob,RB,Portal,4,0,0,0,0,0,0,0,0,0,0,0
1326,Joe Bob,DL,Portal,3,0,0,0,0,0,0,0,0,0,0,0
1327,Joe Bob,OT,Portal,3,0,0,0,0,0,0,0,0,0,0,0
1329,Joe Bob,RB,Portal,1,0,0,0,0,0,0,0,0,0,0,0
1331,Joe Bob,DL,Portal,4,0,0,0,0,0,0,0,0,0,0,0
1332,Joe Bob,P,Portal,4,0,0,0,0,0,0,0,0,0,0,0
1335,Joe Bob,LB,Portal,2,0,0,0,0,0,0,0,0,0,0,0
1336,Joe Bob,WR,Portal,2,0,0,0,0,0,0,0,0,0,0,0
1337,Joe Bob,DL,Portal,4,0,0,0,0,0,0,0,0,0,0,0
1338,Joe Bob,C,Portal,3,0,0,0,0,0,0,0,0,0,0,0
1339,Joe Bob,LB,Portal,2,0,0,0,0,0,0,0,0,0,0,0
1340,Joe Bob,RB,Portal,4,0,0,0,0,0,0,0,0,0,0,0
1341,Joe Bob,S,Portal,4,0,0,0,0,0,0,0,0,0,0,0
1342,Joe Bob,EDGE,Portal,4,0,0,0,0,0,0,0,0,0,0,0
1343,Joe Bob,WR,Portal,1,0,0,0,0,0,0,0,0,0,0,0
1344,Joe Bob,RB,Portal,4,0,0,0,0,0,0,0,0,0,0,0
1345,Joe Bob,P,Portal,4,0,0,0,0,0,0,0,0,0,0,0
1347,Joe Bob,CB,Portal,3,0,0,0,0,0,0,0,0,0,0,0
1349,Joe Bob,WR,Portal,2,0,0,0,0,0,0,0,0,0,0,0
1350,Joe Bob,DL,Portal,2,0,0,0,0,0,0,0,0,0,0,0
1398,Joe Bob,CB,Portal,3,0,0,0,0,0,0,0,0,0,0,0
1399,Joe Bob,OG,Portal,3,0,0,0,0,0,0,0,0,0,0,0
1400,Joe Bob,OG,Portal,2,0,0,0,0,0,0,0,0,0,0,0
1401,Joe Bob,WR,Portal,4,0,0,0,0,0,0,0,0,0,0,0
1402,Joe Bob,S,Portal,4,0,0,0,0,0,0,0,0,0,0,0
1403,Joe Bob,DL,Portal,2,0,0,0,0,0,0,0,0,0,0,0
1404,Joe Bob,LB,Portal,3,0,0,0,0,0,0,0,0,0,0,0
1405,Joe Bob,OG,Portal,2,0,0,0,0,0,0,0,0,0,0,0
1407,Joe Bob,EDGE,Portal,2,0,0,0,0,0,0,0,0,0,0,0
1408,Joe Bob,OG,Portal,3,0,0,0,0,0,0,0,0,0,0,0
1410,Joe Bob,EDGE,Portal,4,0,0,0,0,0,0,0,0,0,0,0
1411,Joe Bob,S,Portal,4,0,0,0,0,0,0,0,0,0,0,0
1414,Joe Bob,WR,Portal,3,0,0,0,0,0,0,0,0,0,0,0
1415,Joe Bob,OT,Portal,1,0,0,0,0,0,0,0,0,0,0,0
1417,Joe Bob,LB,Portal,3,0,0,0,0,0,0,0,0,0,0,0
1418,Joe Bob,OG,Portal,2,0,0,0,0,0,0,0,0,0,0,0
1419,Joe Bob,K,Portal,4,0,0,0,0,0,0,0,0,0,0,0
1423,Joe Bob,EDGE,Portal,4,0,0,0,0,0,0,0,0,0,0,0
1424,Joe Bob,LB,Portal,1,0,0,0,0,0,0,0,0,0,0,0
1425,Joe Bob,S,Portal,2,0,0,0,0,0,0,0,0,0,0,0
1476,Joe Bob,OT,Portal,4,0,0,0,0,0,0,0,0,0,0,0
1477,Joe Bob,CB,Portal,4,0,0,0,0,0,0,0,0,0,0,0
1478,Joe Bob,TE,Portal,3,0,0,0,0,0,0,0,0,0,0,0
1479,Joe Bob,CB,Portal,3,0,0,0,0,0,0,0,0,0,0,0
1480,Joe Bob,P,Portal,4,0,0,0,0,0,0,0,0,0,0,0
1481,Joe Bob,S,Portal,2,0,0,0,0,0,0,0,0,0,0,0
1482,Joe Bob,DL,Portal,3,0,0,0,0,0,0,0,0,0,0,0
1486,Joe Bob,OT,Portal,3,0,0,0,0,0,0,0,0,0,0,0
1487,Joe Bob,WR,Portal,4,0,0,0,0,0,0,0,0,0,0,0
1488,Joe Bob,WR,Portal,1,0,0,0,0,0,0,0,0,0,0,0
1489,Joe Bob,C,Portal,1,0,0,0,0,0,0,0,0,0,0,0
1491,Joe Bob,LB,Portal,4,0,0,0,0,0,0,0,0,0,0,0
1492,Joe Bob,WR,Portal,2,0,0,0,0,0,0,0,0,0,0,0
1494,Joe Bob,S,Portal,2,0,0,0,0,0,0,0,0,0,0,0
1495,Joe Bob,LB,Portal,2,0,0,0,0,0,0,0,0,0,0,0
1496,Joe Bob,LB,Portal,2,0,0,0,0,0,0,0,0,0,0,0
1497,Joe Bob,LB,Portal,2,0,0,0,0,0,0,0,0,0,0,0
1498,Joe Bob,CB,Portal,2,0,0,0,0,0,0,0,0,0,0,0
1499,Joe Bob,QB,Portal,3,0,0,0,0,0,0,0,0,0,0,0
1500,Joe Bob,DL,Portal,4,0,0,0,0,0,0,0,0,0,0,0
1552,Joe Bob,TE,Portal,3,0,0,0,0,0,0,0,0,0,0,0
1554,Joe Bob,CB,Portal,2,0,0,0,0,0,0,0,0,0,0,0
1556,Joe Bob,WR,Portal,3,0,0,0,0,0,0,0,0,0,0,0
1557,Joe Bob,EDGE,Portal,4,0,0,0,0,0,0,0,0,0,0,0
1559,Joe Bob,S,Portal,4,0,0,0,0,0,0,0,0,0,0,0
1560,Joe Bob,DL,Portal,2,0,0,0,0,0,0,0,0,0,0,0
1561,Joe Bob,C,Portal,4,0,0,0,0,0,0,0,0,0,0,0
1562,Joe Bob,WR,Portal,4,0,0,0,0,0,0,0,0,0,0,0
1563,Joe Bob,OG,Portal,3,0,0,0,0,0,0,0,0,0,0,0
1564,Joe Bob,OT,Portal,4,0,0,0,0,0,0,0,0,0,0,0
1565,Joe Bob,DL,Portal,4,0,0,0,0,0,0,0,0,0,0,0
1566,Joe Bob,S,Portal,1,0,0,0,0,0,0,0,0,0,0,0
1567,Joe Bob,TE,Portal,2,0,0,0,0,0,0,0,0,0,0,0
1568,Joe Bob,K,Portal,4,0,0,0,0,0,0,0,0,0,0,0
1569,Joe Bob,P,Portal,2,0,0,0,0,0,0,0,0,0,0,0
1570,Joe Bob,S,Portal,1,0,0,0,0,0,0,0,0,0,0,0
1571,Joe Bob,WR,Portal,1,0,0,0,0,0,0,0,0,0,0,0
1572,Joe Bob,CB,Portal,4,0,0,0,0,0,0,0,0,0,0,0
1574,Joe Bob,LB,Portal,3,0,0,0,0,0,0,0,0,0,0,0
1575,Joe Bob,DL,Portal,2,0,0,0,0,0,0,0,0,0,0,0
1625,Joe Bob,CB,Portal,4,0,0,0,0,0,0,0,0,0,0,0
1626,Joe Bob,P,Portal,3,0,0,0,0,0,0,0,0,0,0,0
1629,Joe Bob,EDGE,Portal,4,0,0,0,0,0,0,0,0,0,0,0
1631,Joe Bob,EDGE,Portal,3,0,0,0,0,0,0,0,0,0,0,0
1632,Joe Bob,S,Portal,4,0,0,0,0,0,0,0,0,0,0,0
1635,Joe Bob,DL,Portal,3,0,0,0,0,0,0,0,0,0,0,0
1637,Joe Bob,C,Portal,4,0,0,0,0,0,0,0,0,0,0,0
1638,Joe Bob,TE,Portal,3,0,0,0,0,0,0,0,0,0,0,0
1639,Joe Bob,TE,Portal,3,0,0,0,0,0,0,0,0,0,0,0
1640,Joe Bob,K,Portal,3,0,0,0,0,0,0,0,0,0,0,0
1641,Joe Bob,OG,Portal,1,0,0,0,0,0,0,0,0,0,0,0
1642,Joe Bob,S,Portal,1,0,0,0,0,0,0,0,0,0,0,0
1643,Joe Bob,S,Portal,2,0,0,0,0,0,0,0,0,0,0,0
1644,Joe Bob,EDGE,Portal,3,0,0,0,0,0,0,0,0,0,0,0
1645,Joe Bob,K,Portal,3,0,0,0,0,0,0,0,0,0,0,0
1646,Joe Bob,LB,Portal,2,0,0,0,0,0,0,0,0,0,0,0
1647,Joe Bob,OT,Portal,2,0,0,0,0,0,0,0,0,0,0,0
1648,Joe Bob,LB,Portal,2,0,0,0,0,0,0,0,0,0,0,0
1649,Joe Bob,RB,Portal,4,0,0,0,0,0,0,0,0,0,0,0
1650,Joe Bob,EDGE,Portal,4,0,0,0,0,0,0,0,0,0,0,0
1699,Joe Bob,LB,Portal,3,0,0,0,0,0,0,0,0,0,0,0
1702,Joe Bob,LB,Portal,3,0,0,0,0,0,0,0,0,0,0,0
1703,Joe Bob,DL,Portal,3,0,0,0,0,0,0,0,0,0,0,0
1704,Joe Bob,OG,Portal,4,0,0,0,0,0,0,0,0,0,0,0
1705,Joe Bob,OT,Portal,3,0,0,0,0,0,0,0,0,0,0,0
1706,Joe Bob,OT,Portal,1,0,0,0,0,0,0,0,0,0,0,0
1707,Joe Bob,TE,Portal,3,0,0,0,0,0,0,0,0,0,0,0
1708,Joe Bob,DL,Portal,1,0,0,0,0,0,0,0,0,0,0,0
1709,Joe Bob,S,Portal,1,0,0,0,0,0,0,0,0,0,0,0
1710,Joe Bob,K,Portal,4,0,0,0,0,0,0,0,0,0,0,0
1711,Joe Bob,K,Portal,1,0,0,0,0,0,0,0,0,0,0,0
1715,Joe Bob,S,Portal,2,0,0,0,0,0,0,0,0,0,0,0
1716,Joe Bob,LB,Portal,3,0,0,0,0,0,0,0,0,0,0,0
1717,Joe Bob,EDGE,Portal,3,0,0,0,0,0,0,0,0,0,0,0
1719,Joe Bob,RB,Portal,3,0,0,0,0,0,0,0,0,0,0,0
1720,Joe Bob,OT,Portal,2,0,0,0,0,0,0,0,0,0,0,0
1721,Joe Bob,LB,Portal,3,0,0,0,0,0,0,0,0,0,0,0
1722,Joe Bob,TE,Portal,3,0,0,0,0,0,0,0,0,0,0,0
1723,Joe Bob,EDGE,Portal,4,0,0,0,0,0,0,0,0,0,0,0
1725,Joe Bob,WR,Portal,3,0,0,0,0,0,0,0,0,0,0,0
1774,Joe Bob,WR,Portal,2,0,0,0,0,0,0,0,0,0,0,0
1775,Joe Bob,S,Portal,4,0,0,0,0,0,0,0,0,0,0,0
1776,Joe Bob,C,Portal,3,0,0,0,0,0,0,0,0,0,0,0
1777,Joe Bob,P,Portal,3,0,0,0,0,0,0,0,0,0,0,0
1779,Joe Bob,OG,Portal,4,0,0,0,0,0,0,0,0,0,0,0
1781,Joe Bob,C,Portal,3,0,0,0,0,0,0,0,0,0,0,0
1782,Joe Bob,K,Portal,1,0,0,0,0,0,0,0,0,0,0,0
1783,Joe Bob,TE,Portal,2,0,0,0,0,0,0,0,0,0,0,0
1784,Joe Bob,CB,Portal,1,0,0,0,0,0,0,0,0,0,0,0
1785,Joe Bob,TE,Portal,2,0,0,0,0,0,0,0,0,0,0,0
1786,Joe Bob,CB,Portal,2,0,0,0,0,0,0,0,0,0,0,0
1788,Joe Bob,K,Portal,3,0,0,0,0,0,0,0,0,0,0,0
1789,Joe Bob,WR,Portal,2,0,0,0,0,0,0,0,0,0,0,0
1791,Joe Bob,LB,Portal,4,0,0,0,0,0,0,0,0,0,0,0
1792,Joe Bob,WR,Portal,4,0,0,0,0,0,0,0,0,0,0,0
1795,Joe Bob,TE,Portal,3,0,0,0,0,0,0,0,0,0,0,0
1797,Joe Bob,DL,Portal,3,0,0,0,0,0,0,0,0,0,0,0
1798,Joe Bob,LB,Portal,3,0,0,0,0,0,0,0,0,0,0,0
1799,Joe Bob,RB,Portal,3,0,0,0,0,0,0,0,0,0,0,0
1800,Joe Bob,DL,Portal,3,0,0,0,0,0,0,0,0,0,0,0
1845,Joe Bob,TE,Portal,3,0,0,0,0,0,0,0,0,0,0,0
1847,Joe Bob,LB,Portal,3,0,0,0,0,0,0,0,0,0,0,0
1849,Joe Bob,RB,Portal,3,0,0,0,0,0,0,0,0,0,0,0
1850,Joe Bob,WR,Portal,4,0,0,0,0,0,0,0,0,0,0,0
1851,Joe Bob,LB,Portal,3,0,0,0,0,0,0,0,0,0,0,0
1853,Joe Bob,WR,Portal,3,0,0,0,0,0,0,0,0,0,0,0
1854,Joe Bob,OT,Portal,3,0,0,0,0,0,0,0,0,0,0,0
1857,Joe Bob,C,Portal,4,0,0,0,0,0,0,0,0,0,0,0
1858,Joe Bob,OG,Portal,1,0,0,0,0,0,0,0,0,0,0,0
1860,Joe Bob,CB,Portal,1,0,0,0,0,0,0,0,0,0,0,0
1861,Joe Bob,S,Portal,4,0,0,0,0,0,0,0,0,0,0,0
1862,Joe Bob,C,Portal,1,0,0,0,0,0,0,0,0,0,0,0
1863,Joe Bob,S,Portal,4,0,0,0,0,0,0,0,0,0,0,0
1864,Joe Bob,CB,Portal,2,0,0,0,0,0,0,0,0,0,0,0
1866,Joe Bob,LB,Portal,3,0,0,0,0,0,0,0,0,0,0,0
1869,Joe Bob,LB,Portal,3,0,0,0,0,0,0,0,0,0,0,0
1871,Joe Bob,EDGE,Portal,3,0,0,0,0,0,0,0,0,0,0,0
1872,Joe Bob,CB,Portal,2,0,0,0,0,0,0,0,0,0,0,0
1874,Joe Bob,LB,Portal,3,0,0,0,0,0,0,0,0,0,0,0
1875,Joe Bob,DL,Portal,4,0,0,0,0,0,0,0,0,0,0,0
1924,Joe Bob,S,Portal,3,0,0,0,0,0,0,0,0,0,0,0
1926,Joe Bob,OT,Portal,4,0,0,0,0,0,0,0,0,0,0,0
1927,Joe Bob,OG,Portal,4,0,0,0,0,0,0,0,0,0,0,0
1929,Joe Bob,DL,Portal,4,0,0,0,0,0,0,0,0,0,0,0
1930,Joe Bob,S,Portal,3,0,0,0,0,0,0,0,0,0,0,0
1931,Joe Bob,OT,Portal,1,0,0,0,0,0,0,0,0,0,0,0
1933,Joe Bob,EDGE,Portal,1,0,0,0,0,0,0,0,0,0,0,0
1934,Joe Bob,QB,Portal,1,0,0,0,0,0,0,0,0,0,0,0
1935,Joe Bob,S,Portal,4,0,0,0,0,0,0,0,0,0,0,0
1936,Joe Bob,CB,Portal,3,0,0,0,0,0,0,0,0,0,0,0
1937,Joe Bob,CB,Portal,1,0,0,0,0,0,0,0,0,0,0,0
1938,Joe Bob,EDGE,Portal,2,0,0,0,0,0,0,0,0,0,0,0
1941,Joe Bob,LB,Portal,3,0,0,0,0,0,0,0,0,0,0,0
1942,Joe Bob,CB,Portal,3,0,0,0,0,0,0,0,0,0,0,0
1944,Joe Bob,TE,Portal,4,0,0,0,0,0,0,0,0,0,0,0
1946,Joe Bob,WR,Portal,1,0,0,0,0,0,0,0,0,0,0,0
1947,Joe Bob,QB,Portal,4,0,0,0,0,0,0,0,0,0,0,0
1948,Joe Bob,K,Portal,3,0,0,0,0,0,0,0,0,0,0,0
1949,Joe Bob,EDGE,Portal,2,0,0,0,0,0,0,0,0,0,0,0
1950,Joe Bob,TE,Portal,3,0,0,0,0,0,0,0,0,0,0,0
2002,Joe Bob,OG,Portal,3,0,0,0,0,0,0,0,0,0,0,0
2005,Joe Bob,CB,Portal,1,0,0,0,0,0,0,0,0,0,0,0
2006,Joe Bob,OG,Portal,1,0,0,0,0,0,0,0,0,0,0,0
2007,Joe Bob,CB,Portal,4,0,0,0,0,0,0,0,0,0,0,0
2009,Joe Bob,OG,Portal,3,0,0,0,0,0,0,0,0,0,0,0
2010,Joe Bob,EDGE,Portal,1,0,0,0,0,0,0,0,0,0,0,0
2011,Joe Bob,TE,Portal,2,0,0,0,0,0,0,0,0,0,0,0
2012,Joe Bob,S,Portal,2,0,0,0,0,0,0,0,0,0,0,0
2013,Joe Bob,EDGE,Portal,2,0,0,0,0,0,0,0,0,0,0,0
2014,Joe Bob,P,Portal,3,0,0,0,0,0,0,0,0,0,0,0
2015,Joe Bob,WR,Portal,2,0,0,0,0,0,0,0,0,0,0,0
2016,Joe Bob,LB,Portal,1,0,0,0,0,0,0,0,0,0,0,0
2017,Joe Bob,WR,Portal,2,0,0,0,0,0,0,0,0,0,0,0
2018,Joe Bob,DL,Portal,4,0,0,0,0,0,0,0,0,0,0,0
2019,Joe Bob,OT,Portal,4,0,0,0,0,0,0,0,0,0,0,0
2020,Joe Bob,OG,Portal,4,0,0,0,0,0,0,0,0,0,0,0
2022,Joe Bob,WR,Portal,1,0,0,0,0,0,0,0,0,0,0,0
2023,Joe Bob,WR,Portal,4,0,0,0,0,0,0,0,0,0,0,0
2024,Joe Bob,OT,Portal,2,0,0,0,0,0,0,0,0,0,0,0
2025,Joe Bob,K,Portal,1,0,0,0,0,0,0,0,0,0,0,0
2077,Joe Bob,C,Portal,3,0,0,0,0,0,0,0,0,0,0,0
2078,Joe Bob,QB,Portal,3,0,0,0,0,0,0,0,0,0,0,0
2080,Joe Bob,OG,Portal,4,0,0,0,0,0,0,0,0,0,0,0
2082,Joe Bob,CB,Portal,1,0,0,0,0,0,0,0,0,0,0,0
2084,Joe Bob,S,Portal,4,0,0,0,0,0,0,0,0,0,0,0
2086,Joe Bob,LB,Portal,2,0,0,0,0,0,0,0,0,0,0,0
2087,Joe Bob,EDGE,Portal,2,0,0,0,0,0,0,0,0,0,0,0
2088,Joe Bob,OG,Portal,3,0,0,0,0,0,0,0,0,0,0,0
2089,Joe Bob,DL,Portal,3,0,0,0,0,0,0,0,0,0,0,0
2090,Joe Bob,S,Portal,3,0,0,0,0,0,0,0,0,0,0,0
2091,Joe Bob,LB,Portal,3,0,0,0,0,0,0,0,0,0,0,0
2092,Joe Bob,WR,Portal,4,0,0,0,0,0,0,0,0,0,0,0
2093,Joe Bob,WR,Portal,3,0,0,0,0,0,0,0,0,0,0,0
2094,Joe Bob,DL,Portal,3,0,0,0,0,0,0,0,0,0,0,0
2095,Joe Bob,RB,Portal,4,0,0,0,0,0,0,0,0,0,0,0
2096,Joe Bob,FB,Portal,1,0,0,0,0,0,0,0,0,0,0,0
2097,Joe Bob,LB,Portal,4,0,0,0,0,0,0,0,0,0,0,0
2098,Joe Bob,WR,Portal,2,0,0,0,0,0,0,0,0,0,0,0
2099,Joe Bob,P,Portal,3,0,0,0,0,0,0,0,0,0,0,0
2100,Joe Bob,WR,Portal,2,0,0,0,0,0,0,0,0,0,0,0
2153,Joe Bob,WR,Portal,4,0,0,0,0,0,0,0,0,0,0,0
2156,Joe Bob,S,Portal,3,0,0,0,0,0,0,0,0,0,0,0
2157,Joe Bob,OG,Portal,2,0,0,0,0,0,0,0,0,0,0,0
2158,Joe Bob,C,Portal,2,0,0,0,0,0,0,0,0,0,0,0
2159,Joe Bob,EDGE,Portal,2,0,0,0,0,0,0,0,0,0,0,0
2160,Joe Bob,P,Portal,3,0,0,0,0,0,0,0,0,0,0,0
2161,Joe Bob,S,Portal,2,0,0,0,0,0,0,0,0,0,0,0
2162,Joe Bob,EDGE,Portal,3,0,0,0,0,0,0,0,0,0,0,0
2163,Joe Bob,S,Portal,3,0,0,0,0,0,0,0,0,0,0,0
2165,Joe Bob,EDGE,Portal,1,0,0,0,0,0,0,0,0,0,0,0
2166,Joe Bob,DL,Portal,1,0,0,0,0,0,0,0,0,0,0,0
2167,Joe Bob,DL,Portal,4,0,0,0,0,0,0,0,0,0,0,0
2168,Joe Bob,LB,Portal,4,0,0,0,0,0,0,0,0,0,0,0
2169,Joe Bob,K,Portal,4,0,0,0,0,0,0,0,0,0,0,0
2170,Joe Bob,C,Portal,2,0,0,0,0,0,0,0,0,0,0,0
2171,Joe Bob,OT,Portal,3,0,0,0,0,0,0,0,0,0,0,0
2172,Joe Bob,OT,Portal,3,0,0,0,0,0,0,0,0,0,0,0
2173,Joe Bob,C,Portal,1,0,0,0,0,0,0,0,0,0,0,0
2174,Joe Bob,P,Portal,2,0,0,0,0,0,0,0,0,0,0,0
2175,Joe Bob,DL,Portal,3,0,0,0,0,0,0,0,0,0,0,0
2226,Joe Bob,CB,Portal,4,0,0,0,0,0,0,0,0,0,0,0
2227,Joe Bob,OT,Portal,2,0,0,0,0,0,0,0,0,0,0,0
2229,Joe Bob,LB,Portal,2,0,0,0,0,0,0,0,0,0,0,0
2231,Joe Bob,S,Portal,1,0,0,0,0,0,0,0,0,0,0,0
2232,Joe Bob,DL,Portal,4,0,0,0,0,0,0,0,0,0,0,0
2233,Joe Bob,LB,Portal,1,0,0,0,0,0,0,0,0,0,0,0
2234,Joe Bob,LB,Portal,3,0,0,0,0,0,0,0,0,0,0,0
2235,Joe Bob,LB,Portal,4,0,0,0,0,0,0,0,0,0,0,0
2236,Joe Bob,OT,Portal,2,0,0,0,0,0,0,0,0,0,0,0
2237,Joe Bob,DL,Portal,1,0,0,0,0,0,0,0,0,0,0,0
2238,Joe Bob,WR,Portal,3,0,0,0,0,0,0,0,0,0,0,0
2240,Joe Bob,OG,Portal,3,0,0,0,0,0,0,0,0,0,0,0
2241,Joe Bob,WR,Portal,1,0,0,0,0,0,0,0,0,0,0,0
2243,Joe Bob,OG,Portal,1,0,0,0,0,0,0,0,0,0,0,0
2245,Joe Bob,S,Portal,3,0,0,0,0,0,0,0,0,0,0,0
2246,Joe Bob,LB,Portal,2,0,0,0,0,0,0,0,0,0,0,0
2247,Joe Bob,EDGE,Portal,3,0,0,0,0,0,0,0,0,0,0,0
2248,Joe Bob,LB,Portal,3,0,0,0,0,0,0,0,0,0,0,0
2249,Joe Bob,EDGE,Portal,3,0,0,0,0,0,0,0,0,0,0,0
2250,Joe Bob,OT,Portal,3,0,0,0,0,0,0,0,0,0,0,0
2303,Joe Bob,QB,Portal,1,0,0,0,0,0,0,0,0,0,0,0
2304,Joe Bob,P,Portal,3,0,0,0,0,0,0,0,0,0,0,0
2306,Joe Bob,CB,Portal,3,0,0,0,0,0,0,0,0,0,0,0
2308,Joe Bob,DL,Portal,3,0,0,0,0,0,0,0,0,0,0,0
2309,Joe Bob,DL,Portal,4,0,0,0,0,0,0,0,0,0,0,0
2310,Joe Bob,OG,Portal,4,0,0,0,0,0,0,0,0,0,0,0
2311,Joe Bob,LB,Portal,1,0,0,0,0,0,0,0,0,0,0,0
2312,Joe Bob,WR,Portal,4,0,0,0,0,0,0,0,0,0,0,0
2313,Joe Bob,TE,Portal,1,0,0,0,0,0,0,0,0,0,0,0
2314,Joe Bob,K,Portal,2,0,0,0,0,0,0,0,0,0,0,0
2315,Joe Bob,P,Portal,1,0,0,0,0,0,0,0,0,0,0,0
2316,Joe Bob,CB,Portal,1,0,0,0,0,0,0,0,0,0,0,0
2317,Joe Bob,CB,Portal,2,0,0,0,0,0,0,0,0,0,0,0
2318,Joe Bob,DL,Portal,2,0,0,0,0,0,0,0,0,0,0,0
2319,Joe Bob,S,Portal,4,0,0,0,0,0,0,0,0,0,0,0
2321,Joe Bob,CB,Portal,4,0,0,0,0,0,0,0,0,0,0,0
2322,Joe Bob,DL,Portal,3,0,0,0,0,0,0,0,0,0,0,0
2323,Joe Bob,TE,Portal,3,0,0,0,0,0,0,0,0,0,0,0
2324,Joe Bob,LB,Portal,1,0,0,0,0,0,0,0,0,0,0,0
2325,Joe Bob,OT,Portal,4,0,0,0,0,0,0,0,0,0,0,0
2380,Joe Bob,DL,Portal,3,0,0,0,0,0,0,0,0,0,0,0
2381,Joe Bob,LB,Portal,4,0,0,0,0,0,0,0,0,0,0,0
2382,Joe Bob,S,Portal,3,0,0,0,0,0,0,0,0,0,0,0
2383,Joe Bob,OT,Portal,4,0,0,0,0,0,0,0,0,0,0,0
2384,Joe Bob,FB,Portal,4,0,0,0,0,0,0,0,0,0,0,0
2385,Joe Bob,K,Portal,3,0,0,0,0,0,0,0,0,0,0,0
2386,Joe Bob,OG,Portal,1,0,0,0,0,0,0,0,0,0,0,0
2387,Joe Bob,FB,Portal,4,0,0,0,0,0,0,0,0,0,0,0
2388,Joe Bob,C,Portal,2,0,0,0,0,0,0,0,0,0,0,0
2389,Joe Bob,P,Portal,1,0,0,0,0,0,0,0,0,0,0,0
2390,Joe Bob,DL,Portal,4,0,0,0,0,0,0,0,0,0,0,0
2391,Joe Bob,K,Portal,3,0,0,0,0,0,0,0,0,0,0,0
2392,Joe Bob,CB,Portal,2,0,0,0,0,0,0,0,0,0,0,0
2393,Joe Bob,P,Portal,2,0,0,0,0,0,0,0,0,0,0,0
2394,Joe Bob,LB,Portal,2,0,0,0,0,0,0,0,0,0,0,0
2396,Joe Bob,RB,Portal,3,0,0,0,0,0,0,0,0,0,0,0
2397,Joe Bob,CB,Portal,3,0,0,0,0,0,0,0,0,0,0,0
2398,Joe Bob,EDGE,Portal,3,0,0,0,0,0,0,0,0,0,0,0
2399,Joe Bob,WR,Portal,3,0,0,0,0,0,0,0,0,0,0,0
2400,Joe Bob,WR,Portal,2,0,0,0,0,0,0,0,0,0,0,0
2454,Joe Bob,LB,Portal,4,0,0,0,0,0,0,0,0,0,0,0
2455,Joe Bob,WR,Portal,3,0,0,0,0,0,0,0,0,0,0,0
2456,Joe Bob,C,Portal,4,0,0,0,0,0,0,0,0,0,0,0
2457,Joe Bob,OT,Portal,3,0,0,0,0,0,0,0,0,0,0,0
2458,Joe Bob,OT,Portal,1,0,0,0,0,0,0,0,0,0,0,0
2459,Joe Bob,OG,Portal,4,0,0,0,0,0,0,0,0,0,0,0
2461,Joe Bob,S,Portal,4,0,0,0,0,0,0,0,0,0,0,0
2462,Joe Bob,TE,Portal,1,0,0,0,0,0,0,0,0,0,0,0
2464,Joe Bob,TE,Portal,2,0,0,0,0,0,0,0,0,0,0,0
2465,Joe Bob,OT,Portal,2,0,0,0,0,0,0,0,0,0,0,0
2466,Joe Bob,FB,Portal,2,0,0,0,0,0,0,0,0,0,0,0
2467,Joe Bob,CB,Portal,2,0,0,0,0,0,0,0,0,0,0,0
2468,Joe Bob,EDGE,Portal,3,0,0,0,0,0,0,0,0,0,0,0
2469,Joe Bob,WR,Portal,3,0,0,0,0,0,0,0,0,0,0,0
2470,Joe Bob,CB,Portal,2,0,0,0,0,0,0,0,0,0,0,0
2471,Joe Bob,QB,Portal,3,0,0,0,0,0,0,0,0,0,0,0
2472,Joe Bob,WR,Portal,4,0,0,0,0,0,0,0,0,0,0,0
2473,Joe Bob,QB,Portal,4,0,0,0,0,0,0,0,0,0,0,0
2474,Joe Bob,TE,Portal,4,0,0,0,0,0,0,0,0,0,0,0
2475,Joe Bob,EDGE,Portal,4,0,0,0,0,0,0,0,0,0,0,0
2526,Joe Bob,OG,Portal,3,0,0,0,0,0,0,0,0,0,0,0
2527,Joe Bob,S,Portal,4,0,0,0,0,0,0,0,0,0,0,0
2528,Joe Bob,K,Portal,3,0,0,0,0,0,0,0,0,0,0,0
2530,Joe Bob,QB,Portal,4,0,0,0,0,0,0,0,0,0,0,0
2532,Joe Bob,WR,Portal,2,0,0,0,0,0,0,0,0,0,0,0
2533,Joe Bob,LB,Portal,4,0,0,0,0,0,0,0,0,0,0,0
2535,Joe Bob,CB,Portal,2,0,0,0,0,0,0,0,0,0,0,0
2537,Joe Bob,TE,Portal,2,0,0,0,0,0,0,0,0,0,0,0
2538,Joe Bob,S,Portal,2,0,0,0,0,0,0,0,0,0,0,0
2539,Joe Bob,WR,Portal,3,0,0,0,0,0,0,0,0,0,0,0
2540,Joe Bob,CB,Portal,3,0,0,0,0,0,0,0,0,0,0,0
2541,Joe Bob,OG,Portal,3,0,0,0,0,0,0,0,0,0,0,0
2542,Joe Bob,LB,Portal,4,0,0,0,0,0,0,0,0,0,0,0
2543,Joe Bob,WR,Portal,2,0,0,0,0,0,0,0,0,0,0,0
2545,Joe Bob,EDGE,Portal,1,0,0,0,0,0,0,0,0,0,0,0
2546,Joe Bob,CB,Portal,3,0,0,0,0,0,0,0,0,0,0,0
2547,Joe Bob,EDGE,Portal,1,0,0,0,0,0,0,0,0,0,0,0
2548,Joe Bob,TE,Portal,3,0,0,0,0,0,0,0,0,0,0,0
2549,Joe Bob,P,Portal,1,0,0,0,0,0,0,0,0,0,0,0
2550,Joe Bob,OT,Portal,1,0,0,0,0,0,0,0,0,0,0,0
2602,Joe Bob,OG,Portal,1,0,0,0,0,0,0,0,0,0,0,0
2603,Joe Bob,CB,Portal,1,0,0,0,0,0,0,0,0,0,0,0
2604,Joe Bob,OG,Portal,1,0,0,0,0,0,0,0,0,0,0,0
2605,Joe Bob,TE,Portal,1,0,0,0,0,0,0,0,0,0,0,0
2607,Joe Bob,TE,Portal,3,0,0,0,0,0,0,0,0,0,0,0
2610,Joe Bob,CB,Portal,2,0,0,0,0,0,0,0,0,0,0,0
2611,Joe Bob,LB,Portal,3,0,0,0,0,0,0,0,0,0,0,0
2612,Joe Bob,LB,Portal,4,0,0,0,0,0,0,0,0,0,0,0
2613,Joe Bob,OG,Portal,2,0,0,0,0,0,0,0,0,0,0,0
2614,Joe Bob,CB,Portal,3,0,0,0,0,0,0,0,0,0,0,0
2615,Joe Bob,WR,Portal,3,0,0,0,0,0,0,0,0,0,0,0
2616,Joe Bob,WR,Portal,4,0,0,0,0,0,0,0,0,0,0,0
2618,Joe Bob,OG,Portal,1,0,0,0,0,0,0,0,0,0,0,0
2619,Joe Bob,WR,Portal,3,0,0,0,0,0,0,0,0,0,0,0
2620,Joe Bob,OT,Portal,4,0,0,0,0,0,0,0,0,0,0,0
2621,Joe Bob,RB,Portal,1,0,0,0,0,0,0,0,0,0,0,0
2622,Joe Bob,K,Portal,1,0,0,0,0,0,0,0,0,0,0,0
2623,Joe Bob,CB,Portal,4,0,0,0,0,0,0,0,0,0,0,0
2624,Joe Bob,WR,Portal,4,0,0,0,0,0,0,0,0,0,0,0
2625,Joe Bob,S,Portal,4,0,0,0,0,0,0,0,0,0,0,0
2675,Joe Bob,OT,Portal,1,0,0,0,0,0,0,0,0,0,0,0
2677,Joe Bob,WR,Portal,4,0,0,0,0,0,0,0,0,0,0,0
2678,Joe Bob,C,Portal,1,0,0,0,0,0,0,0,0,0,0,0
2680,Joe Bob,CB,Portal,1,0,0,0,0,0,0,0,0,0,0,0
2681,Joe Bob,QB,Portal,1,0,0,0,0,0,0,0,0,0,0,0
2682,Joe Bob,LB,Portal,4,0,0,0,0,0,0,0,0,0,0,0
2683,Joe Bob,CB,Portal,2,0,0,0,0,0,0,0,0,0,0,0
2684,Joe Bob,CB,Portal,2,0,0,0,0,0,0,0,0,0,0,0
2685,Joe Bob,DL,Portal,3,0,0,0,0,0,0,0,0,0,0,0
2688,Joe Bob,CB,Portal,4,0,0,0,0,0,0,0,0,0,0,0
2689,Joe Bob,EDGE,Portal,2,0,0,0,0,0,0,0,0,0,0,0
2690,Joe Bob,QB,Portal,3,0,0,0,0,0,0,0,0,0,0,0
2691,Joe Bob,S,Portal,4,0,0,0,0,0,0,0,0,0,0,0
2692,Joe Bob,WR,Portal,1,0,0,0,0,0,0,0,0,0,0,0
2693,Joe Bob,DL,Portal,3,0,0,0,0,0,0,0,0,0,0,0
2694,Joe Bob,EDGE,Portal,3,0,0,0,0,0,0,0,0,0,0,0
2695,Joe Bob,C,Portal,4,0,0,0,0,0,0,0,0,0,0,0
2697,Joe Bob,WR,Portal,2,0,0,0,0,0,0,0,0,0,0,0
2699,Joe Bob,QB,Portal,4,0,0,0,0,0,0,0,0,0,0,0
2700,Joe Bob,P,Portal,4,0,0,0,0,0,0,0,0,0,0,0
2752,Joe Bob,EDGE,Portal,1,0,0,0,0,0,0,0,0,0,0,0
2753,Joe Bob,EDGE,Portal,1,0,0,0,0,0,0,0,0,0,0,0
2754,Joe Bob,P,Portal,4,0,0,0,0,0,0,0,0,0,0,0
2755,Joe Bob,TE,Portal,3,0,0,0,0,0,0,0,0,0,0,0
2758,Joe Bob,P,Portal,2,0,0,0,0,0,0,0,0,0,0,0
2759,Joe Bob,LB,Portal,1,0,0,0,0,0,0,0,0,0,0,0
2760,Joe Bob,LB,Portal,3,0,0,0,0,0,0,0,0,0,0,0
2761,Joe Bob,CB,Portal,3,0,0,0,0,0,0,0,0,0,0,0
2763,Joe Bob,CB,Portal,4,0,0,0,0,0,0,0,0,0,0,0
2764,Joe Bob,EDGE,Portal,2,0,0,0,0,0,0,0,0,0,0,0
2765,Joe Bob,RB,Portal,3,0,0,0,0,0,0,0,0,0,0,0
2766,Joe Bob,LB,Portal,4,0,0,0,0,0,0,0,0,0,0,0
2767,Joe Bob,WR,Portal,3,0,0,0,0,0,0,0,0,0,0,0
2768,Joe Bob,EDGE,Portal,2,0,0,0,0,0,0,0,0,0,0,0
2769,Joe Bob,OT,Portal,2,0,0,0,0,0,0,0,0,0,0,0
2770,Joe Bob,RB,Portal,4,0,0,0,0,0,0,0,0,0,0,0
2771,Joe Bob,OT,Portal,1,0,0,0,0,0,0,0,0,0,0,0
2772,Joe Bob,TE,Portal,4,0,0,0,0,0,0,0,0,0,0,0
2774,Joe Bob,OG,Portal,1,0,0,0,0,0,0,0,0,0,0,0
2775,Joe Bob,P,Portal,1,0,0,0,0,0,0,0,0,0,0,0
2828,Joe Bob,CB,Portal,3,0,0,0,0,0,0,0,0,0,0,0
2829,Joe Bob,EDGE,Portal,1,0,0,0,0,0,0,0,0,0,0,0
2830,Joe Bob,P,Portal,3,0,0,0,0,0,0,0,0,0,0,0
2832,Joe Bob,EDGE,Portal,1,0,0,0,0,0,0,0,0,0,0,0
2833,Joe Bob,S,Portal,3,0,0,0,0,0,0,0,0,0,0,0
2834,Joe Bob,EDGE,Portal,2,0,0,0,0,0,0,0,0,0,0,0
2835,Joe Bob,CB,Portal,4,0,0,0,0,0,0,0,0,0,0,0
2837,Joe Bob,CB,Portal,3,0,0,0,0,0,0,0,0,0,0,0
2838,Joe Bob,DL,Portal,4,0,0,0,0,0,0,0,0,0,0,0
2839,Joe Bob,WR,Portal,3,0,0,0,0,0,0,0,0,0,0,0
2840,Joe Bob,WR,Portal,4,0,0,0,0,0,0,0,0,0,0,0
2841,Joe Bob,WR,Portal,4,0,0,0,0,0,0,0,0,0,0,0
2842,Joe Bob,DL,Portal,3,0,0,0,0,0,0,0,0,0,0,0
2843,Joe Bob,WR,Portal,4,0,0,0,0,0,0,0,0,0,0,0
2844,Joe Bob,OG,Portal,1,0,0,0,0,0,0,0,0,0,0,0
2845,Joe Bob,TE,Portal,2,0,0,0,0,0,0,0,0,0,0,0
2846,Joe Bob,CB,Portal,4,0,0,0,0,0,0,0,0,0,0,0
2847,Joe Bob,OT,Portal,1,0,0,0,0,0,0,0,0,0,0,0
2848,Joe Bob,C,Portal,1,0,0,0,0,0,0,0,0,0,0,0
2850,Joe Bob,TE,Portal,3,0,0,0,0,0,0,0,0,0,0,0
2904,Joe Bob,WR,Portal,2,0,0,0,0,0,0,0,0,0,0,0
2905,Joe Bob,OG,Portal,1,0,0,0,0,0,0,0,0,0,0,0
2907,Joe Bob,TE,Portal,2,0,0,0,0,0,0,0,0,0,0,0
2908,Joe Bob,EDGE,Portal,4,0,0,0,0,0,0,0,0,0,0,0
2909,Joe Bob,CB,Portal,3,0,0,0,0,0,0,0,0,0,0,0
2910,Joe Bob,P,Portal,2,0,0,0,0,0,0,0,0,0,0,0
2911,Joe Bob,QB,Portal,3,0,0,0,0,0,0,0,0,0,0,0
2912,Joe Bob,DL,Portal,3,0,0,0,0,0,0,0,0,0,0,0
2913,Joe Bob,LB,Portal,2,0,0,0,0,0,0,0,0,0,0,0
2914,Joe Bob,EDGE,Portal,4,0,0,0,0,0,0,0,0,0,0,0
2915,Joe Bob,LB,Portal,2,0,0,0,0,0,0,0,0,0,0,0
2916,Joe Bob,TE,Portal,3,0,0,0,0,0,0,0,0,0,0,0
2918,Joe Bob,WR,Portal,3,0,0,0,0,0,0,0,0,0,0,0
2919,Joe Bob,WR,Portal,1,0,0,0,0,0,0,0,0,0,0,0
2920,Joe Bob,DL,Portal,3,0,0,0,0,0,0,0,0,0,0,0
2921,Joe Bob,CB,Portal,4,0,0,0,0,0,0,0,0,0,0,0
2922,Joe Bob,TE,Portal,2,0,0,0,0,0,0,0,0,0,0,0
2923,Joe Bob,OG,Portal,3,0,0,0,0,0,0,0,0,0,0,0
2924,Joe Bob,OG,Portal,2,0,0,0,0,0,0,0,0,0,0,0
2925,Joe Bob,LB,Portal,4,0,0,0,0,0,0,0,0,0,0,0
2976,Joe Bob,WR,Portal,1,0,0,0,0,0,0,0,0,0,0,0
2977,Joe Bob,OT,Portal,1,0,0,0,0,0,0,0,0,0,0,0
2980,Joe Bob,TE,Portal,1,0,0,0,0,0,0,0,0,0,0,0
2981,Joe Bob,CB,Portal,3,0,0,0,0,0,0,0,0,0,0,0
2983,Joe Bob,LB,Portal,1,0,0,0,0,0,0,0,0,0,0,0
2984,Joe Bob,LB,Portal,4,0,0,0,0,0,0,0,0,0,0,0
2985,Joe Bob,LB,Portal,1,0,0,0,0,0,0,0,0,0,0,0
2986,Joe Bob,LB,Portal,3,0,0,0,0,0,0,0,0,0,0,0
2988,Joe Bob,OT,Portal,3,0,0,0,0,0,0,0,0,0,0,0
2989,Joe Bob,OT,Portal,1,0,0,0,0,0,0,0,0,0,0,0
2990,Joe Bob,RB,Portal,3,0,0,0,0,0,0,0,0,0,0,0
2991,Joe Bob,RB,Portal,4,0,0,0,0,0,0,0,0,0,0,0
2992,Joe Bob,CB,Portal,4,0,0,0,0,0,0,0,0,0,0,0
2993,Joe Bob,OT,Portal,4,0,0,0,0,0,0,0,0,0,0,0
2994,Joe Bob,TE,Portal,2,0,0,0,0,0,0,0,0,0,0,0
2995,Joe Bob,OG,Portal,4,0,0,0,0,0,0,0,0,0,0,0
2996,Joe Bob,OT,Portal,1,0,0,0,0,0,0,0,0,0,0,0
2998,Joe Bob,CB,Portal,1,0,0,0,0,0,0,0,0,0,0,0
2999,Joe Bob,LB,Portal,2,0,0,0,0,0,0,0,0,0,0,0
3000,Joe Bob,TE,Portal,3,0,0,0,0,0,0,0,0,0,0,0
3054,Joe Bob,CB,Portal,3,0,0,0,0,0,0,0,0,0,0,0
3055,Joe Bob,RB,Portal,2,0,0,0,0,0,0,0,0,0,0,0
3056,Joe Bob,LB,Portal,3,0,0,0,0,0,0,0,0,0,0,0
3058,Joe Bob,LB,Portal,4,0,0,0,0,0,0,0,0,0,0,0
3059,Joe Bob,TE,Portal,3,0,0,0,0,0,0,0,0,0,0,0
3060,Joe Bob,RB,Portal,4,0,0,0,0,0,0,0,0,0,0,0
3061,Joe Bob,OT,Portal,1,0,0,0,0,0,0,0,0,0,0,0
3062,Joe Bob,OT,Portal,3,0,0,0,0,0,0,0,0,0,0,0
3063,Joe Bob,EDGE,Portal,4,0,0,0,0,0,0,0,0,0,0,0
3064,Joe Bob,CB,Portal,4,0,0,0,0,0,0,0,0,0,0,0
3065,Joe Bob,CB,Portal,4,0,0,0,0,0,0,0,0,0,0,0
3066,Joe Bob,OG,Portal,1,0,0,0,0,0,0,0,0,0,0,0
3067,Joe Bob,TE,Portal,2,0,0,0,0,0,0,0,0,0,0,0
3068,Joe Bob,C,Portal,2,0,0,0,0,0,0,0,0,0,0,0
3069,Joe Bob,EDGE,Portal,1,0,0,0,0,0,0,0,0,0,0,0
3070,Joe Bob,EDGE,Portal,1,0,0,0,0,0,0,0,0,0,0,0
3071,Joe Bob,P,Portal,3,0,0,0,0,0,0,0,0,0,0,0
3073,Joe Bob,C,Portal,4,0,0,0,0,0,0,0,0,0,0,0
3074,Joe Bob,RB,Portal,3,0,0,0,0,0,0,0,0,0,0,0
3075,Joe Bob,RB,Portal,3,0,0,0,0,0,0,0,0,0,0,0
3130,Joe Bob,LB,Portal,4,0,0,0,0,0,0,0,0,0,0,0
3131,Joe Bob,WR,Portal,3,0,0,0,0,0,0,0,0,0,0,0
3132,Joe Bob,OG,Portal,3,0,0,0,0,0,0,0,0,0,0,0
3133,Joe Bob,QB,Portal,1,0,0,0,0,0,0,0,0,0,0,0
3134,Joe Bob,WR,Portal,4,0,0,0,0,0,0,0,0,0,0,0
3135,Joe Bob,OT,Portal,4,0,0,0,0,0,0,0,0,0,0,0
3136,Joe Bob,OT,Portal,4,0,0,0,0,0,0,0,0,0,0,0
3137,Joe Bob,CB,Portal,4,0,0,0,0,0,0,0,0,0,0,0
3138,Joe Bob,OT,Portal,3,0,0,0,0,0,0,0,0,0,0,0
3139,Joe Bob,CB,Portal,4,0,0,0,0,0,0,0,0,0,0,0
3140,Joe Bob,OT,Portal,2,0,0,0,0,0,0,0,0,0,0,0
3142,Joe Bob,DL,Portal,4,0,0,0,0,0,0,0,0,0,0,0
3143,Joe Bob,CB,Portal,4,0,0,0,0,0,0,0,0,0,0,0
3144,Joe Bob,DL,Portal,3,0,0,0,0,0,0,0,0,0,0,0
3145,Joe Bob,CB,Portal,3,0,0,0,0,0,0,0,0,0,0,0
3146,Joe Bob,WR,Portal,3,0,0,0,0,0,0,0,0,0,0,0
3147,Joe Bob,WR,Portal,3,0,0,0,0,0,0,0,0,0,0,0
3148,Joe Bob,C,Portal,1,0,0,0,0,0,0,0,0,0,0,0
3149,Joe Bob,K,Portal,4,0,0,0,0,0,0,0,0,0,0,0
3150,Joe Bob,WR,Portal,4,0,0,0,0,0,0,0,0,0,0,0
3201,Joe Bob,P,Portal,2,0,0,0,0,0,0,0,0,0,0,0
3202,Joe Bob,LB,Portal,1,0,0,0,0,0,0,0,0,0,0,0
3203,Joe Bob,S,Portal,2,0,0,0,0,0,0,0,0,0,0,0
3205,Joe Bob,DL,Portal,4,0,0,0,0,0,0,0,0,0,0,0
3206,Joe Bob,S,Portal,3,0,0,0,0,0,0,0,0,0,0,0
3207,Joe Bob,EDGE,Portal,3,0,0,0,0,0,0,0,0,0,0,0
3208,Joe Bob,OT,Portal,3,0,0,0,0,0,0,0,0,0,0,0
3209,Joe Bob,OG,Portal,2,0,0,0,0,0,0,0,0,0,0,0
3212,Joe Bob,QB,Portal,1,0,0,0,0,0,0,0,0,0,0,0
3213,Joe Bob,CB,Portal,1,0,0,0,0,0,0,0,0,0,0,0
3214,Joe Bob,OG,Portal,1,0,0,0,0,0,0,0,0,0,0,0
3216,Joe Bob,LB,Portal,3,0,0,0,0,0,0,0,0,0,0,0
3217,Joe Bob,CB,Portal,2,0,0,0,0,0,0,0,0,0,0,0
3219,Joe Bob,DL,Portal,3,0,0,0,0,0,0,0,0,0,0,0
3220,Joe Bob,DL,Portal,3,0,0,0,0,0,0,0,0,0,0,0
3221,Joe Bob,OG,Portal,4,0,0,0,0,0,0,0,0,0,0,0
3222,Joe Bob,DL,Portal,3,0,0,0,0,0,0,0,0,0,0,0
3223,Joe Bob,WR,Portal,4,0,0,0,0,0,0,0,0,0,0,0
3224,Joe Bob,OT,Portal,1,0,0,0,0,0,0,0,0,0,0,0
3225,Joe Bob,RB,Portal,4,0,0,0,0,0,0,0,0,0,0,0
3276,Joe Bob,LB,Portal,2,0,0,0,0,0,0,0,0,0,0,0
3277,Joe Bob,S,Portal,4,0,0,0,0,0,0,0,0,0,0,0
3278,Joe Bob,C,Portal,3,0,0,0,0,0,0,0,0,0,0,0
3279,Joe Bob,K,Portal,3,0,0,0,0,0,0,0,0,0,0,0
3282,Joe Bob,OT,Portal,4,0,0,0,0,0,0,0,0,0,0,0
3283,Joe Bob,C,Portal,2,0,0,0,0,0,0,0,0,0,0,0
3284,Joe Bob,EDGE,Portal,1,0,0,0,0,0,0,0,0,0,0,0
3285,Joe Bob,LB,Portal,4,0,0,0,0,0,0,0,0,0,0,0
3286,Joe Bob,CB,Portal,3,0,0,0,0,0,0,0,0,0,0,0
3287,Joe Bob,P,Portal,2,0,0,0,0,0,0,0,0,0,0,0
3289,Joe Bob,TE,Portal,2,0,0,0,0,0,0,0,0,0,0,0
3291,Joe Bob,WR,Portal,4,0,0,0,0,0,0,0,0,0,0,0
3292,Joe Bob,LB,Portal,3,0,0,0,0,0,0,0,0,0,0,0
3293,Joe Bob,OG,Portal,2,0,0,0,0,0,0,0,0,0,0,0
3294,Joe Bob,CB,Portal,4,0,0,0,0,0,0,0,0,0,0,0
3295,Joe Bob,OT,Portal,2,0,0,0,0,0,0,0,0,0,0,0
3297,Joe Bob,DL,Portal,4,0,0,0,0,0,0,0,0,0,0,0
3298,Joe Bob,LB,Portal,3,0,0,0,0,0,0,0,0,0,0,0
3299,Joe Bob,EDGE,Portal,1,0,0,0,0,0,0,0,0,0,0,0
3300,Joe Bob,TE,Portal,3,0,0,0,0,0,0,0,0,0,0,0
3350,Joe Bob,OG,Portal,3,0,0,0,0,0,0,0,0,0,0,0
3352,Joe Bob,OG,Portal,3,0,0,0,0,0,0,0,0,0,0,0
3354,Joe Bob,OG,Portal,2,0,0,0,0,0,0,0,0,0,0,0
3355,Joe Bob,S,Portal,1,0,0,0,0,0,0,0,0,0,0,0
3356,Joe Bob,C,Portal,1,0,0,0,0,0,0,0,0,0,0,0
3358,Joe Bob,DL,Portal,1,0,0,0,0,0,0,0,0,0,0,0
3359,Joe Bob,C,Portal,3,0,0,0,0,0,0,0,0,0,0,0
3360,Joe Bob,QB,Portal,2,0,0,0,0,0,0,0,0,0,0,0
3362,Joe Bob,DL,Portal,2,0,0,0,0,0,0,0,0,0,0,0
3363,Joe Bob,DL,Portal,3,0,0,0,0,0,0,0,0,0,0,0
3364,Joe Bob,EDGE,Portal,4,0,0,0,0,0,0,0,0,0,0,0
3365,Joe Bob,TE,Portal,2,0,0,0,0,0,0,0,0,0,0,0
3366,Joe Bob,S,Portal,4,0,0,0,0,0,0,0,0,0,0,0
3367,Joe Bob,OT,Portal,3,0,0,0,0,0,0,0,0,0,0,0
3369,Joe Bob,WR,Portal,4,0,0,0,0,0,0,0,0,0,0,0
3370,Joe Bob,OG,Portal,1,0,0,0,0,0,0,0,0,0,0,0
3372,Joe Bob,P,Portal,4,0,0,0,0,0,0,0,0,0,0,0
3373,Joe Bob,C,Portal,1,0,0,0,0,0,0,0,0,0,0,0
3374,Joe Bob,TE,Portal,3,0,0,0,0,0,0,0,0,0,0,0
3375,Joe Bob,LB,Portal,1,0,0,0,0,0,0,0,0,0,0,0
3430,Joe Bob,P,Portal,2,0,0,0,0,0,0,0,0,0,0,0
3431,Joe Bob,CB,Portal,3,0,0,0,0,0,0,0,0,0,0,0
3432,Joe Bob,WR,Portal,2,0,0,0,0,0,0,0,0,0,0,0
3433,Joe Bob,OG,Portal,2,0,0,0,0,0,0,0,0,0,0,0
3434,Joe Bob,WR,Portal,2,0,0,0,0,0,0,0,0,0,0,0
3435,Joe Bob,LB,Portal,3,0,0,0,0,0,0,0,0,0,0,0
3436,Joe Bob,EDGE,Portal,3,0,0,0,0,0,0,0,0,0,0,0
3437,Joe Bob,WR,Portal,4,0,0,0,0,0,0,0,0,0,0,0
3438,Joe Bob,EDGE,Portal,4,0,0,0,0,0,0,0,0,0,0,0
3439,Joe Bob,RB,Portal,3,0,0,0,0,0,0,0,0,0,0,0
3440,Joe Bob,DL,Portal,4,0,0,0,0,0,0,0,0,0,0,0
3441,Joe Bob,OG,Portal,4,0,0,0,0,0,0,0,0,0,0,0
3442,Joe Bob,CB,Portal,1,0,0,0,0,0,0,0,0,0,0,0
3443,Joe Bob,RB,Portal,1,0,0,0,0,0,0,0,0,0,0,0
3444,Joe Bob,TE,Portal,4,0,0,0,0,0,0,0,0,0,0,0
3446,Joe Bob,WR,Portal,2,0,0,0,0,0,0,0,0,0,0,0
3447,Joe Bob,EDGE,Portal,1,0,0,0,0,0,0,0,0,0,0,0
3448,Joe Bob,CB,Portal,2,0,0,0,0,0,0,0,0,0,0,0
3449,Joe Bob,LB,Portal,4,0,0,0,0,0,0,0,0,0,0,0
3450,Joe Bob,CB,Portal,3,0,0,0,0,0,0,0,0,0,0,0
3503,Joe Bob,OG,Portal,1,0,0,0,0,0,0,0,0,0,0,0
3504,Joe Bob,S,Portal,2,0,0,0,0,0,0,0,0,0,0,0
3505,Joe Bob,OT,Portal,2,0,0,0,0,0,0,0,0,0,0,0
3506,Joe Bob,S,Portal,4,0,0,0,0,0,0,0,0,0,0,0
3507,Joe Bob,CB,Portal,3,0,0,0,0,0,0,0,0,0,0,0
3508,Joe Bob,LB,Portal,1,0,0,0,0,0,0,0,0,0,0,0
3509,Joe Bob,EDGE,Portal,2,0,0,0,0,0,0,0,0,0,0,0
3510,Joe Bob,CB,Portal,4,0,0,0,0,0,0,0,0,0,0,0
3511,Joe Bob,LB,Portal,2,0,0,0,0,0,0,0,0,0,0,0
3512,Joe Bob,EDGE,Portal,3,0,0,0,0,0,0,0,0,0,0,0
3513,Joe Bob,CB,Portal,4,0,0,0,0,0,0,0,0,0,0,0
3514,Joe Bob,TE,Portal,3,0,0,0,0,0,0,0,0,0,0,0
3515,Joe Bob,OT,Portal,1,0,0,0,0,0,0,0,0,0,0,0
3517,Joe Bob,WR,Portal,1,0,0,0,0,0,0,0,0,0,0,0
3518,Joe Bob,RB,Portal,4,0,0,0,0,0,0,0,0,0,0,0
3519,Joe Bob,CB,Portal,4,0,0,0,0,0,0,0,0,0,0,0
3520,Joe Bob,TE,Portal,3,0,0,0,0,0,0,0,0,0,0,0
3521,Joe Bob,P,Portal,3,0,0,0,0,0,0,0,0,0,0,0
3522,Joe Bob,OT,Portal,1,0,0,0,0,0,0,0,0,0,0,0
3523,Joe Bob,C,Portal,1,0,0,0,0,0,0,0,0,0,0,0
3577,Joe Bob,TE,Portal,3,0,0,0,0,0,0,0,0,0,0,0
3578,Joe Bob,P,Portal,4,0,0,0,0,0,0,0,0,0,0,0
3580,Joe Bob,K,Portal,3,0,0,0,0,0,0,0,0,0,0,0
3582,Joe Bob,TE,Portal,4,0,0,0,0,0,0,0,0,0,0,0
3583,Joe Bob,S,Portal,2,0,0,0,0,0,0,0,0,0,0,0
3584,Joe Bob,EDGE,Portal,3,0,0,0,0,0,0,0,0,0,0,0
3585,Joe Bob,EDGE,Portal,4,0,0,0,0,0,0,0,0,0,0,0
3586,Joe Bob,WR,Portal,2,0,0,0,0,0,0,0,0,0,0,0
3587,Joe Bob,WR,Portal,1,0,0,0,0,0,0,0,0,0,0,0
3588,Joe Bob,OT,Portal,2,0,0,0,0,0,0,0,0,0,0,0
3589,Joe Bob,LB,Portal,4,0,0,0,0,0,0,0,0,0,0,0
3590,Joe Bob,OT,Portal,4,0,0,0,0,0,0,0,0,0,0,0
3591,Joe Bob,OG,Portal,4,0,0,0,0,0,0,0,0,0,0,0
3593,Joe Bob,C,Portal,4,0,0,0,0,0,0,0,0,0,0,0
3594,Joe Bob,OG,Portal,1,0,0,0,0,0,0,0,0,0,0,0
3595,Joe Bob,K,Portal,1,0,0,0,0,0,0,0,0,0,0,0
3596,Joe Bob,K,Portal,1,0,0,0,0,0,0,0,0,0,0,0
3597,Joe Bob,P,Portal,2,0,0,0,0,0,0,0,0,0,0,0
3598,Joe Bob,CB,Portal,1,0,0,0,0,0,0,0,0,0,0,0
3599,Joe Bob,TE,Portal,1,0,0,0,0,0,0,0,0,0,0,0
3646,Joe Bob,OG,Portal,1,0,0,0,0,0,0,0,0,0,0,0
3647,Joe Bob,OG,Portal,3,0,0,0,0,0,0,0,0,0,0,0
3649,Joe Bob,OT,Portal,2,0,0,0,0,0,0,0,0,0,0,0
3651,Joe Bob,S,Portal,1,0,0,0,0,0,0,0,0,0,0,0
3652,Joe Bob,K,Portal,3,0,0,0,0,0,0,0,0,0,0,0
3655,Joe Bob,OT,Portal,1,0,0,0,0,0,0,0,0,0,0,0
3656,Joe Bob,CB,Portal,4,0,0,0,0,0,0,0,0,0,0,0
3657,Joe Bob,RB,Portal,3,0,0,0,0,0,0,0,0,0,0,0
3659,Joe Bob,FB,Portal,4,0,0,0,0,0,0,0,0,0,0,0
3660,Joe Bob,OT,Portal,4,0,0,0,0,0,0,0,0,0,0,0
3661,Joe Bob,QB,Portal,4,0,0,0,0,0,0,0,0,0,0,0
3662,Joe Bob,RB,Portal,3,0,0,0,0,0,0,0,0,0,0,0
3663,Joe Bob,TE,Portal,4,0,0,0,0,0,0,0,0,0,0,0
3665,Joe Bob,P,Portal,3,0,0,0,0,0,0,0,0,0,0,0
3668,Joe Bob,LB,Portal,4,0,0,0,0,0,0,0,0,0,0,0
3669,Joe Bob,OG,Portal,2,0,0,0,0,0,0,0,0,0,0,0
3670,Joe Bob,CB,Portal,4,0,0,0,0,0,0,0,0,0,0,0
3672,Joe Bob,S,Portal,1,0,0,0,0,0,0,0,0,0,0,0
3674,Joe Bob,CB,Portal,4,0,0,0,0,0,0,0,0,0,0,0
3675,Joe Bob,EDGE,Portal,2,0,0,0,0,0,0,0,0,0,0,0
3722,Joe Bob,S,Portal,4,0,0,0,0,0,0,0,0,0,0,0
3723,Joe Bob,K,Portal,3,0,0,0,0,0,0,0,0,0,0,0
3725,Joe Bob,WR,Portal,2,0,0,0,0,0,0,0,0,0,0,0
3726,Joe Bob,S,Portal,4,0,0,0,0,0,0,0,0,0,0,0
3728,Joe Bob,EDGE,Portal,4,0,0,0,0,0,0,0,0,0,0,0
3730,Joe Bob,WR,Portal,3,0,0,0,0,0,0,0,0,0,0,0
3731,Joe Bob,OG,Portal,4,0,0,0,0,0,0,0,0,0,0,0
3732,Joe Bob,EDGE,Portal,1,0,0,0,0,0,0,0,0,0,0,0
3733,Joe Bob,OT,Portal,3,0,0,0,0,0,0,0,0,0,0,0
3734,Joe Bob,RB,Portal,2,0,0,0,0,0,0,0,0,0,0,0
3735,Joe Bob,OG,Portal,2,0,0,0,0,0,0,0,0,0,0,0
3736,Joe Bob,DL,Portal,1,0,0,0,0,0,0,0,0,0,0,0
3738,Joe Bob,RB,Portal,4,0,0,0,0,0,0,0,0,0,0,0
3739,Joe Bob,RB,Portal,3,0,0,0,0,0,0,0,0,0,0,0
3740,Joe Bob,OG,Portal,3,0,0,0,0,0,0,0,0,0,0,0
3742,Joe Bob,WR,Portal,4,0,0,0,0,0,0,0,0,0,0,0
3743,Joe Bob,FB,Portal,1,0,0,0,0,0,0,0,0,0,0,0
3744,Joe Bob,S,Portal,4,0,0,0,0,0,0,0,0,0,0,0
3745,Joe Bob,CB,Portal,4,0,0,0,0,0,0,0,0,0,0,0
3747,Joe Bob,TE,Portal,3,0,0,0,0,0,0,0,0,0,0,0
3803,Joe Bob,EDGE,Portal,3,0,0,0,0,0,0,0,0,0,0,0
3804,Joe Bob,LB,Portal,1,0,0,0,0,0,0,0,0,0,0,0
3805,Joe Bob,K,Portal,2,0,0,0,0,0,0,0,0,0,0,0
3806,Joe Bob,EDGE,Portal,3,0,0,0,0,0,0,0,0,0,0,0
3808,Joe Bob,DL,Portal,4,0,0,0,0,0,0,0,0,0,0,0
3809,Joe Bob,QB,Portal,3,0,0,0,0,0,0,0,0,0,0,0
3810,Joe Bob,LB,Portal,4,0,0,0,0,0,0,0,0,0,0,0
3811,Joe Bob,TE,Portal,3,0,0,0,0,0,0,0,0,0,0,0
3812,Joe Bob,FB,Portal,4,0,0,0,0,0,0,0,0,0,0,0
3814,Joe Bob,OG,Portal,4,0,0,0,0,0,0,0,0,0,0,0
3815,Joe Bob,DL,Portal,4,0,0,0,0,0,0,0,0,0,0,0
3816,Joe Bob,TE,Portal,4,0,0,0,0,0,0,0,0,0,0,0
3818,Joe Bob,CB,Portal,1,0,0,0,0,0,0,0,0,0,0,0
3819,Joe Bob,TE,Portal,2,0,0,0,0,0,0,0,0,0,0,0
3820,Joe Bob,C,Portal,2,0,0,0,0,0,0,0,0,0,0,0
3821,Joe Bob,EDGE,Portal,1,0,0,0,0,0,0,0,0,0,0,0
3822,Joe Bob,LB,Portal,1,0,0,0,0,0,0,0,0,0,0,0
3823,Joe Bob,CB,Portal,3,0,0,0,0,0,0,0,0,0,0,0
3824,Joe Bob,OT,Portal,2,0,0,0,0,0,0,0,0,0,0,0
3825,Joe Bob,TE,Portal,3,0,0,0,0,0,0,0,0,0,0,0
3877,Joe Bob,CB,Portal,4,0,0,0,0,0,0,0,0,0,0,0
3878,Joe Bob,WR,Portal,2,0,0,0,0,0,0,0,0,0,0,0
3879,Joe Bob,RB,Portal,3,0,0,0,0,0,0,0,0,0,0,0
3880,Joe Bob,QB,Portal,4,0,0,0,0,0,0,0,0,0,0,0
3881,Joe Bob,WR,Portal,3,0,0,0,0,0,0,0,0,0,0,0
3882,Joe Bob,S,Portal,4,0,0,0,0,0,0,0,0,0,0,0
3883,Joe Bob,OG,Portal,3,0,0,0,0,0,0,0,0,0,0,0
3884,Joe Bob,OG,Portal,4,0,0,0,0,0,0,0,0,0,0,0
3885,Joe Bob,WR,Portal,4,0,0,0,0,0,0,0,0,0,0,0
3886,Joe Bob,OT,Portal,1,0,0,0,0,0,0,0,0,0,0,0
3887,Joe Bob,OG,Portal,1,0,0,0,0,0,0,0,0,0,0,0
3888,Joe Bob,CB,Portal,4,0,0,0,0,0,0,0,0,0,0,0
3890,Joe Bob,C,Portal,3,0,0,0,0,0,0,0,0,0,0,0
3892,Joe Bob,C,Portal,2,0,0,0,0,0,0,0,0,0,0,0
3895,Joe Bob,P,Portal,3,0,0,0,0,0,0,0,0,0,0,0
3896,Joe Bob,WR,Portal,2,0,0,0,0,0,0,0,0,0,0,0
3897,Joe Bob,LB,Portal,4,0,0,0,0,0,0,0,0,0,0,0
3898,Joe Bob,WR,Portal,2,0,0,0,0,0,0,0,0,0,0,0
3899,Joe Bob,RB,Portal,4,0,0,0,0,0,0,0,0,0,0,0
3900,Joe Bob,WR,Portal,1,0,0,0,0,0,0,0,0,0,0,0
3951,Joe Bob,FB,Portal,2,0,0,0,0,0,0,0,0,0,0,0
3952,Joe Bob,DL,Portal,4,0,0,0,0,0,0,0,0,0,0,0
3953,Joe Bob,LB,Portal,4,0,0,0,0,0,0,0,0,0,0,0
3954,Joe Bob,RB,Portal,3,0,0,0,0,0,0,0,0,0,0,0
3955,Joe Bob,QB,Portal,4,0,0,0,0,0,0,0,0,0,0,0
3956,Joe Bob,OT,Portal,3,0,0,0,0,0,0,0,0,0,0,0
3957,Joe Bob,OT,Portal,2,0,0,0,0,0,0,0,0,0,0,0
3958,Joe Bob,S,Portal,4,0,0,0,0,0,0,0,0,0,0,0
3960,Joe Bob,C,Portal,1,0,0,0,0,0,0,0,0,0,0,0
3962,Joe Bob,TE,Portal,2,0,0,0,0,0,0,0,0,0,0,0
3964,Joe Bob,K,Portal,1,0,0,0,0,0,0,0,0,0,0,0
3966,Joe Bob,CB,Portal,3,0,0,0,0,0,0,0,0,0,0,0
3968,Joe Bob,FB,Portal,3,0,0,0,0,0,0,0,0,0,0,0
3969,Joe Bob,CB,Portal,2,0,0,0,0,0,0,0,0,0,0,0
3970,Joe Bob,RB,Portal,3,0,0,0,0,0,0,0,0,0,0,0
3971,Joe Bob,WR,Portal,3,0,0,0,0,0,0,0,0,0,0,0
3972,Joe Bob,EDGE,Portal,4,0,0,0,0,0,0,0,0,0,0,0
3973,Joe Bob,OT,Portal,4,0,0,0,0,0,0,0,0,0,0,0
3974,Joe Bob,QB,Portal,3,0,0,0,0,0,0,0,0,0,0,0
3975,Joe Bob,OT,Portal,1,0,0,0,0,0,0,0,0,0,0,0
4025,Joe Bob,LB,Portal,2,0,0,0,0,0,0,0,0,0,0,0
4027,Joe Bob,RB,Portal,2,0,0,0,0,0,0,0,0,0,0,0
4028,Joe Bob,WR,Portal,3,0,0,0,0,0,0,0,0,0,0,0
4030,Joe Bob,K,Portal,4,0,0,0,0,0,0,0,0,0,0,0
4031,Joe Bob,EDGE,Portal,3,0,0,0,0,0,0,0,0,0,0,0
4032,Joe Bob,OG,Portal,3,0,0,0,0,0,0,0,0,0,0,0
4034,Joe Bob,OT,Portal,4,0,0,0,0,0,0,0,0,0,0,0
4035,Joe Bob,K,Portal,1,0,0,0,0,0,0,0,0,0,0,0
4036,Joe Bob,FB,Portal,4,0,0,0,0,0,0,0,0,0,0,0
4037,Joe Bob,CB,Portal,4,0,0,0,0,0,0,0,0,0,0,0
4038,Joe Bob,S,Portal,2,0,0,0,0,0,0,0,0,0,0,0
4040,Joe Bob,DL,Portal,3,0,0,0,0,0,0,0,0,0,0,0
4042,Joe Bob,LB,Portal,1,0,0,0,0,0,0,0,0,0,0,0
4043,Joe Bob,LB,Portal,3,0,0,0,0,0,0,0,0,0,0,0
4044,Joe Bob,S,Portal,3,0,0,0,0,0,0,0,0,0,0,0
4045,Joe Bob,WR,Portal,4,0,0,0,0,0,0,0,0,0,0,0
4046,Joe Bob,P,Portal,2,0,0,0,0,0,0,0,0,0,0,0
4047,Joe Bob,C,Portal,2,0,0,0,0,0,0,0,0,0,0,0
4048,Joe Bob,RB,Portal,1,0,0,0,0,0,0,0,0,0,0,0
4049,Joe Bob,WR,Portal,4,0,0,0,0,0,0,0,0,0,0,0
4103,Joe Bob,LB,Portal,4,0,0,0,0,0,0,0,0,0,0,0
4106,Joe Bob,WR,Portal,1,0,0,0,0,0,0,0,0,0,0,0
4107,Joe Bob,S,Portal,4,0,0,0,0,0,0,0,0,0,0,0
4108,Joe Bob,WR,Portal,4,0,0,0,0,0,0,0,0,0,0,0
4109,Joe Bob,OG,Portal,4,0,0,0,0,0,0,0,0,0,0,0
4111,Joe Bob,TE,Portal,2,0,0,0,0,0,0,0,0,0,0,0
4112,Joe Bob,S,Portal,1,0,0,0,0,0,0,0,0,0,0,0
4113,Joe Bob,OG,Portal,1,0,0,0,0,0,0,0,0,0,0,0
4114,Joe Bob,EDGE,Portal,1,0,0,0,0,0,0,0,0,0,0,0
4115,Joe Bob,P,Portal,4,0,0,0,0,0,0,0,0,0,0,0
4116,Joe Bob,S,Portal,4,0,0,0,0,0,0,0,0,0,0,0
4117,Joe Bob,OG,Portal,2,0,0,0,0,0,0,0,0,0,0,0
4118,Joe Bob,LB,Portal,1,0,0,0,0,0,0,0,0,0,0,0
4119,Joe Bob,WR,Portal,3,0,0,0,0,0,0,0,0,0,0,0
4120,Joe Bob,OT,Portal,1,0,0,0,0,0,0,0,0,0,0,0
4121,Joe Bob,TE,Portal,4,0,0,0,0,0,0,0,0,0,0,0
4122,Joe Bob,C,Portal,4,0,0,0,0,0,0,0,0,0,0,0
4123,Joe Bob,OG,Portal,2,0,0,0,0,0,0,0,0,0,0,0
4124,Joe Bob,TE,Portal,1,0,0,0,0,0,0,0,0,0,0,0
4125,Joe Bob,C,Portal,1,0,0,0,0,0,0,0,0,0,0,0
4175,Joe Bob,DL,Portal,3,0,0,0,0,0,0,0,0,0,0,0
4176,Joe Bob,WR,Portal,4,0,0,0,0,0,0,0,0,0,0,0
4177,Joe Bob,OT,Portal,4,0,0,0,0,0,0,0,0,0,0,0
4178,Joe Bob,WR,Portal,1,0,0,0,0,0,0,0,0,0,0,0
4179,Joe Bob,P,Portal,4,0,0,0,0,0,0,0,0,0,0,0
4180,Joe Bob,WR,Portal,1,0,0,0,0,0,0,0,0,0,0,0
4181,Joe Bob,S,Portal,4,0,0,0,0,0,0,0,0,0,0,0
4183,Joe Bob,P,Portal,4,0,0,0,0,0,0,0,0,0,0,0
4185,Joe Bob,OG,Portal,4,0,0,0,0,0,0,0,0,0,0,0
4186,Joe Bob,WR,Portal,3,0,0,0,0,0,0,0,0,0,0,0
4188,Joe Bob,DL,Portal,3,0,0,0,0,0,0,0,0,0,0,0
4189,Joe Bob,WR,Portal,4,0,0,0,0,0,0,0,0,0,0,0
4190,Joe Bob,QB,Portal,1,0,0,0,0,0,0,0,0,0,0,0
4191,Joe Bob,C,Portal,4,0,0,0,0,0,0,0,0,0,0,0
4192,Joe Bob,WR,Portal,4,0,0,0,0,0,0,0,0,0,0,0
4194,Joe Bob,S,Portal,4,0,0,0,0,0,0,0,0,0,0,0
4197,Joe Bob,K,Portal,2,0,0,0,0,0,0,0,0,0,0,0
4198,Joe Bob,TE,Portal,1,0,0,0,0,0,0,0,0,0,0,0
4199,Joe Bob,QB,Portal,2,0,0,0,0,0,0,0,0,0,0,0
4200,Joe Bob,S,Portal,4,0,0,0,0,0,0,0,0,0,0,0
4248,Joe Bob,WR,Portal,4,0,0,0,0,0,0,0,0,0,0,0
4251,Joe Bob,LB,Portal,4,0,0,0,0,0,0,0,0,0,0,0
4252,Joe Bob,DL,Portal,3,0,0,0,0,0,0,0,0,0,0,0
4254,Joe Bob,TE,Portal,3,0,0,0,0,0,0,0,0,0,0,0
4255,Joe Bob,CB,Portal,2,0,0,0,0,0,0,0,0,0,0,0
4256,Joe Bob,QB,Portal,3,0,0,0,0,0,0,0,0,0,0,0
4258,Joe Bob,EDGE,Portal,2,0,0,0,0,0,0,0,0,0,0,0
4259,Joe Bob,EDGE,Portal,4,0,0,0,0,0,0,0,0,0,0,0
4260,Joe Bob,DL,Portal,4,0,0,0,0,0,0,0,0,0,0,0
4261,Joe Bob,TE,Portal,4,0,0,0,0,0,0,0,0,0,0,0
4262,Joe Bob,WR,Portal,1,0,0,0,0,0,0,0,0,0,0,0
4263,Joe Bob,WR,Portal,3,0,0,0,0,0,0,0,0,0,0,0
4264,Joe Bob,OG,Portal,4,0,0,0,0,0,0,0,0,0,0,0
4265,Joe Bob,DL,Portal,4,0,0,0,0,0,0,0,0,0,0,0
4266,Joe Bob,LB,Portal,4,0,0,0,0,0,0,0,0,0,0,0
4268,Joe Bob,TE,Portal,3,0,0,0,0,0,0,0,0,0,0,0
4269,Joe Bob,C,Portal,3,0,0,0,0,0,0,0,0,0,0,0
4270,Joe Bob,P,Portal,4,0,0,0,0,0,0,0,0,0,0,0
4273,Joe Bob,LB,Portal,1,0,0,0,0,0,0,0,0,0,0,0
4274,Joe Bob,LB,Portal,3,0,0,0,0,0,0,0,0,0,0,0
4329,Joe Bob,LB,Portal,3,0,0,0,0,0,0,0,0,0,0,0
4330,Joe Bob,S,Portal,1,0,0,0,0,0,0,0,0,0,0,0
4331,Joe Bob,LB,Portal,2,0,0,0,0,0,0,0,0,0,0,0
4332,Joe Bob,K,Portal,4,0,0,0,0,0,0,0,0,0,0,0
4334,Joe Bob,FB,Portal,4,0,0,0,0,0,0,0,0,0,0,0
4336,Joe Bob,EDGE,Portal,4,0,0,0,0,0,0,0,0,0,0,0
4337,Joe Bob,QB,Portal,3,0,0,0,0,0,0,0,0,0,0,0
4338,Joe Bob,WR,Portal,3,0,0,0,0,0,0,0,0,0,0,0
4339,Joe Bob,OT,Portal,2,0,0,0,0,0,0,0,0,0,0,0
4340,Joe Bob,OG,Portal,3,0,0,0,0,0,0,0,0,0,0,0
4341,Joe Bob,EDGE,Portal,1,0,0,0,0,0,0,0,0,0,0,0
4342,Joe Bob,OG,Portal,1,0,0,0,0,0,0,0,0,0,0,0
4343,Joe Bob,TE,Portal,1,0,0,0,0,0,0,0,0,0,0,0
4344,Joe Bob,LB,Portal,1,0,0,0,0,0,0,0,0,0,0,0
4345,Joe Bob,OG,Portal,1,0,0,0,0,0,0,0,0,0,0,0
4346,Joe Bob,K,Portal,1,0,0,0,0,0,0,0,0,0,0,0
4347,Joe Bob,EDGE,Portal,2,0,0,0,0,0,0,0,0,0,0,0
4348,Joe Bob,LB,Portal,1,0,0,0,0,0,0,0,0,0,0,0
4349,Joe Bob,S,Portal,3,0,0,0,0,0,0,0,0,0,0,0
4350,Joe Bob,LB,Portal,2,0,0,0,0,0,0,0,0,0,0,0
4401,Joe Bob,CB,Portal,3,0,0,0,0,0,0,0,0,0,0,0
4402,Joe Bob,S,Portal,1,0,0,0,0,0,0,0,0,0,0,0
4403,Joe Bob,CB,Portal,2,0,0,0,0,0,0,0,0,0,0,0
4406,Joe Bob,LB,Portal,4,0,0,0,0,0,0,0,0,0,0,0
4408,Joe Bob,CB,Portal,4,0,0,0,0,0,0,0,0,0,0,0
4409,Joe Bob,RB,Portal,3,0,0,0,0,0,0,0,0,0,0,0
4410,Joe Bob,OG,Portal,4,0,0,0,0,0,0,0,0,0,0,0
4411,Joe Bob,WR,Portal,4,0,0,0,0,0,0,0,0,0,0,0
4412,Joe Bob,WR,Portal,4,0,0,0,0,0,0,0,0,0,0,0
4413,Joe Bob,OT,Portal,1,0,0,0,0,0,0,0,0,0,0,0
4414,Joe Bob,CB,Portal,4,0,0,0,0,0,0,0,0,0,0,0
4415,Joe Bob,K,Portal,4,0,0,0,0,0,0,0,0,0,0,0
4416,Joe Bob,TE,Portal,2,0,0,0,0,0,0,0,0,0,0,0
4417,Joe Bob,CB,Portal,1,0,0,0,0,0,0,0,0,0,0,0
4418,Joe Bob,OG,Portal,2,0,0,0,0,0,0,0,0,0,0,0
4419,Joe Bob,CB,Portal,2,0,0,0,0,0,0,0,0,0,0,0
4421,Joe Bob,TE,Portal,3,0,0,0,0,0,0,0,0,0,0,0
4422,Joe Bob,EDGE,Portal,2,0,0,0,0,0,0,0,0,0,0,0
4423,Joe Bob,CB,Portal,4,0,0,0,0,0,0,0,0,0,0,0
4425,Joe Bob,DL,Portal,3,0,0,0,0,0,0,0,0,0,0,0
4473,Joe Bob,CB,Portal,3,0,0,0,0,0,0,0,0,0,0,0
4474,Joe Bob,RB,Portal,4,0,0,0,0,0,0,0,0,0,0,0
4475,Joe Bob,CB,Portal,4,0,0,0,0,0,0,0,0,0,0,0
4477,Joe Bob,WR,Portal,3,0,0,0,0,0,0,0,0,0,0,0
4480,Joe Bob,QB,Portal,3,0,0,0,0,0,0,0,0,0,0,0
4481,Joe Bob,WR,Portal,3,0,0,0,0,0,0,0,0,0,0,0
4482,Joe Bob,OG,Portal,4,0,0,0,0,0,0,0,0,0,0,0
4484,Joe Bob,OT,Portal,3,0,0,0,0,0,0,0,0,0,0,0
4485,Joe Bob,OG,Portal,1,0,0,0,0,0,0,0,0,0,0,0
4486,Joe Bob,TE,Portal,1,0,0,0,0,0,0,0,0,0,0,0
4487,Joe Bob,EDGE,Portal,4,0,0,0,0,0,0,0,0,0,0,0
4488,Joe Bob,C,Portal,3,0,0,0,0,0,0,0,0,0,0,0
4489,Joe Bob,P,Portal,1,0,0,0,0,0,0,0,0,0,0,0
4490,Joe Bob,TE,Portal,2,0,0,0,0,0,0,0,0,0,0,0
4492,Joe Bob,LB,Portal,2,0,0,0,0,0,0,0,0,0,0,0
4493,Joe Bob,LB,Portal,4,0,0,0,0,0,0,0,0,0,0,0
4496,Joe Bob,WR,Portal,2,0,0,0,0,0,0,0,0,0,0,0
4497,Joe Bob,RB,Portal,2,0,0,0,0,0,0,0,0,0,0,0
4498,Joe Bob,EDGE,Portal,3,0,0,0,0,0,0,0,0,0,0,0
4499,Joe Bob,QB,Portal,3,0,0,0,0,0,0,0,0,0,0,0
4551,Joe Bob,S,Portal,2,0,0,0,0,0,0,0,0,0,0,0
4552,Joe Bob,QB,Portal,3,0,0,0,0,0,0,0,0,0,0,0
4553,Joe Bob,OG,Portal,3,0,0,0,0,0,0,0,0,0,0,0
4554,Joe Bob,TE,Portal,3,0,0,0,0,0,0,0,0,0,0,0
4555,Joe Bob,WR,Portal,2,0,0,0,0,0,0,0,0,0,0,0
4556,Joe Bob,OT,Portal,1,0,0,0,0,0,0,0,0,0,0,0
4557,Joe Bob,OT,Portal,4,0,0,0,0,0,0,0,0,0,0,0
4558,Joe Bob,TE,Portal,4,0,0,0,0,0,0,0,0,0,0,0
4559,Joe Bob,CB,Portal,4,0,0,0,0,0,0,0,0,0,0,0
4561,Joe Bob,TE,Portal,1,0,0,0,0,0,0,0,0,0,0,0
4562,Joe Bob,OT,Portal,2,0,0,0,0,0,0,0,0,0,0,0
4564,Joe Bob,LB,Portal,4,0,0,0,0,0,0,0,0,0,0,0
4566,Joe Bob,WR,Portal,2,0,0,0,0,0,0,0,0,0,0,0
4567,Joe Bob,C,Portal,4,0,0,0,0,0,0,0,0,0,0,0
4570,Joe Bob,S,Portal,2,0,0,0,0,0,0,0,0,0,0,0
4571,Joe Bob,EDGE,Portal,2,0,0,0,0,0,0,0,0,0,0,0
4572,Joe Bob,P,Portal,2,0,0,0,0,0,0,0,0,0,0,0
4573,Joe Bob,EDGE,Portal,1,0,0,0,0,0,0,0,0,0,0,0
4574,Joe Bob,RB,Portal,3,0,0,0,0,0,0,0,0,0,0,0
4575,Joe Bob,CB,Portal,4,0,0,0,0,0,0,0,0,0,0,0
4627,Joe Bob,DL,Portal,4,0,0,0,0,0,0,0,0,0,0,0
4628,Joe Bob,WR,Portal,3,0,0,0,0,0,0,0,0,0,0,0
4629,Joe Bob,LB,Portal,1,0,0,0,0,0,0,0,0,0,0,0
4631,Joe Bob,WR,Portal,4,0,0,0,0,0,0,0,0,0,0,0
4632,Joe Bob,OT,Portal,1,0,0,0,0,0,0,0,0,0,0,0
4633,Joe Bob,CB,Portal,4,0,0,0,0,0,0,0,0,0,0,0
4635,Joe Bob,P,Portal,4,0,0,0,0,0,0,0,0,0,0,0
4636,Joe Bob,CB,Portal,4,0,0,0,0,0,0,0,0,0,0,0
4637,Joe Bob,TE,Portal,4,0,0,0,0,0,0,0,0,0,0,0
4639,Joe Bob,OT,Portal,1,0,0,0,0,0,0,0,0,0,0,0
4640,Joe Bob,K,Portal,4,0,0,0,0,0,0,0,0,0,0,0
4642,Joe Bob,OG,Portal,3,0,0,0,0,0,0,0,0,0,0,0
4643,Joe Bob,WR,Portal,1,0,0,0,0,0,0,0,0,0,0,0
4644,Joe Bob,C,Portal,2,0,0,0,0,0,0,0,0,0,0,0
4645,Joe Bob,LB,Portal,1,0,0,0,0,0,0,0,0,0,0,0
4646,Joe Bob,DL,Portal,4,0,0,0,0,0,0,0,0,0,0,0
4647,Joe Bob,EDGE,Portal,3,0,0,0,0,0,0,0,0,0,0,0
4648,Joe Bob,WR,Portal,3,0,0,0,0,0,0,0,0,0,0,0
4649,Joe Bob,S,Portal,3,0,0,0,0,0,0,0,0,0,0,0
4650,Joe Bob,WR,Portal,2,0,0,0,0,0,0,0,0,0,0,0
4704,Joe Bob,WR,Portal,4,0,0,0,0,0,0,0,0,0,0,0
4705,Joe Bob,C,Portal,4,0,0,0,0,0,0,0,0,0,0,0
4706,Joe Bob,WR,Portal,4,0,0,0,0,0,0,0,0,0,0,0
4707,Joe Bob,OG,Portal,4,0,0,0,0,0,0,0,0,0,0,0
4708,Joe Bob,K,Portal,1,0,0,0,0,0,0,0,0,0,0,0
4709,Joe Bob,OG,Portal,2,0,0,0,0,0,0,0,0,0,0,0
4710,Joe Bob,LB,Portal,4,0,0,0,0,0,0,0,0,0,0,0
4711,Joe Bob,WR,Portal,2,0,0,0,0,0,0,0,0,0,0,0
4712,Joe Bob,CB,Portal,1,0,0,0,0,0,0,0,0,0,0,0
4714,Joe Bob,TE,Portal,2,0,0,0,0,0,0,0,0,0,0,0
4716,Joe Bob,K,Portal,3,0,0,0,0,0,0,0,0,0,0,0
4717,Joe Bob,WR,Portal,1,0,0,0,0,0,0,0,0,0,0,0
4718,Joe Bob,CB,Portal,3,0,0,0,0,0,0,0,0,0,0,0
4719,Joe Bob,QB,Portal,4,0,0,0,0,0,0,0,0,0,0,0
4720,Joe Bob,OT,Portal,3,0,0,0,0,0,0,0,0,0,0,0
4721,Joe Bob,LB,Portal,3,0,0,0,0,0,0,0,0,0,0,0
4722,Joe Bob,WR,Portal,4,0,0,0,0,0,0,0,0,0,0,0
4723,Joe Bob,WR,Portal,4,0,0,0,0,0,0,0,0,0,0,0
4724,Joe Bob,QB,Portal,1,0,0,0,0,0,0,0,0,0,0,0
4725,Joe Bob,TE,Portal,4,0,0,0,0,0,0,0,0,0,0,0
4778,Joe Bob,DL,Portal,4,0,0,0,0,0,0,0,0,0,0,0
4779,Joe Bob,OG,Portal,4,0,0,0,0,0,0,0,0,0,0,0
4780,Joe Bob,K,Portal,4,0,0,0,0,0,0,0,0,0,0,0
4781,Joe Bob,WR,Portal,1,0,0,0,0,0,0,0,0,0,0,0
4782,Joe Bob,LB,Portal,1,0,0,0,0,0,0,0,0,0,0,0
4783,Joe Bob,WR,Portal,1,0,0,0,0,0,0,0,0,0,0,0
4784,Joe Bob,S,Portal,4,0,0,0,0,0,0,0,0,0,0,0
4785,Joe Bob,OG,Portal,3,0,0,0,0,0,0,0,0,0,0,0
4786,Joe Bob,LB,Portal,2,0,0,0,0,0,0,0,0,0,0,0
4790,Joe Bob,EDGE,Portal,3,0,0,0,0,0,0,0,0,0,0,0
4791,Joe Bob,LB,Portal,3,0,0,0,0,0,0,0,0,0,0,0
4792,Joe Bob,WR,Portal,3,0,0,0,0,0,0,0,0,0,0,0
4793,Joe Bob,LB,Portal,3,0,0,0,0,0,0,0,0,0,0,0
4794,Joe Bob,DL,Portal,3,0,0,0,0,0,0,0,0,0,0,0
4795,Joe Bob,WR,Portal,4,0,0,0,0,0,0,0,0,0,0,0
4796,Joe Bob,DL,Portal,1,0,0,0,0,0,0,0,0,0,0,0
4797,Joe Bob,S,Portal,4,0,0,0,0,0,0,0,0,0,0,0
4798,Joe Bob,EDGE,Portal,2,0,0,0,0,0,0,0,0,0,0,0
4799,Joe Bob,P,Portal,4,0,0,0,0,0,0,0,0,0,0,0
4800,Joe Bob,TE,Portal,1,0,0,0,0,0,0,0,0,0,0,0
4855,Joe Bob,DL,Portal,4,0,0,0,0,0,0,0,0,0,0,0
4856,Joe Bob,TE,Portal,3,0,0,0,0,0,0,0,0,0,0,0
4857,Joe Bob,WR,Portal,1,0,0,0,0,0,0,0,0,0,0,0
4858,Joe Bob,OT,Portal,1,0,0,0,0,0,0,0,0,0,0,0
4859,Joe Bob,S,Portal,1,0,0,0,0,0,0,0,0,0,0,0
4860,Joe Bob,K,Portal,2,0,0,0,0,0,0,0,0,0,0,0
4862,Joe Bob,S,Portal,2,0,0,0,0,0,0,0,0,0,0,0
4863,Joe Bob,K,Portal,2,0,0,0,0,0,0,0,0,0,0,0
4864,Joe Bob,DL,Portal,1,0,0,0,0,0,0,0,0,0,0,0
4865,Joe Bob,K,Portal,4,0,0,0,0,0,0,0,0,0,0,0
4866,Joe Bob,DL,Portal,1,0,0,0,0,0,0,0,0,0,0,0
4867,Joe Bob,S,Portal,3,0,0,0,0,0,0,0,0,0,0,0
4868,Joe Bob,LB,Portal,3,0,0,0,0,0,0,0,0,0,0,0
4869,Joe Bob,OT,Portal,3,0,0,0,0,0,0,0,0,0,0,0
4870,Joe Bob,WR,Portal,4,0,0,0,0,0,0,0,0,0,0,0
4871,Joe Bob,FB,Portal,2,0,0,0,0,0,0,0,0,0,0,0
4872,Joe Bob,FB,Portal,1,0,0,0,0,0,0,0,0,0,0,0
4873,Joe Bob,OT,Portal,4,0,0,0,0,0,0,0,0,0,0,0
4874,Joe Bob,OT,Portal,4,0,0,0,0,0,0,0,0,0,0,0
4875,Joe Bob,TE,Portal,2,0,0,0,0,0,0,0,0,0,0,0
4926,Joe Bob,OT,Portal,3,0,0,0,0,0,0,0,0,0,0,0
4928,Joe Bob,FB,Portal,4,0,0,0,0,0,0,0,0,0,0,0
4930,Joe Bob,C,Portal,1,0,0,0,0,0,0,0,0,0,0,0
4931,Joe Bob,CB,Portal,4,0,0,0,0,0,0,0,0,0,0,0
4932,Joe Bob,OT,Portal,3,0,0,0,0,0,0,0,0,0,0,0
4933,Joe Bob,CB,Portal,4,0,0,0,0,0,0,0,0,0,0,0
4934,Joe Bob,TE,Portal,2,0,0,0,0,0,0,0,0,0,0,0
4935,Joe Bob,TE,Portal,2,0,0,0,0,0,0,0,0,0,0,0
4936,Joe Bob,DL,Portal,1,0,0,0,0,0,0,0,0,0,0,0
4937,Joe Bob,S,Portal,3,0,0,0,0,0,0,0,0,0,0,0
4939,Joe Bob,S,Portal,4,0,0,0,0,0,0,0,0,0,0,0
4940,Joe Bob,QB,Portal,3,0,0,0,0,0,0,0,0,0,0,0
4941,Joe Bob,DL,Portal,3,0,0,0,0,0,0,0,0,0,0,0
4943,Joe Bob,WR,Portal,3,0,0,0,0,0,0,0,0,0,0,0
4944,Joe Bob,EDGE,Portal,3,0,0,0,0,0,0,0,0,0,0,0
4946,Joe Bob,TE,Portal,4,0,0,0,0,0,0,0,0,0,0,0
4947,Joe Bob,OT,Portal,2,0,0,0,0,0,0,0,0,0,0,0
4948,Joe Bob,OG,Portal,1,0,0,0,0,0,0,0,0,0,0,0
4949,Joe Bob,P,Portal,3,0,0,0,0,0,0,0,0,0,0,0
4950,Joe Bob,S,Portal,1,0,0,0,0,0,0,0,0,0,0,0
5000,Joe Bob,TE,Portal,3,0,0,0,0,0,0,0,0,0,0,0
5002,Joe Bob,OT,Portal,2,0,0,0,0,0,0,0,0,0,0,0
5003,Joe Bob,DL,Portal,4,0,0,0,0,0,0,0,0,0,0,0
5004,Joe Bob,OG,Portal,3,0,0,0,0,0,0,0,0,0,0,0
5006,Joe Bob,K,Portal,2,0,0,0,0,0,0,0,0,0,0,0
5008,Joe Bob,DL,Portal,3,0,0,0,0,0,0,0,0,0,0,0
5009,Joe Bob,EDGE,Portal,4,0,0,0,0,0,0,0,0,0,0,0
5012,Joe Bob,EDGE,Portal,3,0,0,0,0,0,0,0,0,0,0,0
5013,Joe Bob,OT,Portal,3,0,0,0,0,0,0,0,0,0,0,0
5014,Joe Bob,RB,Portal,4,0,0,0,0,0,0,0,0,0,0,0
5015,Joe Bob,WR,Portal,4,0,0,0,0,0,0,0,0,0,0,0
5016,Joe Bob,OT,Portal,1,0,0,0,0,0,0,0,0,0,0,0
5017,Joe Bob,EDGE,Portal,1,0,0,0,0,0,0,0,0,0,0,0
5019,Joe Bob,P,Portal,3,0,0,0,0,0,0,0,0,0,0,0
5020,Joe Bob,S,Portal,4,0,0,0,0,0,0,0,0,0,0,0
5021,Joe Bob,K,Portal,3,0,0,0,0,0,0,0,0,0,0,0
5022,Joe Bob,EDGE,Portal,2,0,0,0,0,0,0,0,0,0,0,0
5023,Joe Bob,RB,Portal,2,0,0,0,0,0,0,0,0,0,0,0
5024,Joe Bob,EDGE,Portal,3,0,0,0,0,0,0,0,0,0,0,0
5025,Joe Bob,EDGE,Portal,2,0,0,0,0,0,0,0,0,0,0,0
5074,Joe Bob,WR,Portal,1,0,0,0,0,0,0,0,0,0,0,0
5075,Joe Bob,S,Portal,1,0,0,0,0,0,0,0,0,0,0,0
5076,Joe Bob,S,Portal,2,0,0,0,0,0,0,0,0,0,0,0
5081,Joe Bob,EDGE,Portal,3,0,0,0,0,0,0,0,0,0,0,0
5082,Joe Bob,LB,Portal,2,0,0,0,0,0,0,0,0,0,0,0
5083,Joe Bob,DL,Portal,3,0,0,0,0,0,0,0,0,0,0,0
5084,Joe Bob,CB,Portal,4,0,0,0,0,0,0,0,0,0,0,0
5085,Joe Bob,WR,Portal,4,0,0,0,0,0,0,0,0,0,0,0
5086,Joe Bob,WR,Portal,1,0,0,0,0,0,0,0,0,0,0,0
5087,Joe Bob,WR,Portal,3,0,0,0,0,0,0,0,0,0,0,0
5089,Joe Bob,LB,Portal,4,0,0,0,0,0,0,0,0,0,0,0
5090,Joe Bob,LB,Portal,4,0,0,0,0,0,0,0,0,0,0,0
5093,Joe Bob,CB,Portal,2,0,0,0,0,0,0,0,0,0,0,0
5094,Joe Bob,DL,Portal,2,0,0,0,0,0,0,0,0,0,0,0
5095,Joe Bob,LB,Portal,2,0,0,0,0,0,0,0,0,0,0,0
5096,Joe Bob,QB,Portal,3,0,0,0,0,0,0,0,0,0,0,0
5097,Joe Bob,CB,Portal,3,0,0,0,0,0,0,0,0,0,0,0
5098,Joe Bob,S,Portal,3,0,0,0,0,0,0,0,0,0,0,0
5099,Joe Bob,WR,Portal,3,0,0,0,0,0,0,0,0,0,0,0
5100,Joe Bob,OG,Portal,2,0,0,0,0,0,0,0,0,0,0,0
5155,Joe Bob,P,Portal,3,0,0,0,0,0,0,0,0,0,0,0
5156,Joe Bob,CB,Portal,2,0,0,0,0,0,0,0,0,0,0,0
5157,Joe Bob,RB,Portal,3,0,0,0,0,0,0,0,0,0,0,0
5158,Joe Bob,FB,Portal,4,0,0,0,0,0,0,0,0,0,0,0
5159,Joe Bob,OT,Portal,2,0,0,0,0,0,0,0,0,0,0,0
5160,Joe Bob,LB,Portal,4,0,0,0,0,0,0,0,0,0,0,0
5161,Joe Bob,TE,Portal,3,0,0,0,0,0,0,0,0,0,0,0
5163,Joe Bob,TE,Portal,1,0,0,0,0,0,0,0,0,0,0,0
5164,Joe Bob,OT,Portal,2,0,0,0,0,0,0,0,0,0,0,0
5165,Joe Bob,OT,Portal,1,0,0,0,0,0,0,0,0,0,0,0
5166,Joe Bob,S,Portal,1,0,0,0,0,0,0,0,0,0,0,0
5167,Joe Bob,LB,Portal,1,0,0,0,0,0,0,0,0,0,0,0
5168,Joe Bob,P,Portal,3,0,0,0,0,0,0,0,0,0,0,0
5169,Joe Bob,S,Portal,1,0,0,0,0,0,0,0,0,0,0,0
5170,Joe Bob,TE,Portal,2,0,0,0,0,0,0,0,0,0,0,0
5171,Joe Bob,EDGE,Portal,2,0,0,0,0,0,0,0,0,0,0,0
5172,Joe Bob,FB,Portal,2,0,0,0,0,0,0,0,0,0,0,0
5173,Joe Bob,LB,Portal,3,0,0,0,0,0,0,0,0,0,0,0
5174,Joe Bob,OT,Portal,3,0,0,0,0,0,0,0,0,0,0,0
5175,Joe Bob,CB,Portal,4,0,0,0,0,0,0,0,0,0,0,0
5227,Joe Bob,K,Portal,3,0,0,0,0,0,0,0,0,0,0,0
5229,Joe Bob,WR,Portal,3,0,0,0,0,0,0,0,0,0,0,0
5230,Joe Bob,EDGE,Portal,4,0,0,0,0,0,0,0,0,0,0,0
5231,Joe Bob,QB,Portal,4,0,0,0,0,0,0,0,0,0,0,0
5232,Joe Bob,WR,Portal,4,0,0,0,0,0,0,0,0,0,0,0
5233,Joe Bob,TE,Portal,3,0,0,0,0,0,0,0,0,0,0,0
5234,Joe Bob,OG,Portal,4,0,0,0,0,0,0,0,0,0,0,0
5235,Joe Bob,OT,Portal,2,0,0,0,0,0,0,0,0,0,0,0
5236,Joe Bob,OT,Portal,4,0,0,0,0,0,0,0,0,0,0,0
5237,Joe Bob,OT,Portal,1,0,0,0,0,0,0,0,0,0,0,0
5238,Joe Bob,TE,Portal,1,0,0,0,0,0,0,0,0,0,0,0
5241,Joe Bob,EDGE,Portal,1,0,0,0,0,0,0,0,0,0,0,0
5242,Joe Bob,K,Portal,3,0,0,0,0,0,0,0,0,0,0,0
5243,Joe Bob,QB,Portal,1,0,0,0,0,0,0,0,0,0,0,0
5245,Joe Bob,DL,Portal,4,0,0,0,0,0,0,0,0,0,0,0
5246,Joe Bob,OT,Portal,3,0,0,0,0,0,0,0,0,0,0,0
5247,Joe Bob,CB,Portal,3,0,0,0,0,0,0,0,0,0,0,0
5248,Joe Bob,RB,Portal,3,0,0,0,0,0,0,0,0,0,0,0
5249,Joe Bob,RB,Portal,4,0,0,0,0,0,0,0,0,0,0,0
5250,Joe Bob,RB,Portal,4,0,0,0,0,0,0,0,0,0,0,0
5302,Joe Bob,OT,Portal,1,0,0,0,0,0,0,0,0,0,0,0
5303,Joe Bob,RB,Portal,4,0,0,0,0,0,0,0,0,0,0,0
5305,Joe Bob,OG,Portal,1,0,0,0,0,0,0,0,0,0,0,0
5306,Joe Bob,K,Portal,3,0,0,0,0,0,0,0,0,0,0,0
5307,Joe Bob,OT,Portal,2,0,0,0,0,0,0,0,0,0,0,0
5308,Joe Bob,C,Portal,1,0,0,0,0,0,0,0,0,0,0,0
5309,Joe Bob,OG,Portal,1,0,0,0,0,0,0,0,0,0,0,0
5312,Joe Bob,S,Portal,3,0,0,0,0,0,0,0,0,0,0,0
5313,Joe Bob,RB,Portal,2,0,0,0,0,0,0,0,0,0,0,0
5314,Joe Bob,OG,Portal,2,0,0,0,0,0,0,0,0,0,0,0
5316,Joe Bob,EDGE,Portal,3,0,0,0,0,0,0,0,0,0,0,0
5317,Joe Bob,DL,Portal,3,0,0,0,0,0,0,0,0,0,0,0
5318,Joe Bob,WR,Portal,4,0,0,0,0,0,0,0,0,0,0,0
5319,Joe Bob,EDGE,Portal,2,0,0,0,0,0,0,0,0,0,0,0
5320,Joe Bob,RB,Portal,3,0,0,0,0,0,0,0,0,0,0,0
5321,Joe Bob,OT,Portal,4,0,0,0,0,0,0,0,0,0,0,0
5322,Joe Bob,WR,Portal,1,0,0,0,0,0,0,0,0,0,0,0
5323,Joe Bob,LB,Portal,4,0,0,0,0,0,0,0,0,0,0,0
5324,Joe Bob,DL,Portal,4,0,0,0,0,0,0,0,0,0,0,0
5325,Joe Bob,TE,Portal,4,0,0,0,0,0,0,0,0,0,0,0
5375,Joe Bob,OT,Portal,4,0,0,0,0,0,0,0,0,0,0,0
5377,Joe Bob,OG,Portal,4,0,0,0,0,0,0,0,0,0,0,0
5379,Joe Bob,OT,Portal,1,0,0,0,0,0,0,0,0,0,0,0
5380,Joe Bob,S,Portal,1,0,0,0,0,0,0,0,0,0,0,0
5382,Joe Bob,LB,Portal,4,0,0,0,0,0,0,0,0,0,0,0
5383,Joe Bob,LB,Portal,2,0,0,0,0,0,0,0,0,0,0,0
5384,Joe Bob,P,Portal,2,0,0,0,0,0,0,0,0,0,0,0
5385,Joe Bob,DL,Portal,3,0,0,0,0,0,0,0,0,0,0,0
5387,Joe Bob,LB,Portal,2,0,0,0,0,0,0,0,0,0,0,0
5388,Joe Bob,RB,Portal,3,0,0,0,0,0,0,0,0,0,0,0
5389,Joe Bob,EDGE,Portal,3,0,0,0,0,0,0,0,0,0,0,0
5390,Joe Bob,WR,Portal,3,0,0,0,0,0,0,0,0,0,0,0
5391,Joe Bob,S,Portal,3,0,0,0,0,0,0,0,0,0,0,0
5392,Joe Bob,RB,Portal,2,0,0,0,0,0,0,0,0,0,0,0
5393,Joe Bob,TE,Portal,4,0,0,0,0,0,0,0,0,0,0,0
5394,Joe Bob,EDGE,Portal,1,0,0,0,0,0,0,0,0,0,0,0
5395,Joe Bob,CB,Portal,4,0,0,0,0,0,0,0,0,0,0,0
5398,Joe Bob,OG,Portal,1,0,0,0,0,0,0,0,0,0,0,0
5399,Joe Bob,QB,Portal,3,0,0,0,0,0,0,0,0,0,0,0
5400,Joe Bob,WR,Portal,3,0,0,0,0,0,0,0,0,0,0,0
5453,Joe Bob,RB,Portal,4,0,0,0,0,0,0,0,0,0,0,0
5454,Joe Bob,OG,Portal,4,0,0,0,0,0,0,0,0,0,0,0
5455,Joe Bob,TE,Portal,2,0,0,0,0,0,0,0,0,0,0,0
5456,Joe Bob,C,Portal,1,0,0,0,0,0,0,0,0,0,0,0
5457,Joe Bob,K,Portal,1,0,0,0,0,0,0,0,0,0,0,0
5459,Joe Bob,CB,Portal,4,0,0,0,0,0,0,0,0,0,0,0
5460,Joe Bob,S,Portal,2,0,0,0,0,0,0,0,0,0,0,0
5461,Joe Bob,P,Portal,3,0,0,0,0,0,0,0,0,0,0,0
5463,Joe Bob,C,Portal,3,0,0,0,0,0,0,0,0,0,0,0
5465,Joe Bob,LB,Portal,3,0,0,0,0,0,0,0,0,0,0,0
5466,Joe Bob,WR,Portal,2,0,0,0,0,0,0,0,0,0,0,0
5467,Joe Bob,WR,Portal,2,0,0,0,0,0,0,0,0,0,0,0
5468,Joe Bob,LB,Portal,4,0,0,0,0,0,0,0,0,0,0,0
5469,Joe Bob,RB,Portal,2,0,0,0,0,0,0,0,0,0,0,0
5470,Joe Bob,CB,Portal,4,0,0,0,0,0,0,0,0,0,0,0
5471,Joe Bob,QB,Portal,4,0,0,0,0,0,0,0,0,0,0,0
5472,Joe Bob,WR,Portal,3,0,0,0,0,0,0,0,0,0,0,0
5473,Joe Bob,EDGE,Portal,4,0,0,0,0,0,0,0,0,0,0,0
5474,Joe Bob,FB,Portal,4,0,0,0,0,0,0,0,0,0,0,0
5475,Joe Bob,WR,Portal,4,0,0,0,0,0,0,0,0,0,0,0
5528,Joe Bob,OT,Portal,2,0,0,0,0,0,0,0,0,0,0,0
5529,Joe Bob,LB,Portal,4,0,0,0,0,0,0,0,0,0,0,0
5530,Joe Bob,WR,Portal,1,0,0,0,0,0,0,0,0,0,0,0
5531,Joe Bob,LB,Portal,1,0,0,0,0,0,0,0,0,0,0,0
5533,Joe Bob,TE,Portal,2,0,0,0,0,0,0,0,0,0,0,0
5534,Joe Bob,EDGE,Portal,2,0,0,0,0,0,0,0,0,0,0,0
5535,Joe Bob,C,Portal,3,0,0,0,0,0,0,0,0,0,0,0
5536,Joe Bob,WR,Portal,1,0,0,0,0,0,0,0,0,0,0,0
5538,Joe Bob,EDGE,Portal,2,0,0,0,0,0,0,0,0,0,0,0
5539,Joe Bob,WR,Portal,3,0,0,0,0,0,0,0,0,0,0,0
5540,Joe Bob,P,Portal,3,0,0,0,0,0,0,0,0,0,0,0
5541,Joe Bob,EDGE,Portal,3,0,0,0,0,0,0,0,0,0,0,0
5542,Joe Bob,DL,Portal,3,0,0,0,0,0,0,0,0,0,0,0
5543,Joe Bob,LB,Portal,4,0,0,0,0,0,0,0,0,0,0,0
5544,Joe Bob,TE,Portal,3,0,0,0,0,0,0,0,0,0,0,0
5546,Joe Bob,OG,Portal,3,0,0,0,0,0,0,0,0,0,0,0
5547,Joe Bob,WR,Portal,1,0,0,0,0,0,0,0,0,0,0,0
5548,Joe Bob,RB,Portal,1,0,0,0,0,0,0,0,0,0,0,0
5549,Joe Bob,LB,Portal,4,0,0,0,0,0,0,0,0,0,0,0
5550,Joe Bob,OT,Portal,2,0,0,0,0,0,0,0,0,0,0,0
5598,Joe Bob,TE,Portal,4,0,0,0,0,0,0,0,0,0,0,0
5600,Joe Bob,WR,Portal,1,0,0,0,0,0,0,0,0,0,0,0
5601,Joe Bob,LB,Portal,1,0,0,0,0,0,0,0,0,0,0,0
5602,Joe Bob,WR,Portal,2,0,0,0,0,0,0,0,0,0,0,0
5603,Joe Bob,S,Portal,4,0,0,0,0,0,0,0,0,0,0,0
5604,Joe Bob,K,Portal,2,0,0,0,0,0,0,0,0,0,0,0
5606,Joe Bob,RB,Portal,2,0,0,0,0,0,0,0,0,0,0,0
5608,Joe Bob,K,Portal,1,0,0,0,0,0,0,0,0,0,0,0
5609,Joe Bob,LB,Portal,2,0,0,0,0,0,0,0,0,0,0,0
5611,Joe Bob,DL,Portal,2,0,0,0,0,0,0,0,0,0,0,0
5612,Joe Bob,S,Portal,3,0,0,0,0,0,0,0,0,0,0,0
5614,Joe Bob,QB,Portal,4,0,0,0,0,0,0,0,0,0,0,0
5615,Joe Bob,LB,Portal,1,0,0,0,0,0,0,0,0,0,0,0
5619,Joe Bob,WR,Portal,1,0,0,0,0,0,0,0,0,0,0,0
5620,Joe Bob,RB,Portal,4,0,0,0,0,0,0,0,0,0,0,0
5621,Joe Bob,C,Portal,1,0,0,0,0,0,0,0,0,0,0,0
5622,Joe Bob,CB,Portal,1,0,0,0,0,0,0,0,0,0,0,0
5623,Joe Bob,TE,Portal,4,0,0,0,0,0,0,0,0,0,0,0
5624,Joe Bob,OG,Portal,2,0,0,0,0,0,0,0,0,0,0,0
5625,Joe Bob,K,Portal,1,0,0,0,0,0,0,0,0,0,0,0
5675,Joe Bob,CB,Portal,2,0,0,0,0,0,0,0,0,0,0,0
5676,Joe Bob,TE,Portal,4,0,0,0,0,0,0,0,0,0,0,0
5678,Joe Bob,C,Portal,1,0,0,0,0,0,0,0,0,0,0,0
5679,Joe Bob,OG,Portal,1,0,0,0,0,0,0,0,0,0,0,0
5682,Joe Bob,TE,Portal,2,0,0,0,0,0,0,0,0,0,0,0
5683,Joe Bob,S,Portal,4,0,0,0,0,0,0,0,0,0,0,0
5684,Joe Bob,CB,Portal,4,0,0,0,0,0,0,0,0,0,0,0
5685,Joe Bob,LB,Portal,4,0,0,0,0,0,0,0,0,0,0,0
5686,Joe Bob,OG,Portal,2,0,0,0,0,0,0,0,0,0,0,0
5688,Joe Bob,FB,Portal,3,0,0,0,0,0,0,0,0,0,0,0
5689,Joe Bob,QB,Portal,4,0,0,0,0,0,0,0,0,0,0,0
5691,Joe Bob,LB,Portal,4,0,0,0,0,0,0,0,0,0,0,0
5692,Joe Bob,WR,Portal,3,0,0,0,0,0,0,0,0,0,0,0
5693,Joe Bob,QB,Portal,4,0,0,0,0,0,0,0,0,0,0,0
5694,Joe Bob,OG,Portal,4,0,0,0,0,0,0,0,0,0,0,0
5695,Joe Bob,OT,Portal,3,0,0,0,0,0,0,0,0,0,0,0
5696,Joe Bob,QB,Portal,4,0,0,0,0,0,0,0,0,0,0,0
5698,Joe Bob,CB,Portal,1,0,0,0,0,0,0,0,0,0,0,0
5699,Joe Bob,TE,Portal,2,0,0,0,0,0,0,0,0,0,0,0
5700,Joe Bob,P,Portal,4,0,0,0,0,0,0,0,0,0,0,0
5753,Joe Bob,WR,Portal,1,0,0,0,0,0,0,0,0,0,0,0
5755,Joe Bob,DL,Portal,4,0,0,0,0,0,0,0,0,0,0,0
5756,Joe Bob,C,Portal,3,0,0,0,0,0,0,0,0,0,0,0
5757,Joe Bob,LB,Portal,1,0,0,0,0,0,0,0,0,0,0,0
5758,Joe Bob,TE,Portal,3,0,0,0,0,0,0,0,0,0,0,0
5760,Joe Bob,EDGE,Portal,3,0,0,0,0,0,0,0,0,0,0,0
5761,Joe Bob,DL,Portal,3,0,0,0,0,0,0,0,0,0,0,0
5762,Joe Bob,DL,Portal,2,0,0,0,0,0,0,0,0,0,0,0
5763,Joe Bob,LB,Portal,3,0,0,0,0,0,0,0,0,0,0,0
5764,Joe Bob,S,Portal,3,0,0,0,0,0,0,0,0,0,0,0
5765,Joe Bob,TE,Portal,3,0,0,0,0,0,0,0,0,0,0,0
5766,Joe Bob,RB,Portal,4,0,0,0,0,0,0,0,0,0,0,0
5767,Joe Bob,WR,Portal,3,0,0,0,0,0,0,0,0,0,0,0
5768,Joe Bob,OT,Portal,1,0,0,0,0,0,0,0,0,0,0,0
5769,Joe Bob,C,Portal,4,0,0,0,0,0,0,0,0,0,0,0
5770,Joe Bob,CB,Portal,4,0,0,0,0,0,0,0,0,0,0,0
5771,Joe Bob,OT,Portal,3,0,0,0,0,0,0,0,0,0,0,0
5772,Joe Bob,S,Portal,4,0,0,0,0,0,0,0,0,0,0,0
5773,Joe Bob,OG,Portal,2,0,0,0,0,0,0,0,0,0,0,0
5775,Joe Bob,EDGE,Portal,1,0,0,0,0,0,0,0,0,0,0,0
5825,Joe Bob,C,Portal,2,0,0,0,0,0,0,0,0,0,0,0
5826,Joe Bob,OG,Portal,4,0,0,0,0,0,0,0,0,0,0,0
5828,Joe Bob,LB,Portal,3,0,0,0,0,0,0,0,0,0,0,0
5829,Joe Bob,S,Portal,1,0,0,0,0,0,0,0,0,0,0,0
5830,Joe Bob,S,Portal,3,0,0,0,0,0,0,0,0,0,0,0
5831,Joe Bob,S,Portal,3,0,0,0,0,0,0,0,0,0,0,0
5833,Joe Bob,QB,Portal,4,0,0,0,0,0,0,0,0,0,0,0
5835,Joe Bob,FB,Portal,3,0,0,0,0,0,0,0,0,0,0,0
5836,Joe Bob,DL,Portal,4,0,0,0,0,0,0,0,0,0,0,0
5839,Joe Bob,OG,Portal,4,0,0,0,0,0,0,0,0,0,0,0
5840,Joe Bob,WR,Portal,1,0,0,0,0,0,0,0,0,0,0,0
5841,Joe Bob,P,Portal,1,0,0,0,0,0,0,0,0,0,0,0
5842,Joe Bob,P,Portal,4,0,0,0,0,0,0,0,0,0,0,0
5843,Joe Bob,K,Portal,2,0,0,0,0,0,0,0,0,0,0,0
5844,Joe Bob,K,Portal,2,0,0,0,0,0,0,0,0,0,0,0
5846,Joe Bob,LB,Portal,1,0,0,0,0,0,0,0,0,0,0,0
5847,Joe Bob,CB,Portal,3,0,0,0,0,0,0,0,0,0,0,0
5848,Joe Bob,EDGE,Portal,4,0,0,0,0,0,0,0,0,0,0,0
5849,Joe Bob,LB,Portal,4,0,0,0,0,0,0,0,0,0,0,0
5850,Joe Bob,DL,Portal,3,0,0,0,0,0,0,0,0,0,0,0
5902,Joe Bob,S,Portal,1,0,0,0,0,0,0,0,0,0,0,0
5903,Joe Bob,EDGE,Portal,3,0,0,0,0,0,0,0,0,0,0,0
5904,Joe Bob,QB,Portal,2,0,0,0,0,0,0,0,0,0,0,0
5905,Joe Bob,QB,Portal,3,0,0,0,0,0,0,0,0,0,0,0
5907,Joe Bob,S,Portal,4,0,0,0,0,0,0,0,0,0,0,0
5908,Joe Bob,TE,Portal,3,0,0,0,0,0,0,0,0,0,0,0
5909,Joe Bob,TE,Portal,3,0,0,0,0,0,0,0,0,0,0,0
5910,Joe Bob,RB,Portal,1,0,0,0,0,0,0,0,0,0,0,0
5912,Joe Bob,QB,Portal,4,0,0,0,0,0,0,0,0,0,0,0
5913,Joe Bob,P,Portal,4,0,0,0,0,0,0,0,0,0,0,0
5914,Joe Bob,OG,Portal,1,0,0,0,0,0,0,0,0,0,0,0
5916,Joe Bob,C,Portal,3,0,0,0,0,0,0,0,0,0,0,0
5917,Joe Bob,OG,Portal,2,0,0,0,0,0,0,0,0,0,0,0
5918,Joe Bob,LB,Portal,1,0,0,0,0,0,0,0,0,0,0,0
5919,Joe Bob,WR,Portal,2,0,0,0,0,0,0,0,0,0,0,0
5920,Joe Bob,S,Portal,4,0,0,0,0,0,0,0,0,0,0,0
5921,Joe Bob,TE,Portal,4,0,0,0,0,0,0,0,0,0,0,0
5922,Joe Bob,DL,Portal,3,0,0,0,0,0,0,0,0,0,0,0
5923,Joe Bob,WR,Portal,3,0,0,0,0,0,0,0,0,0,0,0
5925,Joe Bob,WR,Portal,4,0,0,0,0,0,0,0,0,0,0,0
5974,Joe Bob,C,Portal,2,0,0,0,0,0,0,0,0,0,0,0
5977,Joe Bob,TE,Portal,3,0,0,0,0,0,0,0,0,0,0,0
5979,Joe Bob,OT,Portal,3,0,0,0,0,0,0,0,0,0,0,0
5980,Joe Bob,DL,Portal,2,0,0,0,0,0,0,0,0,0,0,0
5982,Joe Bob,QB,Portal,3,0,0,0,0,0,0,0,0,0,0,0
5983,Joe Bob,EDGE,Portal,3,0,0,0,0,0,0,0,0,0,0,0
5984,Joe Bob,EDGE,Portal,4,0,0,0,0,0,0,0,0,0,0,0
5985,Joe Bob,OT,Portal,4,0,0,0,0,0,0,0,0,0,0,0
5986,Joe Bob,OT,Portal,4,0,0,0,0,0,0,0,0,0,0,0
5989,Joe Bob,C,Portal,1,0,0,0,0,0,0,0,0,0,0,0
5991,Joe Bob,EDGE,Portal,2,0,0,0,0,0,0,0,0,0,0,0
5992,Joe Bob,S,Portal,3,0,0,0,0,0,0,0,0,0,0,0
5993,Joe Bob,DL,Portal,2,0,0,0,0,0,0,0,0,0,0,0
5994,Joe Bob,CB,Portal,3,0,0,0,0,0,0,0,0,0,0,0
5995,Joe Bob,QB,Portal,1,0,0,0,0,0,0,0,0,0,0,0
5996,Joe Bob,DL,Portal,3,0,0,0,0,0,0,0,0,0,0,0
5997,Joe Bob,EDGE,Portal,4,0,0,0,0,0,0,0,0,0,0,0
5998,Joe Bob,OT,Portal,3,0,0,0,0,0,0,0,0,0,0,0
5999,Joe Bob,EDGE,Portal,3,0,0,0,0,0,0,0,0,0,0,0
6000,Joe Bob,WR,Portal,4,0,0,0,0,0,0,0,0,0,0,0
6054,Joe Bob,RB,Portal,4,0,0,0,0,0,0,0,0,0,0,0
6055,Joe Bob,WR,Portal,4,0,0,0,0,0,0,0,0,0,0,0
6056,Joe Bob,EDGE,Portal,4,0,0,0,0,0,0,0,0,0,0,0
6058,Joe Bob,K,Portal,3,0,0,0,0,0,0,0,0,0,0,0
6059,Joe Bob,OT,Portal,2,0,0,0,0,0,0,0,0,0,0,0
6060,Joe Bob,S,Portal,1,0,0,0,0,0,0,0,0,0,0,0
6061,Joe Bob,OG,Portal,2,0,0,0,0,0,0,0,0,0,0,0
6062,Joe Bob,EDGE,Portal,1,0,0,0,0,0,0,0,0,0,0,0
6064,Joe Bob,LB,Portal,3,0,0,0,0,0,0,0,0,0,0,0
6065,Joe Bob,WR,Portal,2,0,0,0,0,0,0,0,0,0,0,0
6066,Joe Bob,TE,Portal,2,0,0,0,0,0,0,0,0,0,0,0
6067,Joe Bob,RB,Portal,2,0,0,0,0,0,0,0,0,0,0,0
6068,Joe Bob,EDGE,Portal,3,0,0,0,0,0,0,0,0,0,0,0
6069,Joe Bob,EDGE,Portal,4,0,0,0,0,0,0,0,0,0,0,0
6070,Joe Bob,WR,Portal,4,0,0,0,0,0,0,0,0,0,0,0
6071,Joe Bob,LB,Portal,3,0,0,0,0,0,0,0,0,0,0,0
6072,Joe Bob,OG,Portal,3,0,0,0,0,0,0,0,0,0,0,0
6073,Joe Bob,QB,Portal,4,0,0,0,0,0,0,0,0,0,0,0
6074,Joe Bob,WR,Portal,1,0,0,0,0,0,0,0,0,0,0,0
6075,Joe Bob,S,Portal,4,0,0,0,0,0,0,0,0,0,0,0
6128,Joe Bob,QB,Portal,4,0,0,0,0,0,0,0,0,0,0,0
6131,Joe Bob,TE,Portal,2,0,0,0,0,0,0,0,0,0,0,0
6132,Joe Bob,FB,Portal,1,0,0,0,0,0,0,0,0,0,0,0
6133,Joe Bob,WR,Portal,2,0,0,0,0,0,0,0,0,0,0,0
6134,Joe Bob,EDGE,Portal,1,0,0,0,0,0,0,0,0,0,0,0
6135,Joe Bob,LB,Portal,3,0,0,0,0,0,0,0,0,0,0,0
6136,Joe Bob,CB,Portal,2,0,0,0,0,0,0,0,0,0,0,0
6137,Joe Bob,RB,Portal,3,0,0,0,0,0,0,0,0,0,0,0
6138,Joe Bob,CB,Portal,2,0,0,0,0,0,0,0,0,0,0,0
6139,Joe Bob,EDGE,Portal,2,0,0,0,0,0,0,0,0,0,0,0
6140,Joe Bob,DL,Portal,4,0,0,0,0,0,0,0,0,0,0,0
6141,Joe Bob,LB,Portal,4,0,0,0,0,0,0,0,0,0,0,0
6142,Joe Bob,CB,Portal,3,0,0,0,0,0,0,0,0,0,0,0
6143,Joe Bob,LB,Portal,4,0,0,0,0,0,0,0,0,0,0,0
6144,Joe Bob,OG,Portal,4,0,0,0,0,0,0,0,0,0,0,0
6145,Joe Bob,TE,Portal,4,0,0,0,0,0,0,0,0,0,0,0
6147,Joe Bob,S,Portal,4,0,0,0,0,0,0,0,0,0,0,0
6148,Joe Bob,FB,Portal,2,0,0,0,0,0,0,0,0,0,0,0
6149,Joe Bob,C,Portal,4,0,0,0,0,0,0,0,0,0,0,0
6150,Joe Bob,TE,Portal,2,0,0,0,0,0,0,0,0,0,0,0
6201,Joe Bob,TE,Portal,3,0,0,0,0,0,0,0,0,0,0,0
6202,Joe Bob,CB,Portal,2,0,0,0,0,0,0,0,0,0,0,0
6203,Joe Bob,OG,Portal,1,0,0,0,0,0,0,0,0,0,0,0
6206,Joe Bob,TE,Portal,1,0,0,0,0,0,0,0,0,0,0,0
6207,Joe Bob,S,Portal,3,0,0,0,0,0,0,0,0,0,0,0
6208,Joe Bob,S,Portal,3,0,0,0,0,0,0,0,0,0,0,0
6209,Joe Bob,DL,Portal,2,0,0,0,0,0,0,0,0,0,0,0
6210,Joe Bob,S,Portal,3,0,0,0,0,0,0,0,0,0,0,0
6212,Joe Bob,EDGE,Portal,3,0,0,0,0,0,0,0,0,0,0,0
6213,Joe Bob,S,Portal,4,0,0,0,0,0,0,0,0,0,0,0
6214,Joe Bob,OT,Portal,3,0,0,0,0,0,0,0,0,0,0,0
6215,Joe Bob,DL,Portal,1,0,0,0,0,0,0,0,0,0,0,0
6216,Joe Bob,WR,Portal,3,0,0,0,0,0,0,0,0,0,0,0
6219,Joe Bob,OT,Portal,4,0,0,0,0,0,0,0,0,0,0,0
6220,Joe Bob,OT,Portal,2,0,0,0,0,0,0,0,0,0,0,0
6221,Joe Bob,K,Portal,4,0,0,0,0,0,0,0,0,0,0,0
6222,Joe Bob,OG,Portal,1,0,0,0,0,0,0,0,0,0,0,0
6223,Joe Bob,K,Portal,2,0,0,0,0,0,0,0,0,0,0,0
6224,Joe Bob,S,Portal,2,0,0,0,0,0,0,0,0,0,0,0
6225,Joe Bob,DL,Portal,2,0,0,0,0,0,0,0,0,0,0,0
6276,Joe Bob,OG,Portal,4,0,0,0,0,0,0,0,0,0,0,0
6277,Joe Bob,OT,Portal,4,0,0,0,0,0,0,0,0,0,0,0
6278,Joe Bob,TE,Portal,4,0,0,0,0,0,0,0,0,0,0,0
6279,Joe Bob,OT,Portal,1,0,0,0,0,0,0,0,0,0,0,0
6281,Joe Bob,LB,Portal,4,0,0,0,0,0,0,0,0,0,0,0
6282,Joe Bob,WR,Portal,3,0,0,0,0,0,0,0,0,0,0,0
6283,Joe Bob,LB,Portal,1,0,0,0,0,0,0,0,0,0,0,0
6284,Joe Bob,P,Portal,3,0,0,0,0,0,0,0,0,0,0,0
6286,Joe Bob,DL,Portal,3,0,0,0,0,0,0,0,0,0,0,0
6287,Joe Bob,TE,Portal,4,0,0,0,0,0,0,0,0,0,0,0
6290,Joe Bob,QB,Portal,3,0,0,0,0,0,0,0,0,0,0,0
6291,Joe Bob,OT,Portal,3,0,0,0,0,0,0,0,0,0,0,0
6292,Joe Bob,RB,Portal,4,0,0,0,0,0,0,0,0,0,0,0
6293,Joe Bob,WR,Portal,4,0,0,0,0,0,0,0,0,0,0,0
6294,Joe Bob,OT,Portal,1,0,0,0,0,0,0,0,0,0,0,0
6295,Joe Bob,OT,Portal,1,0,0,0,0,0,0,0,0,0,0,0
6296,Joe Bob,S,Portal,4,0,0,0,0,0,0,0,0,0,0,0
6298,Joe Bob,LB,Portal,3,0,0,0,0,0,0,0,0,0,0,0
6299,Joe Bob,OT,Portal,1,0,0,0,0,0,0,0,0,0,0,0
6300,Joe Bob,OT,Portal,1,0,0,0,0,0,0,0,0,0,0,0
6354,Joe Bob,WR,Portal,3,0,0,0,0,0,0,0,0,0,0,0
6355,Joe Bob,EDGE,Portal,4,0,0,0,0,0,0,0,0,0,0,0
6356,Joe Bob,C,Portal,3,0,0,0,0,0,0,0,0,0,0,0
6357,Joe Bob,CB,Portal,2,0,0,0,0,0,0,0,0,0,0,0
6358,Joe Bob,FB,Portal,2,0,0,0,0,0,0,0,0,0,0,0
6359,Joe Bob,LB,Portal,4,0,0,0,0,0,0,0,0,0,0,0
6360,Joe Bob,EDGE,Portal,2,0,0,0,0,0,0,0,0,0,0,0
6361,Joe Bob,FB,Portal,3,0,0,0,0,0,0,0,0,0,0,0
6362,Joe Bob,CB,Portal,4,0,0,0,0,0,0,0,0,0,0,0
6363,Joe Bob,C,Portal,3,0,0,0,0,0,0,0,0,0,0,0
6364,Joe Bob,WR,Portal,2,0,0,0,0,0,0,0,0,0,0,0
6365,Joe Bob,WR,Portal,3,0,0,0,0,0,0,0,0,0,0,0
6366,Joe Bob,WR,Portal,1,0,0,0,0,0,0,0,0,0,0,0
6367,Joe Bob,DL,Portal,4,0,0,0,0,0,0,0,0,0,0,0
6368,Joe Bob,S,Portal,3,0,0,0,0,0,0,0,0,0,0,0
6369,Joe Bob,OT,Portal,2,0,0,0,0,0,0,0,0,0,0,0
6370,Joe Bob,C,Portal,3,0,0,0,0,0,0,0,0,0,0,0
6372,Joe Bob,WR,Portal,4,0,0,0,0,0,0,0,0,0,0,0
6373,Joe Bob,CB,Portal,1,0,0,0,0,0,0,0,0,0,0,0
6374,Joe Bob,LB,Portal,3,0,0,0,0,0,0,0,0,0,0,0
6430,Joe Bob,DL,Portal,3,0,0,0,0,0,0,0,0,0,0,0
6431,Joe Bob,WR,Portal,4,0,0,0,0,0,0,0,0,0,0,0
6432,Joe Bob,LB,Portal,2,0,0,0,0,0,0,0,0,0,0,0
6433,Joe Bob,DL,Portal,3,0,0,0,0,0,0,0,0,0,0,0
6434,Joe Bob,DL,Portal,3,0,0,0,0,0,0,0,0,0,0,0
6435,Joe Bob,C,Portal,3,0,0,0,0,0,0,0,0,0,0,0
6436,Joe Bob,WR,Portal,1,0,0,0,0,0,0,0,0,0,0,0
6437,Joe Bob,OG,Portal,3,0,0,0,0,0,0,0,0,0,0,0
6439,Joe Bob,RB,Portal,3,0,0,0,0,0,0,0,0,0,0,0
6440,Joe Bob,WR,Portal,4,0,0,0,0,0,0,0,0,0,0,0
6441,Joe Bob,K,Portal,1,0,0,0,0,0,0,0,0,0,0,0
6442,Joe Bob,WR,Portal,4,0,0,0,0,0,0,0,0,0,0,0
6443,Joe Bob,QB,Portal,1,0,0,0,0,0,0,0,0,0,0,0
6444,Joe Bob,S,Portal,4,0,0,0,0,0,0,0,0,0,0,0
6445,Joe Bob,CB,Portal,4,0,0,0,0,0,0,0,0,0,0,0
6446,Joe Bob,CB,Portal,2,0,0,0,0,0,0,0,0,0,0,0
6447,Joe Bob,P,Portal,1,0,0,0,0,0,0,0,0,0,0,0
6448,Joe Bob,CB,Portal,1,0,0,0,0,0,0,0,0,0,0,0
6449,Joe Bob,LB,Portal,2,0,0,0,0,0,0,0,0,0,0,0
6450,Joe Bob,EDGE,Portal,2,0,0,0,0,0,0,0,0,0,0,0
6502,Joe Bob,EDGE,Portal,2,0,0,0,0,0,0,0,0,0,0,0
6503,Joe Bob,EDGE,Portal,4,0,0,0,0,0,0,0,0,0,0,0
6505,Joe Bob,CB,Portal,2,0,0,0,0,0,0,0,0,0,0,0
6507,Joe Bob,OT,Portal,3,0,0,0,0,0,0,0,0,0,0,0
6508,Joe Bob,WR,Portal,3,0,0,0,0,0,0,0,0,0,0,0
6509,Joe Bob,LB,Portal,1,0,0,0,0,0,0,0,0,0,0,0
6510,Joe Bob,P,Portal,3,0,0,0,0,0,0,0,0,0,0,0
6511,Joe Bob,OT,Portal,2,0,0,0,0,0,0,0,0,0,0,0
6513,Joe Bob,QB,Portal,4,0,0,0,0,0,0,0,0,0,0,0
6515,Joe Bob,EDGE,Portal,4,0,0,0,0,0,0,0,0,0,0,0
6516,Joe Bob,OT,Portal,4,0,0,0,0,0,0,0,0,0,0,0
6517,Joe Bob,P,Portal,4,0,0,0,0,0,0,0,0,0,0,0
6518,Joe Bob,OT,Portal,1,0,0,0,0,0,0,0,0,0,0,0
6519,Joe Bob,C,Portal,4,0,0,0,0,0,0,0,0,0,0,0
6520,Joe Bob,WR,Portal,2,0,0,0,0,0,0,0,0,0,0,0
6521,Joe Bob,P,Portal,4,0,0,0,0,0,0,0,0,0,0,0
6522,Joe Bob,S,Portal,1,0,0,0,0,0,0,0,0,0,0,0
6523,Joe Bob,OG,Portal,3,0,0,0,0,0,0,0,0,0,0,0
6524,Joe Bob,LB,Portal,1,0,0,0,0,0,0,0,0,0,0,0
6525,Joe Bob,OG,Portal,2,0,0,0,0,0,0,0,0,0,0,0
6573,Joe Bob,OT,Portal,1,0,0,0,0,0,0,0,0,0,0,0
6576,Joe Bob,LB,Portal,4,0,0,0,0,0,0,0,0,0,0,0
6578,Joe Bob,EDGE,Portal,4,0,0,0,0,0,0,0,0,0,0,0
6579,Joe Bob,S,Portal,2,0,0,0,0,0,0,0,0,0,0,0
6580,Joe Bob,LB,Portal,3,0,0,0,0,0,0,0,0,0,0,0
6582,Joe Bob,LB,Portal,2,0,0,0,0,0,0,0,0,0,0,0
6583,Joe Bob,EDGE,Portal,3,0,0,0,0,0,0,0,0,0,0,0
6584,Joe Bob,OT,Portal,1,0,0,0,0,0,0,0,0,0,0,0
6585,Joe Bob,LB,Portal,4,0,0,0,0,0,0,0,0,0,0,0
6586,Joe Bob,LB,Portal,4,0,0,0,0,0,0,0,0,0,0,0
6587,Joe Bob,RB,Portal,4,0,0,0,0,0,0,0,0,0,0,0
6588,Joe Bob,OT,Portal,3,0,0,0,0,0,0,0,0,0,0,0
6589,Joe Bob,TE,Portal,3,0,0,0,0,0,0,0,0,0,0,0
6590,Joe Bob,OT,Portal,2,0,0,0,0,0,0,0,0,0,0,0
6591,Joe Bob,C,Portal,4,0,0,0,0,0,0,0,0,0,0,0
6594,Joe Bob,TE,Portal,4,0,0,0,0,0,0,0,0,0,0,0
6596,Joe Bob,S,Portal,2,0,0,0,0,0,0,0,0,0,0,0
6597,Joe Bob,CB,Portal,1,0,0,0,0,0,0,0,0,0,0,0
6599,Joe Bob,CB,Portal,2,0,0,0,0,0,0,0,0,0,0,0
6600,Joe Bob,DL,Portal,3,0,0,0,0,0,0,0,0,0,0,0
6653,Joe Bob,CB,Portal,3,0,0,0,0,0,0,0,0,0,0,0
6654,Joe Bob,DL,Portal,2,0,0,0,0,0,0,0,0,0,0,0
6655,Joe Bob,DL,Portal,3,0,0,0,0,0,0,0,0,0,0,0
6656,Joe Bob,WR,Portal,2,0,0,0,0,0,0,0,0,0,0,0
6658,Joe Bob,WR,Portal,3,0,0,0,0,0,0,0,0,0,0,0
6659,Joe Bob,S,Portal,4,0,0,0,0,0,0,0,0,0,0,0
6660,Joe Bob,K,Portal,4,0,0,0,0,0,0,0,0,0,0,0
6661,Joe Bob,OT,Portal,3,0,0,0,0,0,0,0,0,0,0,0
6662,Joe Bob,OG,Portal,4,0,0,0,0,0,0,0,0,0,0,0
6664,Joe Bob,WR,Portal,4,0,0,0,0,0,0,0,0,0,0,0
6665,Joe Bob,S,Portal,4,0,0,0,0,0,0,0,0,0,0,0
6667,Joe Bob,LB,Portal,2,0,0,0,0,0,0,0,0,0,0,0
6668,Joe Bob,QB,Portal,2,0,0,0,0,0,0,0,0,0,0,0
6669,Joe Bob,TE,Portal,1,0,0,0,0,0,0,0,0,0,0,0
6670,Joe Bob,LB,Portal,3,0,0,0,0,0,0,0,0,0,0,0
6671,Joe Bob,DL,Portal,3,0,0,0,0,0,0,0,0,0,0,0
6672,Joe Bob,P,Portal,3,0,0,0,0,0,0,0,0,0,0,0
6673,Joe Bob,OG,Portal,3,0,0,0,0,0,0,0,0,0,0,0
6674,Joe Bob,S,Portal,3,0,0,0,0,0,0,0,0,0,0,0
6675,Joe Bob,WR,Portal,2,0,0,0,0,0,0,0,0,0,0,0
6724,Joe Bob,CB,Portal,3,0,0,0,0,0,0,0,0,0,0,0
6725,Joe Bob,LB,Portal,2,0,0,0,0,0,0,0,0,0,0,0
6728,Joe Bob,OT,Portal,3,0,0,0,0,0,0,0,0,0,0,0
6729,Joe Bob,LB,Portal,4,0,0,0,0,0,0,0,0,0,0,0
6730,Joe Bob,WR,Portal,4,0,0,0,0,0,0,0,0,0,0,0
6731,Joe Bob,EDGE,Portal,4,0,0,0,0,0,0,0,0,0,0,0
6733,Joe Bob,OG,Portal,4,0,0,0,0,0,0,0,0,0,0,0
6734,Joe Bob,OG,Portal,4,0,0,0,0,0,0,0,0,0,0,0
6736,Joe Bob,WR,Portal,1,0,0,0,0,0,0,0,0,0,0,0
6737,Joe Bob,TE,Portal,4,0,0,0,0,0,0,0,0,0,0,0
6738,Joe Bob,EDGE,Portal,2,0,0,0,0,0,0,0,0,0,0,0
6739,Joe Bob,OT,Portal,2,0,0,0,0,0,0,0,0,0,0,0
6741,Joe Bob,S,Portal,2,0,0,0,0,0,0,0,0,0,0,0
6743,Joe Bob,QB,Portal,3,0,0,0,0,0,0,0,0,0,0,0
6744,Joe Bob,S,Portal,3,0,0,0,0,0,0,0,0,0,0,0
6745,Joe Bob,WR,Portal,2,0,0,0,0,0,0,0,0,0,0,0
6746,Joe Bob,CB,Portal,4,0,0,0,0,0,0,0,0,0,0,0
6747,Joe Bob,WR,Portal,1,0,0,0,0,0,0,0,0,0,0,0
6748,Joe Bob,LB,Portal,1,0,0,0,0,0,0,0,0,0,0,0
6750,Joe Bob,OG,Portal,1,0,0,0,0,0,0,0,0,0,0,0
6800,Joe Bob,LB,Portal,2,0,0,0,0,0,0,0,0,0,0,0
6801,Joe Bob,EDGE,Portal,3,0,0,0,0,0,0,0,0,0,0,0
6802,Joe Bob,EDGE,Portal,3,0,0,0,0,0,0,0,0,0,0,0
6803,Joe Bob,LB,Portal,3,0,0,0,0,0,0,0,0,0,0,0
6805,Joe Bob,WR,Portal,3,0,0,0,0,0,0,0,0,0,0,0
6807,Joe Bob,OT,Portal,3,0,0,0,0,0,0,0,0,0,0,0
6808,Joe Bob,QB,Portal,3,0,0,0,0,0,0,0,0,0,0,0
6809,Joe Bob,WR,Portal,4,0,0,0,0,0,0,0,0,0,0,0
6812,Joe Bob,CB,Portal,4,0,0,0,0,0,0,0,0,0,0,0
6814,Joe Bob,S,Portal,4,0,0,0,0,0,0,0,0,0,0,0
6815,Joe Bob,OT,Portal,2,0,0,0,0,0,0,0,0,0,0,0
6816,Joe Bob,CB,Portal,2,0,0,0,0,0,0,0,0,0,0,0
6817,Joe Bob,LB,Portal,2,0,0,0,0,0,0,0,0,0,0,0
6819,Joe Bob,DL,Portal,3,0,0,0,0,0,0,0,0,0,0,0
6820,Joe Bob,CB,Portal,1,0,0,0,0,0,0,0,0,0,0,0
6821,Joe Bob,OT,Portal,4,0,0,0,0,0,0,0,0,0,0,0
6822,Joe Bob,WR,Portal,4,0,0,0,0,0,0,0,0,0,0,0
6823,Joe Bob,WR,Portal,1,0,0,0,0,0,0,0,0,0,0,0
6824,Joe Bob,C,Portal,4,0,0,0,0,0,0,0,0,0,0,0
6825,Joe Bob,WR,Portal,4,0,0,0,0,0,0,0,0,0,0,0
6878,Joe Bob,LB,Portal,4,0,0,0,0,0,0,0,0,0,0,0
6879,Joe Bob,OG,Portal,3,0,0,0,0,0,0,0,0,0,0,0
6880,Joe Bob,LB,Portal,4,0,0,0,0,0,0,0,0,0,0,0
6881,Joe Bob,P,Portal,3,0,0,0,0,0,0,0,0,0,0,0
6884,Joe Bob,EDGE,Portal,1,0,0,0,0,0,0,0,0,0,0,0
6885,Joe Bob,EDGE,Portal,1,0,0,0,0,0,0,0,0,0,0,0
6886,Joe Bob,S,Portal,4,0,0,0,0,0,0,0,0,0,0,0
6887,Joe Bob,OG,Portal,3,0,0,0,0,0,0,0,0,0,0,0
6888,Joe Bob,P,Portal,2,0,0,0,0,0,0,0,0,0,0,0
6889,Joe Bob,LB,Portal,3,0,0,0,0,0,0,0,0,0,0,0
6890,Joe Bob,S,Portal,4,0,0,0,0,0,0,0,0,0,0,0
6891,Joe Bob,WR,Portal,2,0,0,0,0,0,0,0,0,0,0,0
6892,Joe Bob,EDGE,Portal,4,0,0,0,0,0,0,0,0,0,0,0
6893,Joe Bob,EDGE,Portal,4,0,0,0,0,0,0,0,0,0,0,0
6894,Joe Bob,CB,Portal,3,0,0,0,0,0,0,0,0,0,0,0
6895,Joe Bob,S,Portal,1,0,0,0,0,0,0,0,0,0,0,0
6896,Joe Bob,C,Portal,3,0,0,0,0,0,0,0,0,0,0,0
6898,Joe Bob,EDGE,Portal,1,0,0,0,0,0,0,0,0,0,0,0
6899,Joe Bob,S,Portal,1,0,0,0,0,0,0,0,0,0,0,0
6900,Joe Bob,C,Portal,3,0,0,0,0,0,0,0,0,0,0,0
6950,Joe Bob,EDGE,Portal,1,0,0,0,0,0,0,0,0,0,0,0
6951,Joe Bob,S,Portal,3,0,0,0,0,0,0,0,0,0,0,0
6952,Joe Bob,S,Portal,1,0,0,0,0,0,0,0,0,0,0,0
6953,Joe Bob,OG,Portal,3,0,0,0,0,0,0,0,0,0,0,0
6954,Joe Bob,OT,Portal,1,0,0,0,0,0,0,0,0,0,0,0
6955,Joe Bob,OT,Portal,4,0,0,0,0,0,0,0,0,0,0,0
6957,Joe Bob,OG,Portal,3,0,0,0,0,0,0,0,0,0,0,0
6960,Joe Bob,S,Portal,4,0,0,0,0,0,0,0,0,0,0,0
6961,Joe Bob,C,Portal,2,0,0,0,0,0,0,0,0,0,0,0
6963,Joe Bob,EDGE,Portal,3,0,0,0,0,0,0,0,0,0,0,0
6964,Joe Bob,OT,Portal,4,0,0,0,0,0,0,0,0,0,0,0
6966,Joe Bob,C,Portal,3,0,0,0,0,0,0,0,0,0,0,0
6967,Joe Bob,QB,Portal,1,0,0,0,0,0,0,0,0,0,0,0
6968,Joe Bob,OT,Portal,3,0,0,0,0,0,0,0,0,0,0,0
6969,Joe Bob,OT,Portal,1,0,0,0,0,0,0,0,0,0,0,0
6971,Joe Bob,S,Portal,1,0,0,0,0,0,0,0,0,0,0,0
6972,Joe Bob,CB,Portal,2,0,0,0,0,0,0,0,0,0,0,0
6973,Joe Bob,K,Portal,1,0,0,0,0,0,0,0,0,0,0,0
6974,Joe Bob,S,Portal,1,0,0,0,0,0,0,0,0,0,0,0
6975,Joe Bob,CB,Portal,2,0,0,0,0,0,0,0,0,0,0,0
7023,Joe Bob,WR,Portal,4,0,0,0,0,0,0,0,0,0,0,0
7024,Joe Bob,WR,Portal,1,0,0,0,0,0,0,0,0,0,0,0
7025,Joe Bob,WR,Portal,1,0,0,0,0,0,0,0,0,0,0,0
7028,Joe Bob,OG,Portal,2,0,0,0,0,0,0,0,0,0,0,0
7030,Joe Bob,CB,Portal,1,0,0,0,0,0,0,0,0,0,0,0
7031,Joe Bob,CB,Portal,2,0,0,0,0,0,0,0,0,0,0,0
7032,Joe Bob,CB,Portal,4,0,0,0,0,0,0,0,0,0,0,0
7033,Joe Bob,WR,Portal,2,0,0,0,0,0,0,0,0,0,0,0
7034,Joe Bob,LB,Portal,4,0,0,0,0,0,0,0,0,0,0,0
7036,Joe Bob,EDGE,Portal,4,0,0,0,0,0,0,0,0,0,0,0
7037,Joe Bob,WR,Portal,4,0,0,0,0,0,0,0,0,0,0,0
7038,Joe Bob,WR,Portal,4,0,0,0,0,0,0,0,0,0,0,0
7039,Joe Bob,OG,Portal,1,0,0,0,0,0,0,0,0,0,0,0
7040,Joe Bob,K,Portal,3,0,0,0,0,0,0,0,0,0,0,0
7042,Joe Bob,OG,Portal,1,0,0,0,0,0,0,0,0,0,0,0
7043,Joe Bob,P,Portal,2,0,0,0,0,0,0,0,0,0,0,0
7044,Joe Bob,CB,Portal,1,0,0,0,0,0,0,0,0,0,0,0
7047,Joe Bob,CB,Portal,1,0,0,0,0,0,0,0,0,0,0,0
7048,Joe Bob,LB,Portal,2,0,0,0,0,0,0,0,0,0,0,0
7049,Joe Bob,CB,Portal,3,0,0,0,0,0,0,0,0,0,0,0
7100,Joe Bob,LB,Portal,4,0,0,0,0,0,0,0,0,0,0,0
7103,Joe Bob,C,Portal,3,0,0,0,0,0,0,0,0,0,0,0
7104,Joe Bob,S,Portal,1,0,0,0,0,0,0,0,0,0,0,0
7106,Joe Bob,CB,Portal,3,0,0,0,0,0,0,0,0,0,0,0
7107,Joe Bob,QB,Portal,1,0,0,0,0,0,0,0,0,0,0,0
7108,Joe Bob,TE,Portal,3,0,0,0,0,0,0,0,0,0,0,0
7109,Joe Bob,S,Portal,2,0,0,0,0,0,0,0,0,0,0,0
7110,Joe Bob,WR,Portal,3,0,0,0,0,0,0,0,0,0,0,0
7111,Joe Bob,EDGE,Portal,4,0,0,0,0,0,0,0,0,0,0,0
7112,Joe Bob,QB,Portal,2,0,0,0,0,0,0,0,0,0,0,0
7113,Joe Bob,WR,Portal,4,0,0,0,0,0,0,0,0,0,0,0
7114,Joe Bob,DL,Portal,3,0,0,0,0,0,0,0,0,0,0,0
7115,Joe Bob,TE,Portal,4,0,0,0,0,0,0,0,0,0,0,0
7116,Joe Bob,WR,Portal,2,0,0,0,0,0,0,0,0,0,0,0
7119,Joe Bob,WR,Portal,1,0,0,0,0,0,0,0,0,0,0,0
7120,Joe Bob,LB,Portal,4,0,0,0,0,0,0,0,0,0,0,0
7121,Joe Bob,OG,Portal,3,0,0,0,0,0,0,0,0,0,0,0
7122,Joe Bob,K,Portal,4,0,0,0,0,0,0,0,0,0,0,0
7123,Joe Bob,P,Portal,3,0,0,0,0,0,0,0,0,0,0,0
7124,Joe Bob,DL,Portal,1,0,0,0,0,0,0,0,0,0,0,0
7174,Joe Bob,CB,Portal,3,0,0,0,0,0,0,0,0,0,0,0
7175,Joe Bob,OG,Portal,2,0,0,0,0,0,0,0,0,0,0,0
7177,Joe Bob,EDGE,Portal,1,0,0,0,0,0,0,0,0,0,0,0
7178,Joe Bob,LB,Portal,3,0,0,0,0,0,0,0,0,0,0,0
7180,Joe Bob,LB,Portal,2,0,0,0,0,0,0,0,0,0,0,0
7181,Joe Bob,TE,Portal,3,0,0,0,0,0,0,0,0,0,0,0
7185,Joe Bob,DL,Portal,3,0,0,0,0,0,0,0,0,0,0,0
7186,Joe Bob,EDGE,Portal,4,0,0,0,0,0,0,0,0,0,0,0
7187,Joe Bob,TE,Portal,3,0,0,0,0,0,0,0,0,0,0,0
7188,Joe Bob,WR,Portal,2,0,0,0,0,0,0,0,0,0,0,0
7191,Joe Bob,P,Portal,4,0,0,0,0,0,0,0,0,0,0,0
7192,Joe Bob,TE,Portal,1,0,0,0,0,0,0,0,0,0,0,0
7193,Joe Bob,CB,Portal,3,0,0,0,0,0,0,0,0,0,0,0
7194,Joe Bob,K,Portal,2,0,0,0,0,0,0,0,0,0,0,0
7195,Joe Bob,CB,Portal,1,0,0,0,0,0,0,0,0,0,0,0
7196,Joe Bob,DL,Portal,3,0,0,0,0,0,0,0,0,0,0,0
7197,Joe Bob,LB,Portal,1,0,0,0,0,0,0,0,0,0,0,0
7198,Joe Bob,LB,Portal,3,0,0,0,0,0,0,0,0,0,0,0
7199,Joe Bob,S,Portal,3,0,0,0,0,0,0,0,0,0,0,0
7200,Joe Bob,LB,Portal,1,0,0,0,0,0,0,0,0,0,0,0
7250,Joe Bob,QB,Portal,2,0,0,0,0,0,0,0,0,0,0,0
7252,Joe Bob,S,Portal,3,0,0,0,0,0,0,0,0,0,0,0
7254,Joe Bob,OT,Portal,2,0,0,0,0,0,0,0,0,0,0,0
7255,Joe Bob,QB,Portal,4,0,0,0,0,0,0,0,0,0,0,0
7256,Joe Bob,WR,Portal,3,0,0,0,0,0,0,0,0,0,0,0
7258,Joe Bob,C,Portal,4,0,0,0,0,0,0,0,0,0,0,0
7259,Joe Bob,OT,Portal,4,0,0,0,0,0,0,0,0,0,0,0
7260,Joe Bob,WR,Portal,4,0,0,0,0,0,0,0,0,0,0,0
7261,Joe Bob,OG,Portal,1,0,0,0,0,0,0,0,0,0,0,0
7263,Joe Bob,LB,Portal,4,0,0,0,0,0,0,0,0,0,0,0
7264,Joe Bob,S,Portal,1,0,0,0,0,0,0,0,0,0,0,0
7265,Joe Bob,K,Portal,2,0,0,0,0,0,0,0,0,0,0,0
7266,Joe Bob,CB,Portal,3,0,0,0,0,0,0,0,0,0,0,0
7269,Joe Bob,QB,Portal,1,0,0,0,0,0,0,0,0,0,0,0
7270,Joe Bob,LB,Portal,2,0,0,0,0,0,0,0,0,0,0,0
7271,Joe Bob,S,Portal,2,0,0,0,0,0,0,0,0,0,0,0
7272,Joe Bob,OG,Portal,3,0,0,0,0,0,0,0,0,0,0,0
7273,Joe Bob,EDGE,Portal,1,0,0,0,0,0,0,0,0,0,0,0
7274,Joe Bob,WR,Portal,2,0,0,0,0,0,0,0,0,0,0,0
7275,Joe Bob,S,Portal,4,0,0,0,0,0,0,0,0,0,0,0
7327,Joe Bob,EDGE,Portal,4,0,0,0,0,0,0,0,0,0,0,0
7328,Joe Bob,FB,Portal,2,0,0,0,0,0,0,0,0,0,0,0
7329,Joe Bob,LB,Portal,1,0,0,0,0,0,0,0,0,0,0,0
7330,Joe Bob,C,Portal,3,0,0,0,0,0,0,0,0,0,0,0
7331,Joe Bob,OT,Portal,4,0,0,0,0,0,0,0,0,0,0,0
7333,Joe Bob,OG,Portal,4,0,0,0,0,0,0,0,0,0,0,0
7334,Joe Bob,WR,Portal,1,0,0,0,0,0,0,0,0,0,0,0
7335,Joe Bob,C,Portal,1,0,0,0,0,0,0,0,0,0,0,0
7337,Joe Bob,TE,Portal,1,0,0,0,0,0,0,0,0,0,0,0
7338,Joe Bob,OG,Portal,3,0,0,0,0,0,0,0,0,0,0,0
7340,Joe Bob,LB,Portal,3,0,0,0,0,0,0,0,0,0,0,0
7341,Joe Bob,TE,Portal,3,0,0,0,0,0,0,0,0,0,0,0
7342,Joe Bob,WR,Portal,2,0,0,0,0,0,0,0,0,0,0,0
7343,Joe Bob,LB,Portal,4,0,0,0,0,0,0,0,0,0,0,0
7344,Joe Bob,WR,Portal,1,0,0,0,0,0,0,0,0,0,0,0
7345,Joe Bob,CB,Portal,1,0,0,0,0,0,0,0,0,0,0,0
7346,Joe Bob,S,Portal,3,0,0,0,0,0,0,0,0,0,0,0
7348,Joe Bob,LB,Portal,2,0,0,0,0,0,0,0,0,0,0,0
7349,Joe Bob,S,Portal,3,0,0,0,0,0,0,0,0,0,0,0
7350,Joe Bob,EDGE,Portal,2,0,0,0,0,0,0,0,0,0,0,0
7402,Joe Bob,EDGE,Portal,3,0,0,0,0,0,0,0,0,0,0,0
7403,Joe Bob,RB,Portal,2,0,0,0,0,0,0,0,0,0,0,0
7404,Joe Bob,QB,Portal,1,0,0,0,0,0,0,0,0,0,0,0
7405,Joe Bob,EDGE,Portal,4,0,0,0,0,0,0,0,0,0,0,0
7406,Joe Bob,WR,Portal,4,0,0,0,0,0,0,0,0,0,0,0
7408,Joe Bob,OT,Portal,2,0,0,0,0,0,0,0,0,0,0,0
7409,Joe Bob,OG,Portal,1,0,0,0,0,0,0,0,0,0,0,0
7410,Joe Bob,K,Portal,3,0,0,0,0,0,0,0,0,0,0,0
7411,Joe Bob,EDGE,Portal,4,0,0,0,0,0,0,0,0,0,0,0
7412,Joe Bob,TE,Portal,4,0,0,0,0,0,0,0,0,0,0,0
7413,Joe Bob,OG,Portal,1,0,0,0,0,0,0,0,0,0,0,0
7414,Joe Bob,OG,Portal,1,0,0,0,0,0,0,0,0,0,0,0
7416,Joe Bob,WR,Portal,1,0,0,0,0,0,0,0,0,0,0,0
7417,Joe Bob,EDGE,Portal,1,0,0,0,0,0,0,0,0,0,0,0
7419,Joe Bob,S,Portal,2,0,0,0,0,0,0,0,0,0,0,0
7420,Joe Bob,QB,Portal,2,0,0,0,0,0,0,0,0,0,0,0
7422,Joe Bob,EDGE,Portal,2,0,0,0,0,0,0,0,0,0,0,0
7423,Joe Bob,QB,Portal,3,0,0,0,0,0,0,0,0,0,0,0
7424,Joe Bob,S,Portal,3,0,0,0,0,0,0,0,0,0,0,0
7425,Joe Bob,OG,Portal,3,0,0,0,0,0,0,0,0,0,0,0
7475,Joe Bob,DL,Portal,3,0,0,0,0,0,0,0,0,0,0,0
7477,Joe Bob,CB,Portal,3,0,0,0,0,0,0,0,0,0,0,0
7478,Joe Bob,S,Portal,3,0,0,0,0,0,0,0,0,0,0,0
7479,Joe Bob,OG,Portal,3,0,0,0,0,0,0,0,0,0,0,0
7480,Joe Bob,WR,Portal,3,0,0,0,0,0,0,0,0,0,0,0
7483,Joe Bob,DL,Portal,4,0,0,0,0,0,0,0,0,0,0,0
7484,Joe Bob,TE,Portal,3,0,0,0,0,0,0,0,0,0,0,0
7485,Joe Bob,C,Portal,2,0,0,0,0,0,0,0,0,0,0,0
7486,Joe Bob,OG,Portal,1,0,0,0,0,0,0,0,0,0,0,0
7488,Joe Bob,OT,Portal,1,0,0,0,0,0,0,0,0,0,0,0
7489,Joe Bob,S,Portal,1,0,0,0,0,0,0,0,0,0,0,0
7491,Joe Bob,C,Portal,3,0,0,0,0,0,0,0,0,0,0,0
7492,Joe Bob,WR,Portal,2,0,0,0,0,0,0,0,0,0,0,0
7493,Joe Bob,TE,Portal,3,0,0,0,0,0,0,0,0,0,0,0
7494,Joe Bob,S,Portal,1,0,0,0,0,0,0,0,0,0,0,0
7495,Joe Bob,DL,Portal,4,0,0,0,0,0,0,0,0,0,0,0
7496,Joe Bob,LB,Portal,4,0,0,0,0,0,0,0,0,0,0,0
7498,Joe Bob,LB,Portal,1,0,0,0,0,0,0,0,0,0,0,0
7499,Joe Bob,OT,Portal,3,0,0,0,0,0,0,0,0,0,0,0
7500,Joe Bob,WR,Portal,1,0,0,0,0,0,0,0,0,0,0,0
7550,Joe Bob,LB,Portal,3,0,0,0,0,0,0,0,0,0,0,0
7551,Joe Bob,DL,Portal,2,0,0,0,0,0,0,0,0,0,0,0
7554,Joe Bob,OG,Portal,4,0,0,0,0,0,0,0,0,0,0,0
7555,Joe Bob,WR,Portal,4,0,0,0,0,0,0,0,0,0,0,0
7557,Joe Bob,S,Portal,4,0,0,0,0,0,0,0,0,0,0,0
7558,Joe Bob,WR,Portal,2,0,0,0,0,0,0,0,0,0,0,0
7559,Joe Bob,CB,Portal,1,0,0,0,0,0,0,0,0,0,0,0
7561,Joe Bob,TE,Portal,1,0,0,0,0,0,0,0,0,0,0,0
7562,Joe Bob,S,Portal,2,0,0,0,0,0,0,0,0,0,0,0
7563,Joe Bob,CB,Portal,2,0,0,0,0,0,0,0,0,0,0,0
7565,Joe Bob,TE,Portal,3,0,0,0,0,0,0,0,0,0,0,0
7566,Joe Bob,DL,Portal,1,0,0,0,0,0,0,0,0,0,0,0
7567,Joe Bob,S,Portal,3,0,0,0,0,0,0,0,0,0,0,0
7568,Joe Bob,DL,Portal,3,0,0,0,0,0,0,0,0,0,0,0
7569,Joe Bob,FB,Portal,4,0,0,0,0,0,0,0,0,0,0,0
7570,Joe Bob,QB,Portal,4,0,0,0,0,0,0,0,0,0,0,0
7571,Joe Bob,EDGE,Portal,3,0,0,0,0,0,0,0,0,0,0,0
7572,Joe Bob,DL,Portal,4,0,0,0,0,0,0,0,0,0,0,0
7574,Joe Bob,OT,Portal,4,0,0,0,0,0,0,0,0,0,0,0
7575,Joe Bob,WR,Portal,1,0,0,0,0,0,0,0,0,0,0,0
7618,Joe Bob,P,Portal,1,0,0,0,0,0,0,0,0,0,0,0
7620,Joe Bob,LB,Portal,2,0,0,0,0,0,0,0,0,0,0,0
7622,Joe Bob,S,Portal,2,0,0,0,0,0,0,0,0,0,0,0
7623,Joe Bob,LB,Portal,2,0,0,0,0,0,0,0,0,0,0,0
7624,Joe Bob,S,Portal,2,0,0,0,0,0,0,0,0,0,0,0
7627,Joe Bob,LB,Portal,2,0,0,0,0,0,0,0,0,0,0,0
7628,Joe Bob,FB,Portal,3,0,0,0,0,0,0,0,0,0,0,0
7630,Joe Bob,WR,Portal,4,0,0,0,0,0,0,0,0,0,0,0
7631,Joe Bob,TE,Portal,4,0,0,0,0,0,0,0,0,0,0,0
7635,Joe Bob,K,Portal,1,0,0,0,0,0,0,0,0,0,0,0
7638,Joe Bob,S,Portal,1,0,0,0,0,0,0,0,0,0,0,0
7639,Joe Bob,TE,Portal,3,0,0,0,0,0,0,0,0,0,0,0
7641,Joe Bob,EDGE,Portal,3,0,0,0,0,0,0,0,0,0,0,0
7642,Joe Bob,CB,Portal,3,0,0,0,0,0,0,0,0,0,0,0
7644,Joe Bob,LB,Portal,3,0,0,0,0,0,0,0,0,0,0,0
7645,Joe Bob,CB,Portal,4,0,0,0,0,0,0,0,0,0,0,0
7646,Joe Bob,TE,Portal,2,0,0,0,0,0,0,0,0,0,0,0
7647,Joe Bob,EDGE,Portal,1,0,0,0,0,0,0,0,0,0,0,0
7648,Joe Bob,OG,Portal,2,0,0,0,0,0,0,0,0,0,0,0
7650,Joe Bob,FB,Portal,4,0,0,0,0,0,0,0,0,0,0,0
7704,Joe Bob,LB,Portal,2,0,0,0,0,0,0,0,0,0,0,0
7705,Joe Bob,TE,Portal,3,0,0,0,0,0,0,0,0,0,0,0
7706,Joe Bob,OG,Portal,1,0,0,0,0,0,0,0,0,0,0,0
7707,Joe Bob,WR,Portal,4,0,0,0,0,0,0,0,0,0,0,0
7708,Joe Bob,CB,Portal,2,0,0,0,0,0,0,0,0,0,0,0
7709,Joe Bob,OG,Portal,3,0,0,0,0,0,0,0,0,0,0,0
7710,Joe Bob,CB,Portal,1,0,0,0,0,0,0,0,0,0,0,0
7711,Joe Bob,CB,Portal,2,0,0,0,0,0,0,0,0,0,0,0
7713,Joe Bob,WR,Portal,1,0,0,0,0,0,0,0,0,0,0,0
7714,Joe Bob,CB,Portal,4,0,0,0,0,0,0,0,0,0,0,0
7715,Joe Bob,LB,Portal,1,0,0,0,0,0,0,0,0,0,0,0
7716,Joe Bob,RB,Portal,3,0,0,0,0,0,0,0,0,0,0,0
7718,Joe Bob,OG,Portal,2,0,0,0,0,0,0,0,0,0,0,0
7719,Joe Bob,WR,Portal,2,0,0,0,0,0,0,0,0,0,0,0
7720,Joe Bob,OG,Portal,3,0,0,0,0,0,0,0,0,0,0,0
7721,Joe Bob,DL,Portal,2,0,0,0,0,0,0,0,0,0,0,0
7722,Joe Bob,OG,Portal,1,0,0,0,0,0,0,0,0,0,0,0
7723,Joe Bob,CB,Portal,1,0,0,0,0,0,0,0,0,0,0,0
7724,Joe Bob,CB,Portal,2,0,0,0,0,0,0,0,0,0,0,0
7725,Joe Bob,TE,Portal,1,0,0,0,0,0,0,0,0,0,0,0
7775,Joe Bob,OG,Portal,1,0,0,0,0,0,0,0,0,0,0,0
7777,Joe Bob,WR,Portal,4,0,0,0,0,0,0,0,0,0,0,0
7779,Joe Bob,OG,Portal,2,0,0,0,0,0,0,0,0,0,0,0
7780,Joe Bob,S,Portal,4,0,0,0,0,0,0,0,0,0,0,0
7781,Joe Bob,S,Portal,3,0,0,0,0,0,0,0,0,0,0,0
7783,Joe Bob,EDGE,Portal,1,0,0,0,0,0,0,0,0,0,0,0
7784,Joe Bob,K,Portal,3,0,0,0,0,0,0,0,0,0,0,0
7786,Joe Bob,DL,Portal,4,0,0,0,0,0,0,0,0,0,0,0
7787,Joe Bob,LB,Portal,2,0,0,0,0,0,0,0,0,0,0,0
7788,Joe Bob,CB,Portal,1,0,0,0,0,0,0,0,0,0,0,0
7789,Joe Bob,RB,Portal,3,0,0,0,0,0,0,0,0,0,0,0
7790,Joe Bob,WR,Portal,4,0,0,0,0,0,0,0,0,0,0,0
7791,Joe Bob,TE,Portal,1,0,0,0,0,0,0,0,0,0,0,0
7792,Joe Bob,TE,Portal,1,0,0,0,0,0,0,0,0,0,0,0
7794,Joe Bob,TE,Portal,2,0,0,0,0,0,0,0,0,0,0,0
7795,Joe Bob,CB,Portal,2,0,0,0,0,0,0,0,0,0,0,0
7796,Joe Bob,EDGE,Portal,2,0,0,0,0,0,0,0,0,0,0,0
7797,Joe Bob,P,Portal,1,0,0,0,0,0,0,0,0,0,0,0
7798,Joe Bob,CB,Portal,2,0,0,0,0,0,0,0,0,0,0,0
7800,Joe Bob,WR,Portal,2,0,0,0,0,0,0,0,0,0,0,0
7849,Joe Bob,TE,Portal,3,0,0,0,0,0,0,0,0,0,0,0
7850,Joe Bob,WR,Portal,4,0,0,0,0,0,0,0,0,0,0,0
7853,Joe Bob,P,Portal,2,0,0,0,0,0,0,0,0,0,0,0
7855,Joe Bob,OG,Portal,3,0,0,0,0,0,0,0,0,0,0,0
7857,Joe Bob,LB,Portal,3,0,0,0,0,0,0,0,0,0,0,0
7858,Joe Bob,S,Portal,4,0,0,0,0,0,0,0,0,0,0,0
7859,Joe Bob,FB,Portal,3,0,0,0,0,0,0,0,0,0,0,0
7860,Joe Bob,P,Portal,1,0,0,0,0,0,0,0,0,0,0,0
7861,Joe Bob,WR,Portal,3,0,0,0,0,0,0,0,0,0,0,0
7862,Joe Bob,TE,Portal,1,0,0,0,0,0,0,0,0,0,0,0
7863,Joe Bob,K,Portal,4,0,0,0,0,0,0,0,0,0,0,0
7864,Joe Bob,OT,Portal,4,0,0,0,0,0,0,0,0,0,0,0
7866,Joe Bob,CB,Portal,1,0,0,0,0,0,0,0,0,0,0,0
7867,Joe Bob,LB,Portal,1,0,0,0,0,0,0,0,0,0,0,0
7868,Joe Bob,TE,Portal,3,0,0,0,0,0,0,0,0,0,0,0
7869,Joe Bob,LB,Portal,4,0,0,0,0,0,0,0,0,0,0,0
7870,Joe Bob,TE,Portal,3,0,0,0,0,0,0,0,0,0,0,0
7872,Joe Bob,WR,Portal,3,0,0,0,0,0,0,0,0,0,0,0
7873,Joe Bob,LB,Portal,4,0,0,0,0,0,0,0,0,0,0,0
7875,Joe Bob,LB,Portal,4,0,0,0,0,0,0,0,0,0,0,0
7926,Joe Bob,K,Portal,3,0,0,0,0,0,0,0,0,0,0,0
7927,Joe Bob,WR,Portal,3,0,0,0,0,0,0,0,0,0,0,0
7930,Joe Bob,LB,Portal,3,0,0,0,0,0,0,0,0,0,0,0
7931,Joe Bob,CB,Portal,2,0,0,0,0,0,0,0,0,0,0,0
7932,Joe Bob,DL,Portal,3,0,0,0,0,0,0,0,0,0,0,0
7933,Joe Bob,WR,Portal,3,0,0,0,0,0,0,0,0,0,0,0
7935,Joe Bob,WR,Portal,1,0,0,0,0,0,0,0,0,0,0,0
7937,Joe Bob,WR,Portal,1,0,0,0,0,0,0,0,0,0,0,0
7938,Joe Bob,OT,Portal,1,0,0,0,0,0,0,0,0,0,0,0
7939,Joe Bob,K,Portal,3,0,0,0,0,0,0,0,0,0,0,0
7940,Joe Bob,OT,Portal,2,0,0,0,0,0,0,0,0,0,0,0
7942,Joe Bob,OG,Portal,2,0,0,0,0,0,0,0,0,0,0,0
7943,Joe Bob,LB,Portal,4,0,0,0,0,0,0,0,0,0,0,0
7944,Joe Bob,P,Portal,1,0,0,0,0,0,0,0,0,0,0,0
7945,Joe Bob,LB,Portal,3,0,0,0,0,0,0,0,0,0,0,0
7946,Joe Bob,CB,Portal,2,0,0,0,0,0,0,0,0,0,0,0
7947,Joe Bob,CB,Portal,2,0,0,0,0,0,0,0,0,0,0,0
7948,Joe Bob,DL,Portal,3,0,0,0,0,0,0,0,0,0,0,0
7949,Joe Bob,LB,Portal,1,0,0,0,0,0,0,0,0,0,0,0
7950,Joe Bob,EDGE,Portal,4,0,0,0,0,0,0,0,0,0,0,0
7999,Joe Bob,S,Portal,1,0,0,0,0,0,0,0,0,0,0,0
8000,Joe Bob,S,Portal,2,0,0,0,0,0,0,0,0,0,0,0
8001,Joe Bob,S,Portal,1,0,0,0,0,0,0,0,0,0,0,0
8004,Joe Bob,S,Portal,2,0,0,0,0,0,0,0,0,0,0,0
8006,Joe Bob,OT,Portal,2,0,0,0,0,0,0,0,0,0,0,0
8008,Joe Bob,WR,Portal,4,0,0,0,0,0,0,0,0,0,0,0
8009,Joe Bob,EDGE,Portal,4,0,0,0,0,0,0,0,0,0,0,0
8010,Joe Bob,TE,Portal,3,0,0,0,0,0,0,0,0,0,0,0
8011,Joe Bob,OT,Portal,4,0,0,0,0,0,0,0,0,0,0,0
8013,Joe Bob,K,Portal,1,0,0,0,0,0,0,0,0,0,0,0
8015,Joe Bob,LB,Portal,2,0,0,0,0,0,0,0,0,0,0,0
8016,Joe Bob,CB,Portal,1,0,0,0,0,0,0,0,0,0,0,0
8017,Joe Bob,K,Portal,2,0,0,0,0,0,0,0,0,0,0,0
8018,Joe Bob,EDGE,Portal,3,0,0,0,0,0,0,0,0,0,0,0
8019,Joe Bob,CB,Portal,1,0,0,0,0,0,0,0,0,0,0,0
8020,Joe Bob,LB,Portal,2,0,0,0,0,0,0,0,0,0,0,0
8022,Joe Bob,LB,Portal,4,0,0,0,0,0,0,0,0,0,0,0
8023,Joe Bob,K,Portal,3,0,0,0,0,0,0,0,0,0,0,0
8024,Joe Bob,CB,Portal,4,0,0,0,0,0,0,0,0,0,0,0
8025,Joe Bob,OG,Portal,3,0,0,0,0,0,0,0,0,0,0,0
8078,Joe Bob,OT,Portal,4,0,0,0,0,0,0,0,0,0,0,0
8079,Joe Bob,QB,Portal,4,0,0,0,0,0,0,0,0,0,0,0
8080,Joe Bob,WR,Portal,1,0,0,0,0,0,0,0,0,0,0,0
8082,Joe Bob,K,Portal,3,0,0,0,0,0,0,0,0,0,0,0
8083,Joe Bob,P,Portal,4,0,0,0,0,0,0,0,0,0,0,0
8084,Joe Bob,OG,Portal,1,0,0,0,0,0,0,0,0,0,0,0
8085,Joe Bob,S,Portal,2,0,0,0,0,0,0,0,0,0,0,0
8086,Joe Bob,P,Portal,1,0,0,0,0,0,0,0,0,0,0,0
8087,Joe Bob,P,Portal,1,0,0,0,0,0,0,0,0,0,0,0
8089,Joe Bob,CB,Portal,3,0,0,0,0,0,0,0,0,0,0,0
8090,Joe Bob,RB,Portal,2,0,0,0,0,0,0,0,0,0,0,0
8091,Joe Bob,P,Portal,3,0,0,0,0,0,0,0,0,0,0,0
8093,Joe Bob,OT,Portal,4,0,0,0,0,0,0,0,0,0,0,0
8094,Joe Bob,S,Portal,4,0,0,0,0,0,0,0,0,0,0,0
8095,Joe Bob,OG,Portal,3,0,0,0,0,0,0,0,0,0,0,0
8096,Joe Bob,DL,Portal,4,0,0,0,0,0,0,0,0,0,0,0
8097,Joe Bob,WR,Portal,3,0,0,0,0,0,0,0,0,0,0,0
8098,Joe Bob,OT,Portal,1,0,0,0,0,0,0,0,0,0,0,0
8099,Joe Bob,OG,Portal,4,0,0,0,0,0,0,0,0,0,0,0
8100,Joe Bob,OG,Portal,3,0,0,0,0,0,0,0,0,0,0,0
8150,Joe Bob,DL,Portal,3,0,0,0,0,0,0,0,0,0,0,0
8151,Joe Bob,WR,Portal,4,0,0,0,0,0,0,0,0,0,0,0
8153,Joe Bob,QB,Portal,4,0,0,0,0,0,0,0,0,0,0,0
8154,Joe Bob,OT,Portal,4,0,0,0,0,0,0,0,0,0,0,0
8156,Joe Bob,TE,Portal,2,0,0,0,0,0,0,0,0,0,0,0
8157,Joe Bob,TE,Portal,1,0,0,0,0,0,0,0,0,0,0,0
8158,Joe Bob,TE,Portal,1,0,0,0,0,0,0,0,0,0,0,0
8159,Joe Bob,P,Portal,1,0,0,0,0,0,0,0,0,0,0,0
8161,Joe Bob,P,Portal,3,0,0,0,0,0,0,0,0,0,0,0
8163,Joe Bob,TE,Portal,2,0,0,0,0,0,0,0,0,0,0,0
8165,Joe Bob,LB,Portal,4,0,0,0,0,0,0,0,0,0,0,0
8166,Joe Bob,RB,Portal,3,0,0,0,0,0,0,0,0,0,0,0
8167,Joe Bob,RB,Portal,4,0,0,0,0,0,0,0,0,0,0,0
8168,Joe Bob,EDGE,Portal,3,0,0,0,0,0,0,0,0,0,0,0
8169,Joe Bob,OT,Portal,1,0,0,0,0,0,0,0,0,0,0,0
8170,Joe Bob,LB,Portal,2,0,0,0,0,0,0,0,0,0,0,0
8171,Joe Bob,OT,Portal,2,0,0,0,0,0,0,0,0,0,0,0
8172,Joe Bob,TE,Portal,3,0,0,0,0,0,0,0,0,0,0,0
8174,Joe Bob,DL,Portal,3,0,0,0,0,0,0,0,0,0,0,0
8175,Joe Bob,DL,Portal,4,0,0,0,0,0,0,0,0,0,0,0
8223,Joe Bob,EDGE,Portal,3,0,0,0,0,0,0,0,0,0,0,0
8224,Joe Bob,DL,Portal,4,0,0,0,0,0,0,0,0,0,0,0
8225,Joe Bob,LB,Portal,3,0,0,0,0,0,0,0,0,0,0,0
8226,Joe Bob,OT,Portal,3,0,0,0,0,0,0,0,0,0,0,0
8227,Joe Bob,WR,Portal,4,0,0,0,0,0,0,0,0,0,0,0
8228,Joe Bob,WR,Portal,1,0,0,0,0,0,0,0,0,0,0,0
8229,Joe Bob,S,Portal,4,0,0,0,0,0,0,0,0,0,0,0
8230,Joe Bob,LB,Portal,4,0,0,0,0,0,0,0,0,0,0,0
8231,Joe Bob,K,Portal,4,0,0,0,0,0,0,0,0,0,0,0
8232,Joe Bob,C,Portal,1,0,0,0,0,0,0,0,0,0,0,0
8235,Joe Bob,WR,Portal,1,0,0,0,0,0,0,0,0,0,0,0
8236,Joe Bob,DL,Portal,4,0,0,0,0,0,0,0,0,0,0,0
8237,Joe Bob,OG,Portal,3,0,0,0,0,0,0,0,0,0,0,0
8239,Joe Bob,WR,Portal,1,0,0,0,0,0,0,0,0,0,0,0
8241,Joe Bob,DL,Portal,1,0,0,0,0,0,0,0,0,0,0,0
8242,Joe Bob,LB,Portal,2,0,0,0,0,0,0,0,0,0,0,0
8243,Joe Bob,C,Portal,2,0,0,0,0,0,0,0,0,0,0,0
8247,Joe Bob,LB,Portal,4,0,0,0,0,0,0,0,0,0,0,0
8248,Joe Bob,LB,Portal,3,0,0,0,0,0,0,0,0,0,0,0
8250,Joe Bob,CB,Portal,1,0,0,0,0,0,0,0,0,0,0,0
8299,Joe Bob,WR,Portal,4,0,0,0,0,0,0,0,0,0,0,0
8300,Joe Bob,LB,Portal,4,0,0,0,0,0,0,0,0,0,0,0
8301,Joe Bob,CB,Portal,3,0,0,0,0,0,0,0,0,0,0,0
8302,Joe Bob,EDGE,Portal,4,0,0,0,0,0,0,0,0,0,0,0
8303,Joe Bob,OT,Portal,3,0,0,0,0,0,0,0,0,0,0,0
8307,Joe Bob,OG,Portal,1,0,0,0,0,0,0,0,0,0,0,0
8308,Joe Bob,P,Portal,1,0,0,0,0,0,0,0,0,0,0,0
8310,Joe Bob,OG,Portal,2,0,0,0,0,0,0,0,0,0,0,0
8312,Joe Bob,TE,Portal,3,0,0,0,0,0,0,0,0,0,0,0
8313,Joe Bob,K,Portal,1,0,0,0,0,0,0,0,0,0,0,0
8314,Joe Bob,LB,Portal,2,0,0,0,0,0,0,0,0,0,0,0
8315,Joe Bob,CB,Portal,4,0,0,0,0,0,0,0,0,0,0,0
8318,Joe Bob,QB,Portal,3,0,0,0,0,0,0,0,0,0,0,0
8319,Joe Bob,QB,Portal,3,0,0,0,0,0,0,0,0,0,0,0
8320,Joe Bob,DL,Portal,4,0,0,0,0,0,0,0,0,0,0,0
8321,Joe Bob,WR,Portal,4,0,0,0,0,0,0,0,0,0,0,0
8322,Joe Bob,TE,Portal,1,0,0,0,0,0,0,0,0,0,0,0
8323,Joe Bob,QB,Portal,4,0,0,0,0,0,0,0,0,0,0,0
8324,Joe Bob,WR,Portal,4,0,0,0,0,0,0,0,0,0,0,0
8325,Joe Bob,OT,Portal,2,0,0,0,0,0,0,0,0,0,0,0
8380,Joe Bob,K,Portal,1,0,0,0,0,0,0,0,0,0,0,0
8381,Joe Bob,C,Portal,1,0,0,0,0,0,0,0,0,0,0,0
8382,Joe Bob,K,Portal,2,0,0,0,0,0,0,0,0,0,0,0
8383,Joe Bob,S,Portal,1,0,0,0,0,0,0,0,0,0,0,0
8384,Joe Bob,OG,Portal,3,0,0,0,0,0,0,0,0,0,0,0
8386,Joe Bob,C,Portal,2,0,0,0,0,0,0,0,0,0,0,0
8387,Joe Bob,S,Portal,3,0,0,0,0,0,0,0,0,0,0,0
8388,Joe Bob,DL,Portal,3,0,0,0,0,0,0,0,0,0,0,0
8389,Joe Bob,S,Portal,3,0,0,0,0,0,0,0,0,0,0,0
8390,Joe Bob,EDGE,Portal,3,0,0,0,0,0,0,0,0,0,0,0
8391,Joe Bob,LB,Portal,3,0,0,0,0,0,0,0,0,0,0,0
8392,Joe Bob,WR,Portal,3,0,0,0,0,0,0,0,0,0,0,0
8393,Joe Bob,WR,Portal,4,0,0,0,0,0,0,0,0,0,0,0
8394,Joe Bob,WR,Portal,1,0,0,0,0,0,0,0,0,0,0,0
8395,Joe Bob,OG,Portal,3,0,0,0,0,0,0,0,0,0,0,0
8396,Joe Bob,QB,Portal,4,0,0,0,0,0,0,0,0,0,0,0
8397,Joe Bob,WR,Portal,4,0,0,0,0,0,0,0,0,0,0,0
8398,Joe Bob,S,Portal,1,0,0,0,0,0,0,0,0,0,0,0
8399,Joe Bob,TE,Portal,2,0,0,0,0,0,0,0,0,0,0,0
8400,Joe Bob,CB,Portal,4,0,0,0,0,0,0,0,0,0,0,0
8445,Joe Bob,TE,Portal,4,0,0,0,0,0,0,0,0,0,0,0
8447,Joe Bob,C,Portal,3,0,0,0,0,0,0,0,0,0,0,0
8449,Joe Bob,TE,Portal,3,0,0,0,0,0,0,0,0,0,0,0
8450,Joe Bob,OG,Portal,3,0,0,0,0,0,0,0,0,0,0,0
8452,Joe Bob,C,Portal,3,0,0,0,0,0,0,0,0,0,0,0
8455,Joe Bob,CB,Portal,4,0,0,0,0,0,0,0,0,0,0,0
8457,Joe Bob,P,Portal,4,0,0,0,0,0,0,0,0,0,0,0
8458,Joe Bob,TE,Portal,3,0,0,0,0,0,0,0,0,0,0,0
8461,Joe Bob,S,Portal,3,0,0,0,0,0,0,0,0,0,0,0
8462,Joe Bob,LB,Portal,1,0,0,0,0,0,0,0,0,0,0,0
8463,Joe Bob,S,Portal,3,0,0,0,0,0,0,0,0,0,0,0
8464,Joe Bob,P,Portal,2,0,0,0,0,0,0,0,0,0,0,0
8466,Joe Bob,S,Portal,1,0,0,0,0,0,0,0,0,0,0,0
8467,Joe Bob,DL,Portal,2,0,0,0,0,0,0,0,0,0,0,0
8468,Joe Bob,EDGE,Portal,1,0,0,0,0,0,0,0,0,0,0,0
8469,Joe Bob,DL,Portal,2,0,0,0,0,0,0,0,0,0,0,0
8470,Joe Bob,OG,Portal,3,0,0,0,0,0,0,0,0,0,0,0
8472,Joe Bob,OG,Portal,2,0,0,0,0,0,0,0,0,0,0,0
8474,Joe Bob,P,Portal,1,0,0,0,0,0,0,0,0,0,0,0
8475,Joe Bob,CB,Portal,4,0,0,0,0,0,0,0,0,0,0,0
8528,Joe Bob,CB,Portal,2,0,0,0,0,0,0,0,0,0,0,0
8529,Joe Bob,TE,Portal,3,0,0,0,0,0,0,0,0,0,0,0
8530,Joe Bob,C,Portal,1,0,0,0,0,0,0,0,0,0,0,0
8531,Joe Bob,OT,Portal,2,0,0,0,0,0,0,0,0,0,0,0
8532,Joe Bob,EDGE,Portal,4,0,0,0,0,0,0,0,0,0,0,0
8534,Joe Bob,CB,Portal,1,0,0,0,0,0,0,0,0,0,0,0
8535,Joe Bob,LB,Portal,2,0,0,0,0,0,0,0,0,0,0,0
8538,Joe Bob,DL,Portal,1,0,0,0,0,0,0,0,0,0,0,0
8539,Joe Bob,QB,Portal,2,0,0,0,0,0,0,0,0,0,0,0
8540,Joe Bob,LB,Portal,3,0,0,0,0,0,0,0,0,0,0,0
8541,Joe Bob,FB,Portal,4,0,0,0,0,0,0,0,0,0,0,0
8542,Joe Bob,OT,Portal,3,0,0,0,0,0,0,0,0,0,0,0
8543,Joe Bob,OT,Portal,4,0,0,0,0,0,0,0,0,0,0,0
8544,Joe Bob,RB,Portal,4,0,0,0,0,0,0,0,0,0,0,0
8545,Joe Bob,OT,Portal,4,0,0,0,0,0,0,0,0,0,0,0
8546,Joe Bob,OG,Portal,1,0,0,0,0,0,0,0,0,0,0,0
8547,Joe Bob,OG,Portal,4,0,0,0,0,0,0,0,0,0,0,0
8548,Joe Bob,CB,Portal,2,0,0,0,0,0,0,0,0,0,0,0
8549,Joe Bob,CB,Portal,2,0,0,0,0,0,0,0,0,0,0,0
8550,Joe Bob,OT,Portal,1,0,0,0,0,0,0,0,0,0,0,0
8596,Joe Bob,DL,Portal,3,0,0,0,0,0,0,0,0,0,0,0
8598,Joe Bob,WR,Portal,4,0,0,0,0,0,0,0,0,0,0,0
8599,Joe Bob,CB,Portal,4,0,0,0,0,0,0,0,0,0,0,0
8601,Joe Bob,P,Portal,1,0,0,0,0,0,0,0,0,0,0,0
8602,Joe Bob,K,Portal,1,0,0,0,0,0,0,0,0,0,0,0
8603,Joe Bob,OG,Portal,2,0,0,0,0,0,0,0,0,0,0,0
8607,Joe Bob,K,Portal,3,0,0,0,0,0,0,0,0,0,0,0
8608,Joe Bob,EDGE,Portal,1,0,0,0,0,0,0,0,0,0,0,0
8609,Joe Bob,RB,Portal,3,0,0,0,0,0,0,0,0,0,0,0
8610,Joe Bob,DL,Portal,3,0,0,0,0,0,0,0,0,0,0,0
8612,Joe Bob,EDGE,Portal,3,0,0,0,0,0,0,0,0,0,0,0
8613,Joe Bob,OG,Portal,3,0,0,0,0,0,0,0,0,0,0,0
8614,Joe Bob,OG,Portal,4,0,0,0,0,0,0,0,0,0,0,0
8615,Joe Bob,OT,Portal,4,0,0,0,0,0,0,0,0,0,0,0
8617,Joe Bob,WR,Portal,1,0,0,0,0,0,0,0,0,0,0,0
8619,Joe Bob,EDGE,Portal,4,0,0,0,0,0,0,0,0,0,0,0
8620,Joe Bob,OG,Portal,3,0,0,0,0,0,0,0,0,0,0,0
8622,Joe Bob,C,Portal,3,0,0,0,0,0,0,0,0,0,0,0
8624,Joe Bob,QB,Portal,3,0,0,0,0,0,0,0,0,0,0,0
8625,Joe Bob,DL,Portal,3,0,0,0,0,0,0,0,0,0,0,0
8678,Joe Bob,EDGE,Portal,4,0,0,0,0,0,0,0,0,0,0,0
8679,Joe Bob,K,Portal,3,0,0,0,0,0,0,0,0,0,0,0
8680,Joe Bob,EDGE,Portal,2,0,0,0,0,0,0,0,0,0,0,0
8681,Joe Bob,RB,Portal,3,0,0,0,0,0,0,0,0,0,0,0
8682,Joe Bob,QB,Portal,4,0,0,0,0,0,0,0,0,0,0,0
8683,Joe Bob,S,Portal,3,0,0,0,0,0,0,0,0,0,0,0
8684,Joe Bob,RB,Portal,4,0,0,0,0,0,0,0,0,0,0,0
8685,Joe Bob,WR,Portal,3,0,0,0,0,0,0,0,0,0,0,0
8686,Joe Bob,C,Portal,3,0,0,0,0,0,0,0,0,0,0,0
8687,Joe Bob,QB,Portal,2,0,0,0,0,0,0,0,0,0,0,0
8688,Joe Bob,OG,Portal,3,0,0,0,0,0,0,0,0,0,0,0
8690,Joe Bob,OG,Portal,1,0,0,0,0,0,0,0,0,0,0,0
8692,Joe Bob,CB,Portal,3,0,0,0,0,0,0,0,0,0,0,0
8693,Joe Bob,S,Portal,2,0,0,0,0,0,0,0,0,0,0,0
8694,Joe Bob,CB,Portal,4,0,0,0,0,0,0,0,0,0,0,0
8696,Joe Bob,LB,Portal,2,0,0,0,0,0,0,0,0,0,0,0
8697,Joe Bob,FB,Portal,4,0,0,0,0,0,0,0,0,0,0,0
8698,Joe Bob,WR,Portal,3,0,0,0,0,0,0,0,0,0,0,0
8699,Joe Bob,DL,Portal,3,0,0,0,0,0,0,0,0,0,0,0
8700,Joe Bob,RB,Portal,4,0,0,0,0,0,0,0,0,0,0,0
8754,Joe Bob,S,Portal,4,0,0,0,0,0,0,0,0,0,0,0
8755,Joe Bob,S,Portal,2,0,0,0,0,0,0,0,0,0,0,0
8756,Joe Bob,CB,Portal,2,0,0,0,0,0,0,0,0,0,0,0
8757,Joe Bob,QB,Portal,3,0,0,0,0,0,0,0,0,0,0,0
8758,Joe Bob,RB,Portal,1,0,0,0,0,0,0,0,0,0,0,0
8759,Joe Bob,LB,Portal,1,0,0,0,0,0,0,0,0,0,0,0
8761,Joe Bob,LB,Portal,1,0,0,0,0,0,0,0,0,0,0,0
8762,Joe Bob,LB,Portal,4,0,0,0,0,0,0,0,0,0,0,0
8763,Joe Bob,OG,Portal,4,0,0,0,0,0,0,0,0,0,0,0
8764,Joe Bob,CB,Portal,2,0,0,0,0,0,0,0,0,0,0,0
8765,Joe Bob,EDGE,Portal,2,0,0,0,0,0,0,0,0,0,0,0
8767,Joe Bob,S,Portal,2,0,0,0,0,0,0,0,0,0,0,0
8768,Joe Bob,S,Portal,2,0,0,0,0,0,0,0,0,0,0,0
8769,Joe Bob,LB,Portal,2,0,0,0,0,0,0,0,0,0,0,0
8770,Joe Bob,QB,Portal,3,0,0,0,0,0,0,0,0,0,0,0
8771,Joe Bob,S,Portal,2,0,0,0,0,0,0,0,0,0,0,0
8772,Joe Bob,WR,Portal,3,0,0,0,0,0,0,0,0,0,0,0
8773,Joe Bob,DL,Portal,4,0,0,0,0,0,0,0,0,0,0,0
8774,Joe Bob,LB,Portal,4,0,0,0,0,0,0,0,0,0,0,0
8775,Joe Bob,CB,Portal,3,0,0,0,0,0,0,0,0,0,0,0
8827,Joe Bob,LB,Portal,3,0,0,0,0,0,0,0,0,0,0,0
8828,Joe Bob,K,Portal,3,0,0,0,0,0,0,0,0,0,0,0
8830,Joe Bob,EDGE,Portal,4,0,0,0,0,0,0,0,0,0,0,0
8831,Joe Bob,WR,Portal,4,0,0,0,0,0,0,0,0,0,0,0
8832,Joe Bob,CB,Portal,1,0,0,0,0,0,0,0,0,0,0,0
8833,Joe Bob,EDGE,Portal,4,0,0,0,0,0,0,0,0,0,0,0
8834,Joe Bob,CB,Portal,4,0,0,0,0,0,0,0,0,0,0,0
8835,Joe Bob,CB,Portal,2,0,0,0,0,0,0,0,0,0,0,0
8836,Joe Bob,OG,Portal,1,0,0,0,0,0,0,0,0,0,0,0
8837,Joe Bob,LB,Portal,2,0,0,0,0,0,0,0,0,0,0,0
8840,Joe Bob,EDGE,Portal,3,0,0,0,0,0,0,0,0,0,0,0
8841,Joe Bob,K,Portal,3,0,0,0,0,0,0,0,0,0,0,0
8842,Joe Bob,OG,Portal,1,0,0,0,0,0,0,0,0,0,0,0
8843,Joe Bob,K,Portal,3,0,0,0,0,0,0,0,0,0,0,0
8844,Joe Bob,QB,Portal,2,0,0,0,0,0,0,0,0,0,0,0
8845,Joe Bob,WR,Portal,4,0,0,0,0,0,0,0,0,0,0,0
8847,Joe Bob,K,Portal,3,0,0,0,0,0,0,0,0,0,0,0
8848,Joe Bob,EDGE,Portal,4,0,0,0,0,0,0,0,0,0,0,0
8849,Joe Bob,WR,Portal,2,0,0,0,0,0,0,0,0,0,0,0
8850,Joe Bob,FB,Portal,1,0,0,0,0,0,0,0,0,0,0,0
8903,Joe Bob,WR,Portal,1,0,0,0,0,0,0,0,0,0,0,0
8904,Joe Bob,TE,Portal,1,0,0,0,0,0,0,0,0,0,0,0
8905,Joe Bob,TE,Portal,4,0,0,0,0,0,0,0,0,0,0,0
8906,Joe Bob,OT,Portal,4,0,0,0,0,0,0,0,0,0,0,0
8907,Joe Bob,S,Portal,1,0,0,0,0,0,0,0,0,0,0,0
8908,Joe Bob,TE,Portal,2,0,0,0,0,0,0,0,0,0,0,0
8909,Joe Bob,LB,Portal,1,0,0,0,0,0,0,0,0,0,0,0
8910,Joe Bob,OG,Portal,2,0,0,0,0,0,0,0,0,0,0,0
8911,Joe Bob,S,Portal,1,0,0,0,0,0,0,0,0,0,0,0
8913,Joe Bob,CB,Portal,4,0,0,0,0,0,0,0,0,0,0,0
8914,Joe Bob,WR,Portal,2,0,0,0,0,0,0,0,0,0,0,0
8915,Joe Bob,LB,Portal,2,0,0,0,0,0,0,0,0,0,0,0
8917,Joe Bob,LB,Portal,4,0,0,0,0,0,0,0,0,0,0,0
8918,Joe Bob,WR,Portal,3,0,0,0,0,0,0,0,0,0,0,0
8919,Joe Bob,RB,Portal,4,0,0,0,0,0,0,0,0,0,0,0
8921,Joe Bob,OG,Portal,3,0,0,0,0,0,0,0,0,0,0,0
8922,Joe Bob,RB,Portal,4,0,0,0,0,0,0,0,0,0,0,0
8923,Joe Bob,WR,Portal,2,0,0,0,0,0,0,0,0,0,0,0
8924,Joe Bob,TE,Portal,1,0,0,0,0,0,0,0,0,0,0,0
8925,Joe Bob,OT,Portal,1,0,0,0,0,0,0,0,0,0,0,0
8973,Joe Bob,WR,Portal,4,0,0,0,0,0,0,0,0,0,0,0
8974,Joe Bob,OT,Portal,4,0,0,0,0,0,0,0,0,0,0,0
8976,Joe Bob,OG,Portal,4,0,0,0,0,0,0,0,0,0,0,0
8977,Joe Bob,WR,Portal,4,0,0,0,0,0,0,0,0,0,0,0
8978,Joe Bob,K,Portal,4,0,0,0,0,0,0,0,0,0,0,0
8981,Joe Bob,EDGE,Portal,1,0,0,0,0,0,0,0,0,0,0,0
8983,Joe Bob,LB,Portal,1,0,0,0,0,0,0,0,0,0,0,0
8984,Joe Bob,K,Portal,4,0,0,0,0,0,0,0,0,0,0,0
8986,Joe Bob,DL,Portal,3,0,0,0,0,0,0,0,0,0,0,0
8988,Joe Bob,FB,Portal,2,0,0,0,0,0,0,0,0,0,0,0
8989,Joe Bob,CB,Portal,4,0,0,0,0,0,0,0,0,0,0,0
8990,Joe Bob,DL,Portal,3,0,0,0,0,0,0,0,0,0,0,0
8991,Joe Bob,OG,Portal,4,0,0,0,0,0,0,0,0,0,0,0
8992,Joe Bob,LB,Portal,4,0,0,0,0,0,0,0,0,0,0,0
8993,Joe Bob,WR,Portal,3,0,0,0,0,0,0,0,0,0,0,0
8996,Joe Bob,CB,Portal,4,0,0,0,0,0,0,0,0,0,0,0
8997,Joe Bob,QB,Portal,3,0,0,0,0,0,0,0,0,0,0,0
8998,Joe Bob,S,Portal,3,0,0,0,0,0,0,0,0,0,0,0
8999,Joe Bob,OG,Portal,2,0,0,0,0,0,0,0,0,0,0,0
9000,Joe Bob,TE,Portal,2,0,0,0,0,0,0,0,0,0,0,0
9049,Joe Bob,CB,Portal,4,0,0,0,0,0,0,0,0,0,0,0
9051,Joe Bob,WR,Portal,1,0,0,0,0,0,0,0,0,0,0,0
9052,Joe Bob,RB,Portal,4,0,0,0,0,0,0,0,0,0,0,0
9055,Joe Bob,CB,Portal,3,0,0,0,0,0,0,0,0,0,0,0
9057,Joe Bob,TE,Portal,1,0,0,0,0,0,0,0,0,0,0,0
9059,Joe Bob,OG,Portal,3,0,0,0,0,0,0,0,0,0,0,0
9060,Joe Bob,CB,Portal,1,0,0,0,0,0,0,0,0,0,0,0
9062,Joe Bob,C,Portal,3,0,0,0,0,0,0,0,0,0,0,0
9063,Joe Bob,WR,Portal,2,0,0,0,0,0,0,0,0,0,0,0
9065,Joe Bob,WR,Portal,2,0,0,0,0,0,0,0,0,0,0,0
9066,Joe Bob,EDGE,Portal,4,0,0,0,0,0,0,0,0,0,0,0
9067,Joe Bob,LB,Portal,4,0,0,0,0,0,0,0,0,0,0,0
9068,Joe Bob,TE,Portal,2,0,0,0,0,0,0,0,0,0,0,0
9069,Joe Bob,WR,Portal,2,0,0,0,0,0,0,0,0,0,0,0
9070,Joe Bob,OT,Portal,3,0,0,0,0,0,0,0,0,0,0,0
9071,Joe Bob,WR,Portal,3,0,0,0,0,0,0,0,0,0,0,0
9072,Joe Bob,WR,Portal,3,0,0,0,0,0,0,0,0,0,0,0
9073,Joe Bob,TE,Portal,4,0,0,0,0,0,0,0,0,0,0,0
9074,Joe Bob,TE,Portal,2,0,0,0,0,0,0,0,0,0,0,0
9075,Joe Bob,OG,Portal,4,0,0,0,0,0,0,0,0,0,0,0
9129,Joe Bob,OG,Portal,2,0,0,0,0,0,0,0,0,0,0,0
9131,Joe Bob,TE,Portal,3,0,0,0,0,0,0,0,0,0,0,0
9132,Joe Bob,TE,Portal,1,0,0,0,0,0,0,0,0,0,0,0
9134,Joe Bob,CB,Portal,4,0,0,0,0,0,0,0,0,0,0,0
9135,Joe Bob,WR,Portal,1,0,0,0,0,0,0,0,0,0,0,0
9136,Joe Bob,LB,Portal,4,0,0,0,0,0,0,0,0,0,0,0
9137,Joe Bob,WR,Portal,2,0,0,0,0,0,0,0,0,0,0,0
9138,Joe Bob,LB,Portal,3,0,0,0,0,0,0,0,0,0,0,0
9139,Joe Bob,DL,Portal,4,0,0,0,0,0,0,0,0,0,0,0
9140,Joe Bob,WR,Portal,4,0,0,0,0,0,0,0,0,0,0,0
9141,Joe Bob,TE,Portal,3,0,0,0,0,0,0,0,0,0,0,0
9142,Joe Bob,WR,Portal,3,0,0,0,0,0,0,0,0,0,0,0
9143,Joe Bob,DL,Portal,4,0,0,0,0,0,0,0,0,0,0,0
9144,Joe Bob,FB,Portal,4,0,0,0,0,0,0,0,0,0,0,0
9145,Joe Bob,OG,Portal,4,0,0,0,0,0,0,0,0,0,0,0
9146,Joe Bob,OG,Portal,1,0,0,0,0,0,0,0,0,0,0,0
9147,Joe Bob,OG,Portal,1,0,0,0,0,0,0,0,0,0,0,0
9148,Joe Bob,OG,Portal,4,0,0,0,0,0,0,0,0,0,0,0
9149,Joe Bob,OT,Portal,1,0,0,0,0,0,0,0,0,0,0,0
9150,Joe Bob,LB,Portal,1,0,0,0,0,0,0,0,0,0,0,0
9198,Joe Bob,OT,Portal,1,0,0,0,0,0,0,0,0,0,0,0
9200,Joe Bob,TE,Portal,1,0,0,0,0,0,0,0,0,0,0,0
9201,Joe Bob,TE,Portal,1,0,0,0,0,0,0,0,0,0,0,0
9203,Joe Bob,P,Portal,3,0,0,0,0,0,0,0,0,0,0,0
9205,Joe Bob,TE,Portal,3,0,0,0,0,0,0,0,0,0,0,0
9207,Joe Bob,WR,Portal,3,0,0,0,0,0,0,0,0,0,0,0
9208,Joe Bob,WR,Portal,3,0,0,0,0,0,0,0,0,0,0,0
9210,Joe Bob,LB,Portal,3,0,0,0,0,0,0,0,0,0,0,0
9211,Joe Bob,RB,Portal,1,0,0,0,0,0,0,0,0,0,0,0
9212,Joe Bob,WR,Portal,3,0,0,0,0,0,0,0,0,0,0,0
9213,Joe Bob,QB,Portal,4,0,0,0,0,0,0,0,0,0,0,0
9214,Joe Bob,WR,Portal,2,0,0,0,0,0,0,0,0,0,0,0
9215,Joe Bob,DL,Portal,4,0,0,0,0,0,0,0,0,0,0,0
9216,Joe Bob,LB,Portal,4,0,0,0,0,0,0,0,0,0,0,0
9218,Joe Bob,OT,Portal,1,0,0,0,0,0,0,0,0,0,0,0
9219,Joe Bob,OG,Portal,3,0,0,0,0,0,0,0,0,0,0,0
9220,Joe Bob,OT,Portal,2,0,0,0,0,0,0,0,0,0,0,0
9221,Joe Bob,S,Portal,4,0,0,0,0,0,0,0,0,0,0,0
9222,Joe Bob,P,Portal,4,0,0,0,0,0,0,0,0,0,0,0
9225,Joe Bob,C,Portal,2,0,0,0,0,0,0,0,0,0,0,0
9275,Joe Bob,TE,Portal,3,0,0,0,0,0,0,0,0,0,0,0
9276,Joe Bob,S,Portal,4,0,0,0,0,0,0,0,0,0,0,0
9277,Joe Bob,CB,Portal,4,0,0,0,0,0,0,0,0,0,0,0
9281,Joe Bob,DL,Portal,4,0,0,0,0,0,0,0,0,0,0,0
9283,Joe Bob,OG,Portal,2,0,0,0,0,0,0,0,0,0,0,0
9284,Joe Bob,EDGE,Portal,1,0,0,0,0,0,0,0,0,0,0,0
9285,Joe Bob,S,Portal,4,0,0,0,0,0,0,0,0,0,0,0
9286,Joe Bob,LB,Portal,1,0,0,0,0,0,0,0,0,0,0,0
9287,Joe Bob,LB,Portal,3,0,0,0,0,0,0,0,0,0,0,0
9288,Joe Bob,RB,Portal,2,0,0,0,0,0,0,0,0,0,0,0
9290,Joe Bob,FB,Portal,1,0,0,0,0,0,0,0,0,0,0,0
9292,Joe Bob,EDGE,Portal,4,0,0,0,0,0,0,0,0,0,0,0
9293,Joe Bob,TE,Portal,4,0,0,0,0,0,0,0,0,0,0,0
9294,Joe Bob,OG,Portal,3,0,0,0,0,0,0,0,0,0,0,0
9295,Joe Bob,OG,Portal,1,0,0,0,0,0,0,0,0,0,0,0
9296,Joe Bob,WR,Portal,2,0,0,0,0,0,0,0,0,0,0,0
9297,Joe Bob,OT,Portal,1,0,0,0,0,0,0,0,0,0,0,0
9298,Joe Bob,LB,Portal,1,0,0,0,0,0,0,0,0,0,0,0
9299,Joe Bob,CB,Portal,4,0,0,0,0,0,0,0,0,0,0,0
9300,Joe Bob,CB,Portal,3,0,0,0,0,0,0,0,0,0,0,0
9350,Joe Bob,TE,Portal,1,0,0,0,0,0,0,0,0,0,0,0
9351,Joe Bob,CB,Portal,4,0,0,0,0,0,0,0,0,0,0,0
9352,Joe Bob,TE,Portal,2,0,0,0,0,0,0,0,0,0,0,0
9353,Joe Bob,OG,Portal,4,0,0,0,0,0,0,0,0,0,0,0
9354,Joe Bob,K,Portal,1,0,0,0,0,0,0,0,0,0,0,0
9357,Joe Bob,LB,Portal,3,0,0,0,0,0,0,0,0,0,0,0
9358,Joe Bob,QB,Portal,1,0,0,0,0,0,0,0,0,0,0,0
9359,Joe Bob,K,Portal,3,0,0,0,0,0,0,0,0,0,0,0
9360,Joe Bob,WR,Portal,3,0,0,0,0,0,0,0,0,0,0,0
9361,Joe Bob,RB,Portal,3,0,0,0,0,0,0,0,0,0,0,0
9362,Joe Bob,EDGE,Portal,4,0,0,0,0,0,0,0,0,0,0,0
9363,Joe Bob,QB,Portal,4,0,0,0,0,0,0,0,0,0,0,0
9364,Joe Bob,DL,Portal,3,0,0,0,0,0,0,0,0,0,0,0
9365,Joe Bob,OT,Portal,3,0,0,0,0,0,0,0,0,0,0,0
9366,Joe Bob,OT,Portal,4,0,0,0,0,0,0,0,0,0,0,0
9368,Joe Bob,TE,Portal,1,0,0,0,0,0,0,0,0,0,0,0
9371,Joe Bob,LB,Portal,4,0,0,0,0,0,0,0,0,0,0,0
9372,Joe Bob,OG,Portal,2,0,0,0,0,0,0,0,0,0,0,0
9373,Joe Bob,QB,Portal,2,0,0,0,0,0,0,0,0,0,0,0
9374,Joe Bob,C,Portal,2,0,0,0,0,0,0,0,0,0,0,0
9419,Joe Bob,C,Portal,4,0,0,0,0,0,0,0,0,0,0,0
9420,Joe Bob,TE,Portal,4,0,0,0,0,0,0,0,0,0,0,0
9425,Joe Bob,CB,Portal,4,0,0,0,0,0,0,0,0,0,0,0
9426,Joe Bob,OG,Portal,3,0,0,0,0,0,0,0,0,0,0,0
9430,Joe Bob,LB,Portal,3,0,0,0,0,0,0,0,0,0,0,0
9431,Joe Bob,LB,Portal,3,0,0,0,0,0,0,0,0,0,0,0
9432,Joe Bob,RB,Portal,2,0,0,0,0,0,0,0,0,0,0,0
9433,Joe Bob,WR,Portal,4,0,0,0,0,0,0,0,0,0,0,0
9434,Joe Bob,WR,Portal,4,0,0,0,0,0,0,0,0,0,0,0
9435,Joe Bob,QB,Portal,4,0,0,0,0,0,0,0,0,0,0,0
9436,Joe Bob,WR,Portal,4,0,0,0,0,0,0,0,0,0,0,0
9437,Joe Bob,OG,Portal,3,0,0,0,0,0,0,0,0,0,0,0
9438,Joe Bob,CB,Portal,4,0,0,0,0,0,0,0,0,0,0,0
9442,Joe Bob,CB,Portal,4,0,0,0,0,0,0,0,0,0,0,0
9444,Joe Bob,S,Portal,2,0,0,0,0,0,0,0,0,0,0,0
9445,Joe Bob,EDGE,Portal,1,0,0,0,0,0,0,0,0,0,0,0
9446,Joe Bob,P,Portal,3,0,0,0,0,0,0,0,0,0,0,0
9448,Joe Bob,RB,Portal,3,0,0,0,0,0,0,0,0,0,0,0
9449,Joe Bob,EDGE,Portal,3,0,0,0,0,0,0,0,0,0,0,0
9450,Joe Bob,WR,Portal,3,0,0,0,0,0,0,0,0,0,0,0
9502,Joe Bob,CB,Portal,3,0,0,0,0,0,0,0,0,0,0,0
9503,Joe Bob,LB,Portal,3,0,0,0,0,0,0,0,0,0,0,0
9504,Joe Bob,QB,Portal,3,0,0,0,0,0,0,0,0,0,0,0
9506,Joe Bob,DL,Portal,1,0,0,0,0,0,0,0,0,0,0,0
9507,Joe Bob,TE,Portal,3,0,0,0,0,0,0,0,0,0,0,0
9508,Joe Bob,LB,Portal,4,0,0,0,0,0,0,0,0,0,0,0
9509,Joe Bob,OG,Portal,4,0,0,0,0,0,0,0,0,0,0,0
9510,Joe Bob,OG,Portal,4,0,0,0,0,0,0,0,0,0,0,0
9511,Joe Bob,C,Portal,1,0,0,0,0,0,0,0,0,0,0,0
9513,Joe Bob,OT,Portal,1,0,0,0,0,0,0,0,0,0,0,0
9514,Joe Bob,LB,Portal,4,0,0,0,0,0,0,0,0,0,0,0
9515,Joe Bob,C,Portal,2,0,0,0,0,0,0,0,0,0,0,0
9517,Joe Bob,EDGE,Portal,2,0,0,0,0,0,0,0,0,0,0,0
9518,Joe Bob,C,Portal,1,0,0,0,0,0,0,0,0,0,0,0
9520,Joe Bob,DL,Portal,3,0,0,0,0,0,0,0,0,0,0,0
9521,Joe Bob,EDGE,Portal,4,0,0,0,0,0,0,0,0,0,0,0
9522,Joe Bob,WR,Portal,4,0,0,0,0,0,0,0,0,0,0,0
9523,Joe Bob,S,Portal,4,0,0,0,0,0,0,0,0,0,0,0
9524,Joe Bob,WR,Portal,4,0,0,0,0,0,0,0,0,0,0,0
9525,Joe Bob,WR,Portal,1,0,0,0,0,0,0,0,0,0,0,0
9571,Joe Bob,S,Portal,1,0,0,0,0,0,0,0,0,0,0,0
9572,Joe Bob,K,Portal,4,0,0,0,0,0,0,0,0,0,0,0
9577,Joe Bob,EDGE,Portal,1,0,0,0,0,0,0,0,0,0,0,0
9578,Joe Bob,S,Portal,3,0,0,0,0,0,0,0,0,0,0,0
9579,Joe Bob,OT,Portal,3,0,0,0,0,0,0,0,0,0,0,0
9582,Joe Bob,EDGE,Portal,4,0,0,0,0,0,0,0,0,0,0,0
9583,Joe Bob,QB,Portal,4,0,0,0,0,0,0,0,0,0,0,0
9584,Joe Bob,K,Portal,4,0,0,0,0,0,0,0,0,0,0,0
9585,Joe Bob,EDGE,Portal,3,0,0,0,0,0,0,0,0,0,0,0
9586,Joe Bob,OG,Portal,4,0,0,0,0,0,0,0,0,0,0,0
9588,Joe Bob,WR,Portal,1,0,0,0,0,0,0,0,0,0,0,0
9590,Joe Bob,OT,Portal,1,0,0,0,0,0,0,0,0,0,0,0
9592,Joe Bob,CB,Portal,3,0,0,0,0,0,0,0,0,0,0,0
9593,Joe Bob,TE,Portal,3,0,0,0,0,0,0,0,0,0,0,0
9595,Joe Bob,TE,Portal,3,0,0,0,0,0,0,0,0,0,0,0
9596,Joe Bob,WR,Portal,2,0,0,0,0,0,0,0,0,0,0,0
9597,Joe Bob,RB,Portal,4,0,0,0,0,0,0,0,0,0,0,0
9598,Joe Bob,DL,Portal,3,0,0,0,0,0,0,0,0,0,0,0
9599,Joe Bob,OG,Portal,4,0,0,0,0,0,0,0,0,0,0,0
9600,Joe Bob,QB,Portal,2,0,0,0,0,0,0,0,0,0,0,0
9651,Joe Bob,WR,Portal,3,0,0,0,0,0,0,0,0,0,0,0
9652,Joe Bob,CB,Portal,3,0,0,0,0,0,0,0,0,0,0,0
9653,Joe Bob,RB,Portal,2,0,0,0,0,0,0,0,0,0,0,0
9654,Joe Bob,WR,Portal,4,0,0,0,0,0,0,0,0,0,0,0
9655,Joe Bob,EDGE,Portal,4,0,0,0,0,0,0,0,0,0,0,0
9656,Joe Bob,OT,Portal,4,0,0,0,0,0,0,0,0,0,0,0
9658,Joe Bob,FB,Portal,3,0,0,0,0,0,0,0,0,0,0,0
9659,Joe Bob,OG,Portal,1,0,0,0,0,0,0,0,0,0,0,0
9660,Joe Bob,WR,Portal,3,0,0,0,0,0,0,0,0,0,0,0
9661,Joe Bob,LB,Portal,1,0,0,0,0,0,0,0,0,0,0,0
9664,Joe Bob,LB,Portal,3,0,0,0,0,0,0,0,0,0,0,0
9665,Joe Bob,CB,Portal,3,0,0,0,0,0,0,0,0,0,0,0
9667,Joe Bob,LB,Portal,4,0,0,0,0,0,0,0,0,0,0,0
9669,Joe Bob,LB,Portal,4,0,0,0,0,0,0,0,0,0,0,0
9670,Joe Bob,WR,Portal,4,0,0,0,0,0,0,0,0,0,0,0
9671,Joe Bob,OG,Portal,4,0,0,0,0,0,0,0,0,0,0,0
9672,Joe Bob,RB,Portal,1,0,0,0,0,0,0,0,0,0,0,0
9673,Joe Bob,WR,Portal,4,0,0,0,0,0,0,0,0,0,0,0
9674,Joe Bob,OG,Portal,4,0,0,0,0,0,0,0,0,0,0,0
9675,Joe Bob,WR,Portal,2,0,0,0,0,0,0,0,0,0,0,0
9724,Joe Bob,EDGE,Portal,2,0,0,0,0,0,0,0,0,0,0,0
9725,Joe Bob,EDGE,Portal,3,0,0,0,0,0,0,0,0,0,0,0
9727,Joe Bob,WR,Portal,4,0,0,0,0,0,0,0,0,0,0,0
9728,Joe Bob,C,Portal,4,0,0,0,0,0,0,0,0,0,0,0
9730,Joe Bob,TE,Portal,4,0,0,0,0,0,0,0,0,0,0,0
9733,Joe Bob,EDGE,Portal,2,0,0,0,0,0,0,0,0,0,0,0
9734,Joe Bob,TE,Portal,3,0,0,0,0,0,0,0,0,0,0,0
9735,Joe Bob,EDGE,Portal,2,0,0,0,0,0,0,0,0,0,0,0
9736,Joe Bob,CB,Portal,3,0,0,0,0,0,0,0,0,0,0,0
9737,Joe Bob,QB,Portal,2,0,0,0,0,0,0,0,0,0,0,0
9738,Joe Bob,DL,Portal,3,0,0,0,0,0,0,0,0,0,0,0
9739,Joe Bob,LB,Portal,4,0,0,0,0,0,0,0,0,0,0,0
9740,Joe Bob,WR,Portal,3,0,0,0,0,0,0,0,0,0,0,0
9741,Joe Bob,DL,Portal,4,0,0,0,0,0,0,0,0,0,0,0
9742,Joe Bob,DL,Portal,4,0,0,0,0,0,0,0,0,0,0,0
9743,Joe Bob,TE,Portal,4,0,0,0,0,0,0,0,0,0,0,0
9745,Joe Bob,OT,Portal,4,0,0,0,0,0,0,0,0,0,0,0
9746,Joe Bob,OG,Portal,1,0,0,0,0,0,0,0,0,0,0,0
9749,Joe Bob,TE,Portal,3,0,0,0,0,0,0,0,0,0,0,0
9750,Joe Bob,LB,Portal,4,0,0,0,0,0,0,0,0,0,0,0
9800,Joe Bob,P,Portal,4,0,0,0,0,0,0,0,0,0,0,0
9802,Joe Bob,S,Portal,4,0,0,0,0,0,0,0,0,0,0,0
9805,Joe Bob,LB,Portal,2,0,0,0,0,0,0,0,0,0,0,0
9806,Joe Bob,TE,Portal,3,0,0,0,0,0,0,0,0,0,0,0
9807,Joe Bob,EDGE,Portal,1,0,0,0,0,0,0,0,0,0,0,0
9808,Joe Bob,CB,Portal,3,0,0,0,0,0,0,0,0,0,0,0
9809,Joe Bob,S,Portal,3,0,0,0,0,0,0,0,0,0,0,0
9810,Joe Bob,WR,Portal,3,0,0,0,0,0,0,0,0,0,0,0
9811,Joe Bob,EDGE,Portal,4,0,0,0,0,0,0,0,0,0,0,0
9812,Joe Bob,EDGE,Portal,3,0,0,0,0,0,0,0,0,0,0,0
9813,Joe Bob,WR,Portal,4,0,0,0,0,0,0,0,0,0,0,0
9814,Joe Bob,DL,Portal,4,0,0,0,0,0,0,0,0,0,0,0
9815,Joe Bob,K,Portal,3,0,0,0,0,0,0,0,0,0,0,0
9818,Joe Bob,WR,Portal,2,0,0,0,0,0,0,0,0,0,0,0
9819,Joe Bob,OT,Portal,1,0,0,0,0,0,0,0,0,0,0,0
9820,Joe Bob,S,Portal,4,0,0,0,0,0,0,0,0,0,0,0
9822,Joe Bob,CB,Portal,4,0,0,0,0,0,0,0,0,0,0,0
9823,Joe Bob,P,Portal,3,0,0,0,0,0,0,0,0,0,0,0
9824,Joe Bob,S,Portal,1,0,0,0,0,0,0,0,0,0,0,0
9825,Joe Bob,S,Portal,2,0,0,0,0,0,0,0,0,0,0,0
9876,Joe Bob,OT,Portal,1,0,0,0,0,0,0,0,0,0,0,0
9877,Joe Bob,CB,Portal,4,0,0,0,0,0,0,0,0,0,0,0
9878,Joe Bob,OT,Portal,2,0,0,0,0,0,0,0,0,0,0,0
9879,Joe Bob,C,Portal,1,0,0,0,0,0,0,0,0,0,0,0
9881,Joe Bob,OG,Portal,3,0,0,0,0,0,0,0,0,0,0,0
9882,Joe Bob,EDGE,Portal,1,0,0,0,0,0,0,0,0,0,0,0
9883,Joe Bob,LB,Portal,4,0,0,0,0,0,0,0,0,0,0,0
9885,Joe Bob,CB,Portal,3,0,0,0,0,0,0,0,0,0,0,0
9886,Joe Bob,LB,Portal,3,0,0,0,0,0,0,0,0,0,0,0
9887,Joe Bob,OT,Portal,2,0,0,0,0,0,0,0,0,0,0,0
9888,Joe Bob,DL,Portal,4,0,0,0,0,0,0,0,0,0,0,0
9889,Joe Bob,WR,Portal,3,0,0,0,0,0,0,0,0,0,0,0
9890,Joe Bob,EDGE,Portal,4,0,0,0,0,0,0,0,0,0,0,0
9891,Joe Bob,FB,Portal,4,0,0,0,0,0,0,0,0,0,0,0
9892,Joe Bob,WR,Portal,4,0,0,0,0,0,0,0,0,0,0,0
9893,Joe Bob,K,Portal,1,0,0,0,0,0,0,0,0,0,0,0
9894,Joe Bob,TE,Portal,4,0,0,0,0,0,0,0,0,0,0,0
9895,Joe Bob,WR,Portal,4,0,0,0,0,0,0,0,0,0,0,0
9897,Joe Bob,LB,Portal,4,0,0,0,0,0,0,0,0,0,0,0
9900,Joe Bob,CB,Portal,1,0,0,0,0,0,0,0,0,0,0,0
9942,Joe Bob,LB,Portal,4,0,0,0,0,0,0,0,0,0,0,0
9944,Joe Bob,OT,Portal,3,0,0,0,0,0,0,0,0,0,0,0
9946,Joe Bob,OT,Portal,4,0,0,0,0,0,0,0,0,0,0,0
9950,Joe Bob,P,Portal,2,0,0,0,0,0,0,0,0,0,0,0
9951,Joe Bob,TE,Portal,4,0,0,0,0,0,0,0,0,0,0,0
9953,Joe Bob,K,Portal,1,0,0,0,0,0,0,0,0,0,0,0
9954,Joe Bob,QB,Portal,1,0,0,0,0,0,0,0,0,0,0,0
9955,Joe Bob,P,Portal,3,0,0,0,0,0,0,0,0,0,0,0
9957,Joe Bob,CB,Portal,3,0,0,0,0,0,0,0,0,0,0,0
9959,Joe Bob,RB,Portal,4,0,0,0,0,0,0,0,0,0,0,0
9960,Joe Bob,WR,Portal,3,0,0,0,0,0,0,0,0,0,0,0
9961,Joe Bob,EDGE,Portal,3,0,0,0,0,0,0,0,0,0,0,0
9963,Joe Bob,RB,Portal,3,0,0,0,0,0,0,0,0,0,0,0
9964,Joe Bob,TE,Portal,3,0,0,0,0,0,0,0,0,0,0,0
9967,Joe Bob,C,Portal,4,0,0,0,0,0,0,0,0,0,0,0
9969,Joe Bob,LB,Portal,1,0,0,0,0,0,0,0,0,0,0,0
9972,Joe Bob,C,Portal,2,0,0,0,0,0,0,0,0,0,0,0
9973,Joe Bob,EDGE,Portal,4,0,0,0,0,0,0,0,0,0,0,0
9974,Joe Bob,QB,Portal,1,0,0,0,0,0,0,0,0,0,0,0
9975,Joe Bob,CB,Portal,3,0,0,0,0,0,0,0,0,0,0,0
10025,Joe Bob,TE,Portal,1,0,0,0,0,0,0,0,0,0,0,0
10026,Joe Bob,EDGE,Portal,3,0,0,0,0,0,0,0,0,0,0,0
10027,Joe Bob,DL,Portal,3,0,0,0,0,0,0,0,0,0,0,0
10029,Joe Bob,LB,Portal,3,0,0,0,0,0,0,0,0,0,0,0
10030,Joe Bob,EDGE,Portal,2,0,0,0,0,0,0,0,0,0,0,0
10031,Joe Bob,RB,Portal,3,0,0,0,0,0,0,0,0,0,0,0
10032,Joe Bob,WR,Portal,4,0,0,0,0,0,0,0,0,0,0,0
10034,Joe Bob,RB,Portal,4,0,0,0,0,0,0,0,0,0,0,0
10035,Joe Bob,WR,Portal,4,0,0,0,0,0,0,0,0,0,0,0
10036,Joe Bob,CB,Portal,3,0,0,0,0,0,0,0,0,0,0,0
10038,Joe Bob,OG,Portal,4,0,0,0,0,0,0,0,0,0,0,0
10040,Joe Bob,S,Portal,1,0,0,0,0,0,0,0,0,0,0,0
10041,Joe Bob,CB,Portal,4,0,0,0,0,0,0,0,0,0,0,0
10042,Joe Bob,P,Portal,2,0,0,0,0,0,0,0,0,0,0,0
10043,Joe Bob,S,Portal,4,0,0,0,0,0,0,0,0,0,0,0
10044,Joe Bob,C,Portal,1,0,0,0,0,0,0,0,0,0,0,0
10045,Joe Bob,S,Portal,1,0,0,0,0,0,0,0,0,0,0,0
10047,Joe Bob,EDGE,Portal,2,0,0,0,0,0,0,0,0,0,0,0
10048,Joe Bob,LB,Portal,3,0,0,0,0,0,0,0,0,0,0,0
10049,Joe Bob,S,Portal,2,0,0,0,0,0,0,0,0,0,0,0
10103,Joe Bob,WR,Portal,1,0,0,0,0,0,0,0,0,0,0,0
10104,Joe Bob,EDGE,Portal,1,0,0,0,0,0,0,0,0,0,0,0
10105,Joe Bob,QB,Portal,4,0,0,0,0,0,0,0,0,0,0,0
10106,Joe Bob,QB,Portal,4,0,0,0,0,0,0,0,0,0,0,0
10107,Joe Bob,TE,Portal,3,0,0,0,0,0,0,0,0,0,0,0
10108,Joe Bob,OG,Portal,3,0,0,0,0,0,0,0,0,0,0,0
10109,Joe Bob,OT,Portal,2,0,0,0,0,0,0,0,0,0,0,0
10110,Joe Bob,P,Portal,4,0,0,0,0,0,0,0,0,0,0,0
10112,Joe Bob,LB,Portal,3,0,0,0,0,0,0,0,0,0,0,0
10113,Joe Bob,P,Portal,3,0,0,0,0,0,0,0,0,0,0,0
10114,Joe Bob,WR,Portal,4,0,0,0,0,0,0,0,0,0,0,0
10115,Joe Bob,WR,Portal,1,0,0,0,0,0,0,0,0,0,0,0
10116,Joe Bob,WR,Portal,4,0,0,0,0,0,0,0,0,0,0,0
10117,Joe Bob,CB,Portal,4,0,0,0,0,0,0,0,0,0,0,0
10118,Joe Bob,C,Portal,4,0,0,0,0,0,0,0,0,0,0,0
10120,Joe Bob,LB,Portal,1,0,0,0,0,0,0,0,0,0,0,0
10121,Joe Bob,OT,Portal,1,0,0,0,0,0,0,0,0,0,0,0
10122,Joe Bob,CB,Portal,1,0,0,0,0,0,0,0,0,0,0,0
10124,Joe Bob,C,Portal,3,0,0,0,0,0,0,0,0,0,0,0
10125,Joe Bob,WR,Portal,3,0,0,0,0,0,0,0,0,0,0,0
10172,Joe Bob,K,Portal,2,0,0,0,0,0,0,0,0,0,0,0
10174,Joe Bob,S,Portal,2,0,0,0,0,0,0,0,0,0,0,0
10176,Joe Bob,S,Portal,4,0,0,0,0,0,0,0,0,0,0,0
10178,Joe Bob,K,Portal,4,0,0,0,0,0,0,0,0,0,0,0
10179,Joe Bob,OT,Portal,2,0,0,0,0,0,0,0,0,0,0,0
10183,Joe Bob,LB,Portal,3,0,0,0,0,0,0,0,0,0,0,0
10184,Joe Bob,RB,Portal,3,0,0,0,0,0,0,0,0,0,0,0
10185,Joe Bob,WR,Portal,3,0,0,0,0,0,0,0,0,0,0,0
10186,Joe Bob,WR,Portal,4,0,0,0,0,0,0,0,0,0,0,0
10187,Joe Bob,P,Portal,4,0,0,0,0,0,0,0,0,0,0,0
10188,Joe Bob,WR,Portal,4,0,0,0,0,0,0,0,0,0,0,0
10189,Joe Bob,OT,Portal,4,0,0,0,0,0,0,0,0,0,0,0
10191,Joe Bob,WR,Portal,2,0,0,0,0,0,0,0,0,0,0,0
10192,Joe Bob,EDGE,Portal,1,0,0,0,0,0,0,0,0,0,0,0
10193,Joe Bob,C,Portal,1,0,0,0,0,0,0,0,0,0,0,0
10194,Joe Bob,P,Portal,4,0,0,0,0,0,0,0,0,0,0,0
10195,Joe Bob,S,Portal,2,0,0,0,0,0,0,0,0,0,0,0
10196,Joe Bob,CB,Portal,3,0,0,0,0,0,0,0,0,0,0,0
10197,Joe Bob,WR,Portal,2,0,0,0,0,0,0,0,0,0,0,0
10200,Joe Bob,RB,Portal,3,0,0,0,0,0,0,0,0,0,0,0
