id,name,position,stars,region,overall,speed,strength,tech,agi,int,victory,local,playtime,money,Actual Overall
10201,Trey Taylor,TE,0,NW,28,28,31,28,28,22,5,24,47,25,28.0
10202,Bryce Williams,OT,5,NW,75,42,90,47,76,40,39,14,53,22,75.0
10203,Trey White,TE,3,NW,51,61,52,56,32,40,14,71,48,53,51.0
10204,Bryce Williams,C,2,NW,49,23,55,23,23,65,69,56,31,76,49.0
10205,Caleb Williams,QB,3,NW,55,41,57,61,49,57,60,2,43,77,55.0
10206,Ethan Johnson,P,2,NW,45,19,50,40,19,19,32,45,47,2,45.0
10207,DeShawn Smith,CB,3,NW,56,68,44,50,64,46,43,95,46,81,56.0
10208,Bryce Taylor,WR,3,NW,53,66,48,52,44,42,14,8,71,31,53.0
10209,Ethan Scott,OG,3,NW,60,66,62,37,54,46,34,50,78,58,60.0
10210,Tyler Brown,LB,3,NW,55,50,66,59,47,47,92,74,88,80,55.0
10211,Tyler Smith,DL,3,NW,51,48,54,54,44,53,61,56,29,85,51.0
10212,Ethan Taylor,FB,3,NW,55,51,61,59,63,31,24,78,82,11,55.0
10213,Trey White,WR,0,NW,12,22,1,9,20,-10,91,65,27,92,12.0
10214,Ethan Brown,EDGE,2,NW,47,47,48,39,57,36,39,74,85,37,47.0
10215,DeShawn Taylor,K,3,NW,53,37,55,51,37,37,49,47,89,7,53.0
10216,Tyler Walker,P,2,NW,44,20,44,44,20,20,47,75,58,68,44.0
10217,Caleb Johnson,TE,4,NW,68,64,73,68,67,64,56,66,6,13,68.0
10218,Jalen Smith,LB,3,NW,57,50,67,62,50,50,10,69,72,48,57.0
10219,DeShawn Williams,EDGE,2,NW,47,50,53,38,49,31,80,82,86,97,47.0
10220,Zion Smith,K,3,NW,57,41,55,59,41,41,32,87,79,33,57.0
10221,Trey Walker,C,2,NW,42,27,47,26,21,50,15,26,1,15,42.0
10222,Zion Smith,WR,3,NW,59,66,51,67,52,44,29,3,15,16,59.0
10223,Tyler Taylor,DL,4,NW,65,60,66,76,52,68,2,78,16,35,65.0
10224,DeShawn Williams,OG,2,NW,48,54,51,27,39,33,46,36,89,68,48.0
10225,Zion Brown,RB,1,NW,30,38,30,24,24,26,71,61,77,83,30.0
10226,Jalen Johnson,FB,2,NW,44,41,51,46,50,20,26,41,40,36,44.0
10227,Tyler Taylor,DL,2,NW,50,41,50,61,49,38,10,15,46,85,50.0
10228,Jalen Johnson,OT,2,NW,46,24,56,21,49,18,56,68,25,50,46.0
10229,Caleb Smith,P,3,NW,50,36,51,49,36,36,86,23,77,9,50.0
10230,Caleb Walker,P,3,NW,60,42,57,63,42,42,86,30,70,56,60.0
10231,Trey Taylor,CB,2,NW,48,47,41,53,50,42,50,44,3,0,48.0
10232,Ethan White,C,2,NW,44,9,61,21,9,41,26,60,10,32,44.0
10233,Bryce Smith,QB,2,NW,43,51,35,35,31,59,88,96,96,64,43.0
10234,Trey Walker,OG,2,NW,43,51,42,32,42,34,56,10,20,71,43.0
10235,Tyler Taylor,EDGE,3,NW,51,57,51,39,61,34,8,24,8,61,51.0
10236,Jalen Brown,OT,2,NW,42,18,54,17,41,14,6,98,65,7,42.0
10237,Jalen Johnson,WR,3,NW,59,55,49,65,69,51,16,11,17,72,59.0
10238,DeShawn Scott,OT,2,NW,42,35,47,27,40,29,67,77,48,73,42.0
10239,Jalen Smith,C,3,NW,51,24,60,31,24,60,81,86,11,89,51.0
10240,Zion Taylor,RB,2,NW,45,45,45,44,50,39,36,76,22,50,45.0
10241,Jalen Smith,K,2,NW,48,36,50,46,36,36,51,56,23,46,48.0
10242,Bryce Johnson,QB,3,NW,55,49,47,56,42,69,49,21,0,9,55.0
10243,Ethan Walker,TE,3,NW,58,56,59,64,56,50,69,51,6,5,58.0
10244,Bryce Smith,OT,3,NW,57,48,56,40,75,40,45,6,53,34,57.0
10245,Ethan Walker,K,1,NW,36,18,37,35,18,18,91,16,27,45,36.0
10246,DeShawn Scott,OT,2,NW,47,22,54,20,61,18,35,43,96,46,47.0
10247,DeShawn Smith,DL,3,NW,56,47,47,67,61,59,33,9,69,78,56.0
10248,Tyler White,OT,3,NW,57,54,62,43,51,46,86,62,7,28,57.0
10249,Bryce Scott,CB,3,NW,51,53,47,50,50,57,23,37,67,32,51.0
10250,Ethan Scott,RB,1,NW,33,35,32,32,37,26,100,18,12,98,33.0
10251,Zion Scott,EDGE,2,NW,44,49,52,37,35,36,4,11,47,70,44.0
10252,DeShawn Williams,EDGE,3,NW,60,52,71,50,73,36,16,68,20,73,60.0
10253,Zion White,OG,3,NW,53,62,60,24,32,28,54,52,60,3,53.0
10254,Bryce Scott,LB,3,NW,52,54,47,60,46,46,49,56,41,58,52.0
10255,Caleb White,OT,2,NW,41,21,53,21,34,19,46,31,10,70,41.0
10256,DeShawn White,LB,3,NW,60,61,56,67,55,55,56,24,80,83,60.0
10257,Zion Johnson,C,1,NW,37,13,49,16,13,34,54,3,17,23,37.0
10258,Zion Brown,OT,2,NW,47,14,58,17,58,14,74,49,12,16,47.0
10259,Caleb White,OT,2,NW,47,32,52,23,54,28,11,60,66,43,47.0
10260,Ethan Taylor,DL,0,NW,20,12,21,26,21,12,3,23,32,48,20.0
10261,Jalen Smith,FB,1,NW,34,44,34,46,26,-2,0,4,80,37,34.0
10262,Trey Taylor,DL,3,NW,51,40,64,52,52,24,91,0,86,39,51.0
10263,Ethan Smith,TE,4,NW,63,62,74,60,50,56,18,54,0,69,63.0
10264,Ethan Walker,TE,3,NW,55,55,51,64,55,48,9,74,50,7,55.0
10265,Caleb Taylor,WR,5,NW,70,79,61,77,65,49,56,52,30,23,70.0
10266,DeShawn Brown,TE,4,NW,70,60,82,67,66,67,26,23,96,11,70.0
10267,Ethan Johnson,C,2,NW,48,13,65,25,13,45,36,52,95,13,48.0
10268,Jalen Brown,OG,2,NW,40,50,48,16,16,12,87,96,22,14,40.0
10269,Trey Williams,P,0,NW,13,-17,16,10,-17,-17,56,6,27,32,13.0
10270,DeShawn Smith,P,1,NW,39,23,43,35,23,23,39,54,85,70,39.0
10271,Ethan Brown,P,3,NW,51,33,56,46,33,33,45,7,72,7,51.0
10272,Caleb Smith,OG,2,NW,50,51,60,29,28,26,11,59,5,34,50.0
10273,Ethan Johnson,K,3,NW,60,52,58,62,52,52,41,53,47,49,60.0
10274,Caleb White,RB,2,NW,45,44,49,48,43,41,64,28,37,90,45.0
10275,Zion Johnson,TE,1,NW,30,33,37,30,15,22,76,30,43,62,30.0
10276,Zion Johnson,P,1,NW,33,17,37,29,17,17,85,62,78,64,33.0
10277,DeShawn Johnson,QB,2,NW,40,37,45,39,35,41,0,23,0,22,40.0
10278,Trey Scott,S,3,NW,59,68,55,50,61,56,75,3,55,44,59.0
10279,Zion Walker,OG,3,NW,56,62,66,22,30,28,33,93,48,63,56.0
10280,Jalen Johnson,CB,3,NW,52,60,44,53,49,47,45,11,47,73,52.0
10281,Zion Walker,S,3,NW,53,48,32,46,54,67,21,86,77,65,53.0
10282,Jalen White,OG,3,NW,54,63,62,27,30,28,91,49,8,21,54.0
10283,Jalen Johnson,QB,2,NW,48,26,54,60,38,46,76,19,66,39,48.0
10284,Zion Brown,RB,3,NW,54,49,58,53,63,46,28,9,82,41,54.0
10285,DeShawn Walker,K,3,NW,53,49,51,55,49,49,32,86,8,16,53.0
10286,Zion Smith,RB,2,NW,41,41,52,35,37,32,22,57,78,71,41.0
10287,Trey White,TE,3,NW,50,53,56,56,29,38,58,37,35,92,50.0
10288,Trey Taylor,LB,2,NW,48,60,42,52,40,40,13,83,92,56,48.0
10289,Tyler Brown,QB,3,NW,51,39,47,63,41,51,20,14,10,47,51.0
10290,Caleb Williams,QB,3,NW,55,45,53,53,45,69,80,29,17,66,55.0
10291,Ethan White,EDGE,3,NW,56,66,60,48,50,43,71,58,8,70,56.0
10292,DeShawn White,C,4,NW,66,34,74,40,34,84,30,95,65,71,66.0
10293,DeShawn Smith,RB,4,NW,67,71,68,49,77,56,7,1,13,44,67.0
10294,Jalen Smith,OT,4,NW,68,67,67,52,76,59,31,97,7,90,68.0
10295,Ethan Brown,C,3,NW,55,43,59,44,37,62,29,37,62,80,55.0
10296,Zion Walker,OG,3,NW,54,57,54,43,54,48,81,52,34,90,54.0
10297,Zion Smith,C,4,NW,63,52,72,49,46,55,88,87,34,96,63.0
10298,Jalen Johnson,WR,4,NW,60,70,52,62,57,43,51,43,91,31,60.0
10299,Zion Taylor,QB,3,NW,54,50,56,53,44,60,88,41,67,35,54.0
10300,DeShawn Johnson,FB,3,NW,59,67,57,55,67,35,99,65,9,7,59.0
10301,Ethan Scott,CB,0,NW,27,30,22,25,29,29,86,8,36,45,27.0
10302,Caleb Taylor,K,4,NW,60,46,59,61,46,46,7,27,47,55,60.0
10303,Jalen White,TE,3,NW,59,61,68,58,44,50,28,99,94,75,59.0
10304,Tyler Brown,DL,3,NW,60,56,65,58,57,62,50,95,47,10,60.0
10305,Caleb Walker,S,3,NW,53,50,40,46,52,64,28,37,8,51,53.0
10306,Trey Taylor,LB,4,NW,66,56,73,72,62,62,54,56,40,67,66.0
10307,Trey Scott,K,2,NW,42,28,39,45,28,28,83,39,70,71,42.0
10308,DeShawn Johnson,S,1,NW,30,34,11,22,21,43,73,9,17,19,30.0
10309,Trey Scott,FB,2,NW,47,51,56,44,46,14,3,43,97,36,47.0
10310,Jalen Smith,EDGE,3,NW,56,60,59,50,51,56,51,3,92,11,56.0
10311,DeShawn Scott,OT,2,NW,49,24,64,30,41,20,3,62,53,37,49.0
10312,Caleb Taylor,WR,3,NW,51,48,45,65,42,52,57,93,63,25,51.0
10313,Tyler Walker,OG,2,NW,42,52,52,22,12,12,1,26,0,12,42.0
10314,DeShawn Scott,OG,4,NW,70,58,81,51,57,53,37,37,37,97,70.0
10315,Trey Walker,EDGE,2,NW,48,56,56,38,43,29,40,69,56,95,48.0
10316,Jalen Brown,CB,4,NW,64,67,55,73,64,43,49,91,82,86,64.0
10317,Tyler Williams,LB,3,NW,51,38,61,60,44,44,66,75,34,18,51.0
10318,Jalen Williams,QB,3,NW,58,46,56,71,46,56,39,6,88,0,58.0
10319,Trey Johnson,RB,3,NW,56,62,56,45,57,50,82,4,69,75,56.0
10320,Zion Scott,RB,0,NW,22,27,22,2,32,12,22,29,55,26,22.0
10321,Tyler Johnson,CB,3,NW,60,61,53,71,54,47,48,9,76,25,60.0
10322,Caleb Williams,LB,3,NW,60,53,64,68,54,54,87,17,85,99,60.0
10323,Zion Johnson,K,3,NW,56,32,62,50,32,32,49,76,58,29,56.0
10324,Tyler Smith,OT,2,NW,48,22,62,26,44,18,14,0,84,11,48.0
10325,Ethan Walker,OG,3,NW,60,61,69,42,41,37,15,94,18,35,60.0
10326,Bryce Walker,CB,2,NW,41,50,30,42,43,28,24,47,28,55,41.0
10327,Jalen Walker,OG,3,NW,60,66,63,34,51,45,11,16,18,10,60.0
10328,Zion White,EDGE,4,NW,68,73,71,59,68,60,81,27,59,98,68.0
10329,Caleb Walker,DL,3,NW,52,49,49,57,48,61,16,81,62,31,52.0
10330,Ethan White,WR,3,NW,50,46,43,55,55,50,48,0,81,2,50.0
10331,DeShawn Taylor,WR,3,NW,59,55,52,74,50,62,55,23,5,26,59.0
10332,Ethan Brown,FB,1,NW,34,44,24,44,36,16,85,73,3,17,34.0
10333,Caleb Taylor,EDGE,2,NW,42,42,43,34,52,31,21,10,36,15,42.0
10334,Ethan Brown,TE,2,NW,49,42,64,47,32,43,55,34,63,71,49.0
10335,Caleb Scott,RB,3,NW,57,67,60,32,59,46,48,15,19,73,57.0
10336,Bryce Williams,QB,3,W,58,50,60,55,50,68,77,10,24,99,58.0
10337,Trey Johnson,S,3,W,60,69,51,51,60,60,56,97,24,41,60.0
10338,Tyler Williams,S,1,W,37,30,19,30,39,51,19,50,98,92,37.0
10339,Trey White,EDGE,2,W,50,65,44,41,48,48,90,18,94,93,50.0
10340,Caleb Johnson,FB,3,W,60,64,64,60,60,36,83,74,90,67,60.0
10341,DeShawn Taylor,OG,2,W,40,38,52,12,16,14,100,16,6,32,40.0
10342,DeShawn Walker,DL,2,W,40,32,47,42,39,28,47,12,4,64,40.0
10343,Jalen Smith,CB,3,W,56,51,47,62,68,40,20,43,10,36,56.0
10344,Caleb White,RB,2,W,48,57,53,30,44,39,22,60,70,96,48.0
10345,Caleb Smith,RB,3,W,56,51,72,55,50,48,81,97,55,64,56.0
10346,Bryce White,OG,1,W,31,38,38,6,10,10,10,38,58,63,31.0
10347,Caleb Scott,DL,2,W,43,32,50,44,48,26,84,15,2,17,43.0
10348,Ethan Taylor,CB,2,W,44,38,38,50,48,42,33,9,85,91,44.0
10349,Jalen Smith,LB,0,W,5,15,16,3,-7,-7,80,68,79,28,5.0
10350,DeShawn White,FB,3,W,52,53,58,57,51,25,12,90,89,22,52.0
10351,Bryce Scott,RB,5,W,88,97,86,75,88,82,82,64,26,23,88.0
10352,Ethan White,DL,3,W,57,51,72,51,55,40,9,38,35,93,57.0
10353,DeShawn Brown,C,3,W,52,27,59,32,25,65,7,94,26,73,52.0
10354,Jalen Smith,P,2,W,45,29,47,43,29,29,91,19,13,76,45.0
10355,Jalen Scott,OT,3,W,51,54,46,34,65,46,1,88,23,78,51.0
10356,Caleb Walker,LB,3,W,60,72,60,60,52,52,71,83,71,42,60.0
10357,Jalen Taylor,K,4,W,61,41,61,61,41,41,3,0,64,37,61.0
10358,Caleb Scott,OT,3,W,57,39,63,38,65,35,50,4,68,28,57.0
10359,Caleb Brown,S,4,W,62,57,41,55,63,76,20,1,64,6,62.0
10360,Caleb Scott,OT,3,W,59,31,71,31,63,27,80,3,86,19,59.0
10361,Zion Scott,P,2,W,49,37,45,53,37,37,42,74,26,12,49.0
10362,Ethan Smith,WR,3,W,53,52,43,63,53,46,9,20,30,17,53.0
10363,Zion Johnson,WR,2,W,48,52,40,58,42,35,64,34,10,56,48.0
10364,Zion Taylor,EDGE,4,W,67,65,69,57,83,49,48,58,65,30,67.0
10365,Ethan White,LB,3,W,59,61,66,61,51,51,50,66,64,19,59.0
10366,Bryce Scott,EDGE,2,W,47,53,50,35,52,31,26,71,85,36,47.0
10367,Ethan Smith,LB,3,W,56,64,60,57,47,47,75,57,13,20,56.0
10368,Jalen Scott,EDGE,4,W,64,64,62,56,76,58,57,28,44,19,64.0
10369,Tyler Taylor,TE,3,W,50,45,57,54,41,42,41,24,4,85,50.0
10370,Jalen Williams,S,3,W,58,54,39,48,68,66,17,28,29,74,58.0
10371,Ethan Taylor,DL,0,W,26,23,26,29,21,33,100,4,13,59,26.0
10372,Tyler Brown,RB,3,W,51,49,62,53,43,46,33,15,76,13,51.0
10373,Tyler Johnson,P,2,W,42,26,40,44,26,26,19,94,70,9,42.0
10374,Trey Johnson,WR,2,W,48,57,42,46,48,35,33,7,51,99,48.0
10375,Tyler Smith,OG,3,W,51,64,58,31,26,24,99,62,94,68,51.0
10376,Zion Williams,WR,0,W,13,18,3,21,10,-1,51,39,53,69,13.0
10377,Ethan Scott,LB,3,W,59,62,59,63,53,53,51,18,73,42,59.0
10378,DeShawn Williams,DL,1,W,32,22,34,32,44,17,66,22,41,17,32.0
10379,DeShawn Walker,CB,0,W,1,10,-8,7,-3,-18,24,96,48,86,1.0
10380,Jalen Johnson,RB,3,W,53,67,46,35,55,46,31,95,87,56,53.0
10381,Trey Scott,K,2,W,49,35,48,50,35,35,0,53,64,8,49.0
10382,Jalen Scott,LB,2,W,44,29,44,57,41,41,60,88,29,31,44.0
10383,Bryce Williams,OT,3,W,59,46,66,34,59,40,84,37,82,81,59.0
10384,Zion White,CB,4,W,63,75,53,59,64,58,82,52,56,62,63.0
10385,Trey Walker,C,2,W,46,20,56,24,20,51,98,100,97,29,46.0
10386,Jalen Williams,K,3,W,58,48,55,61,48,48,39,2,41,29,58.0
10387,Jalen Brown,P,3,W,54,32,53,55,32,32,7,55,23,37,54.0
10388,Bryce Walker,CB,2,W,47,47,35,59,52,19,98,30,17,62,47.0
10389,Zion Williams,EDGE,2,W,49,49,49,43,54,48,49,34,64,95,49.0
10390,DeShawn Johnson,OG,3,W,55,66,64,26,28,24,12,77,14,27,55.0
10391,Ethan Scott,EDGE,3,W,54,47,63,45,65,36,69,68,98,72,54.0
10392,Zion Taylor,RB,1,W,35,38,38,37,28,32,24,86,74,19,35.0
10393,DeShawn Johnson,C,3,W,50,47,51,39,41,54,34,82,93,41,50.0
10394,Caleb Scott,RB,2,W,43,50,44,33,40,38,9,40,93,80,43.0
10395,DeShawn White,QB,0,W,28,7,33,38,17,29,80,83,59,80,28.0
10396,Ethan Walker,P,2,W,45,39,40,50,39,39,93,44,86,34,45.0
10397,Jalen Smith,OT,1,W,30,13,37,13,32,13,74,94,30,1,30.0
10398,Ethan Brown,FB,3,W,55,61,61,59,51,19,52,61,28,10,55.0
10399,Ethan Taylor,OT,3,W,53,31,59,23,65,29,15,5,60,23,53.0
10400,Caleb Scott,EDGE,3,W,53,63,46,43,60,50,62,70,66,53,53.0
10401,DeShawn Johnson,OG,3,W,53,51,66,22,26,26,5,76,5,92,53.0
10402,Zion White,RB,3,W,60,74,57,42,57,53,28,35,55,96,60.0
10403,Bryce Johnson,TE,4,W,63,56,62,76,58,56,87,35,40,88,63.0
10404,Caleb Smith,K,3,W,51,41,44,58,41,41,55,92,14,12,51.0
10405,Trey Brown,EDGE,1,W,31,36,39,24,22,23,18,41,37,13,31.0
10406,Caleb Taylor,DL,1,W,37,33,36,47,26,43,11,31,41,95,37.0
10407,Trey Smith,WR,0,W,18,18,15,25,8,25,99,36,49,4,18.0
10408,Ethan White,P,3,W,52,32,52,52,32,32,19,44,23,56,52.0
10409,Trey Johnson,WR,3,W,58,67,52,58,54,48,92,1,86,77,58.0
10410,Jalen Williams,K,3,W,52,42,53,51,42,42,86,32,10,99,52.0
10411,Trey Johnson,TE,3,W,55,46,59,60,56,50,40,43,72,93,55.0
10412,Ethan Walker,LB,3,W,54,42,57,64,50,50,2,5,46,64,54.0
10413,DeShawn Johnson,WR,2,W,41,53,38,38,31,37,86,32,46,64,41.0
10414,Zion Johnson,S,2,W,47,50,31,40,40,58,55,57,87,36,47.0
10415,Caleb Johnson,OT,2,W,46,22,58,21,45,18,76,83,88,39,46.0
10416,Jalen Johnson,EDGE,2,W,45,47,51,39,39,43,50,11,100,85,45.0
10417,Trey Williams,OT,0,W,15,0,16,-5,34,-6,27,56,92,8,15.0
10418,Bryce Williams,DL,3,W,50,39,57,49,59,30,11,9,48,4,50.0
10419,Caleb Scott,OG,1,W,30,24,40,14,16,8,86,19,17,97,30.0
10420,Jalen Johnson,EDGE,2,W,44,42,59,38,37,27,77,100,1,45,44.0
10421,Caleb Williams,LB,2,W,43,46,31,54,38,38,72,48,91,38,43.0
10422,Bryce Taylor,K,2,W,44,36,44,44,36,36,27,32,75,36,44.0
10423,Caleb Smith,DL,3,W,54,47,47,71,46,59,71,24,23,83,54.0
10424,Jalen Scott,DL,3,W,58,46,70,62,58,30,37,77,70,75,58.0
10425,Caleb Johnson,QB,0,W,28,10,34,34,20,30,48,71,83,28,28.0
10426,Jalen Williams,DL,3,W,55,51,57,55,53,59,1,3,20,77,55.0
10427,Jalen Brown,WR,3,W,51,49,40,58,59,40,67,50,98,72,51.0
10428,Caleb White,DL,3,W,52,46,52,58,48,54,24,72,84,77,52.0
10429,Bryce Williams,K,3,W,50,36,47,53,36,36,36,59,98,19,50.0
10430,DeShawn Walker,S,1,W,40,36,25,34,39,52,3,81,64,99,40.0
10431,DeShawn Brown,QB,3,W,57,54,56,61,44,60,6,26,57,16,57.0
10432,Ethan Taylor,DL,5,W,85,78,87,96,74,84,80,56,74,59,85.0
10433,Bryce Scott,RB,2,W,41,46,45,40,32,37,13,70,13,71,41.0
10434,Caleb Smith,TE,3,W,50,61,52,52,32,40,14,24,84,86,50.0
10435,DeShawn Williams,WR,3,W,50,57,42,44,59,38,86,96,40,91,50.0
10436,Jalen Taylor,WR,1,W,32,28,28,44,22,40,6,90,45,33,32.0
10437,Caleb White,TE,3,W,55,44,61,61,53,49,23,39,12,62,55.0
10438,Bryce White,RB,2,W,50,51,59,37,52,39,80,39,55,36,50.0
10439,Ethan Smith,WR,2,W,46,54,36,48,50,24,16,49,17,21,46.0
10440,Jalen Taylor,EDGE,3,W,53,62,57,42,53,35,54,68,9,67,53.0
10441,Ethan Johnson,OG,2,W,46,57,48,30,36,28,4,41,11,92,46.0
10442,Trey Johnson,LB,3,W,54,45,60,62,48,48,94,21,36,51,54.0
10443,Caleb Taylor,S,3,W,52,57,43,45,48,57,76,73,59,47,52.0
10444,Bryce Walker,EDGE,2,W,42,48,46,28,52,16,5,40,75,72,42.0
10445,Zion Walker,QB,3,W,57,53,55,62,47,59,36,43,93,56,57.0
10446,Caleb Scott,RB,1,W,38,40,39,34,41,31,28,46,27,1,38.0
10447,Tyler Walker,OT,3,W,51,15,63,21,63,15,27,61,61,86,51.0
10448,Bryce Johnson,WR,0,W,17,28,7,13,25,-7,30,59,81,66,17.0
10449,DeShawn Smith,QB,1,W,34,31,35,31,23,43,50,98,96,57,34.0
10450,Zion White,P,3,W,54,38,56,52,38,38,0,18,19,90,54.0
10451,Tyler White,C,3,W,60,39,67,38,37,68,61,0,65,67,60.0
10452,Tyler White,WR,3,W,59,54,51,75,53,58,90,99,71,31,59.0
10453,Trey Johnson,RB,3,W,60,68,60,54,54,56,9,73,100,99,60.0
10454,Trey Smith,OG,3,W,59,60,64,45,48,46,3,61,12,60,59.0
10455,Ethan White,K,3,W,56,48,54,58,48,48,62,46,60,100,56.0
10456,Trey Walker,DL,2,W,48,37,58,49,51,26,63,69,28,56,48.0
10457,Bryce Walker,LB,3,W,60,59,58,69,53,53,34,79,27,41,60.0
10458,Caleb Williams,OT,2,W,43,17,49,17,59,17,13,49,83,31,43.0
10459,Caleb Smith,CB,1,W,38,39,31,40,41,34,37,62,33,16,38.0
10460,Trey Brown,K,2,W,43,27,41,45,27,27,61,16,3,76,43.0
10461,Ethan White,RB,1,W,37,50,32,26,33,32,18,30,78,26,37.0
10462,Trey Smith,P,1,W,31,7,35,27,7,7,11,31,83,14,31.0
10463,Jalen Taylor,WR,3,W,60,69,51,69,51,42,81,10,71,27,60.0
10464,Tyler Walker,K,3,W,52,32,56,48,32,32,50,93,2,88,52.0
10465,Jalen Smith,LB,3,W,60,53,67,66,54,54,91,68,10,63,60.0
10466,Tyler Walker,S,3,W,52,46,35,46,50,67,3,7,99,97,52.0
10467,Zion Taylor,P,2,W,41,23,46,36,23,23,93,60,5,25,41.0
10468,Ethan Brown,TE,3,W,52,48,60,48,52,48,59,41,14,29,52.0
10469,Caleb White,CB,3,W,54,61,47,50,55,57,75,78,0,61,54.0
10470,Jalen Brown,P,1,W,35,23,35,35,23,23,98,40,13,50,35.0
10471,Trey Johnson,OT,4,W,66,40,76,44,71,40,32,28,60,89,66.0
10472,Trey Smith,C,3,W,58,39,63,31,35,70,84,68,52,18,58.0
10473,Caleb White,LB,2,W,50,45,52,57,45,45,6,29,61,60,50.0
10474,Bryce White,CB,3,W,54,58,48,51,56,58,55,16,65,56,54.0
10475,Tyler White,FB,3,W,59,51,66,62,68,44,98,49,25,57,59.0
10476,Bryce Johnson,K,3,W,50,28,51,49,28,28,8,6,71,50,50.0
10477,Caleb Williams,WR,3,W,53,61,46,50,57,39,20,33,20,94,53.0
10478,Trey Walker,K,0,W,15,3,17,13,3,3,78,16,31,61,15.0
10479,DeShawn Scott,C,3,W,57,35,63,30,31,70,60,47,87,55,57.0
10480,Bryce Taylor,OG,2,W,43,53,52,16,16,14,32,7,80,80,43.0
10481,Zion Walker,EDGE,2,W,48,46,57,42,45,41,44,8,79,11,48.0
10482,DeShawn Williams,OG,4,W,65,67,74,40,46,40,12,21,58,90,65.0
10483,Ethan Williams,LB,2,W,48,50,49,55,39,39,27,3,66,98,48.0
10484,Caleb Johnson,LB,2,W,41,47,41,44,34,34,90,49,13,24,41.0
10485,Bryce Brown,DL,3,W,56,46,58,58,67,38,38,6,57,34,56.0
10486,Jalen Williams,LB,3,W,57,60,57,64,48,48,74,43,1,15,57.0
10487,Caleb Taylor,P,3,W,54,30,54,54,30,30,76,67,53,52,54.0
10488,Zion Smith,DL,2,W,47,37,61,37,59,21,40,34,66,5,47.0
10489,DeShawn Scott,CB,2,W,48,50,42,57,40,41,16,80,0,20,48.0
10490,DeShawn Johnson,S,2,W,48,60,33,36,54,45,66,42,95,14,48.0
10491,Tyler Scott,WR,3,W,58,68,50,54,64,38,13,29,18,78,58.0
10492,DeShawn Johnson,EDGE,4,W,62,67,71,53,58,44,92,30,2,36,62.0
10493,Trey Johnson,OG,2,W,41,40,54,18,14,12,15,32,47,93,41.0
10494,Caleb Williams,RB,5,W,88,92,90,75,92,80,49,100,49,82,88.0
10495,Tyler Scott,LB,2,W,43,44,36,49,41,41,47,38,74,74,43.0
10496,Caleb Taylor,FB,0,W,7,16,11,11,5,-35,59,28,20,38,7.0
10497,Zion White,K,3,W,53,45,47,59,45,45,51,40,38,77,53.0
10498,Trey Scott,CB,4,W,60,62,50,68,61,44,35,80,92,51,60.0
10499,Caleb Taylor,WR,3,W,52,59,47,51,47,51,76,46,11,80,52.0
10500,Tyler Smith,DL,2,W,46,34,52,54,48,22,79,51,80,51,46.0
10501,Ethan Walker,S,2,W,42,51,24,31,42,46,69,65,77,87,42.0
10502,DeShawn Brown,FB,3,W,56,64,59,53,59,23,41,69,45,90,56.0
10503,Caleb White,QB,3,W,60,48,64,64,48,64,64,9,40,38,60.0
10504,Trey Johnson,OT,3,W,58,61,53,41,72,53,63,41,9,14,58.0
10505,Zion Johnson,OT,5,W,77,54,86,46,83,50,4,62,62,7,77.0
10506,Ethan Brown,P,3,W,59,43,55,63,43,43,29,82,53,32,59.0
10507,Trey Williams,EDGE,2,W,45,48,54,36,45,24,10,69,100,62,45.0
10508,Bryce Walker,S,1,W,34,30,15,26,35,47,74,76,43,25,34.0
10509,DeShawn Johnson,P,3,W,53,47,52,54,47,47,85,46,62,75,53.0
10510,Trey Smith,C,2,W,45,44,48,33,36,42,3,77,26,42,45.0
10511,Zion White,RB,3,W,51,55,60,52,37,46,83,27,34,48,51.0
10512,Tyler Walker,C,1,W,38,31,39,27,23,48,81,99,51,47,38.0
10513,Trey Johnson,DL,2,W,50,42,57,50,53,35,20,73,44,71,50.0
10514,Jalen Johnson,RB,4,W,64,78,70,38,56,54,84,3,58,100,64.0
10515,Trey White,S,4,W,62,56,55,56,64,71,71,39,69,53,62.0
10516,Bryce Smith,RB,2,W,42,44,50,46,30,38,1,65,57,35,42.0
10517,Caleb Smith,TE,3,W,50,56,54,48,43,42,91,92,70,64,50.0
10518,Tyler Walker,OG,3,W,59,57,65,46,49,45,39,17,46,56,59.0
10519,Ethan White,LB,2,W,48,48,45,57,41,41,7,33,69,85,48.0
10520,Ethan Johnson,LB,3,W,55,54,53,63,49,49,29,35,79,86,55.0
10521,Tyler White,OG,4,W,61,73,65,37,45,39,66,88,13,20,61.0
10522,Tyler White,QB,2,W,49,45,49,55,37,49,41,30,17,17,49.0
10523,Bryce Williams,K,3,W,55,41,52,58,41,41,71,4,42,88,55.0
10524,Bryce Walker,S,4,W,66,77,50,55,67,67,56,60,41,96,66.0
10525,Jalen Johnson,C,3,W,53,24,60,22,24,70,8,16,52,55,53.0
10526,Trey Johnson,P,2,W,40,26,35,45,26,26,48,39,1,19,40.0
10527,Tyler Smith,P,3,W,53,45,53,53,45,45,87,58,17,79,53.0
10528,Ethan Smith,K,4,W,62,40,65,59,40,40,91,97,52,6,62.0
10529,Trey Scott,OG,4,W,66,73,78,34,34,34,25,94,43,77,66.0
10530,Bryce Johnson,QB,3,W,55,38,62,60,49,56,20,66,97,25,55.0
10531,Ethan Williams,K,2,W,46,30,44,48,30,30,36,76,71,33,46.0
10532,Bryce Scott,P,2,W,42,34,38,46,34,34,50,18,74,24,42.0
10533,Bryce Walker,RB,3,W,54,64,51,32,62,43,14,74,77,18,54.0
10534,Tyler Johnson,QB,3,W,57,49,59,66,48,53,53,69,84,40,57.0
10535,DeShawn Williams,RB,3,W,57,61,64,36,61,46,1,61,21,90,57.0
10536,Bryce Smith,CB,3,W,58,60,54,63,53,54,28,20,59,35,58.0
10537,Caleb Taylor,RB,3,W,57,57,60,45,66,48,76,62,17,65,57.0
10538,Zion Taylor,RB,3,W,56,64,50,34,70,46,35,69,16,60,56.0
10539,Bryce Scott,K,1,W,32,16,34,30,16,16,22,12,84,66,32.0
10540,Caleb Walker,K,2,W,42,30,38,46,30,30,0,94,90,27,42.0
10541,Zion Williams,P,1,W,35,11,39,31,11,11,87,77,41,47,35.0
10542,Trey Walker,OT,3,W,50,23,63,22,49,21,59,59,34,95,50.0
10543,DeShawn Walker,P,2,W,47,31,45,49,31,31,42,17,36,84,47.0
10544,Ethan Johnson,WR,3,W,58,50,50,66,64,62,68,58,83,82,58.0
10545,Zion Scott,P,2,W,45,25,45,45,25,25,36,94,15,15,45.0
10546,Bryce White,P,4,W,70,54,70,70,54,54,57,35,20,57,70.0
10547,Bryce Walker,C,3,W,54,35,59,27,31,66,94,91,55,19,54.0
10548,Bryce Williams,RB,4,W,63,58,75,62,62,55,71,59,91,32,63.0
10549,Trey Smith,LB,2,W,46,40,49,55,39,39,93,65,81,1,46.0
10550,DeShawn Brown,OG,4,W,68,71,81,44,37,37,4,81,76,1,68.0
10551,Ethan Walker,EDGE,2,W,43,45,55,37,33,31,67,77,40,81,43.0
10552,Bryce Taylor,DL,0,W,9,3,6,17,6,13,76,30,10,39,9.0
10553,DeShawn Johnson,RB,3,W,53,50,60,52,56,44,50,68,62,65,53.0
10554,Zion Brown,OG,3,W,57,57,71,29,27,25,54,60,9,37,57.0
10555,Zion Taylor,OT,3,W,52,45,57,30,51,37,70,11,30,24,52.0
10556,Bryce Williams,QB,3,W,50,40,54,55,42,50,25,33,97,79,50.0
10557,Tyler Walker,LB,3,W,56,47,59,65,51,51,24,46,34,98,56.0
10558,Trey White,S,3,W,58,56,46,50,62,65,19,87,7,61,58.0
10559,DeShawn Taylor,FB,3,W,57,66,61,57,59,15,95,30,69,47,57.0
10560,Zion Johnson,WR,4,W,66,63,57,73,72,59,77,24,1,85,66.0
10561,DeShawn Williams,S,3,W,50,49,33,41,62,53,27,30,5,34,50.0
10562,Bryce Smith,LB,1,W,32,32,29,40,26,26,53,46,56,27,32.0
10563,Jalen Smith,DL,3,W,57,44,62,62,64,35,72,44,66,81,57.0
10564,Caleb Taylor,S,0,W,19,24,15,10,26,16,54,98,58,44,19.0
10565,Tyler Taylor,DL,3,W,54,45,54,69,48,42,15,36,85,29,54.0
10566,Caleb Taylor,OG,3,W,60,56,67,41,51,43,78,81,70,18,60.0
10567,Tyler Smith,P,3,W,53,37,55,51,37,37,58,25,5,47,53.0
10568,Zion White,K,1,W,40,28,42,38,28,28,11,39,12,26,40.0
10569,Trey Smith,OT,3,W,54,32,64,38,55,30,45,6,53,51,54.0
10570,Trey Taylor,QB,2,W,46,39,39,49,34,57,27,93,21,87,46.0
10571,Trey Scott,DL,4,W,69,63,78,73,60,59,21,56,76,43,69.0
10572,Zion Walker,OT,2,W,44,41,45,21,49,33,48,48,67,1,44.0
10573,DeShawn Smith,LB,1,W,31,37,28,34,26,26,36,13,87,42,31.0
10574,Zion Williams,S,3,W,52,58,58,48,46,51,80,14,81,90,52.0
10575,Jalen Taylor,RB,3,W,59,65,62,49,58,50,16,23,91,78,59.0
10576,DeShawn Walker,QB,1,W,33,28,40,32,27,34,86,98,81,82,33.0
10577,Tyler Walker,EDGE,3,W,51,55,56,41,53,37,2,91,77,41,51.0
10578,Bryce Williams,WR,3,W,60,73,49,65,56,33,32,91,74,95,60.0
10579,Bryce Brown,S,2,W,42,45,22,31,46,49,70,95,12,58,42.0
10580,Trey Johnson,OT,3,W,60,61,65,49,49,53,90,7,60,96,60.0
10581,Zion Smith,LB,3,W,57,70,47,60,52,52,95,58,68,31,57.0
10582,Trey Brown,OG,3,W,57,64,69,35,25,25,53,100,89,12,57.0
10583,Jalen Johnson,P,2,W,46,34,44,48,34,34,94,4,90,9,46.0
10584,Caleb Smith,RB,3,W,56,61,56,36,66,46,56,78,49,63,56.0
10585,Trey White,TE,3,W,59,52,57,68,64,54,44,76,22,77,59.0
10586,Zion Scott,C,2,W,42,29,49,29,25,41,94,68,40,32,42.0
10587,Jalen Scott,FB,3,W,59,58,73,53,63,23,7,89,8,14,59.0
10588,Tyler Taylor,OT,3,W,57,46,62,34,60,40,67,59,57,93,57.0
10589,Jalen White,TE,0,W,15,2,20,21,17,11,52,65,70,45,15.0
10590,Trey Walker,S,3,W,58,66,38,48,58,63,79,99,0,99,58.0
10591,Trey Taylor,WR,5,W,70,82,61,69,70,50,90,33,48,7,70.0
10592,Caleb Walker,S,2,W,50,59,47,41,47,50,27,6,78,69,50.0
10593,Tyler Brown,OG,2,W,48,58,44,34,52,44,30,67,35,77,48.0
10594,Ethan White,LB,3,W,55,62,54,58,48,48,89,45,8,30,55.0
10595,DeShawn White,CB,3,W,55,53,51,63,50,52,74,33,38,53,55.0
10596,Bryce Smith,K,3,W,57,41,59,55,41,41,17,92,93,87,57.0
10597,Tyler Smith,FB,3,W,56,46,66,58,66,38,90,57,100,62,56.0
10598,Caleb Walker,FB,1,W,38,46,31,48,38,20,37,33,50,87,38.0
10599,Bryce White,RB,3,W,60,60,65,51,65,51,88,70,73,87,60.0
10600,Caleb Williams,OT,2,W,47,41,49,39,53,33,66,69,63,83,47.0
10601,DeShawn Johnson,S,2,W,46,42,31,38,54,53,22,26,96,11,46.0
10602,Caleb Taylor,LB,0,W,15,11,13,23,11,11,83,4,40,65,15.0
10603,Jalen White,RB,3,W,50,54,55,45,44,45,30,78,83,13,50.0
10604,DeShawn Walker,P,3,W,59,41,62,56,41,41,26,30,62,21,59.0
10605,Tyler White,LB,4,MT,64,62,69,71,55,55,24,72,46,27,64.0
10606,Jalen Smith,RB,2,MT,46,54,50,27,46,36,44,67,77,53,46.0
10607,DeShawn Walker,QB,3,MT,52,36,60,60,46,48,16,12,68,20,52.0
10608,Bryce White,CB,3,MT,50,54,40,52,57,35,53,55,71,2,50.0
10609,Tyler Scott,CB,3,MT,50,51,43,55,51,41,71,96,100,47,50.0
10610,Zion Scott,LB,0,MT,23,22,24,27,19,19,92,4,39,41,23.0
10611,Tyler Walker,FB,4,MT,60,59,69,61,61,33,97,61,57,89,60.0
10612,Zion Scott,RB,3,MT,50,53,53,39,54,41,62,89,57,43,50.0
10613,Bryce Brown,K,2,MT,47,37,40,54,37,37,68,79,52,59,47.0
10614,Tyler Scott,OG,0,MT,17,28,23,-6,-5,-5,39,69,0,68,17.0
10615,Jalen Smith,QB,2,MT,43,45,49,35,37,49,79,59,95,44,43.0
10616,Ethan Taylor,K,3,MT,52,30,53,51,30,30,97,33,39,45,52.0
10617,DeShawn Scott,DL,2,MT,45,33,45,57,49,25,91,43,17,17,45.0
10618,Jalen White,RB,3,MT,58,65,58,62,47,56,93,21,79,36,58.0
10619,DeShawn Taylor,CB,2,MT,45,48,40,52,38,38,95,58,26,84,45.0
10620,Zion Brown,DL,2,MT,47,38,53,58,39,31,54,12,67,99,47.0
10621,Bryce Johnson,C,3,MT,60,53,65,48,45,59,72,25,34,37,60.0
10622,Caleb White,S,2,MT,50,48,24,40,52,64,16,28,8,28,50.0
10623,Bryce Walker,DL,3,MT,52,41,50,59,60,41,5,20,21,2,52.0
10624,DeShawn Scott,TE,2,MT,43,36,41,52,48,38,35,68,22,74,43.0
10625,Tyler Walker,OT,4,MT,68,62,74,59,63,54,99,64,79,17,68.0
10626,DeShawn Scott,QB,2,MT,44,44,52,40,40,44,53,5,55,64,44.0
10627,Caleb White,S,4,MT,65,65,69,61,63,67,21,36,32,32,65.0
10628,Bryce White,S,3,MT,51,49,38,43,60,55,9,100,14,64,51.0
10629,Jalen Taylor,P,3,MT,53,37,55,51,37,37,7,23,45,48,53.0
10630,Caleb Taylor,OG,3,MT,59,60,61,54,57,49,86,52,6,22,59.0
10631,Caleb Williams,OT,4,MT,60,41,65,36,73,35,96,68,8,38,60.0
10632,Caleb Brown,QB,3,MT,58,48,62,63,50,58,83,94,48,35,58.0
10633,Trey Johnson,FB,2,MT,46,56,46,44,48,16,25,38,75,0,46.0
10634,DeShawn Taylor,K,2,MT,50,32,49,51,32,32,36,87,44,21,50.0
10635,Bryce Walker,RB,3,MT,53,52,55,59,52,49,100,4,20,56,53.0
10636,Caleb White,DL,2,MT,48,40,43,52,57,47,84,19,34,13,48.0
10637,Ethan Brown,LB,0,MT,11,13,9,16,6,6,80,84,21,60,11.0
10638,Caleb Taylor,C,2,MT,47,15,55,21,15,65,45,57,65,62,47.0
10639,Ethan Walker,FB,1,MT,31,38,33,35,29,1,29,9,79,72,31.0
10640,Zion Taylor,K,3,MT,57,37,59,55,37,37,31,15,91,80,57.0
10641,DeShawn Scott,RB,2,MT,41,31,55,43,45,31,12,84,13,95,41.0
10642,Caleb Walker,TE,3,MT,50,55,63,44,28,42,32,10,2,85,50.0
10643,DeShawn Walker,C,3,MT,50,31,59,37,27,51,95,7,75,71,50.0
10644,Jalen Brown,LB,3,MT,60,61,71,61,51,51,40,32,84,89,60.0
10645,Tyler Scott,K,2,MT,48,38,47,49,38,38,89,76,86,48,48.0
10646,Caleb Brown,P,2,MT,45,23,46,44,23,23,93,15,5,69,45.0
10647,Caleb Johnson,OT,3,MT,56,32,64,27,66,28,86,70,71,52,56.0
10648,Ethan Taylor,EDGE,4,MT,63,75,59,53,64,58,26,67,5,73,63.0
10649,DeShawn Scott,QB,2,MT,50,43,57,52,43,49,24,73,54,60,50.0
10650,Ethan Williams,FB,3,MT,54,56,66,52,56,12,87,10,97,73,54.0
10651,Zion Brown,RB,2,MT,47,56,53,21,48,35,29,4,13,34,47.0
10652,Trey Walker,K,3,MT,59,43,63,55,43,43,18,5,74,95,59.0
10653,Jalen Johnson,DL,2,MT,50,42,51,62,42,45,81,89,77,25,50.0
10654,Zion Johnson,QB,2,MT,43,30,44,43,33,54,54,4,81,82,43.0
10655,DeShawn Walker,WR,3,MT,54,52,49,61,51,56,90,32,86,26,54.0
10656,Jalen Brown,FB,3,MT,57,54,64,62,62,30,2,55,92,45,57.0
10657,DeShawn Scott,OT,2,MT,46,36,52,31,45,30,39,72,88,35,46.0
10658,Bryce Brown,K,3,MT,59,33,60,58,33,33,82,88,37,20,59.0
10659,Ethan Scott,EDGE,4,MT,61,70,60,54,56,62,37,97,5,93,61.0
10660,Bryce Williams,S,2,MT,42,52,48,38,31,41,100,96,25,96,42.0
10661,Caleb Williams,QB,3,MT,57,46,58,54,48,70,40,59,32,17,57.0
10662,DeShawn Scott,WR,2,MT,44,41,35,51,47,43,12,43,1,54,44.0
10663,DeShawn Scott,RB,3,MT,55,58,56,41,63,46,25,80,82,4,55.0
10664,Tyler Brown,OT,2,MT,49,43,55,35,44,35,44,75,30,87,49.0
10665,Ethan Taylor,OG,3,MT,54,49,62,39,42,38,85,75,34,12,54.0
10666,Trey Williams,FB,0,MT,24,24,34,17,33,-9,24,99,74,63,24.0
10667,Bryce Smith,RB,3,MT,58,63,63,43,57,51,70,39,45,74,58.0
10668,Tyler Brown,EDGE,2,MT,49,54,49,40,51,46,17,68,73,79,49.0
10669,Jalen Brown,FB,1,MT,30,44,24,32,32,0,98,88,88,18,30.0
10670,Ethan Brown,EDGE,4,MT,62,63,65,53,70,48,47,45,96,100,62.0
10671,Zion White,FB,2,MT,50,54,59,52,50,8,90,52,87,71,50.0
10672,Bryce Johnson,RB,2,MT,46,52,47,46,38,43,71,9,63,76,46.0
10673,Bryce White,WR,3,MT,56,64,46,58,57,40,98,52,40,97,56.0
10674,Ethan White,S,3,MT,53,58,26,40,58,61,22,22,19,58,53.0
10675,Ethan Taylor,EDGE,3,MT,60,65,68,53,51,52,74,2,53,53,60.0
10676,Caleb Williams,RB,3,MT,50,62,54,22,50,38,16,10,18,75,50.0
10677,Tyler Williams,C,3,MT,51,25,61,24,25,56,56,7,68,31,51.0
10678,Zion Scott,CB,2,MT,42,46,36,45,37,42,31,66,54,53,42.0
10679,Trey Williams,CB,3,MT,59,65,49,64,57,48,29,1,53,35,59.0
10680,Caleb Johnson,FB,2,MT,40,41,41,47,43,19,63,53,15,42,40.0
10681,Zion Walker,EDGE,3,MT,50,57,58,43,40,39,9,24,92,74,50.0
10682,Tyler Scott,LB,2,MT,48,57,39,53,43,43,89,54,92,31,48.0
10683,Caleb White,LB,2,MT,43,32,42,54,40,40,62,87,41,63,43.0
10684,Bryce Williams,TE,3,MT,51,56,58,52,34,40,34,4,17,36,51.0
10685,Trey White,K,3,MT,58,40,63,53,40,40,4,11,7,69,58.0
10686,Caleb White,C,3,MT,55,28,68,24,28,53,52,75,59,65,55.0
10687,Bryce Walker,C,2,MT,41,0,56,4,0,51,65,24,64,54,41.0
10688,Tyler Scott,C,1,MT,31,4,44,10,4,29,9,9,81,5,31.0
10689,Jalen Smith,WR,1,MT,36,34,25,45,40,28,43,61,3,92,36.0
10690,Tyler White,DL,2,MT,50,42,51,50,57,45,15,69,99,60,50.0
10691,Ethan Smith,K,3,MT,52,36,48,56,36,36,65,79,30,30,52.0
10692,Tyler Scott,S,3,MT,53,52,41,46,58,58,39,12,53,87,53.0
10693,Tyler Brown,DL,2,MT,46,39,57,41,49,30,21,21,11,92,46.0
10694,Tyler Smith,CB,0,MT,20,16,16,31,14,15,60,30,14,62,20.0
10695,DeShawn Johnson,C,2,MT,46,24,60,24,22,36,15,97,88,41,46.0
10696,DeShawn Walker,K,2,MT,41,37,39,43,37,37,55,43,62,10,41.0
10697,DeShawn Williams,FB,2,MT,50,54,54,48,56,20,99,40,80,59,50.0
10698,Ethan Williams,DL,3,MT,51,42,51,56,53,48,98,1,66,14,51.0
10699,Jalen Scott,TE,2,MT,50,44,53,51,55,47,91,6,1,94,50.0
10700,Trey White,OT,2,MT,43,22,50,16,51,20,21,5,16,16,43.0
10701,Trey Taylor,OG,0,MT,26,19,30,12,26,18,53,78,23,52,26.0
10702,Ethan Smith,OT,2,MT,48,23,59,20,51,19,52,81,44,18,48.0
10703,Jalen Williams,C,3,MT,56,52,64,43,44,43,94,77,31,68,56.0
10704,Ethan White,P,2,MT,45,25,47,43,25,25,69,19,99,6,45.0
10705,Ethan Brown,K,2,MT,47,29,52,42,29,29,14,41,74,87,47.0
10706,DeShawn Taylor,FB,3,MT,52,53,68,47,53,7,12,86,22,58,52.0
10707,Trey Taylor,EDGE,3,MT,55,57,53,47,63,52,56,100,23,94,55.0
10708,Bryce Scott,FB,3,MT,58,64,54,66,62,34,6,68,72,62,58.0
10709,Zion Brown,RB,3,MT,60,68,67,49,50,53,70,87,26,79,60.0
10710,Caleb Williams,S,3,MT,52,56,24,38,61,59,62,65,2,23,52.0
10711,Tyler Smith,LB,2,MT,46,48,44,53,39,39,83,89,11,13,46.0
10712,DeShawn Scott,EDGE,2,MT,46,41,59,41,42,35,25,98,31,88,46.0
10713,Bryce White,TE,3,MT,53,55,59,51,45,47,71,78,52,47,53.0
10714,Trey Brown,DL,3,MT,54,44,65,52,58,33,2,82,69,95,54.0
10715,Trey Williams,S,3,MT,53,64,52,46,42,55,49,80,16,89,53.0
10716,Bryce Johnson,P,3,MT,59,47,59,59,47,47,20,33,20,32,59.0
10717,Zion Johnson,S,3,MT,60,61,56,55,54,67,1,20,26,84,60.0
10718,Trey Walker,RB,4,MT,69,71,74,46,81,56,94,71,48,92,69.0
10719,Jalen Johnson,WR,3,MT,51,43,40,64,57,47,9,50,3,72,51.0
10720,Tyler White,P,3,MT,55,33,56,54,33,33,20,0,96,19,55.0
10721,Bryce Williams,OG,2,MT,50,64,51,28,39,33,35,32,60,76,50.0
10722,Ethan Brown,FB,3,MT,54,62,57,57,55,15,4,6,12,46,54.0
10723,DeShawn Smith,LB,2,MT,40,41,36,48,34,34,67,17,52,14,40.0
10724,Trey Taylor,DL,3,MT,56,52,61,62,43,58,18,50,20,11,56.0
10725,Caleb Walker,OT,3,MT,59,48,68,40,51,42,82,20,88,24,59.0
10726,Zion White,RB,2,MT,42,48,51,23,38,33,62,34,8,37,42.0
10727,Trey White,S,3,MT,50,57,44,43,42,55,77,80,79,27,50.0
10728,Trey Taylor,P,3,MT,52,42,53,51,42,42,27,47,49,1,52.0
10729,Jalen Taylor,DL,3,MT,56,50,62,58,53,48,100,8,26,95,56.0
10730,Bryce Johnson,RB,2,MT,42,60,36,20,38,36,78,63,84,6,42.0
10731,Tyler White,EDGE,3,MT,58,58,68,50,56,44,82,58,5,93,58.0
10732,Trey White,CB,1,MT,34,36,28,46,24,22,36,23,19,83,34.0
10733,Trey Brown,RB,2,MT,45,49,41,35,55,37,48,28,22,94,45.0
10734,Ethan Taylor,QB,3,MT,51,43,57,54,42,51,1,55,55,7,51.0
10735,Zion Williams,OG,4,MT,70,61,78,51,62,56,3,93,74,58,70.0
10736,Bryce Johnson,DL,4,MT,63,53,65,67,70,48,4,74,21,61,63.0
10737,Ethan Williams,LB,2,MT,42,41,34,51,39,39,44,47,6,86,42.0
10738,Trey Walker,CB,3,MT,50,52,40,61,49,29,32,1,87,34,50.0
10739,Ethan Smith,DL,3,MT,59,49,55,71,60,54,80,32,11,60,59.0
10740,Zion White,CB,3,SW,51,53,47,50,50,57,96,70,73,82,51.0
10741,Trey White,CB,4,SW,63,68,54,75,57,40,40,67,36,56,63.0
10742,Tyler Scott,EDGE,5,SW,89,87,98,77,100,63,46,52,58,75,89.0
10743,Trey White,K,3,SW,53,43,52,54,43,43,92,75,18,25,53.0
10744,Caleb Scott,WR,3,SW,59,64,49,63,61,45,30,46,90,91,59.0
10745,Caleb Smith,QB,3,SW,53,39,57,64,43,49,87,75,86,70,53.0
10746,Trey Smith,OT,2,SW,46,33,53,28,45,29,56,47,44,95,46.0
10747,Trey Scott,RB,3,SW,54,56,63,31,61,41,76,58,37,81,54.0
10748,Jalen Johnson,OT,3,SW,58,58,58,45,62,50,70,7,84,79,58.0
10749,Caleb Walker,RB,3,SW,51,60,51,35,50,45,32,80,88,52,51.0
10750,Bryce Johnson,K,3,SW,50,32,47,53,32,32,0,61,41,82,50.0
10751,Caleb Brown,EDGE,2,SW,48,55,46,43,45,50,8,100,95,58,48.0
10752,Bryce Johnson,QB,2,SW,42,39,37,44,28,51,67,79,49,42,42.0
10753,Trey White,QB,3,SW,56,55,57,50,46,67,51,74,92,19,56.0
10754,Caleb Williams,WR,4,SW,67,68,56,68,82,48,24,45,40,79,67.0
10755,Caleb Walker,P,3,SW,50,32,49,51,32,32,45,3,74,44,50.0
10756,Tyler Smith,CB,2,SW,42,51,35,50,28,34,61,13,80,87,42.0
10757,Tyler Brown,LB,2,SW,49,61,43,51,43,43,6,92,55,6,49.0
10758,Bryce Williams,OT,3,SW,58,41,61,38,73,37,54,66,35,96,58.0
10759,Caleb Scott,P,2,SW,50,24,51,49,24,24,11,6,74,8,50.0
10760,DeShawn Williams,TE,2,SW,45,40,62,42,22,38,42,12,41,54,45.0
10761,Caleb White,C,2,SW,47,25,57,31,23,48,38,38,74,4,47.0
10762,Zion Taylor,OT,3,SW,52,41,57,41,54,37,5,88,0,41,52.0
10763,Bryce White,OG,3,SW,54,57,66,33,26,24,96,59,37,49,54.0
10764,Tyler Scott,QB,2,SW,49,47,55,47,41,51,20,8,29,93,49.0
10765,Trey Williams,RB,3,SW,52,52,62,54,43,46,25,100,68,6,52.0
10766,Jalen Brown,OT,3,SW,54,48,56,33,59,42,35,52,73,50,54.0
10767,Zion Williams,OG,1,SW,32,29,48,7,0,-2,51,15,46,83,32.0
10768,Zion Walker,LB,3,SW,50,44,65,52,42,42,9,39,65,67,50.0
10769,Jalen Johnson,S,3,SW,51,57,25,41,43,65,46,2,37,89,51.0
10770,Tyler Smith,QB,3,SW,54,42,46,64,38,62,38,13,40,1,54.0
10771,Bryce Scott,DL,3,SW,60,53,59,73,50,61,64,19,27,6,60.0
10772,Trey Taylor,RB,3,SW,60,66,58,58,59,54,65,6,81,46,60.0
10773,Caleb Taylor,RB,3,SW,60,58,67,62,57,55,96,11,27,75,60.0
10774,Zion Taylor,C,3,SW,53,48,52,39,40,66,65,24,44,65,53.0
10775,Jalen Walker,OT,3,SW,51,24,60,31,60,24,53,32,89,46,51.0
10776,Ethan Johnson,DL,2,SW,44,37,37,57,41,49,95,22,77,77,44.0
10777,Ethan Scott,QB,2,SW,50,44,44,52,40,60,39,3,63,97,50.0
10778,Tyler Brown,RB,2,SW,44,46,46,45,41,40,17,80,9,91,44.0
10779,Jalen Scott,TE,3,SW,59,65,51,67,63,51,56,3,94,15,59.0
10780,Tyler Williams,WR,3,SW,59,63,54,62,57,51,78,40,12,20,59.0
10781,Trey Walker,K,3,SW,57,33,61,53,33,33,85,0,93,89,57.0
10782,Trey Smith,QB,4,SW,64,58,66,74,54,58,40,67,10,25,64.0
10783,Jalen Taylor,OG,4,SW,67,72,76,48,44,42,84,40,38,59,67.0
10784,Ethan Brown,CB,0,SW,20,16,12,36,19,-4,47,100,96,96,20.0
10785,Bryce Smith,QB,2,SW,43,27,47,53,34,41,80,76,42,23,43.0
10786,Trey Taylor,K,3,SW,55,47,55,55,47,47,61,72,81,44,55.0
10787,DeShawn Williams,FB,3,SW,56,57,62,53,63,29,50,12,25,45,56.0
10788,Trey Taylor,CB,3,SW,52,56,44,56,55,36,72,27,37,54,52.0
10789,Zion Brown,S,3,SW,54,56,24,40,62,64,29,68,35,67,54.0
10790,Trey Williams,C,2,SW,46,18,54,13,18,59,81,37,87,63,46.0
10791,Tyler White,DL,3,SW,57,45,63,61,61,39,20,98,31,61,57.0
10792,Bryce Scott,K,2,SW,50,42,50,50,42,42,19,79,22,59,50.0
10793,Ethan Walker,FB,3,SW,58,53,68,52,70,34,1,87,88,62,58.0
10794,Trey Scott,OG,3,SW,56,54,74,28,18,18,5,24,78,17,56.0
10795,Bryce Williams,LB,2,SW,44,56,44,44,36,36,66,83,10,36,44.0
10796,Trey Brown,C,3,SW,54,41,61,41,37,53,73,25,15,59,54.0
10797,Zion Walker,DL,3,SW,56,52,64,60,42,56,93,74,76,83,56.0
10798,Jalen Brown,C,2,SW,47,36,52,33,34,48,60,23,53,67,47.0
10799,Tyler Scott,TE,3,SW,51,49,62,55,27,41,53,39,49,48,51.0
10800,Jalen Smith,P,3,SW,59,43,63,55,43,43,47,63,34,10,59.0
10801,Caleb Johnson,FB,4,SW,60,66,56,70,58,42,29,24,84,1,60.0
10802,Zion Williams,OT,3,SW,60,53,61,39,70,45,22,12,74,3,60.0
10803,Ethan White,WR,3,SW,54,55,49,61,46,57,41,82,42,59,54.0
10804,Ethan Smith,OT,3,SW,59,38,70,37,58,32,22,41,49,16,59.0
10805,Tyler Walker,TE,3,SW,50,43,56,49,53,47,75,23,54,68,50.0
10806,Ethan White,DL,0,SW,5,-4,2,10,12,1,24,1,19,97,5.0
10807,Ethan Johnson,QB,2,SW,42,20,48,54,32,40,75,50,96,7,42.0
10808,Ethan Williams,FB,2,SW,46,56,46,51,43,13,68,87,5,22,46.0
10809,Trey White,S,0,SW,8,5,-1,1,14,13,62,27,27,53,8.0
10810,DeShawn Brown,C,3,SW,53,24,64,29,22,60,11,100,32,11,53.0
10811,Trey Walker,K,4,SW,64,50,67,61,50,50,88,99,100,68,64.0
10812,Ethan White,TE,3,SW,59,64,66,55,50,51,96,66,43,64,59.0
10813,Jalen Smith,S,3,SW,58,61,61,55,46,64,59,35,25,57,58.0
10814,Zion Johnson,TE,2,SW,40,41,40,42,42,34,77,46,19,6,40.0
10815,Zion White,TE,3,SW,56,50,58,63,55,49,100,22,9,17,56.0
10816,DeShawn White,LB,2,SW,48,51,45,52,44,44,83,10,95,75,48.0
10817,Zion White,CB,3,SW,54,53,45,60,61,38,74,36,52,51,54.0
10818,Caleb Williams,OG,3,SW,60,71,62,39,50,42,41,53,93,97,60.0
10819,Jalen Smith,P,3,SW,54,46,54,54,46,46,64,55,9,83,54.0
10820,Tyler Johnson,CB,2,SW,42,50,36,42,37,41,38,59,15,89,42.0
10821,Jalen Johnson,S,2,SW,41,52,25,32,33,47,62,32,44,30,41.0
10822,Zion Brown,S,3,SW,54,60,38,44,50,62,75,81,43,61,54.0
10823,Tyler Johnson,P,3,SW,52,22,55,49,22,22,24,40,2,51,52.0
10824,Tyler Taylor,OG,3,SW,50,57,53,27,41,33,80,90,53,61,50.0
10825,Zion Johnson,C,3,SW,50,33,53,27,31,64,65,53,96,90,50.0
10826,Tyler White,WR,3,SW,53,61,43,51,59,37,50,63,60,11,53.0
10827,Zion Johnson,FB,2,SW,50,59,59,47,51,-1,45,39,87,97,50.0
10828,DeShawn White,S,4,SW,69,76,53,58,75,70,48,36,41,82,69.0
10829,Caleb Walker,C,3,SW,56,28,68,25,26,59,22,61,58,14,56.0
10830,Bryce White,CB,2,SW,48,54,38,62,40,22,97,95,61,86,48.0
10831,Tyler Williams,P,3,SW,55,43,51,59,43,43,14,40,73,7,55.0
10832,Jalen Walker,CB,0,SW,29,38,20,32,24,21,15,8,91,10,29.0
10833,Trey Williams,OT,2,SW,44,24,52,16,50,18,44,54,73,39,44.0
10834,Caleb Scott,TE,1,SW,32,42,33,37,13,21,80,11,37,67,32.0
10835,Tyler Johnson,WR,3,SW,54,64,46,52,56,37,47,54,26,73,54.0
10836,Zion Taylor,TE,3,SW,50,57,57,48,32,42,88,12,83,34,50.0
10837,Bryce Johnson,K,3,SW,52,24,58,46,24,24,53,47,28,39,52.0
10838,DeShawn Johnson,FB,3,SW,58,56,66,64,60,28,40,21,27,32,58.0
10839,Bryce Smith,S,3,SW,56,56,46,48,61,60,97,35,87,38,56.0
10840,Bryce Smith,LB,3,SW,55,53,45,67,51,51,55,3,92,97,55.0
10841,Tyler Scott,FB,3,SW,50,54,49,55,53,29,45,22,61,41,50.0
10842,Jalen Smith,P,3,SW,55,35,57,53,35,35,54,46,92,59,55.0
10843,DeShawn Johnson,EDGE,4,SW,61,57,66,51,76,41,81,77,99,27,61.0
10844,Trey Smith,FB,3,SW,52,65,50,51,53,19,87,24,97,98,52.0
10845,Bryce Brown,QB,3,SW,58,41,55,70,46,61,19,54,0,51,58.0
10846,Caleb Brown,QB,4,SW,62,55,57,66,48,71,18,9,2,74,62.0
10847,Tyler Brown,QB,2,SW,45,30,44,59,35,42,40,44,14,36,45.0
10848,Bryce Taylor,WR,0,SW,24,30,18,30,16,16,27,51,66,68,24.0
10849,Zion Taylor,DL,3,SW,52,41,53,53,67,33,75,13,40,80,52.0
10850,Zion Johnson,OT,2,SW,45,32,52,27,44,28,63,6,6,84,45.0
10851,DeShawn Johnson,EDGE,0,SW,30,41,27,21,28,29,64,30,46,22,30.0
10852,DeShawn Walker,FB,3,SW,55,55,70,50,56,16,8,94,8,64,55.0
10853,Tyler Johnson,K,1,SW,37,23,32,42,23,23,73,59,90,66,37.0
10854,Ethan Johnson,CB,4,SW,62,60,54,63,73,54,41,22,73,46,62.0
10855,Jalen White,OG,3,SW,57,57,72,31,24,24,94,83,3,26,57.0
10856,Caleb Johnson,QB,3,SW,58,56,50,57,45,72,28,77,56,99,58.0
10857,DeShawn Scott,RB,3,SW,51,54,54,40,55,42,69,51,3,71,51.0
10858,DeShawn White,OG,0,SW,5,19,12,-22,-20,-24,81,100,69,59,5.0
10859,Trey Brown,OG,2,SW,43,54,54,18,10,10,70,43,73,17,43.0
10860,Jalen Brown,S,3,SW,60,62,38,48,73,63,24,63,95,46,60.0
10861,Tyler Walker,K,3,SW,50,40,47,53,40,40,79,39,89,27,50.0
10862,Trey Scott,CB,3,SW,54,59,49,58,48,49,93,0,81,35,54.0
10863,Zion Smith,TE,3,SW,52,57,47,58,54,44,71,50,79,36,52.0
10864,Zion Taylor,QB,4,SW,67,43,75,83,59,59,100,69,90,92,67.0
10865,Zion Johnson,K,3,SW,60,48,62,58,48,48,68,50,60,87,60.0
10866,Ethan Johnson,WR,4,SW,67,80,59,71,58,48,54,78,89,2,67.0
10867,Ethan Brown,OT,3,SW,50,24,60,16,56,22,67,25,56,32,50.0
10868,Tyler Johnson,OG,3,SW,52,55,57,34,41,35,60,92,77,66,52.0
10869,Tyler White,K,2,SW,43,23,43,43,23,23,32,66,4,27,43.0
10870,Ethan Taylor,QB,3,SW,53,46,52,59,40,56,52,67,71,59,53.0
10871,Caleb Taylor,DL,3,SW,59,51,60,59,69,48,31,35,16,38,59.0
10872,DeShawn Smith,WR,2,SW,41,51,27,43,49,11,44,75,89,10,41.0
10873,Zion Williams,DL,3,SW,54,41,56,61,62,34,30,35,79,72,54.0
10874,Trey White,DL,4,SW,69,61,70,69,76,64,22,23,46,95,69.0
10875,Tyler Johnson,EDGE,3,SW,55,60,55,46,60,46,13,77,86,98,55.0
10876,DeShawn Johnson,OG,3,SW,60,67,58,49,62,54,26,7,77,72,60.0
10877,Tyler Walker,FB,2,SW,48,51,56,45,55,9,55,96,53,90,48.0
10878,Trey Smith,WR,5,SW,77,77,71,77,82,76,20,61,23,45,77.0
10879,Zion Brown,OT,1,SW,34,8,40,3,50,8,62,62,34,26,34.0
10880,Jalen Smith,WR,3,SW,52,61,43,59,44,37,34,24,28,4,52.0
10881,Jalen Scott,LB,3,SW,55,57,47,63,51,51,17,2,59,39,55.0
10882,Ethan Williams,QB,2,SW,43,41,41,49,32,43,99,52,76,18,43.0
10883,Jalen Johnson,LB,2,SW,43,51,41,46,36,36,1,25,46,99,43.0
10884,Jalen Johnson,RB,1,SW,35,33,38,37,37,30,75,92,29,58,35.0
10885,Ethan Smith,CB,2,SW,40,39,35,53,31,29,54,39,60,77,40.0
10886,Trey White,WR,3,SW,58,58,52,70,48,57,19,99,34,97,58.0
10887,DeShawn Walker,TE,2,SW,41,36,54,38,27,36,5,42,19,89,41.0
10888,Jalen Williams,DL,4,SW,62,56,71,62,61,46,51,78,66,47,62.0
10889,Zion White,OG,3,SW,57,57,58,47,58,50,52,28,88,79,57.0
10890,Tyler Smith,TE,2,SW,47,46,63,43,23,39,37,7,76,71,47.0
10891,Jalen Smith,LB,3,SW,54,49,65,58,46,46,9,0,30,88,54.0
10892,Bryce Brown,OT,3,SW,56,56,56,45,59,50,82,28,16,89,56.0
10893,Trey White,K,3,SW,55,49,52,58,49,49,10,41,36,81,55.0
10894,Tyler Scott,RB,2,SW,44,56,49,21,38,35,74,52,58,78,44.0
10895,Jalen Johnson,TE,3,SW,59,64,71,59,31,47,29,41,77,96,59.0
10896,Caleb Johnson,C,3,SW,51,41,57,41,35,50,19,72,57,100,51.0
10897,Trey Walker,K,3,SW,51,35,51,51,35,35,26,14,25,36,51.0
10898,Zion Williams,OG,2,SW,48,53,63,14,11,11,58,93,26,87,48.0
10899,Bryce Johnson,QB,4,SW,69,62,72,69,61,74,78,74,0,8,69.0
10900,Caleb Smith,C,3,SW,53,39,63,36,35,45,41,49,86,9,53.0
10901,Caleb Taylor,OT,5,SW,79,68,80,54,92,64,0,21,41,94,79.0
10902,Zion Smith,CB,0,SW,5,16,-4,-1,8,3,77,65,1,27,5.0
10903,Caleb Smith,OT,3,SW,56,30,66,25,63,26,49,1,15,39,56.0
10904,Trey Brown,TE,4,SW,64,69,64,69,55,55,75,13,30,22,64.0
10905,Bryce Smith,CB,2,SW,45,53,41,41,40,53,12,43,79,76,45.0
10906,Tyler White,K,0,SW,22,8,17,27,8,8,53,77,0,49,22.0
10907,Jalen Smith,CB,2,SW,50,65,43,49,39,48,55,31,7,4,50.0
10908,Trey Williams,S,3,SW,58,57,51,53,56,65,57,70,88,18,58.0
10909,Ethan White,LB,3,SW,54,54,42,64,52,52,76,10,73,68,54.0
10910,Caleb Smith,K,3,SW,58,44,55,61,44,44,21,9,44,82,58.0
10911,Jalen Taylor,RB,3,SW,58,51,71,63,55,51,27,64,45,88,58.0
10912,Bryce Walker,WR,3,SW,54,59,47,51,60,45,5,25,84,66,54.0
10913,Tyler Walker,LB,3,SW,59,65,44,69,55,55,63,31,41,22,59.0
10914,DeShawn Scott,P,3,SW,55,45,54,56,45,45,78,80,46,89,55.0
10915,Trey Williams,OT,1,SW,34,13,41,10,43,9,92,87,31,82,34.0
10916,Tyler Taylor,EDGE,0,SW,2,1,11,-7,4,-13,11,60,37,6,2.0
10917,Caleb Williams,TE,3,SW,58,61,61,63,44,49,92,68,86,97,58.0
10918,Zion Williams,TE,3,SW,57,61,60,55,54,51,60,66,74,13,57.0
10919,Caleb Scott,DL,3,SW,57,45,54,65,68,42,85,7,27,26,57.0
10920,Zion White,QB,3,SW,50,41,51,56,41,51,33,61,85,37,50.0
10921,Caleb Smith,DL,2,SW,47,42,45,54,44,49,94,82,24,90,47.0
10922,Ethan Brown,WR,2,SW,40,46,28,44,47,16,37,73,19,33,40.0
10923,Trey Scott,TE,2,SW,40,41,37,51,33,31,62,48,38,7,40.0
10924,Ethan Brown,RB,3,SW,53,59,52,37,60,44,23,53,26,72,53.0
10925,Trey Scott,CB,3,SW,50,55,39,51,57,37,69,71,68,83,50.0
10926,Zion White,LB,3,SW,51,65,43,53,45,45,28,70,47,90,51.0
10927,Ethan Smith,FB,4,SW,70,68,73,73,75,55,39,96,16,3,70.0
10928,DeShawn Brown,LB,1,SW,33,33,30,38,30,30,59,78,20,65,33.0
10929,DeShawn Johnson,WR,3,SW,52,50,44,60,51,52,65,54,54,6,52.0
10930,Tyler Taylor,C,2,SW,50,20,60,30,20,60,32,68,26,34,50.0
10931,Zion Johnson,K,3,SW,56,38,55,57,38,38,6,10,10,21,56.0
10932,Zion White,K,2,SW,49,27,54,44,27,27,11,18,67,99,49.0
10933,Tyler Williams,K,0,SW,29,7,32,26,7,7,46,54,68,78,29.0
10934,DeShawn Brown,LB,3,SW,60,57,63,68,52,52,54,2,28,69,60.0
10935,Ethan Brown,FB,1,SW,40,38,43,47,41,25,52,64,33,43,40.0
10936,Tyler Scott,RB,2,SW,40,49,42,27,35,34,48,100,96,15,40.0
10937,DeShawn Walker,FB,3,SW,59,72,57,65,55,23,97,24,81,19,59.0
10938,Ethan Scott,WR,3,SW,58,55,46,70,64,43,6,47,41,76,58.0
10939,Jalen Smith,WR,2,SW,45,43,40,50,43,50,50,38,91,100,45.0
10940,Tyler White,RB,3,SW,55,61,64,42,48,46,15,14,26,100,55.0
10941,Jalen Williams,DL,4,SW,69,61,64,83,64,71,37,84,76,87,69.0
10942,Jalen White,TE,3,SW,60,52,69,67,45,51,32,60,25,33,60.0
10943,Bryce Johnson,C,3,SW,51,50,50,30,42,59,66,33,9,76,51.0
10944,DeShawn Johnson,K,3,SW,52,26,55,49,26,26,89,45,4,6,52.0
10945,Tyler Smith,QB,3,SW,55,43,55,65,43,55,93,35,80,64,55.0
10946,Tyler White,WR,2,SW,42,47,35,43,46,27,11,4,100,44,42.0
10947,Bryce Taylor,DL,3,SW,55,49,55,59,55,54,57,55,18,35,55.0
10948,Tyler White,S,4,SW,66,72,45,54,69,72,41,20,39,85,66.0
10949,Bryce White,S,3,SW,58,71,44,49,51,61,81,46,43,0,58.0
10950,Jalen White,TE,3,SW,54,50,46,70,58,46,74,75,37,25,54.0
10951,Ethan Scott,RB,3,SW,60,58,69,46,67,49,42,19,1,56,60.0
10952,Ethan Williams,P,3,SW,51,31,53,49,31,31,84,54,46,84,51.0
10953,Ethan Scott,TE,2,SW,45,51,54,47,19,33,88,42,31,26,45.0
10954,Zion Taylor,QB,3,SW,60,58,62,56,51,68,82,9,59,71,60.0
10955,Jalen Brown,S,2,SW,46,55,51,41,39,44,74,54,12,78,46.0
10956,Jalen Scott,OG,3,SW,56,53,66,31,38,34,45,32,11,45,56.0
10957,Ethan Brown,DL,1,SW,34,23,47,31,40,7,60,77,21,81,34.0
10958,Jalen Johnson,WR,1,SW,35,38,26,38,36,30,96,96,42,15,35.0
10959,Trey White,CB,3,SW,56,63,51,57,51,53,46,99,62,6,56.0
10960,Ethan Brown,QB,3,SW,60,64,52,54,48,76,0,91,3,50,60.0
10961,Zion Smith,TE,0,SW,27,22,36,29,14,21,15,31,47,37,27.0
10962,Caleb Scott,CB,3,SW,60,63,47,71,64,31,76,38,66,30,60.0
10963,Ethan Smith,DL,4,SW,63,55,55,79,59,67,39,82,31,80,63.0
10964,Trey Johnson,TE,3,SW,54,63,53,53,52,47,59,24,20,36,54.0
10965,Jalen Williams,K,3,SW,51,33,54,48,33,33,14,6,48,67,51.0
10966,Trey Scott,WR,2,SW,48,58,40,42,55,31,41,84,42,56,48.0
10967,DeShawn Walker,QB,3,SW,59,54,60,59,52,64,99,40,87,86,59.0
10968,Zion Smith,S,3,SW,53,57,43,47,44,62,49,94,43,53,53.0
10969,Zion Johnson,OT,4,SW,66,41,77,47,67,41,78,67,55,13,66.0
10970,Jalen Taylor,P,2,SW,47,35,49,45,35,35,32,62,68,74,47.0
10971,Bryce Johnson,TE,3,SW,52,58,65,44,33,44,37,10,49,60,52.0
10972,Tyler Johnson,K,3,SW,54,42,50,58,42,42,18,3,5,88,54.0
10973,Caleb Scott,EDGE,3,SW,55,59,65,47,48,41,76,100,38,19,55.0
10974,Zion Johnson,FB,4,SW,70,70,75,75,69,49,34,53,52,38,70.0
10975,Ethan Williams,LB,3,SW,53,49,63,55,47,47,90,12,56,59,53.0
10976,Trey Williams,EDGE,0,SW,20,37,16,13,10,20,97,6,75,98,20.0
10977,DeShawn Smith,K,2,SW,40,34,39,41,34,34,14,74,77,33,40.0
10978,Tyler Taylor,CB,2,SW,42,42,36,45,45,36,44,14,11,48,42.0
10979,Caleb Walker,S,3,SW,53,58,39,42,65,51,8,26,100,95,53.0
10980,Trey Johnson,C,3,SW,54,30,66,26,28,52,81,42,18,74,54.0
10981,Bryce Williams,P,3,SW,60,42,59,61,42,42,99,74,11,97,60.0
10982,Trey Johnson,RB,3,SW,59,68,66,44,51,50,0,27,56,11,59.0
10983,DeShawn Brown,C,3,SW,60,59,59,49,51,68,18,7,64,31,60.0
10984,Bryce Johnson,LB,1,SW,40,40,46,43,33,33,18,6,99,60,40.0
10985,Zion Brown,OT,2,SW,48,36,52,30,56,28,74,34,41,14,48.0
10986,DeShawn Brown,FB,3,SW,55,54,64,55,59,25,78,14,45,17,55.0
10987,Zion Brown,WR,0,SW,10,14,2,8,16,3,5,69,49,84,10.0
10988,Caleb Scott,TE,3,SW,53,51,60,62,30,42,7,41,12,90,53.0
10989,Zion Johnson,TE,4,SW,61,61,62,69,50,53,8,96,5,43,61.0
10990,Tyler Johnson,EDGE,4,SW,65,72,75,54,62,40,43,81,9,4,65.0
10991,Tyler Williams,S,0,SW,3,9,-23,-7,-5,17,60,44,32,37,3.0
10992,Bryce Smith,S,3,SW,56,67,59,47,61,47,87,56,71,35,56.0
10993,Zion Brown,RB,3,SW,55,56,65,53,48,47,72,74,12,11,55.0
10994,Tyler White,TE,3,SW,54,63,66,47,31,45,27,81,6,11,54.0
10995,Bryce Scott,FB,0,SW,1,10,0,13,-7,-29,16,97,93,55,1.0
10996,Jalen Taylor,P,3,SW,52,34,49,55,34,34,85,51,26,68,52.0
10997,Zion Johnson,CB,1,SW,40,43,33,51,33,24,17,24,72,28,40.0
10998,Tyler Taylor,RB,3,SW,55,61,64,42,48,46,53,75,97,86,55.0
10999,Tyler Smith,TE,2,SW,43,42,49,46,33,34,20,90,23,48,43.0
11000,Trey Taylor,OG,2,SW,42,39,51,25,27,21,57,13,16,96,42.0
11001,Ethan White,WR,2,SW,42,48,33,51,35,29,7,19,42,56,42.0
11002,Zion Smith,LB,2,SW,41,39,34,51,37,37,31,23,0,68,41.0
11003,Zion Taylor,CB,0,SW,29,28,24,39,22,23,45,75,42,96,29.0
11004,Ethan Williams,QB,5,SW,74,78,68,73,63,82,60,54,67,91,74.0
11005,Bryce Brown,OG,3,SW,50,48,54,28,46,38,97,65,17,17,50.0
11006,DeShawn Taylor,C,3,SW,58,51,63,38,45,56,44,35,18,29,58.0
11007,Jalen Johnson,OT,3,SW,52,35,59,28,55,33,0,90,3,81,52.0
11008,Zion Smith,QB,2,SW,44,35,45,42,34,55,58,15,75,43,44.0
11009,Caleb Williams,C,2,SW,46,21,53,26,19,59,83,20,36,41,46.0
11010,Caleb Taylor,CB,2,SW,43,46,32,44,54,27,16,23,56,58,43.0
11011,Jalen Taylor,DL,3,SW,51,44,50,54,55,49,54,6,57,31,51.0
11012,Ethan Brown,CB,0,SW,23,27,13,28,25,9,85,82,66,10,23.0
11013,Caleb Brown,P,3,SW,56,34,59,53,34,34,4,84,3,15,56.0
11014,Tyler Williams,EDGE,2,SW,43,51,47,35,38,33,15,97,2,72,43.0
11015,Caleb Brown,CB,3,SW,56,56,52,67,45,51,99,30,99,5,56.0
11016,Tyler Smith,C,2,SW,43,15,51,15,15,56,85,73,18,93,43.0
11017,Tyler Brown,FB,2,SW,44,48,53,41,43,11,88,33,2,22,44.0
11018,Jalen Walker,OT,2,SW,44,46,42,28,51,38,60,33,21,65,44.0
11019,Tyler Smith,DL,3,SW,59,49,70,57,63,38,50,7,35,82,59.0
11020,Ethan Taylor,C,4,SW,63,54,70,44,46,59,81,11,96,29,63.0
11021,Ethan Williams,FB,2,SW,44,47,47,43,47,23,63,95,66,26,44.0
11022,Jalen Johnson,QB,3,SW,52,42,44,59,37,62,32,61,97,14,52.0
11023,Trey Brown,RB,3,SW,55,50,59,54,64,47,46,25,55,27,55.0
11024,Bryce Taylor,QB,4,SW,64,61,59,62,52,77,33,22,18,96,64.0
11025,Zion White,WR,3,SW,60,57,54,64,62,64,7,87,54,70,60.0
11026,Ethan Scott,OG,2,SW,49,57,62,22,14,14,52,55,100,83,49.0
11027,Bryce Brown,K,3,SW,52,34,53,51,34,34,77,67,92,77,52.0
11028,Caleb Scott,LB,3,SW,58,55,64,61,53,53,37,79,97,40,58.0
11029,Bryce Smith,RB,3,SW,55,63,55,49,49,51,41,50,51,24,55.0
11030,Ethan Johnson,QB,3,SW,59,48,62,65,49,60,13,97,50,42,59.0
11031,Bryce Walker,LB,4,SW,62,65,53,70,58,58,5,79,13,1,62.0
11032,Trey Williams,EDGE,3,SW,51,57,50,41,59,38,7,36,41,67,51.0
11033,DeShawn Walker,FB,3,SW,55,67,57,55,51,19,52,59,48,16,55.0
11034,Ethan Smith,FB,4,SW,64,72,67,75,57,25,22,31,44,23,64.0
11035,Ethan White,WR,3,SW,57,60,48,58,65,43,41,22,77,62,57.0
11036,DeShawn Brown,QB,2,SW,44,36,38,53,31,48,26,41,1,63,44.0
11037,Jalen Walker,FB,0,SW,4,2,12,-1,15,-23,59,61,9,70,4.0
11038,Trey Williams,TE,3,SW,58,45,63,64,60,54,7,8,93,66,58.0
11039,Ethan Smith,CB,3,SW,53,60,42,63,50,28,86,17,54,84,53.0
11040,Ethan Brown,RB,3,SW,56,56,67,44,55,47,18,42,2,11,56.0
11041,Jalen White,OT,4,SW,61,27,71,33,76,27,70,81,66,3,61.0
11042,Zion Johnson,RB,3,SW,51,55,51,35,59,43,87,30,31,65,51.0
11043,DeShawn Taylor,LB,3,SW,60,57,63,67,53,53,51,51,66,25,60.0
11044,Caleb Smith,OT,3,SW,50,13,61,17,66,13,78,77,15,26,50.0
11045,Tyler Williams,OG,3,SW,54,57,66,28,26,24,19,17,45,59,54.0
11046,Bryce Taylor,CB,2,SW,43,37,33,54,52,22,19,87,87,38,43.0
11047,Jalen Brown,OG,3,SW,50,47,60,30,32,28,20,68,94,24,50.0
11048,Caleb White,RB,3,SW,52,54,58,53,44,48,53,13,51,66,52.0
11049,Ethan Johnson,OG,3,SW,58,60,63,47,47,43,86,4,34,47,58.0
11050,DeShawn Johnson,OT,4,SW,68,35,79,38,79,35,21,57,59,47,68.0
11051,Zion Walker,C,3,SW,60,44,64,43,40,71,75,44,57,99,60.0
11052,DeShawn Williams,C,3,SW,50,40,60,34,34,38,40,98,45,11,50.0
11053,Zion Walker,CB,3,SW,55,58,52,61,43,58,94,60,14,37,55.0
11054,Trey Walker,C,3,SW,56,34,66,30,32,57,9,34,59,62,56.0
11055,Caleb Scott,P,3,SW,50,36,49,51,36,36,74,94,13,47,50.0
11056,Zion Williams,CB,3,SW,55,66,46,52,53,54,75,83,76,68,55.0
11057,Ethan Williams,K,3,SW,57,39,58,56,39,39,15,18,80,43,57.0
11058,Jalen Williams,S,2,SW,42,45,34,37,40,46,69,78,65,82,42.0
11059,Jalen White,WR,2,SW,47,55,40,52,38,39,20,50,73,34,47.0
11060,DeShawn Scott,K,1,SW,39,27,39,39,27,27,88,29,1,63,39.0
11061,Tyler Scott,K,3,SW,52,32,52,52,32,32,10,49,77,31,52.0
11062,Trey Walker,S,3,SW,57,61,43,47,59,62,41,48,26,26,57.0
11063,Jalen Taylor,K,0,SW,4,-16,2,6,-16,-16,74,98,77,19,4.0
11064,Zion Smith,OG,3,SW,55,74,56,35,40,34,14,74,44,27,55.0
11065,Caleb Walker,QB,3,SW,53,37,57,59,46,55,84,30,27,2,53.0
11066,DeShawn White,CB,3,SW,57,66,48,60,52,49,91,73,14,17,57.0
11067,Caleb Taylor,CB,2,SW,49,45,37,61,59,21,44,15,96,41,49.0
11068,Ethan Scott,S,2,SW,49,48,47,46,40,58,48,22,73,18,49.0
11069,Bryce Johnson,C,2,SW,46,32,48,23,30,59,7,86,22,89,46.0
11070,Tyler Johnson,OT,2,SW,44,23,51,22,52,21,53,50,63,42,44.0
11071,Caleb Williams,K,2,SW,41,25,43,39,25,25,19,8,65,92,41.0
11072,Caleb Johnson,RB,2,SW,41,54,36,30,37,36,8,38,31,83,41.0
11073,Bryce Walker,FB,2,SW,40,49,44,37,43,1,2,24,94,44,40.0
11074,Caleb Smith,OT,3,SW,54,28,64,32,59,28,39,65,53,57,54.0
11075,Jalen Scott,P,3,SW,53,39,56,50,39,39,92,28,74,65,53.0
11076,Zion Johnson,DL,3,SW,59,52,58,72,49,60,15,0,36,59,59.0
11077,Zion Johnson,OG,0,SW,17,21,24,-9,0,-4,4,13,83,100,17.0
11078,Trey Johnson,OT,3,SW,50,29,57,23,58,27,59,38,48,50,50.0
11079,DeShawn Smith,CB,3,SW,51,55,43,55,51,41,62,29,29,39,51.0
11080,Bryce Scott,OT,2,SW,42,14,54,8,44,14,14,85,34,64,42.0
11081,Zion Taylor,FB,3,SW,55,66,51,56,58,28,63,41,100,10,55.0
11082,Trey Smith,FB,4,SW,69,64,84,60,80,36,73,28,21,37,69.0
11083,Ethan Walker,WR,3,SW,59,67,55,61,49,56,45,5,78,44,59.0
11084,Trey Walker,FB,2,SW,47,42,57,45,55,23,27,32,74,54,47.0
11085,Ethan White,S,2,SW,45,49,53,41,45,41,45,35,66,2,45.0
11086,Caleb Williams,EDGE,3,SW,53,59,62,47,40,46,56,98,71,65,53.0
11087,Tyler Scott,P,3,SW,54,38,52,56,38,38,13,42,8,63,54.0
11088,Zion Walker,LB,4,SW,61,65,63,64,54,54,0,63,72,96,61.0
11089,Ethan Scott,OG,4,SW,64,70,66,46,58,50,82,11,57,2,64.0
11090,Trey Smith,QB,2,SW,43,35,45,52,34,39,96,60,78,22,43.0
11091,Zion Brown,RB,2,SW,42,45,45,25,49,33,80,45,98,85,42.0
11092,DeShawn Brown,WR,4,SW,64,74,53,63,71,39,67,59,80,49,64.0
11093,DeShawn White,K,3,SW,59,35,59,59,35,35,53,85,81,77,59.0
11094,Jalen Brown,DL,1,SW,36,29,44,31,41,25,49,24,92,39,36.0
11095,Tyler White,EDGE,0,SW,28,39,24,15,38,12,20,15,24,37,28.0
11096,Tyler Williams,C,2,SW,48,34,54,25,28,52,81,95,37,1,48.0
11097,Caleb Walker,S,4,SW,65,70,38,54,61,78,27,31,99,58,65.0
11098,Trey Brown,OG,2,SW,47,42,53,38,41,33,48,12,23,79,47.0
11099,Tyler Williams,TE,3,SW,54,47,56,58,58,50,61,44,86,67,54.0
11100,Trey Johnson,K,3,SW,58,40,59,57,40,40,50,92,25,86,58.0
11101,Zion Taylor,OG,3,SW,52,54,64,23,24,24,65,14,50,50,52.0
11102,Tyler Smith,QB,3,SW,56,50,60,51,47,66,73,75,37,54,56.0
11103,Trey Williams,QB,1,SW,30,24,32,40,20,24,49,56,10,50,30.0
11104,Trey Taylor,C,3,SW,54,25,65,22,25,60,55,59,93,87,54.0
11105,DeShawn Taylor,QB,3,SW,50,47,45,52,36,59,27,45,47,75,50.0
11106,Tyler Walker,FB,3,SW,55,63,53,63,51,31,45,57,92,39,55.0
11107,Zion Scott,TE,3,SW,57,47,69,54,53,54,14,55,15,71,57.0
11108,Jalen Williams,P,3,SW,58,38,58,58,38,38,62,57,29,40,58.0
11109,Bryce Brown,C,2,SW,48,12,60,18,12,60,60,69,73,63,48.0
11110,DeShawn Williams,DL,3,SW,51,39,60,49,62,25,59,85,91,99,51.0
11111,Trey Smith,C,3,SW,59,52,60,40,46,68,84,89,23,9,59.0
11112,Trey Scott,FB,3,SW,58,54,59,63,65,49,100,40,9,50,58.0
11113,Bryce Williams,DL,4,SW,63,51,72,69,64,37,65,47,29,85,63.0
11114,Caleb White,S,2,SW,45,48,48,38,51,41,84,14,22,70,45.0
11115,Bryce Williams,DL,2,SW,42,34,55,36,47,20,3,40,2,90,42.0
11116,Caleb Johnson,QB,3,SW,59,56,58,67,49,56,16,65,60,28,59.0
11117,Bryce Taylor,CB,1,SW,34,35,25,37,42,20,95,14,22,68,34.0
11118,Bryce Brown,FB,0,SW,16,22,12,18,22,-2,48,81,35,75,16.0
11119,Trey Taylor,OT,3,SW,59,37,69,43,60,35,100,14,96,52,59.0
11120,Jalen Brown,QB,2,SW,50,43,51,53,42,53,14,91,97,45,50.0
11121,Caleb Taylor,K,3,SW,52,36,48,56,36,36,19,93,90,3,52.0
11122,Tyler Scott,CB,3,SW,52,69,45,45,44,57,79,21,22,65,52.0
11123,Tyler Brown,OT,4,SW,61,43,71,46,58,39,83,33,41,32,61.0
11124,Caleb White,QB,1,SW,37,34,38,38,24,42,27,32,28,86,37.0
11125,Zion Brown,CB,1,SW,37,43,29,35,40,34,86,39,71,71,37.0
11126,Caleb Brown,QB,2,SW,44,33,49,51,37,41,85,64,34,83,44.0
11127,Jalen Taylor,RB,2,SW,47,58,42,31,50,40,91,50,3,92,47.0
11128,Zion Johnson,QB,2,SW,50,39,55,57,43,47,67,33,98,1,50.0
11129,Jalen Brown,RB,3,SW,53,67,59,27,45,43,99,74,27,52,53.0
11130,Trey Scott,FB,5,SW,87,84,99,82,96,54,18,59,19,72,87.0
11131,Caleb White,S,3,SW,60,58,34,50,62,74,93,13,74,18,60.0
11132,Tyler Walker,WR,3,SW,50,61,40,52,49,29,94,95,37,86,50.0
11133,Bryce Smith,LB,2,SW,49,42,50,58,44,44,46,21,26,3,49.0
11134,DeShawn White,K,5,SW,76,58,81,71,58,58,9,15,5,44,76.0
11135,Caleb Walker,P,1,SW,38,36,33,43,36,36,21,6,65,16,38.0
11136,Caleb Walker,P,2,SW,49,31,50,48,31,31,37,84,29,0,49.0
11137,Tyler Brown,CB,3,SW,50,50,48,57,39,54,40,21,66,39,50.0
11138,Caleb Scott,FB,2,SW,48,50,50,45,57,27,0,46,32,54,48.0
11139,Ethan Williams,WR,2,SW,46,53,41,47,43,36,92,22,55,20,46.0
11140,Zion Brown,DL,3,SW,55,49,55,65,49,51,92,23,36,89,55.0
11141,Tyler Brown,CB,2,SW,41,45,37,43,37,39,0,97,94,86,41.0
11142,Ethan Taylor,FB,3,SW,53,58,58,57,49,23,24,80,33,95,53.0
11143,Jalen White,QB,0,SW,8,-7,7,22,-2,5,60,11,48,36,8.0
11144,Jalen Johnson,OT,3,SW,56,20,72,25,57,20,61,31,30,77,56.0
11145,Zion Taylor,RB,0,SW,30,28,42,30,24,22,36,14,19,18,30.0
11146,DeShawn Johnson,DL,3,SW,52,45,60,59,42,41,92,57,69,54,52.0
11147,Tyler Brown,S,3,SW,50,60,28,36,62,48,22,53,83,39,50.0
11148,Tyler Brown,RB,3,SW,54,51,69,47,50,45,48,29,19,95,54.0
11149,Jalen Johnson,CB,3,SW,50,58,40,55,50,30,91,24,92,75,50.0
11150,Caleb White,CB,3,SW,60,69,51,60,57,57,35,26,37,65,60.0
11151,Tyler Smith,EDGE,3,SW,55,60,60,48,54,40,6,81,70,79,55.0
11152,Ethan White,WR,3,SW,58,73,52,56,51,41,94,70,56,25,58.0
11153,Ethan Walker,OT,3,SW,50,31,59,31,49,31,17,17,94,5,50.0
11154,Ethan White,QB,2,SW,50,34,54,60,41,48,79,98,35,45,50.0
11155,Tyler Johnson,K,2,SW,46,34,46,46,34,34,88,100,20,96,46.0
11156,Ethan Johnson,OG,2,SW,41,49,52,10,12,8,19,43,15,10,41.0
11157,Tyler Williams,RB,3,SW,52,53,59,42,55,41,18,44,7,71,52.0
11158,Bryce Scott,RB,3,SW,59,65,60,40,65,50,7,75,79,4,59.0
11159,DeShawn White,WR,3,SW,50,57,45,49,45,49,97,26,95,42,50.0
11160,Tyler Taylor,EDGE,3,SW,50,50,62,44,44,35,61,96,70,88,50.0
11161,Zion Scott,QB,2,SW,42,29,37,51,32,47,49,70,93,31,42.0
11162,Trey Williams,LB,3,SW,50,46,60,56,40,40,30,5,47,18,50.0
11163,Caleb Smith,K,3,SW,53,35,54,52,35,35,35,67,7,97,53.0
11164,Zion Walker,DL,1,SW,36,25,40,45,36,18,48,89,77,47,36.0
11165,Zion Brown,WR,2,SW,42,39,33,45,53,35,25,82,85,37,42.0
11166,Caleb Brown,C,2,SW,44,35,51,25,27,40,97,13,22,86,44.0
11167,Caleb Williams,DL,2,SW,41,28,49,42,51,14,69,76,2,70,41.0
11168,Trey Taylor,OG,0,SW,13,12,19,-12,3,-3,44,47,37,68,13.0
11169,Trey Williams,CB,2,SW,43,41,37,49,42,41,67,21,2,21,43.0
11170,Caleb Smith,P,3,SW,53,45,47,59,45,45,94,51,6,9,53.0
11171,Zion Walker,OT,3,SW,51,14,66,17,56,14,25,47,25,32,51.0
11172,Zion White,OG,3,SW,56,64,62,32,38,34,95,64,56,5,56.0
11173,Tyler Brown,P,3,SW,51,31,53,49,31,31,16,19,26,88,51.0
11174,Caleb Walker,P,3,SW,54,34,56,52,34,34,54,42,55,65,54.0
11175,Ethan Walker,P,2,SW,45,35,46,44,35,35,74,91,46,68,45.0
11176,Ethan Brown,CB,2,SW,45,56,40,43,37,47,30,24,78,23,45.0
11177,DeShawn White,EDGE,3,SW,60,62,59,50,73,47,62,95,67,95,60.0
11178,DeShawn White,OT,3,SW,55,43,55,35,73,37,0,47,66,83,55.0
11179,Jalen Taylor,OG,3,SW,53,65,65,18,17,17,75,61,0,56,53.0
11180,Bryce Scott,FB,2,SW,50,53,53,57,45,29,59,75,6,40,50.0
11181,Tyler Brown,FB,3,SW,50,60,55,51,49,5,32,14,42,10,50.0
11182,DeShawn Walker,WR,3,SW,60,62,50,62,71,42,4,13,45,89,60.0
11183,Bryce Taylor,TE,1,SW,32,24,46,28,22,28,44,75,6,0,32.0
11184,Ethan Taylor,K,3,SW,53,39,50,56,39,39,44,82,89,38,53.0
11185,Bryce Walker,OT,1,SW,34,15,47,18,25,9,67,51,47,90,34.0
11186,Tyler Smith,S,2,SW,44,44,48,42,33,51,10,52,7,37,44.0
11187,Zion Taylor,K,3,SW,60,42,57,63,42,42,9,20,87,20,60.0
11188,Ethan Johnson,C,3,SW,60,50,62,36,44,70,63,16,20,3,60.0
11189,Caleb White,DL,3,SW,53,44,53,52,67,41,46,99,13,40,53.0
11190,Ethan Taylor,TE,3,SW,58,63,62,63,40,47,61,15,37,8,58.0
11191,Tyler White,RB,3,SW,53,53,59,55,49,47,10,53,17,0,53.0
11192,Caleb Walker,P,3,SW,57,31,60,54,31,31,42,69,57,93,57.0
11193,Ethan Taylor,P,3,SW,60,40,60,60,40,40,17,9,93,48,60.0
11194,Jalen Walker,WR,3,SW,58,70,52,56,53,46,54,33,19,51,58.0
11195,Jalen White,WR,4,SW,70,68,62,72,78,67,35,50,86,61,70.0
11196,DeShawn Williams,OT,3,SW,55,34,66,40,53,30,64,44,64,46,55.0
11197,Trey Williams,WR,3,SW,54,57,45,61,53,43,98,22,53,12,54.0
11198,DeShawn White,K,3,SW,60,44,56,64,44,44,17,48,2,22,60.0
11199,DeShawn Williams,OG,1,SW,35,40,38,16,26,22,73,21,89,20,35.0
11200,DeShawn Smith,S,3,SW,55,56,55,52,47,61,18,34,8,47,55.0
11201,Caleb White,OT,3,SW,55,52,56,42,60,44,5,96,23,63,55.0
11202,Bryce Brown,LB,1,SW,34,34,43,35,27,27,93,50,66,49,34.0
11203,Caleb Williams,DL,4,SW,65,58,70,68,65,53,33,94,69,94,65.0
11204,Trey Smith,RB,2,SW,42,49,37,41,42,37,23,95,55,8,42.0
11205,Caleb Scott,OT,3,SW,60,26,70,32,75,26,67,7,87,4,60.0
11206,Tyler Williams,P,2,SW,44,30,41,47,30,30,58,46,13,63,44.0
11207,Tyler Taylor,OG,3,SW,60,63,64,45,52,44,2,60,7,16,60.0
11208,Trey Taylor,LB,2,SW,43,41,39,50,40,40,57,92,55,16,43.0
11209,Caleb Taylor,P,4,SW,64,58,63,65,58,58,31,8,17,13,64.0
11210,Tyler Walker,K,3,SW,59,47,61,57,47,47,27,75,81,98,59.0
11211,Zion Smith,CB,0,SW,10,15,-1,14,15,-8,86,81,15,100,10.0
11212,Trey Scott,S,3,SW,59,73,61,51,54,54,68,21,81,85,59.0
11213,Trey Williams,OG,3,SW,50,58,63,13,15,15,35,38,72,64,50.0
11214,Bryce Scott,OT,2,SW,48,22,54,22,64,22,39,38,7,49,48.0
11215,Caleb Taylor,DL,3,SW,56,46,58,62,59,44,23,74,13,78,56.0
11216,Trey Taylor,S,2,SW,41,42,32,32,51,41,29,49,3,33,41.0
11217,Ethan Brown,QB,2,SW,40,33,35,44,26,49,87,50,77,37,40.0
11218,Jalen Taylor,OG,4,SW,63,78,67,40,43,41,96,23,48,90,63.0
11219,Bryce White,P,3,SW,58,32,59,57,32,32,96,61,84,9,58.0
11220,Trey Walker,LB,2,SW,41,34,39,50,38,38,19,21,6,30,41.0
11221,Bryce Smith,OT,0,SW,14,-2,26,-2,4,-8,91,87,66,93,14.0
11222,DeShawn Smith,OT,0,SW,18,-11,29,-16,25,-13,14,57,17,64,18.0
11223,Tyler Scott,CB,3,SW,54,61,51,54,44,61,65,62,94,44,54.0
11224,Zion Scott,QB,0,SW,9,9,5,11,-4,15,36,97,95,37,9.0
11225,Ethan Walker,C,2,SW,45,40,44,23,34,57,46,25,38,45,45.0
11226,Ethan Taylor,C,2,SW,41,15,51,22,13,47,54,41,92,69,41.0
11227,DeShawn Taylor,TE,2,SW,41,45,45,43,28,33,57,68,38,54,41.0
11228,Caleb Walker,OT,3,SW,55,42,58,38,65,38,22,39,48,29,55.0
11229,Caleb Taylor,TE,3,SW,56,56,61,59,44,49,37,93,60,40,56.0
11230,DeShawn Williams,P,2,SW,40,24,44,36,24,24,63,81,45,79,40.0
11231,DeShawn Williams,CB,3,SW,60,77,53,53,52,65,48,3,88,93,60.0
11232,Tyler Taylor,CB,3,SW,56,54,46,64,62,40,46,66,79,37,56.0
11233,DeShawn Taylor,C,2,SW,42,35,51,26,29,29,70,30,65,39,42.0
11234,Ethan Taylor,OG,2,SW,47,63,53,16,21,21,37,90,27,36,47.0
11235,Jalen Johnson,RB,0,SW,4,1,9,13,0,1,80,22,20,96,4.0
11236,Jalen Walker,K,3,SW,50,32,49,51,32,32,47,7,82,4,50.0
11237,Ethan Brown,RB,3,SW,60,68,58,44,66,50,46,20,84,60,60.0
11238,Trey Williams,OG,2,SW,47,54,54,22,26,26,82,35,81,19,47.0
11239,Tyler Williams,QB,2,SW,49,49,45,51,36,55,32,14,28,38,49.0
11240,Caleb White,LB,3,SW,59,63,64,60,52,52,53,31,60,45,59.0
11241,Zion Scott,TE,3,SW,58,49,55,67,67,55,69,6,78,12,58.0
11242,Tyler Taylor,FB,3,SW,55,61,61,65,49,13,8,93,71,50,55.0
11243,Jalen White,OG,2,SW,49,49,51,36,47,41,40,71,70,16,49.0
11244,Caleb Johnson,S,3,SW,54,61,48,45,55,54,56,29,51,6,54.0
11245,Zion Scott,WR,3,SW,57,71,50,58,49,39,81,17,82,68,57.0
11246,Tyler Brown,CB,4,SW,61,57,49,73,71,33,54,0,22,40,61.0
11247,Trey Walker,TE,3,SW,50,47,53,56,41,44,72,81,39,40,50.0
11248,Jalen Brown,DL,4,SW,64,53,65,65,79,45,52,12,22,67,64.0
11249,Tyler Williams,DL,4,SW,64,59,68,67,62,56,21,96,84,65,64.0
11250,Caleb Scott,RB,1,SW,35,45,29,18,42,27,34,30,36,21,35.0
11251,Bryce Williams,RB,2,SW,41,37,53,49,31,37,37,60,82,84,41.0
11252,Ethan Walker,OG,3,SW,51,56,58,28,34,28,79,7,5,29,51.0
11253,DeShawn Taylor,LB,3,SW,60,55,68,63,55,55,97,95,76,73,60.0
11254,Caleb Scott,TE,3,SW,53,59,55,59,35,43,6,76,3,40,53.0
11255,Trey Johnson,P,2,SW,41,23,44,38,23,23,28,73,16,22,41.0
11256,Jalen Taylor,K,2,SW,44,30,47,41,30,30,52,82,6,94,44.0
11257,Caleb Williams,CB,3,SW,59,66,54,66,44,58,1,34,85,8,59.0
11258,Caleb Smith,CB,2,SW,49,55,45,51,41,50,56,40,40,55,49.0
11259,Trey Taylor,CB,3,SW,53,54,48,54,54,53,94,22,40,57,53.0
11260,Trey Walker,LB,2,SW,44,55,45,45,35,35,46,80,4,44,44.0
11261,Trey Taylor,RB,3,SW,51,57,50,35,58,42,41,53,32,44,51.0
11262,Ethan Brown,CB,2,SW,43,46,34,58,36,18,92,36,45,39,43.0
11263,DeShawn Walker,RB,3,SW,55,54,62,53,54,48,49,55,91,77,55.0
11264,Caleb Brown,QB,2,SW,40,36,42,47,31,36,100,13,38,99,40.0
11265,Ethan Brown,CB,2,SW,45,47,31,55,53,15,71,77,23,74,45.0
11266,Jalen White,CB,3,SW,53,52,44,53,67,41,11,67,10,78,53.0
11267,Zion White,WR,3,SW,55,57,45,61,58,43,89,62,56,36,55.0
11268,Bryce Johnson,RB,2,SW,43,39,55,51,33,39,1,7,47,13,43.0
11269,DeShawn Johnson,TE,3,SW,51,59,61,43,37,43,60,38,3,99,51.0
11270,DeShawn Williams,RB,3,SW,55,59,61,29,65,41,72,32,89,23,55.0
11271,Jalen Scott,OG,0,SW,18,24,24,-2,0,0,77,45,58,30,18.0
11272,Ethan Brown,P,3,SW,54,42,54,54,42,42,44,84,16,14,54.0
11273,Ethan Taylor,DL,2,SW,48,40,52,58,39,41,31,80,31,64,48.0
11274,Zion Smith,FB,3,SW,56,60,60,60,60,20,73,33,35,31,56.0
11275,Caleb Scott,P,3,SW,58,34,60,56,34,34,30,29,59,31,58.0
11276,Ethan Williams,OT,4,SW,62,35,75,39,61,33,36,50,8,38,62.0
11277,Trey Scott,WR,3,SW,57,63,51,63,49,49,15,68,50,53,57.0
11278,Trey Scott,CB,3,SW,56,52,50,65,57,46,39,41,99,32,56.0
11279,Ethan White,DL,3,SW,51,43,55,51,53,47,68,36,45,83,51.0
11280,Ethan Williams,OG,1,SW,30,35,45,1,-7,-7,29,46,44,10,30.0
11281,Bryce Brown,CB,3,SW,60,71,55,55,54,67,55,28,73,63,60.0
11282,Caleb Smith,C,4,SW,68,61,69,47,53,78,49,18,63,82,68.0
11283,Ethan Brown,QB,2,SW,48,43,47,55,39,47,15,17,13,96,48.0
11284,Bryce White,DL,2,SW,45,39,42,55,41,46,72,90,25,67,45.0
11285,Trey White,EDGE,3,SW,59,66,61,52,53,58,89,66,38,2,59.0
11286,Ethan Johnson,OG,3,SW,53,53,59,36,43,35,10,75,77,98,53.0
11287,Tyler Taylor,WR,2,SW,43,42,36,56,33,44,63,62,13,31,43.0
11288,Bryce Taylor,RB,3,SW,59,65,61,57,53,53,100,36,69,64,59.0
11289,Bryce Smith,S,0,SW,4,11,-21,-7,1,14,29,0,68,32,4.0
11290,Zion White,EDGE,3,SW,60,67,54,51,68,58,22,67,63,89,60.0
11291,Bryce White,WR,3,SW,55,63,48,54,55,44,0,64,71,50,55.0
11292,Trey Smith,RB,3,SW,58,58,65,52,59,49,46,60,88,35,58.0
11293,Jalen Johnson,OG,3,SW,58,48,73,33,33,33,60,43,64,88,58.0
11294,Caleb White,OT,3,SW,56,33,65,27,61,31,28,61,21,53,56.0
11295,Jalen Brown,RB,2,SW,47,43,64,47,37,40,23,37,13,20,47.0
11296,DeShawn Johnson,OG,3,SW,57,65,56,36,56,48,64,71,19,90,57.0
11297,Trey Smith,DL,3,SW,56,52,52,68,46,64,29,99,5,84,56.0
11298,Ethan Walker,OG,3,C,59,77,66,31,30,28,64,93,99,7,59.0
11299,Caleb Brown,RB,3,C,52,56,59,31,56,41,60,10,67,88,52.0
11300,Zion Johnson,OT,2,C,44,45,41,30,55,37,17,87,88,66,44.0
11301,Caleb White,WR,2,C,43,49,34,40,51,30,26,46,63,40,43.0
11302,Zion Taylor,DL,3,C,54,47,53,57,58,52,77,76,24,44,54.0
11303,Zion Smith,LB,3,C,60,56,55,70,56,56,46,23,16,58,60.0
11304,Tyler Taylor,K,3,C,60,44,60,60,44,44,17,78,14,63,60.0
11305,Ethan Walker,LB,4,C,68,60,70,77,63,63,100,25,33,18,68.0
11306,Bryce Walker,RB,3,C,55,60,58,30,66,42,32,69,56,71,55.0
11307,Ethan Brown,OG,3,C,59,54,66,37,50,44,42,16,42,85,59.0
11308,Zion Smith,TE,2,C,40,32,49,47,25,31,76,3,50,49,40.0
11309,Jalen Walker,RB,2,C,46,58,48,34,36,40,78,76,69,58,46.0
11310,Trey Brown,S,3,C,59,57,51,55,52,70,27,65,9,5,59.0
11311,DeShawn Taylor,EDGE,2,C,45,48,40,40,49,52,40,61,19,71,45.0
11312,Bryce White,LB,3,C,53,49,57,59,47,47,64,25,82,89,53.0
11313,Ethan Smith,S,2,C,46,56,29,36,42,51,28,58,80,51,46.0
11314,Caleb Walker,LB,3,C,51,39,63,59,43,43,26,40,6,71,51.0
11315,Zion Williams,OT,2,C,50,35,55,24,58,29,23,22,48,67,50.0
11316,Tyler Scott,S,3,C,55,50,35,46,60,67,12,60,55,5,55.0
11317,Caleb Brown,RB,2,C,40,47,41,23,45,29,40,82,55,77,40.0
11318,DeShawn White,C,4,C,69,42,82,46,40,68,66,9,76,89,69.0
11319,Zion White,OT,3,C,60,40,68,29,65,36,25,40,54,12,60.0
11320,DeShawn Taylor,WR,3,C,59,64,49,71,54,39,80,13,87,21,59.0
11321,Tyler Williams,K,3,C,55,39,51,59,39,39,0,96,58,80,55.0
11322,Trey Scott,P,3,C,58,44,53,63,44,44,36,93,72,73,58.0
11323,Caleb Brown,EDGE,3,C,51,58,57,42,45,41,76,19,87,42,51.0
11324,Ethan Brown,CB,0,C,14,26,4,7,17,14,29,24,97,91,14.0
11325,Jalen Taylor,P,2,C,40,20,38,42,20,20,51,49,50,25,40.0
11326,Ethan Smith,TE,3,C,51,48,58,57,33,43,73,10,69,26,51.0
11327,Bryce White,C,3,C,55,26,70,27,26,50,85,74,42,94,55.0
11328,Bryce Scott,LB,3,C,57,52,68,61,49,49,98,44,61,49,57.0
11329,Bryce Taylor,DL,2,C,46,43,55,47,33,47,59,48,25,42,46.0
11330,Bryce Johnson,OT,3,C,57,60,56,44,60,52,1,51,23,84,57.0
11331,Ethan Williams,QB,2,C,41,31,39,43,29,51,51,54,7,72,41.0
11332,Caleb Smith,OG,2,C,46,48,49,21,41,33,73,90,48,17,46.0
11333,Bryce White,FB,1,C,38,49,34,51,29,11,63,21,66,34,38.0
11334,Tyler White,OT,3,C,52,34,62,34,48,32,85,4,80,0,52.0
11335,Caleb White,WR,3,C,58,64,52,62,51,53,82,8,45,37,58.0
11336,Tyler White,K,3,C,53,43,54,52,43,43,12,78,17,44,53.0
11337,Caleb Brown,RB,3,C,56,57,65,56,47,51,84,69,97,64,56.0
11338,Ethan Brown,DL,0,C,16,9,24,9,22,8,6,87,60,7,16.0
11339,Caleb Brown,FB,2,C,49,51,56,43,57,19,39,39,32,71,49.0
11340,DeShawn White,QB,3,C,53,50,50,52,44,62,48,34,56,58,53.0
11341,Bryce White,TE,2,C,42,39,43,50,37,34,35,38,26,37,42.0
11342,Zion Taylor,QB,0,C,8,2,12,3,-1,18,21,7,52,22,8.0
11343,Jalen Johnson,OT,2,C,45,44,44,29,53,36,19,0,38,86,45.0
11344,Jalen Walker,RB,4,C,61,56,72,55,66,50,26,76,31,40,61.0
11345,Trey Williams,QB,2,C,44,42,42,46,35,48,27,23,48,92,44.0
11346,Trey Scott,P,2,C,40,18,39,41,18,18,52,83,84,49,40.0
11347,Zion Taylor,RB,3,C,57,58,69,52,49,49,41,53,98,85,57.0
11348,Tyler Smith,DL,3,C,57,52,55,66,50,62,24,63,45,87,57.0
11349,Jalen Taylor,RB,3,C,51,50,54,49,55,44,75,6,53,24,51.0
11350,Zion Smith,P,2,C,48,36,50,46,36,36,96,67,31,46,48.0
11351,Caleb Williams,DL,4,C,68,62,77,70,63,55,42,47,22,88,68.0
11352,DeShawn Brown,TE,3,C,60,62,53,74,57,50,7,14,99,75,60.0
11353,Zion Brown,FB,3,C,58,71,56,57,59,25,20,100,62,92,58.0
11354,Caleb Williams,K,3,C,53,41,53,53,41,41,9,28,91,44,53.0
11355,Bryce Smith,EDGE,2,C,49,53,53,41,52,33,85,41,96,77,49.0
11356,Trey Johnson,LB,3,C,53,50,56,60,46,46,100,48,75,32,53.0
11357,Trey Taylor,K,3,C,59,49,56,62,49,49,77,1,45,31,59.0
11358,Zion Smith,WR,2,C,50,54,45,51,49,45,34,11,72,61,50.0
11359,DeShawn Taylor,RB,0,C,18,14,33,21,9,11,61,42,45,68,18.0
11360,Bryce Walker,WR,3,C,54,60,48,56,51,46,0,94,57,27,54.0
11361,Bryce Walker,CB,3,C,50,54,40,49,59,40,96,9,17,1,50.0
11362,Tyler Taylor,S,1,C,40,38,22,34,38,52,57,51,67,95,40.0
11363,Ethan Scott,K,3,C,52,26,53,51,26,26,12,18,58,93,52.0
11364,Caleb Johnson,QB,3,C,50,41,51,52,38,57,16,11,81,27,50.0
11365,Ethan Scott,QB,3,C,60,55,65,54,53,69,62,57,33,60,60.0
11366,Caleb Smith,EDGE,2,C,41,51,40,37,30,47,34,54,90,79,41.0
11367,Trey Walker,LB,1,C,37,47,24,43,33,33,58,74,4,13,37.0
11368,Trey Scott,P,2,C,44,14,47,41,14,14,40,91,4,3,44.0
11369,DeShawn Brown,C,3,C,53,45,61,42,37,45,69,14,16,95,53.0
11370,Tyler Johnson,FB,4,C,62,78,63,63,57,17,31,58,20,24,62.0
11371,DeShawn White,P,3,C,52,38,47,57,38,38,84,22,8,4,52.0
11372,DeShawn Smith,DL,2,C,50,42,60,50,51,30,30,72,49,8,50.0
11373,Caleb Taylor,DL,0,C,13,6,18,18,9,4,43,93,51,0,13.0
11374,Bryce Taylor,LB,2,C,47,51,52,49,39,39,48,24,100,61,47.0
11375,DeShawn Taylor,FB,3,C,58,66,51,68,58,40,20,34,37,12,58.0
11376,Bryce White,P,2,C,49,35,48,50,35,35,14,62,31,59,49.0
11377,Tyler Johnson,TE,2,C,49,50,48,57,45,39,30,16,53,48,49.0
11378,Bryce White,S,2,C,49,55,41,41,50,50,36,60,54,50,49.0
11379,Tyler Brown,RB,3,C,51,50,61,57,40,47,50,2,85,77,51.0
11380,Caleb Scott,K,3,C,55,37,52,58,37,37,88,56,20,41,55.0
11381,Zion Brown,QB,2,C,50,47,57,46,45,53,82,29,94,80,50.0
11382,Jalen Taylor,FB,3,C,58,68,53,69,55,31,41,62,72,22,58.0
11383,Jalen Williams,K,3,C,56,52,52,60,52,52,92,5,12,90,56.0
11384,Zion Johnson,OT,2,C,44,31,51,29,44,25,82,34,100,11,44.0
11385,Trey Williams,P,3,C,50,38,46,54,38,38,62,26,1,45,50.0
11386,Trey Smith,FB,2,C,41,45,50,38,40,8,21,69,93,37,41.0
11387,DeShawn Taylor,OG,4,C,65,62,74,48,50,44,35,46,84,9,65.0
11388,Bryce Smith,K,3,C,58,46,58,58,46,46,28,90,94,52,58.0
11389,Zion Smith,C,3,C,60,38,66,37,38,71,21,54,90,55,60.0
11390,Tyler Brown,EDGE,3,C,54,53,69,45,52,29,61,58,92,86,54.0
11391,Ethan White,C,2,C,47,13,57,19,13,62,69,29,66,8,47.0
11392,Bryce Brown,K,4,C,63,41,66,60,41,41,56,32,76,16,63.0
11393,Jalen White,QB,2,C,41,33,47,40,34,45,100,13,18,51,41.0
11394,DeShawn Smith,WR,3,C,57,66,48,56,59,42,96,81,28,73,57.0
11395,Zion Johnson,DL,3,C,51,44,47,68,41,51,56,60,35,11,51.0
11396,DeShawn White,OT,3,C,56,31,63,36,69,29,58,43,16,57,56.0
11397,Jalen Johnson,QB,2,C,47,43,39,49,33,59,25,42,15,98,47.0
11398,Ethan Walker,CB,5,C,81,83,71,92,80,60,11,70,98,36,81.0
11399,Ethan Johnson,EDGE,4,C,60,66,60,54,56,62,50,40,69,14,60.0
11400,Tyler Brown,C,2,C,40,7,51,5,7,51,16,60,49,98,40.0
11401,Tyler Johnson,QB,3,C,54,42,58,54,44,62,21,10,74,51,54.0
11402,Zion White,EDGE,3,C,55,64,54,48,53,50,10,5,48,89,55.0
11403,Zion White,OT,3,C,56,32,60,27,75,32,77,97,63,53,56.0
11404,Tyler Scott,DL,3,C,55,52,58,56,49,60,100,48,75,91,55.0
11405,Bryce Smith,C,2,C,47,18,58,13,16,54,44,91,53,89,47.0
11406,Ethan Brown,QB,3,C,50,46,58,48,46,50,50,27,29,22,50.0
11407,DeShawn Walker,LB,2,C,41,31,51,47,35,35,96,63,59,3,41.0
11408,Tyler Williams,OG,2,C,41,32,48,30,36,28,19,27,23,46,41.0
11409,Trey Johnson,OT,1,C,38,3,51,1,46,3,73,100,97,17,38.0
11410,Zion Scott,LB,3,C,59,59,74,58,50,50,29,95,47,9,59.0
11411,DeShawn Brown,DL,3,C,56,49,61,61,49,53,52,54,27,82,56.0
11412,Tyler Walker,CB,3,C,60,71,55,55,54,67,100,55,31,19,60.0
11413,Ethan Johnson,C,2,C,49,22,62,18,22,47,28,46,89,3,49.0
11414,Bryce Smith,P,3,C,60,34,63,57,34,34,55,27,20,62,60.0
11415,Tyler Walker,DL,3,C,56,47,71,51,59,31,25,71,30,49,56.0
11416,Caleb Smith,FB,3,C,58,54,69,61,59,31,80,21,45,39,58.0
11417,Trey Brown,OT,3,C,57,30,70,39,56,28,78,20,99,75,57.0
11418,Caleb Brown,EDGE,3,C,51,59,51,39,60,31,42,89,7,24,51.0
11419,Bryce Taylor,OG,2,C,42,34,59,17,11,11,47,43,90,0,42.0
11420,Jalen White,S,2,C,50,60,48,42,43,51,10,51,26,60,50.0
11421,Jalen White,RB,3,C,54,61,55,50,48,49,51,60,37,67,54.0
11422,Bryce Walker,QB,0,C,6,-2,6,14,-6,6,36,66,76,29,6.0
11423,Tyler Brown,RB,3,C,54,61,55,31,62,43,100,74,62,50,54.0
11424,DeShawn Brown,WR,3,C,56,57,45,67,57,40,75,26,36,62,56.0
11425,DeShawn Scott,RB,2,C,40,49,35,19,50,31,49,3,55,4,40.0
11426,Caleb White,TE,3,C,53,62,60,57,25,39,13,33,21,73,53.0
11427,DeShawn Johnson,WR,3,C,56,58,49,63,53,49,83,52,63,93,56.0
11428,Caleb White,TE,2,C,40,36,37,50,41,34,28,74,19,53,40.0
11429,Ethan Walker,QB,2,C,42,37,47,36,35,51,63,8,7,27,42.0
11430,Bryce Johnson,LB,3,C,53,54,52,61,45,45,13,57,86,33,53.0
11431,Tyler White,RB,2,C,50,48,56,60,42,48,43,96,22,69,50.0
11432,Tyler Williams,K,4,C,69,45,75,63,45,45,80,84,20,70,69.0
11433,Ethan White,OT,2,C,44,15,59,19,40,13,91,21,6,34,44.0
11434,Jalen Scott,OT,2,C,42,25,53,28,36,19,60,81,26,70,42.0
11435,Trey Brown,OG,1,C,37,43,48,0,8,8,85,69,13,81,37.0
11436,DeShawn Williams,FB,3,C,59,58,58,66,62,50,84,34,9,1,59.0
11437,Tyler White,WR,3,C,50,53,44,46,55,50,4,4,42,52,50.0
11438,Caleb Smith,S,3,C,53,57,53,45,57,51,48,28,29,26,53.0
11439,Zion Smith,WR,3,C,50,58,40,46,60,31,77,93,27,0,50.0
11440,Jalen Scott,LB,3,C,57,45,63,65,53,53,34,40,18,51,57.0
11441,Caleb Smith,EDGE,3,C,50,47,60,39,58,28,79,27,18,15,50.0
11442,Caleb Brown,LB,4,C,68,73,66,72,62,62,24,63,73,19,68.0
11443,Ethan Walker,RB,2,C,42,42,48,44,38,36,86,86,50,39,42.0
11444,Ethan Walker,EDGE,0,C,0,-2,4,-8,6,-7,48,8,96,7,0.0
11445,Tyler Walker,LB,3,C,52,55,46,57,49,49,65,44,1,99,52.0
11446,Ethan Williams,OG,4,C,65,75,66,54,58,50,59,66,3,23,65.0
11447,Jalen Williams,DL,4,C,69,63,69,73,69,68,87,64,66,62,69.0
11448,Bryce Walker,S,2,C,40,44,20,28,54,40,91,22,11,35,40.0
11449,Caleb Walker,S,2,C,46,57,25,35,45,50,16,24,69,88,46.0
11450,Ethan Johnson,OT,3,C,60,54,66,43,54,48,59,88,39,68,60.0
11451,Tyler White,P,3,C,51,43,43,59,43,43,36,51,40,81,51.0
11452,Ethan Scott,CB,3,C,59,63,47,65,66,35,35,15,36,70,59.0
11453,Jalen Williams,OG,3,C,55,56,59,44,47,43,34,16,28,75,55.0
11454,Ethan Johnson,WR,4,C,60,59,50,66,65,53,81,95,66,92,60.0
11455,DeShawn Brown,QB,2,C,46,29,45,59,37,45,100,87,71,6,46.0
11456,Trey Johnson,OT,4,C,67,59,71,56,68,55,82,62,59,5,67.0
11457,Tyler Smith,C,3,C,50,30,54,25,26,66,79,98,63,17,50.0
11458,Tyler Johnson,OG,3,C,57,48,73,32,29,29,45,50,47,13,57.0
11459,Ethan Johnson,C,0,C,16,-2,22,-8,-6,24,10,98,77,59,16.0
11460,Ethan Taylor,CB,3,C,59,55,51,66,67,44,71,20,74,6,59.0
11461,Trey White,FB,3,C,50,57,57,46,54,8,29,28,43,46,50.0
11462,Zion Smith,CB,3,C,57,69,47,53,58,52,55,46,85,40,57.0
11463,Caleb Williams,S,3,C,52,59,50,45,51,51,16,95,85,52,52.0
11464,DeShawn White,RB,3,C,56,64,56,37,61,46,42,10,77,75,56.0
11465,Zion Smith,WR,3,C,58,61,52,62,56,52,71,75,9,37,58.0
11466,Trey Taylor,QB,4,C,67,57,61,75,55,73,98,14,34,10,67.0
11467,Jalen Walker,OT,4,C,60,42,70,38,58,36,43,56,16,5,60.0
11468,Tyler Smith,FB,4,C,61,64,69,58,68,22,42,52,70,4,61.0
11469,Ethan Johnson,LB,3,C,59,61,57,64,54,54,65,86,57,88,59.0
11470,Trey Scott,S,2,C,43,54,27,32,44,44,17,67,80,2,43.0
11471,Tyler Taylor,FB,3,C,54,57,57,57,61,21,11,82,24,57,54.0
11472,Caleb White,C,2,C,43,18,58,18,18,33,28,75,68,16,43.0
11473,Bryce Brown,RB,3,C,53,55,61,57,41,49,78,61,97,40,53.0
11474,Caleb Williams,K,3,C,52,40,52,52,40,40,36,25,83,81,52.0
11475,DeShawn Taylor,QB,4,C,69,59,77,76,62,63,61,29,81,58,69.0
11476,Tyler Scott,OG,2,C,49,57,50,32,42,38,51,9,1,51,49.0
11477,DeShawn Johnson,TE,2,C,40,36,49,40,30,34,47,50,60,7,40.0
11478,Jalen Williams,WR,3,C,60,61,52,60,70,49,75,79,48,44,60.0
11479,Tyler Johnson,K,2,C,44,18,51,37,18,18,33,17,71,33,44.0
11480,Trey Scott,OT,4,C,68,56,68,48,86,50,56,52,71,79,68.0
11481,Zion Scott,QB,2,C,50,41,53,49,43,57,37,33,2,8,50.0
11482,DeShawn Taylor,OT,3,C,58,51,63,41,57,43,69,20,70,56,58.0
11483,Zion Johnson,TE,3,C,58,50,55,70,62,52,23,6,86,66,58.0
11484,Ethan Taylor,C,2,C,49,20,60,20,18,56,50,0,86,58,49.0
11485,Ethan Walker,QB,3,C,54,49,49,51,43,69,66,71,43,2,54.0
11486,Trey Smith,TE,3,C,53,61,64,49,29,43,93,50,5,91,53.0
11487,Caleb Smith,CB,4,C,60,68,48,60,66,46,38,66,81,94,60.0
11488,Ethan Williams,CB,3,C,53,68,46,52,42,51,79,50,47,33,53.0
11489,Tyler White,WR,2,C,42,56,38,38,34,32,58,98,66,100,42.0
11490,Jalen White,QB,3,C,55,56,54,57,47,56,99,12,95,15,55.0
11491,Zion Taylor,S,4,C,70,74,56,62,63,80,14,89,15,31,70.0
11492,Bryce Williams,WR,1,C,37,44,29,47,26,25,59,58,26,6,37.0
11493,Jalen Johnson,EDGE,3,C,55,53,63,51,50,52,93,28,59,43,55.0
11494,Caleb Smith,WR,2,C,48,56,38,48,53,29,36,72,91,66,48.0
11495,DeShawn Johnson,EDGE,3,C,55,53,60,45,66,38,2,45,32,57,55.0
11496,DeShawn Johnson,S,2,C,49,57,39,39,53,48,85,86,34,41,49.0
11497,DeShawn Williams,TE,3,C,50,48,61,49,34,43,76,99,82,42,50.0
11498,Ethan Williams,OT,3,C,58,38,66,35,64,32,78,68,82,58,58.0
11499,Trey Johnson,CB,2,C,45,50,38,53,39,31,72,90,35,56,45.0
11500,Zion Taylor,S,2,C,42,37,17,33,45,57,36,4,10,15,42.0
11501,Trey Johnson,RB,2,C,48,53,48,47,44,44,28,47,77,65,48.0
11502,Bryce Scott,QB,3,C,57,47,57,60,48,63,13,83,80,13,57.0
11503,Jalen Taylor,K,3,C,55,35,57,53,35,35,72,32,65,36,55.0
11504,DeShawn Scott,WR,2,C,40,40,31,55,34,28,29,60,80,100,40.0
11505,Trey Johnson,S,4,C,66,69,60,59,63,71,91,93,87,68,66.0
11506,Bryce Williams,QB,2,C,48,36,48,54,38,52,55,43,54,80,48.0
11507,Bryce Smith,WR,2,C,45,50,32,52,51,20,22,22,30,57,45.0
11508,Trey Smith,QB,0,C,9,2,2,16,-5,16,24,2,82,72,9.0
11509,Zion Walker,FB,4,C,62,60,65,64,70,44,99,50,46,14,62.0
11510,Ethan Johnson,P,2,C,44,28,44,44,28,28,49,61,19,29,44.0
11511,DeShawn Johnson,CB,1,C,40,44,34,46,36,29,80,76,16,1,40.0
11512,Tyler Brown,FB,5,C,83,82,92,84,84,56,52,52,52,46,83.0
11513,Zion Williams,OT,2,C,44,37,45,25,53,31,90,74,13,55,44.0
11514,Zion Johnson,C,3,C,51,40,60,35,32,44,92,50,31,63,51.0
11515,Bryce Smith,OT,2,C,43,35,47,30,45,29,63,30,72,56,43.0
11516,DeShawn Johnson,P,3,C,57,41,59,55,41,41,86,81,59,3,57.0
11517,Trey White,K,0,C,13,-9,16,10,-9,-9,82,83,95,61,13.0
11518,Trey White,CB,3,C,50,49,41,59,52,35,22,33,4,40,50.0
11519,Tyler Williams,FB,3,C,57,58,68,52,60,24,54,94,81,25,57.0
11520,Ethan Taylor,DL,1,C,36,26,35,44,37,32,73,35,83,85,36.0
11521,Ethan Williams,EDGE,3,C,54,67,53,47,47,49,49,19,72,60,54.0
11522,Caleb Johnson,EDGE,3,C,58,66,54,54,53,66,47,14,99,76,58.0
11523,Bryce Taylor,S,2,C,44,44,20,36,38,60,88,37,91,91,44.0
11524,Ethan Taylor,S,2,C,41,35,15,31,48,55,91,85,38,18,41.0
11525,Caleb Johnson,TE,2,C,47,43,60,52,20,36,94,71,11,30,47.0
11526,Zion White,LB,3,C,55,53,54,63,49,49,32,41,81,58,55.0
11527,Zion Smith,EDGE,2,C,48,56,44,38,54,43,48,90,97,61,48.0
11528,Jalen Johnson,OG,2,C,41,41,48,26,28,22,72,82,98,86,41.0
11529,Trey Taylor,QB,2,MW,44,26,42,54,30,50,100,79,15,66,44.0
11530,Zion Walker,OG,2,MW,50,47,61,32,29,27,23,8,54,26,50.0
11531,DeShawn Scott,WR,4,MW,69,60,60,80,74,72,95,1,62,31,69.0
11532,Tyler Johnson,DL,0,MW,24,15,33,27,24,3,62,22,0,28,24.0
11533,Caleb Johnson,LB,3,MW,57,50,49,69,55,55,85,31,41,93,57.0
11534,Tyler White,FB,2,MW,44,40,55,51,41,17,43,99,69,85,44.0
11535,Caleb Johnson,K,3,MW,59,41,56,62,41,41,44,36,28,26,59.0
11536,Tyler Taylor,RB,5,MW,88,85,91,81,99,79,92,12,39,67,88.0
11537,Jalen Williams,FB,2,MW,40,42,47,41,43,7,69,0,36,34,40.0
11538,Caleb Smith,LB,2,MW,45,49,41,49,41,41,98,90,100,57,45.0
11539,Bryce Scott,P,3,MW,52,30,59,45,30,30,79,98,89,100,52.0
11540,DeShawn Taylor,QB,3,MW,60,53,61,55,51,73,32,100,18,49,60.0
11541,Ethan Scott,EDGE,3,MW,57,57,67,49,58,37,11,64,95,78,57.0
11542,Bryce Johnson,EDGE,2,MW,50,49,50,41,64,38,22,51,62,33,50.0
11543,DeShawn Walker,FB,3,MW,54,65,50,58,56,24,56,42,41,34,54.0
11544,Jalen Brown,RB,2,MW,48,60,47,28,48,39,41,1,17,45,48.0
11545,Ethan Williams,TE,3,MW,54,40,62,63,46,47,9,92,55,15,54.0
11546,DeShawn Scott,CB,2,MW,41,33,33,57,45,17,43,73,78,87,41.0
11547,Trey White,S,3,MW,55,55,59,51,53,57,32,31,84,39,55.0
11548,Caleb Scott,S,3,MW,50,55,35,43,49,55,77,44,65,69,50.0
11549,Tyler Smith,P,3,MW,50,48,47,53,48,48,77,94,82,93,50.0
11550,DeShawn White,FB,3,MW,57,62,62,66,54,18,62,58,58,48,57.0
11551,Jalen Walker,QB,2,MW,40,24,40,52,28,40,29,53,99,46,40.0
11552,Zion Brown,TE,4,MW,62,70,73,58,38,52,94,73,31,20,62.0
11553,Trey Johnson,FB,2,MW,46,52,47,47,53,13,60,56,86,50,46.0
11554,Bryce Scott,P,4,MW,69,49,69,69,49,49,94,35,8,90,69.0
11555,Jalen Scott,DL,3,MW,54,45,63,51,60,36,90,34,8,67,54.0
11556,DeShawn Smith,OT,3,MW,56,54,58,51,57,46,53,33,14,78,56.0
11557,Jalen Walker,C,3,MW,57,44,60,40,40,67,50,32,88,70,57.0
11558,Trey Taylor,TE,3,MW,54,45,54,64,56,48,34,57,78,57,54.0
11559,Zion Smith,TE,3,MW,57,65,56,68,36,44,34,13,77,55,57.0
11560,Bryce Scott,DL,4,MW,63,54,69,68,61,50,83,99,48,33,63.0
11561,Caleb Walker,EDGE,2,MW,41,55,31,31,45,43,66,24,6,60,41.0
11562,Tyler Taylor,OT,3,MW,56,40,68,37,45,36,3,4,11,93,56.0
11563,Caleb Williams,EDGE,3,MW,60,69,65,53,48,57,83,52,27,68,60.0
11564,Ethan Walker,S,3,MW,58,54,48,52,59,67,91,53,63,51,58.0
11565,Zion Williams,OT,3,MW,55,43,59,39,62,37,43,12,14,16,55.0
11566,Caleb Scott,TE,3,MW,60,63,61,67,50,49,47,94,79,33,60.0
11567,Trey Smith,S,4,MW,69,81,49,57,73,69,30,76,8,28,69.0
11568,DeShawn Walker,EDGE,3,MW,54,48,61,46,63,42,66,85,76,63,54.0
11569,Tyler Williams,LB,2,MW,50,57,46,55,43,43,92,38,34,70,50.0
11570,Trey White,LB,2,MW,46,47,57,46,38,38,62,6,25,43,46.0
11571,Jalen Taylor,OG,4,MW,69,70,77,44,53,47,61,53,23,82,69.0
11572,Trey Taylor,P,3,MW,51,37,46,56,37,37,42,16,84,21,51.0
11573,DeShawn Williams,TE,3,MW,59,69,59,65,42,47,2,3,39,85,59.0
11574,Caleb Johnson,P,3,MW,60,38,61,59,38,38,95,2,85,19,60.0
11575,DeShawn Williams,P,0,MW,14,2,14,14,2,2,31,89,69,46,14.0
11576,Jalen Taylor,CB,5,MW,71,68,66,78,70,67,100,95,6,5,71.0
11577,Zion White,WR,2,MW,50,55,43,51,51,41,13,21,83,53,50.0
11578,Ethan Scott,P,0,MW,17,-7,21,13,-7,-7,83,51,8,59,17.0
11579,Bryce Johnson,CB,3,MW,59,66,50,68,54,38,62,69,12,1,59.0
11580,Zion Walker,RB,3,MW,59,63,62,51,57,54,98,96,43,94,59.0
11581,Bryce Walker,OT,3,MW,58,46,62,44,64,42,29,36,56,36,58.0
11582,Trey Taylor,RB,2,MW,49,46,59,37,56,37,40,10,2,92,49.0
11583,Tyler Williams,QB,2,MW,41,20,48,52,33,38,28,26,43,97,41.0
11584,Tyler Brown,C,3,MW,60,45,69,35,41,56,26,44,61,41,60.0
11585,Bryce Scott,CB,2,MW,43,56,34,46,36,29,59,62,19,49,43.0
11586,Tyler Taylor,K,2,MW,41,35,40,42,35,35,98,74,84,100,41.0
11587,Trey Smith,OT,4,MW,66,60,68,50,71,54,62,26,37,95,66.0
11588,Trey Smith,EDGE,2,MW,46,45,49,37,58,29,68,86,6,86,46.0
11589,Trey Scott,S,3,MW,56,61,53,47,58,56,22,47,6,94,56.0
11590,Tyler Taylor,OT,3,MW,54,50,58,44,51,44,53,98,78,0,54.0
11591,Tyler White,S,3,MW,58,68,55,50,56,56,41,95,43,6,58.0
11592,Caleb Williams,WR,0,MW,18,23,14,22,9,17,69,44,31,44,18.0
11593,Jalen Brown,FB,3,MW,55,62,62,54,58,10,43,67,45,26,55.0
11594,Trey Smith,RB,2,MW,41,42,39,33,52,33,53,26,31,23,41.0
11595,Tyler Taylor,EDGE,2,MW,49,50,55,46,41,49,56,5,51,56,49.0
11596,Ethan Johnson,RB,3,MW,59,65,59,54,57,53,53,90,63,66,59.0
11597,Ethan White,TE,2,MW,43,41,45,53,31,33,86,30,12,58,43.0
11598,Jalen Williams,TE,3,MW,58,60,60,66,43,48,10,22,37,25,58.0
11599,Caleb White,OG,2,MW,44,45,53,21,25,21,5,43,30,54,44.0
11600,Ethan Scott,QB,3,MW,53,51,59,47,47,59,51,21,37,37,53.0
11601,Bryce Walker,LB,3,MW,57,69,51,61,49,49,29,40,42,87,57.0
11602,Caleb Taylor,K,0,MW,30,14,34,26,14,14,56,57,32,23,30.0
11603,Jalen Walker,S,3,MW,58,59,58,55,50,64,98,16,52,80,58.0
11604,Jalen Williams,FB,2,MW,41,39,39,47,47,35,0,36,61,74,41.0
11605,Zion Johnson,QB,3,MW,53,55,49,56,44,55,85,64,18,70,53.0
11606,Ethan Johnson,OG,3,MW,60,69,69,25,33,33,75,15,25,88,60.0
11607,Caleb Brown,FB,3,MW,60,74,54,74,50,30,50,59,3,50,60.0
11608,Caleb Brown,WR,5,MW,78,86,68,78,83,59,12,27,86,55,78.0
11609,Bryce Williams,WR,3,MW,59,56,53,67,56,63,20,54,54,65,59.0
11610,DeShawn Taylor,OG,3,MW,59,60,64,45,48,46,77,38,7,32,59.0
11611,Tyler Brown,TE,2,MW,44,52,54,41,22,33,44,95,54,68,44.0
11612,DeShawn Taylor,TE,3,MW,51,57,43,59,55,43,38,93,2,59,51.0
11613,Caleb Johnson,C,2,MW,49,38,54,38,34,51,51,84,96,25,49.0
11614,Zion White,TE,3,MW,55,62,52,60,51,46,8,5,83,17,55.0
11615,Tyler Brown,RB,3,MW,50,57,58,41,40,42,93,68,20,28,50.0
11616,Zion Johnson,FB,4,MW,70,74,74,78,70,34,52,95,50,73,70.0
11617,Tyler Taylor,WR,3,MW,55,50,47,59,64,54,85,64,26,42,55.0
11618,Bryce Smith,P,4,MW,62,46,62,62,46,46,59,92,32,60,62.0
11619,Ethan Williams,S,3,MW,50,43,27,41,59,62,18,96,90,99,50.0
11620,Zion Taylor,EDGE,2,MW,50,57,55,37,56,25,18,36,80,98,50.0
11621,Caleb Johnson,CB,3,MW,53,63,43,52,53,46,88,47,8,10,53.0
11622,DeShawn Brown,CB,2,MW,42,39,35,53,41,29,95,17,53,40,42.0
11623,Caleb Scott,RB,3,MW,51,51,58,39,55,42,83,97,93,70,51.0
11624,Ethan White,FB,2,MW,49,42,57,49,59,31,41,21,0,48,49.0
11625,Zion Walker,S,3,MW,50,57,48,45,40,54,44,17,84,56,50.0
11626,Bryce Scott,EDGE,3,MW,59,60,61,52,62,55,100,42,66,65,59.0
11627,Zion Taylor,CB,3,MW,50,50,44,50,55,49,59,26,36,67,50.0
11628,Ethan Johnson,QB,2,MW,43,23,39,63,31,39,83,8,47,57,43.0
11629,Tyler Walker,S,4,MW,64,67,52,55,73,64,34,83,25,26,64.0
11630,Caleb Brown,K,3,MW,50,30,52,48,30,30,97,61,23,28,50.0
11631,Jalen Smith,EDGE,3,MW,52,50,62,44,54,35,88,97,72,63,52.0
11632,Bryce Williams,DL,3,MW,58,54,63,64,45,60,11,46,33,50,58.0
11633,Tyler Johnson,RB,2,MW,47,46,53,40,52,37,14,74,9,4,47.0
11634,Tyler White,S,3,MW,53,53,57,51,42,60,34,38,39,12,53.0
11635,Trey Williams,EDGE,2,MW,43,44,42,36,48,44,59,74,51,26,43.0
11636,DeShawn Taylor,RB,0,MW,18,22,27,19,4,13,99,18,17,50,18.0
11637,Trey Taylor,QB,3,MW,56,41,55,70,46,53,82,5,24,13,56.0
11638,Zion Scott,C,3,MW,54,45,61,42,39,49,76,63,18,90,54.0
11639,DeShawn Brown,TE,2,MW,41,31,41,48,48,38,33,4,74,60,41.0
11640,Caleb Scott,CB,4,MW,60,69,49,58,64,52,76,48,77,89,60.0
11641,Trey Taylor,CB,3,MW,53,63,43,49,55,51,70,37,96,65,53.0
11642,Ethan Williams,S,3,MW,56,65,37,45,61,57,49,100,69,30,56.0
11643,Zion Brown,FB,3,MW,50,61,51,51,51,11,10,23,62,36,50.0
11644,Ethan White,S,3,MW,56,64,32,44,58,62,17,2,98,11,56.0
11645,Ethan White,OG,1,MW,40,34,50,24,26,18,4,62,73,85,40.0
11646,Zion White,TE,2,MW,44,44,40,58,36,34,21,45,90,68,44.0
11647,Caleb Brown,WR,2,MW,47,47,41,51,47,46,10,5,70,66,47.0
11648,Jalen Smith,TE,3,MW,50,57,43,55,55,43,48,35,51,60,50.0
11649,Trey White,FB,1,MW,35,48,33,45,27,-1,38,16,15,71,35.0
11650,DeShawn Johnson,K,4,MW,65,53,65,65,53,53,42,20,29,47,65.0
11651,Jalen Brown,RB,2,MW,42,52,44,12,50,28,51,10,75,44,42.0
11652,Caleb Williams,K,3,MW,51,29,54,48,29,29,31,58,59,52,51.0
11653,Trey Walker,CB,4,MW,60,64,54,57,62,64,99,46,67,79,60.0
11654,Ethan Scott,QB,4,MW,66,57,69,65,59,73,46,77,5,28,66.0
11655,Trey Taylor,QB,3,MW,56,40,64,60,52,56,34,23,68,47,56.0
11656,DeShawn Walker,QB,2,MW,49,37,53,53,42,51,62,47,76,95,49.0
11657,Caleb Scott,DL,4,MW,62,56,59,68,63,63,3,35,88,70,62.0
11658,Tyler Williams,C,2,MW,45,6,62,14,6,47,70,45,36,8,45.0
11659,Trey Williams,DL,3,MW,53,45,63,47,60,36,72,57,10,41,53.0
11660,Trey Smith,P,2,MW,46,22,46,46,22,22,13,59,85,25,46.0
11661,Trey Smith,RB,3,MW,58,67,64,32,59,46,68,41,57,66,58.0
11662,DeShawn Scott,QB,3,MW,59,50,64,63,53,58,39,5,39,30,59.0
11663,Zion Brown,FB,3,MW,60,67,67,56,64,18,62,3,84,52,60.0
11664,DeShawn White,S,2,MW,42,52,25,30,47,42,52,89,25,16,42.0
11665,Caleb Johnson,RB,3,MW,60,62,66,42,66,50,55,89,54,20,60.0
11666,Ethan Walker,WR,3,MW,57,65,53,61,43,57,84,62,6,34,57.0
11667,Caleb Scott,C,2,MW,40,17,45,15,13,57,100,65,75,53,40.0
11668,Caleb Johnson,S,3,MW,57,56,40,50,60,65,45,97,62,68,57.0
11669,Bryce Johnson,DL,3,MW,60,49,70,67,57,35,15,91,79,75,60.0
11670,Jalen Walker,DL,3,MW,55,47,53,69,48,52,25,49,44,14,55.0
11671,Zion Johnson,P,3,MW,57,49,51,63,49,49,63,86,76,54,57.0
11672,DeShawn Walker,DL,3,MW,51,41,53,51,63,36,17,92,89,51,51.0
11673,Bryce Johnson,S,3,MW,55,50,49,48,62,60,73,4,95,3,55.0
11674,Trey Johnson,TE,3,MW,54,59,58,59,36,43,82,100,0,1,54.0
11675,Caleb Walker,OG,3,MW,60,51,68,41,52,46,74,72,90,16,60.0
11676,DeShawn Smith,OT,1,MW,39,20,44,14,50,18,73,74,15,59,39.0
11677,Bryce Brown,FB,3,MW,52,53,63,50,54,16,93,23,31,47,52.0
11678,Bryce Brown,WR,2,MW,43,59,35,43,37,19,51,81,68,79,43.0
11679,Trey Williams,RB,2,MW,44,44,52,43,39,38,19,0,73,25,44.0
11680,Tyler Brown,QB,3,MW,56,48,52,58,45,66,99,34,77,26,56.0
11681,Zion Johnson,OT,0,MW,6,9,5,-7,9,1,24,45,26,73,6.0
11682,Caleb Taylor,RB,2,MW,50,54,51,51,46,45,42,56,16,64,50.0
11683,Zion Smith,S,3,MW,50,64,51,44,41,47,70,99,60,90,50.0
11684,Ethan Brown,P,2,MW,49,37,49,49,37,37,53,96,71,85,49.0
11685,Trey Brown,K,3,MW,54,44,51,57,44,44,1,70,24,43,54.0
11686,Caleb Williams,WR,3,MW,53,48,42,62,62,44,76,9,81,98,53.0
11687,DeShawn Smith,OG,4,MW,64,69,71,46,47,41,26,47,57,33,64.0
11688,Tyler Taylor,OG,3,MW,54,49,61,42,45,39,57,63,98,13,54.0
11689,Caleb Brown,S,2,MW,44,53,40,37,37,46,70,85,25,72,44.0
11690,Jalen Williams,S,2,MW,42,52,25,32,38,47,49,65,4,24,42.0
11691,Bryce Scott,QB,3,MW,58,45,61,67,47,57,49,27,75,25,58.0
11692,Ethan Walker,P,3,MW,51,37,52,50,37,37,20,73,27,38,51.0
11693,Zion White,CB,2,MW,41,49,35,47,29,36,59,41,71,100,41.0
11694,DeShawn White,EDGE,4,MW,63,66,65,56,65,56,88,77,51,24,63.0
11695,Trey Johnson,WR,3,MW,58,60,51,67,54,48,89,54,77,16,58.0
11696,Jalen Brown,DL,3,MW,55,48,60,62,50,43,21,87,53,8,55.0
11697,Jalen Taylor,K,3,MW,53,39,56,50,39,39,34,90,84,71,53.0
11698,DeShawn White,P,2,MW,49,37,51,47,37,37,32,61,29,95,49.0
11699,Caleb Williams,QB,3,MW,51,43,51,51,43,59,44,41,91,16,51.0
11700,DeShawn Walker,OT,2,MW,43,40,44,30,48,32,75,99,90,23,43.0
11701,Bryce Johnson,OG,3,MW,60,54,65,41,57,49,64,63,80,71,60.0
11702,Caleb Williams,FB,3,MW,50,51,56,43,61,23,35,38,99,36,50.0
11703,Tyler Scott,OG,0,MW,24,27,30,3,10,6,89,84,4,1,24.0
11704,Ethan Scott,K,2,MW,40,32,40,40,32,32,34,2,4,87,40.0
11705,Caleb Williams,DL,4,MW,68,59,77,75,60,53,93,2,12,96,68.0
11706,Bryce Walker,P,2,MW,46,32,45,47,32,32,59,92,62,0,46.0
11707,Bryce Walker,S,3,MW,54,58,34,46,50,64,70,43,1,52,54.0
11708,Zion Taylor,LB,2,MW,48,43,41,60,44,44,46,13,58,85,48.0
11709,Caleb Williams,DL,3,MW,58,53,65,57,56,51,29,59,37,68,58.0
11710,Bryce Scott,QB,3,MW,53,38,58,62,46,50,74,61,42,49,53.0
11711,Caleb Scott,DL,3,MW,50,44,47,52,56,51,33,57,97,64,50.0
11712,Jalen White,OT,3,MW,56,44,56,33,73,40,10,74,98,28,56.0
11713,DeShawn Taylor,DL,3,MW,53,43,61,55,57,31,1,50,3,73,53.0
11714,Jalen Williams,TE,3,MW,50,49,56,48,48,44,32,89,86,73,50.0
11715,Jalen Brown,QB,3,MW,54,50,58,58,45,52,10,100,99,77,54.0
11716,Caleb Walker,QB,2,MW,42,32,38,43,32,54,32,91,19,22,42.0
11717,Ethan Johnson,RB,4,MW,62,68,66,51,58,56,35,8,64,78,62.0
11718,Jalen Smith,DL,2,MW,49,40,40,64,49,52,33,36,76,32,49.0
11719,Caleb Johnson,P,2,MW,50,40,45,55,40,40,73,39,23,78,50.0
11720,Tyler Smith,LB,2,MW,48,45,51,54,42,42,46,11,4,90,48.0
11721,Bryce Johnson,CB,2,MW,44,49,31,49,51,22,41,32,16,38,44.0
11722,Caleb Walker,RB,2,MW,42,45,44,33,44,36,58,63,92,48,42.0
11723,Jalen White,P,3,MW,54,38,54,54,38,38,26,63,7,25,54.0
11724,Caleb Williams,DL,3,MW,57,51,75,51,53,35,54,98,20,23,57.0
11725,Jalen Taylor,K,2,MW,41,29,41,41,29,29,56,88,9,100,41.0
11726,Zion Johnson,WR,3,MW,58,57,48,64,66,45,52,17,21,37,58.0
11727,Trey Walker,QB,3,MW,52,47,47,61,40,53,18,39,91,98,52.0
11728,Caleb White,OT,3,MW,51,35,55,32,63,29,11,55,51,23,51.0
11729,Caleb Taylor,FB,3,MW,59,63,63,61,61,29,77,99,76,48,59.0
11730,Zion Walker,OG,4,MW,62,62,77,36,29,29,61,52,100,33,62.0
11731,Trey White,EDGE,3,MW,59,65,69,51,51,42,72,69,92,45,59.0
11732,Zion White,DL,5,MW,74,62,77,78,83,55,48,48,39,84,74.0
11733,Tyler Johnson,RB,3,MW,50,56,54,26,57,38,30,15,99,66,50.0
11734,Caleb Williams,WR,3,MW,51,49,43,67,43,45,74,30,85,19,51.0
11735,Jalen Taylor,OT,2,MW,50,34,58,32,50,30,51,54,4,61,50.0
11736,Trey Walker,C,2,MW,47,33,53,29,27,51,16,32,100,3,47.0
11737,Ethan Smith,OT,4,MW,62,54,66,42,65,46,72,76,72,94,62.0
11738,Bryce White,WR,4,MW,63,66,54,60,76,49,47,42,89,55,63.0
11739,Zion Johnson,EDGE,3,MW,50,56,57,42,44,38,39,83,81,74,50.0
11740,Ethan Walker,EDGE,1,MW,31,45,28,25,22,32,35,9,82,2,31.0
11741,Trey Williams,C,2,MW,42,30,46,31,24,49,17,16,11,9,42.0
11742,Ethan Taylor,OT,3,MW,56,39,67,36,48,37,93,4,31,100,56.0
11743,Bryce Johnson,C,3,MW,60,61,57,46,53,71,64,26,17,68,60.0
11744,Tyler Taylor,TE,3,MW,59,64,55,69,51,49,39,84,57,34,59.0
11745,Tyler Brown,RB,3,MW,54,64,48,37,61,46,9,51,18,61,54.0
11746,Bryce Johnson,FB,3,MW,60,64,69,60,58,24,15,8,18,59,60.0
11747,Jalen Scott,DL,3,MW,51,42,60,58,46,30,48,49,89,59,51.0
11748,DeShawn Taylor,CB,2,MW,40,46,38,38,32,50,39,30,66,99,40.0
11749,Tyler Scott,QB,3,MW,57,57,65,53,53,57,92,28,60,3,57.0
11750,Zion Smith,TE,3,MW,51,37,51,65,53,45,99,35,98,0,51.0
11751,Zion Smith,EDGE,4,MW,62,63,67,55,63,53,96,91,46,62,62.0
11752,Tyler Williams,FB,3,MW,60,62,67,55,65,33,56,52,84,22,60.0
11753,Bryce Taylor,K,3,MW,54,42,54,54,42,42,79,100,8,49,54.0
11754,Ethan Taylor,LB,2,MW,43,39,38,51,41,41,41,91,83,96,43.0
11755,Ethan Scott,DL,3,MW,51,43,67,51,45,27,100,29,62,29,51.0
11756,Caleb White,EDGE,3,MW,58,65,59,47,64,42,69,88,83,16,58.0
11757,Tyler Smith,DL,3,MW,50,40,46,60,55,42,75,41,29,46,50.0
11758,Zion Scott,S,3,MW,54,59,50,45,61,51,19,49,17,13,54.0
11759,Zion Smith,WR,2,MW,43,39,36,48,48,43,34,49,69,28,43.0
11760,Tyler White,EDGE,2,MW,48,49,54,45,40,48,97,96,81,64,48.0
11761,DeShawn Johnson,C,4,MW,62,31,71,32,29,77,11,73,90,28,62.0
11762,Tyler Williams,OT,2,MW,50,28,56,30,62,26,78,68,70,74,50.0
11763,Tyler Taylor,FB,4,MW,66,78,63,76,58,36,8,33,74,2,66.0
11764,Ethan Johnson,FB,2,MW,46,54,44,48,52,16,29,20,35,53,46.0
11765,Trey Scott,DL,3,MW,50,40,49,62,49,40,98,40,52,29,50.0
11766,Caleb Scott,LB,3,MW,56,55,69,56,48,48,50,66,71,5,56.0
11767,Ethan Walker,K,3,MW,50,30,56,44,30,30,31,91,91,92,50.0
11768,DeShawn Smith,LB,4,MW,65,64,57,73,63,63,46,81,29,63,65.0
11769,Tyler Walker,QB,3,MW,57,49,57,57,49,65,76,58,85,77,57.0
11770,Bryce Brown,CB,3,MW,58,63,47,62,63,40,94,30,20,37,58.0
11771,Caleb Brown,OT,2,MW,43,37,45,35,49,29,94,41,12,12,43.0
11772,Trey Scott,QB,2,MW,49,51,43,47,39,59,9,97,34,76,49.0
11773,Ethan Smith,CB,3,MW,54,54,50,56,52,58,71,9,24,25,54.0
11774,Caleb Johnson,S,3,MW,53,53,39,45,51,63,27,69,93,43,53.0
11775,Jalen Scott,RB,5,MW,82,99,79,59,77,75,42,11,49,87,82.0
11776,Zion Brown,WR,3,MW,53,70,46,46,53,30,39,32,96,53,53.0
11777,Tyler Taylor,LB,3,MW,58,50,57,68,54,54,24,90,50,33,58.0
11778,Tyler White,C,4,MW,64,51,67,44,49,73,1,77,88,67,64.0
11779,Tyler Brown,LB,3,MW,51,40,47,64,48,48,2,25,56,93,51.0
11780,Trey Johnson,TE,3,MW,56,52,53,71,49,47,80,83,20,93,56.0
11781,Jalen Williams,OG,3,MW,53,60,65,21,21,21,94,31,25,95,53.0
11782,Trey Williams,TE,3,MW,51,47,54,58,46,42,61,13,34,31,51.0
11783,Jalen Johnson,TE,3,MW,57,64,60,60,40,48,31,83,6,43,57.0
11784,Ethan Johnson,EDGE,3,MW,58,72,54,48,58,50,54,12,19,68,58.0
11785,Zion Brown,FB,3,MW,50,57,52,53,51,17,47,8,88,98,50.0
11786,Ethan Brown,C,2,MW,46,18,58,15,16,49,10,85,97,63,46.0
11787,DeShawn Smith,FB,2,MW,41,52,32,48,44,20,100,58,24,17,41.0
11788,Bryce Johnson,K,3,MW,56,40,56,56,40,40,76,95,69,50,56.0
11789,Trey Scott,P,3,MW,57,45,51,63,45,45,34,59,94,80,57.0
11790,Jalen Williams,C,3,MW,57,38,70,38,34,47,31,37,66,27,57.0
11791,Trey Williams,P,3,MW,57,43,54,60,43,43,32,78,50,14,57.0
11792,Zion Scott,OG,2,MW,44,43,55,22,23,17,98,13,71,13,44.0
11793,Tyler Walker,P,3,MW,59,39,65,53,39,39,84,95,78,6,59.0
11794,Tyler Williams,RB,3,MW,59,66,55,50,64,51,71,90,24,86,59.0
11795,DeShawn Johnson,LB,2,MW,48,38,55,54,44,44,10,48,64,30,48.0
11796,Jalen White,CB,2,MW,49,54,40,52,52,35,57,75,58,32,49.0
11797,Tyler Scott,OG,3,MW,50,53,56,34,36,32,88,47,82,18,50.0
11798,Ethan Taylor,EDGE,3,MW,53,59,57,39,63,27,17,90,3,60,53.0
11799,Zion Scott,S,4,MW,66,70,46,58,62,76,65,65,96,52,66.0
11800,DeShawn Johnson,RB,3,MW,54,63,54,31,61,42,87,92,63,22,54.0
11801,DeShawn Walker,OT,3,MW,58,27,71,39,61,27,24,31,100,43,58.0
11802,Jalen Johnson,C,2,MW,48,17,57,20,17,62,83,86,23,45,48.0
11803,Zion Johnson,LB,3,MW,51,62,52,52,42,42,26,34,41,73,51.0
11804,Caleb Smith,P,3,MW,56,42,59,53,42,42,63,51,44,4,56.0
11805,Jalen Scott,LB,2,MW,48,40,50,58,42,42,71,86,62,5,48.0
11806,DeShawn Scott,OT,3,MW,51,34,62,32,45,28,16,91,24,93,51.0
11807,Tyler Walker,P,3,MW,53,31,54,52,31,31,17,93,39,53,53.0
11808,Zion Taylor,EDGE,3,MW,58,54,67,52,59,48,74,37,30,32,58.0
11809,Trey Scott,DL,3,MW,50,39,54,59,50,32,20,32,68,80,50.0
11810,Jalen Williams,WR,3,MW,50,60,42,46,53,36,64,0,19,45,50.0
11811,Ethan White,FB,3,MW,59,71,61,61,57,17,57,42,2,16,59.0
11812,Jalen Brown,S,4,MW,70,84,67,62,63,68,71,99,38,61,70.0
11813,Caleb Smith,S,3,MW,51,62,49,44,45,50,77,49,95,21,51.0
11814,Caleb Scott,K,2,MW,47,33,46,48,33,33,99,1,24,28,47.0
11815,Trey Williams,OT,2,MW,47,44,48,31,51,38,80,60,18,27,47.0
11816,Caleb Walker,QB,3,MW,60,60,60,56,52,68,98,25,90,99,60.0
11817,Tyler Smith,C,2,MW,42,26,50,17,20,43,28,93,92,96,42.0
11818,Bryce Taylor,OG,3,MW,53,47,66,33,30,28,33,79,20,16,53.0
11819,Caleb Smith,CB,3,MW,56,53,47,62,67,37,93,60,21,45,56.0
11820,Tyler Walker,QB,2,MW,41,39,47,39,33,43,87,90,1,69,41.0
11821,Bryce Johnson,TE,2,MW,44,40,49,49,35,37,68,98,10,12,44.0
11822,Caleb Smith,WR,2,MW,45,51,36,40,57,29,6,54,39,38,45.0
11823,Bryce Williams,FB,4,MW,70,79,69,73,73,37,76,39,39,19,70.0
11824,Zion White,C,3,MW,60,37,65,35,33,77,53,35,82,64,60.0
11825,Trey Williams,EDGE,2,MW,50,51,62,41,49,27,2,23,58,90,50.0
11826,Zion Walker,TE,2,MW,41,43,51,44,16,30,91,70,42,82,41.0
11827,Jalen Taylor,K,3,MW,58,38,60,56,38,38,42,84,17,57,58.0
11828,DeShawn Brown,QB,2,MW,45,41,41,49,37,49,100,41,52,13,45.0
11829,Trey Williams,TE,2,MW,41,27,45,50,42,36,89,28,27,19,41.0
11830,Trey Smith,WR,3,MW,55,55,46,66,54,43,5,39,39,92,55.0
11831,Caleb Smith,DL,3,MW,54,43,58,63,54,36,45,85,33,30,54.0
11832,Tyler White,OG,2,MW,41,46,43,25,35,29,99,12,98,3,41.0
11833,Bryce Johnson,LB,2,MW,40,43,40,44,34,34,4,22,27,43,40.0
11834,Jalen Walker,LB,2,MW,40,35,33,52,36,36,43,51,90,35,40.0
11835,DeShawn Walker,EDGE,2,MW,48,49,57,45,35,49,2,88,76,46,48.0
11836,Ethan Williams,P,3,MW,55,31,57,53,31,31,85,0,28,70,55.0
11837,Caleb Smith,DL,2,MW,42,37,37,49,41,49,42,59,5,17,42.0
11838,Trey White,LB,2,MW,43,53,42,45,35,35,30,22,7,86,43.0
11839,Trey Johnson,RB,2,MW,43,48,46,31,43,36,9,65,77,28,43.0
11840,Zion Scott,FB,3,MW,58,57,67,62,58,28,21,84,63,6,58.0
11841,Tyler White,EDGE,3,MW,57,71,57,51,43,59,0,73,6,84,57.0
11842,Ethan Walker,OT,3,MW,53,44,56,34,58,40,69,85,32,5,53.0
11843,Trey White,QB,2,MW,44,45,39,44,30,53,53,22,58,19,44.0
11844,Zion Taylor,EDGE,3,MW,53,61,55,49,41,57,78,21,70,74,53.0
11845,Ethan Brown,EDGE,3,MW,56,64,62,44,58,32,73,12,95,1,56.0
11846,Bryce White,QB,4,MW,67,51,63,81,57,67,1,21,58,58,67.0
11847,Trey Scott,FB,3,MW,53,64,59,51,53,5,87,36,71,69,53.0
11848,Jalen Walker,OG,2,MW,45,51,54,24,22,18,18,13,1,18,45.0
11849,Tyler Scott,K,3,MW,58,38,56,60,38,38,34,96,94,24,58.0
11850,Zion Williams,LB,3,MW,50,42,52,58,46,46,10,46,14,83,50.0
11851,Bryce Brown,DL,2,MW,49,42,60,46,51,30,39,54,95,24,49.0
11852,Caleb Johnson,TE,2,MW,47,48,47,49,49,41,89,35,94,86,47.0
11853,DeShawn White,RB,4,MW,67,71,71,63,64,59,24,90,68,65,67.0
11854,DeShawn Scott,TE,3,MW,59,49,62,67,59,53,94,87,60,86,59.0
11855,Trey Brown,OG,3,MW,50,57,62,18,18,18,10,97,81,87,50.0
11856,Bryce Taylor,DL,2,MW,45,36,51,54,38,32,6,16,75,98,45.0
11857,Tyler Taylor,K,3,MW,57,39,58,56,39,39,49,7,90,8,57.0
11858,Trey Walker,FB,3,MW,54,58,53,62,56,30,36,18,29,56,54.0
11859,Bryce White,C,3,MW,55,45,61,42,41,53,1,57,4,27,55.0
11860,Caleb Brown,EDGE,0,MW,15,13,23,11,10,12,98,50,71,2,15.0
11861,Zion Scott,LB,3,MW,60,50,64,70,54,54,91,9,54,13,60.0
11862,Ethan Johnson,S,3,MW,50,56,52,46,37,55,77,54,62,19,50.0
11863,Trey Walker,EDGE,3,MW,60,64,59,50,69,50,46,37,64,28,60.0
11864,Caleb Scott,TE,2,MW,49,53,49,61,29,37,8,12,67,12,49.0
11865,Tyler Johnson,DL,1,MW,36,29,47,41,25,23,59,94,66,31,36.0
11866,Zion Taylor,DL,1,MW,38,28,31,50,41,38,20,85,54,86,38.0
11867,Ethan Scott,DL,2,MW,41,39,42,45,32,49,82,94,10,74,41.0
11868,Zion Johnson,CB,4,MW,67,68,58,70,72,59,72,13,28,43,67.0
11869,Bryce Williams,QB,2,MW,46,34,38,56,30,54,67,67,77,97,46.0
11870,Jalen Walker,OG,4,MW,66,70,68,52,60,56,18,23,10,3,66.0
11871,Caleb Taylor,EDGE,2,MW,49,53,55,37,53,31,61,67,61,12,49.0
11872,Zion Scott,OG,2,MW,48,43,63,20,19,19,23,95,21,40,48.0
11873,Zion Walker,WR,2,MW,41,43,31,39,57,23,44,54,49,90,41.0
11874,Tyler Scott,LB,3,MW,52,50,48,62,46,46,56,16,6,16,52.0
11875,Bryce Walker,C,3,MW,59,43,67,37,35,61,8,93,73,60,59.0
11876,Trey White,FB,3,MW,51,53,58,59,49,15,33,11,31,70,51.0
11877,Tyler Walker,TE,3,MW,55,49,66,61,34,45,33,2,6,53,55.0
11878,Tyler White,CB,1,MW,32,41,21,39,30,9,75,53,33,21,32.0
11879,DeShawn Williams,QB,2,MW,45,27,49,54,37,45,47,0,2,51,45.0
11880,Jalen White,S,2,MW,41,49,49,37,36,37,37,72,2,75,41.0
11881,DeShawn Smith,K,3,MW,60,40,62,58,40,40,70,70,37,53,60.0
11882,Caleb Smith,LB,3,MW,58,49,49,72,56,56,87,11,25,3,58.0
11883,Tyler Walker,P,3,MW,55,37,56,54,37,37,38,45,87,78,55.0
11884,DeShawn Scott,P,0,MW,14,-2,12,16,-2,-2,54,51,6,96,14.0
11885,Zion Smith,P,2,MW,49,25,53,45,25,25,93,100,85,72,49.0
11886,Caleb Taylor,TE,3,MW,55,59,61,49,53,49,85,37,93,17,55.0
11887,Zion Scott,OG,0,MW,11,11,21,-13,-11,-11,11,0,49,60,11.0
11888,DeShawn Williams,TE,3,MW,50,48,57,59,27,39,47,82,57,94,50.0
11889,Tyler Williams,C,3,MW,58,29,73,30,29,53,33,6,31,7,58.0
11890,Zion Smith,C,3,MW,59,49,65,39,43,58,77,99,27,18,59.0
11891,DeShawn Smith,QB,4,MW,70,54,74,80,61,68,83,14,24,74,70.0
11892,Jalen Williams,OG,3,MW,51,50,65,30,21,21,67,34,34,37,51.0
11893,Jalen Smith,FB,3,MW,58,54,69,57,63,31,39,23,76,69,58.0
11894,Caleb Johnson,OG,0,MW,14,10,21,0,5,-3,10,48,65,54,14.0
11895,Trey Smith,EDGE,3,MW,53,63,55,43,54,35,6,65,85,87,53.0
11896,Caleb Brown,QB,3,MW,59,55,55,59,48,69,57,90,56,70,59.0
11897,Ethan Walker,FB,1,MW,34,30,50,34,34,-2,94,59,37,24,34.0
11898,Jalen Walker,S,3,MW,51,52,33,42,52,60,89,65,27,39,51.0
11899,Bryce Taylor,C,3,MW,57,31,67,23,29,63,62,7,25,22,57.0
11900,Caleb Scott,K,3,MW,55,49,54,56,49,49,40,9,46,63,55.0
11901,DeShawn Walker,RB,2,MW,41,34,54,46,38,34,88,37,3,8,41.0
11902,DeShawn Scott,C,3,MW,53,38,58,24,34,60,73,100,68,76,53.0
11903,Caleb Johnson,QB,3,MW,54,47,59,55,49,55,36,20,38,58,54.0
11904,Zion Brown,DL,3,MW,53,48,48,60,52,60,74,13,90,73,53.0
11905,Jalen Brown,K,4,MW,66,38,70,62,38,38,9,41,95,90,66.0
11906,Caleb White,K,2,MW,44,32,42,46,32,32,97,39,94,78,44.0
11907,Bryce Brown,LB,3,MW,55,58,55,60,48,48,63,53,80,66,55.0
11908,Tyler Brown,LB,0,MW,10,-2,16,20,4,4,11,49,51,5,10.0
11909,Ethan Walker,FB,3,MW,52,51,61,56,52,22,89,2,76,42,52.0
11910,DeShawn Brown,FB,2,MW,47,57,52,48,46,2,77,57,60,93,47.0
11911,Trey Walker,RB,3,MW,52,61,59,37,44,43,14,96,10,28,52.0
11912,Trey Brown,WR,2,MW,40,39,36,50,29,46,94,31,89,82,40.0
11913,Caleb Scott,OG,1,MW,38,31,42,29,38,30,64,26,25,56,38.0
11914,Zion Walker,OG,2,MW,48,42,54,36,42,36,82,83,10,80,48.0
11915,Caleb Williams,FB,2,MW,50,68,48,52,44,8,33,63,22,90,50.0
11916,Ethan Smith,QB,4,MW,67,69,69,65,61,69,8,15,48,71,67.0
11917,Trey Williams,K,3,MW,58,44,59,57,44,44,61,50,14,65,58.0
11918,Caleb Taylor,WR,3,MW,57,63,51,61,50,52,63,12,3,16,57.0
11919,Zion Scott,P,2,MW,42,22,44,40,22,22,67,84,54,50,42.0
11920,Bryce Johnson,P,3,MW,54,32,53,55,32,32,73,12,29,97,54.0
11921,Jalen Johnson,S,2,MW,42,49,45,37,34,43,46,80,34,7,42.0
11922,Jalen Smith,CB,3,MW,50,52,44,44,58,56,49,33,11,81,50.0
11923,Zion Walker,TE,3,MW,50,50,67,43,27,43,67,59,94,21,50.0
11924,DeShawn Brown,TE,1,MW,33,32,41,39,11,23,33,73,82,63,33.0
11925,Tyler White,CB,2,MW,45,50,38,38,52,50,91,17,85,95,45.0
11926,Jalen Taylor,WR,2,MW,45,54,36,48,42,30,68,35,4,43,45.0
11927,Tyler Scott,C,2,MW,47,23,55,30,21,56,39,22,10,28,47.0
11928,Tyler Brown,QB,3,MW,52,57,53,41,43,65,28,89,53,87,52.0
11929,Caleb Smith,C,1,MW,30,13,37,5,5,36,91,36,20,29,30.0
11930,Jalen Brown,WR,4,MW,65,73,52,68,71,41,78,48,69,43,65.0
11931,DeShawn Brown,OG,1,MW,37,35,48,17,16,12,26,87,98,95,37.0
11932,DeShawn Brown,C,3,MW,56,32,64,31,32,64,62,91,24,65,56.0
11933,Ethan Williams,LB,2,MW,45,55,53,43,35,35,98,47,42,94,45.0
11934,Jalen Williams,CB,2,MW,48,53,39,60,42,25,25,7,92,72,48.0
11935,Jalen Walker,C,2,MW,49,28,60,27,22,48,0,4,21,53,49.0
11936,Jalen White,CB,1,MW,34,47,25,37,27,20,34,65,72,5,34.0
11937,Tyler Brown,K,2,MW,41,11,46,36,11,11,58,10,50,33,41.0
11938,Zion Smith,OG,3,MW,59,58,72,36,32,30,10,6,97,40,59.0
11939,Zion Johnson,CB,2,MW,46,46,36,51,56,26,80,3,38,19,46.0
11940,Zion Brown,LB,2,MW,45,38,40,57,41,41,5,68,87,49,45.0
11941,Tyler White,TE,2,MW,47,47,64,40,24,40,56,43,46,8,47.0
11942,Caleb White,CB,3,MW,56,56,46,61,66,36,27,46,74,44,56.0
11943,Jalen Taylor,CB,2,MW,47,52,36,54,47,30,58,60,12,49,47.0
11944,DeShawn Williams,OT,3,MW,52,45,57,30,51,37,20,20,59,14,52.0
11945,Tyler White,WR,3,MW,57,66,48,66,48,39,87,11,11,59,57.0
11946,Jalen Williams,OG,4,MW,70,78,77,43,49,47,40,9,33,46,70.0
11947,DeShawn Walker,EDGE,3,MW,56,54,63,48,63,38,6,90,93,52,56.0
11948,Tyler Williams,RB,2,MW,48,62,50,22,45,38,50,91,38,23,48.0
11949,Caleb Smith,EDGE,1,MW,40,46,44,26,50,14,45,32,57,100,40.0
11950,Trey Williams,FB,3,MW,51,63,48,57,47,21,33,70,53,6,51.0
11951,Jalen Williams,LB,3,MW,57,65,46,62,54,54,26,32,37,5,57.0
11952,DeShawn Scott,OT,2,MW,50,24,64,25,45,22,53,87,34,72,50.0
11953,Zion Smith,S,1,MW,31,42,34,26,18,32,44,44,100,96,31.0
11954,Tyler Brown,WR,1,MW,40,43,34,42,39,37,46,6,60,65,40.0
11955,Jalen Scott,OT,3,MW,53,39,63,34,46,33,27,95,6,15,53.0
11956,Jalen Walker,P,3,MW,53,43,50,56,43,43,34,78,8,61,53.0
11957,Tyler Taylor,K,2,MW,44,26,41,47,26,26,63,62,77,3,44.0
11958,Tyler Scott,EDGE,2,MW,46,46,57,42,35,41,26,91,44,80,46.0
11959,Jalen White,QB,4,MW,66,62,64,71,56,68,18,48,31,7,66.0
11960,Zion Brown,TE,3,MW,57,64,59,56,50,50,41,13,29,70,57.0
11961,Caleb Williams,K,2,MW,41,29,37,45,29,29,82,64,77,83,41.0
11962,Tyler Williams,CB,2,MW,48,44,38,56,58,29,13,70,86,72,48.0
11963,DeShawn Taylor,CB,3,MW,59,56,54,63,60,60,72,20,41,10,59.0
11964,Trey Johnson,FB,3,MW,59,77,57,61,53,17,36,9,29,63,59.0
11965,Trey White,LB,5,MW,83,70,93,92,76,76,56,56,3,24,83.0
11966,Ethan Scott,OT,2,MW,48,36,52,27,55,30,40,69,37,41,48.0
11967,Jalen Johnson,OT,2,MW,50,20,56,21,71,20,87,83,92,21,50.0
11968,Caleb Walker,P,0,MW,17,-3,15,19,-3,-3,69,33,94,38,17.0
11969,Tyler Smith,C,3,MW,51,30,58,27,26,60,71,14,41,83,51.0
11970,Trey Walker,OG,2,MW,45,45,47,32,43,37,90,54,33,30,45.0
11971,Zion Smith,EDGE,2,SE,40,53,35,29,44,31,73,17,18,38,40.0
11972,Caleb Williams,WR,2,SE,50,59,41,53,50,29,32,71,4,97,50.0
11973,Jalen Brown,K,4,SE,70,52,73,67,52,52,23,94,69,86,70.0
11974,Ethan Smith,OG,3,SE,56,62,64,33,36,30,10,90,7,95,56.0
11975,Tyler Williams,RB,3,SE,57,61,65,53,49,49,55,13,48,75,57.0
11976,Jalen Smith,CB,3,SE,60,69,47,62,67,37,33,22,55,75,60.0
11977,DeShawn Walker,TE,3,SE,55,51,65,59,35,47,100,88,91,37,55.0
11978,DeShawn Brown,WR,2,SE,50,57,42,48,54,38,32,55,13,41,50.0
11979,Tyler Smith,S,2,SE,49,53,49,41,53,47,69,2,0,6,49.0
11980,Tyler Smith,RB,0,SE,21,20,31,8,24,11,56,7,33,18,21.0
11981,DeShawn Brown,K,3,SE,55,47,55,55,47,47,99,45,96,46,55.0
11982,Jalen Williams,QB,2,SE,40,27,33,48,27,49,91,85,81,87,40.0
11983,DeShawn White,DL,4,SE,60,52,55,74,55,62,91,95,19,83,60.0
11984,Ethan Williams,RB,2,SE,42,38,54,37,43,32,27,62,41,38,42.0
11985,Tyler Scott,C,3,SE,54,26,70,32,24,46,17,68,22,59,54.0
11986,Jalen Smith,RB,3,SE,54,58,50,44,64,46,31,77,40,21,54.0
11987,Bryce Brown,DL,4,SE,69,60,72,80,63,58,84,9,18,44,69.0
11988,Tyler Scott,OG,4,SE,68,64,78,50,50,48,54,97,98,29,68.0
11989,Bryce Scott,WR,2,SE,45,52,37,43,52,27,45,51,0,93,45.0
11990,Trey Scott,FB,2,SE,45,49,49,40,52,18,83,2,81,58,45.0
11991,Tyler Johnson,OT,3,SE,60,49,65,49,62,45,38,61,55,87,60.0
11992,Ethan Scott,OT,2,SE,48,23,63,29,40,19,15,33,7,54,48.0
11993,Bryce Johnson,FB,3,SE,58,72,52,56,64,28,79,12,14,65,58.0
11994,Jalen White,S,4,SE,61,58,52,54,67,66,75,22,16,12,61.0
11995,Trey Johnson,C,0,SE,25,5,33,-1,1,30,68,98,98,20,25.0
11996,Caleb Williams,FB,2,SE,44,53,48,40,50,2,19,22,58,4,44.0
11997,Bryce White,FB,3,SE,50,56,51,48,58,20,47,88,74,37,50.0
11998,Zion Brown,EDGE,2,SE,48,58,53,38,44,31,46,36,9,26,48.0
11999,Zion Taylor,DL,3,SE,56,49,67,55,54,40,46,15,43,19,56.0
12000,Tyler Williams,OG,3,SE,50,55,53,31,41,37,87,75,81,57,50.0
12001,Jalen Scott,S,4,SE,67,72,71,64,61,67,58,28,79,85,67.0
12002,Tyler White,S,3,SE,56,67,44,47,55,56,36,3,42,90,56.0
12003,Jalen Scott,LB,3,SE,52,57,59,54,42,42,45,60,42,84,52.0
12004,Jalen White,C,3,SE,53,16,68,19,16,58,22,29,45,53,53.0
12005,Trey Williams,LB,0,SE,27,37,26,29,19,19,0,0,72,88,27.0
12006,Ethan Johnson,TE,2,SE,47,41,46,58,45,40,74,15,98,33,47.0
12007,Zion Taylor,S,2,SE,41,49,44,37,34,40,4,97,68,51,41.0
12008,Caleb Taylor,QB,3,SE,53,34,60,65,44,48,87,93,1,38,53.0
12009,Trey Walker,EDGE,3,SE,55,57,63,51,45,52,66,31,67,14,55.0
12010,Caleb Johnson,EDGE,2,SE,44,46,51,36,43,32,74,99,58,35,44.0
12011,DeShawn Brown,S,3,SE,58,62,57,52,58,58,19,73,16,29,58.0
12012,DeShawn Walker,TE,3,SE,56,62,61,58,39,46,93,81,9,13,56.0
12013,Bryce Williams,OG,3,SE,53,61,60,26,32,30,26,96,47,0,53.0
12014,Caleb White,LB,3,SE,51,52,47,59,45,45,40,48,67,56,51.0
12015,Jalen Walker,TE,4,SE,64,67,65,71,54,53,19,32,72,64,64.0
12016,Jalen Walker,OG,2,SE,42,51,50,10,18,16,20,37,53,75,42.0
12017,Tyler Walker,WR,0,SE,15,14,8,16,20,16,95,19,22,68,15.0
12018,Tyler Williams,OG,2,SE,49,37,59,33,39,33,32,69,59,33,49.0
12019,Ethan Brown,FB,2,SE,46,48,43,50,52,34,85,100,67,23,46.0
12020,Trey Walker,DL,3,SE,52,46,61,52,48,42,30,100,93,52,52.0
12021,Jalen Walker,TE,4,SE,67,55,69,80,63,60,56,8,20,36,67.0
12022,DeShawn Johnson,FB,3,SE,56,56,61,63,57,29,93,67,39,45,56.0
12023,Tyler Smith,FB,3,SE,55,50,65,57,59,31,77,17,66,38,55.0
12024,Ethan Smith,QB,3,SE,57,44,58,65,48,58,41,8,77,64,57.0
12025,Zion Taylor,EDGE,3,SE,55,51,64,49,56,45,1,10,37,44,55.0
12026,Zion Brown,C,2,SE,46,41,53,35,33,37,46,38,33,55,46.0
12027,Ethan Scott,LB,3,SE,53,54,64,54,44,44,23,96,33,17,53.0
12028,Ethan Scott,LB,3,SE,56,59,44,66,52,52,25,75,60,47,56.0
12029,DeShawn Scott,S,3,SE,58,59,40,49,59,67,0,77,13,100,58.0
12030,Caleb Johnson,QB,0,SE,17,13,17,19,7,21,61,74,7,47,17.0
12031,Bryce White,OG,4,SE,66,70,73,45,49,45,78,22,16,17,66.0
12032,Ethan Smith,WR,3,SE,57,67,46,52,69,32,78,64,78,55,57.0
12033,Bryce Brown,FB,2,SE,46,61,41,49,45,13,27,20,0,3,46.0
12034,Jalen Scott,LB,2,SE,48,52,44,52,44,44,37,9,61,20,48.0
12035,Trey Johnson,WR,4,SE,60,64,49,65,65,42,34,49,53,55,60.0
12036,Tyler White,WR,2,SE,46,52,34,46,58,22,95,13,2,22,46.0
12037,Ethan Johnson,OG,3,SE,59,62,64,36,48,42,87,82,77,70,59.0
12038,Trey Johnson,OG,4,SE,65,61,74,50,50,46,30,23,65,60,65.0
12039,Ethan Johnson,FB,3,SE,59,60,60,68,56,44,75,13,69,76,59.0
12040,Ethan Williams,EDGE,2,SE,44,46,43,34,57,31,11,33,8,48,44.0
12041,Bryce Smith,P,0,SE,12,-10,11,13,-10,-10,91,28,36,34,12.0
12042,Jalen White,DL,4,SE,66,59,80,61,67,45,58,78,71,11,66.0
12043,Trey Walker,DL,3,SE,58,47,62,59,68,40,81,37,0,26,58.0
12044,Bryce Brown,LB,3,SE,55,61,43,62,52,52,70,57,76,57,55.0
12045,Zion Smith,K,2,SE,50,40,43,57,40,40,19,83,70,40,50.0
12046,Ethan Johnson,LB,3,SE,55,59,60,57,47,47,37,88,48,26,55.0
12047,Caleb Johnson,TE,3,SE,59,72,62,61,37,47,5,55,99,37,59.0
12048,Jalen Walker,P,3,SE,56,40,60,52,40,40,32,12,13,100,56.0
12049,Zion Brown,C,3,SE,57,38,66,32,32,59,22,53,88,89,57.0
12050,Trey Williams,QB,3,SE,58,49,53,61,45,69,99,33,85,40,58.0
12051,Caleb White,TE,3,SE,53,55,54,52,56,48,98,51,80,64,53.0
12052,Zion White,TE,2,SE,50,53,60,46,36,42,39,18,2,53,50.0
12053,Bryce White,EDGE,3,SE,50,58,53,38,54,31,39,61,86,100,50.0
12054,Zion Smith,CB,3,SE,51,57,45,57,43,43,78,35,64,48,51.0
12055,Bryce Williams,RB,3,SE,58,70,59,35,57,49,8,21,82,92,58.0
12056,DeShawn Scott,CB,3,SE,53,58,42,57,55,41,2,77,90,25,53.0
12057,Jalen Scott,K,2,SE,46,32,41,51,32,32,93,17,49,100,46.0
12058,Caleb Williams,K,3,SE,56,42,59,53,42,42,25,90,26,69,56.0
12059,Jalen Smith,CB,2,SE,43,57,35,41,36,40,92,0,31,39,43.0
12060,Tyler Scott,TE,3,SE,54,48,62,54,48,50,45,81,74,94,54.0
12061,Tyler Johnson,TE,3,SE,57,65,68,53,33,47,70,30,36,50,57.0
12062,Tyler Brown,OG,2,SE,45,44,51,20,35,29,91,38,48,39,45.0
12063,Jalen Scott,P,2,SE,41,25,43,39,25,25,86,60,6,39,41.0
12064,Trey Brown,QB,3,SE,54,50,56,53,44,60,49,72,100,68,54.0
12065,Jalen Smith,FB,3,SE,53,52,57,61,51,35,63,77,6,97,53.0
12066,DeShawn Taylor,S,3,SE,55,60,41,44,67,53,53,96,92,35,55.0
12067,Zion Scott,OG,3,SE,60,70,62,36,50,44,22,90,32,100,60.0
12068,Caleb Smith,K,3,SE,51,39,51,51,39,39,98,84,0,40,51.0
12069,Ethan Scott,EDGE,2,SE,41,46,45,30,43,29,87,22,8,15,41.0
12070,DeShawn Brown,CB,2,SE,46,51,39,45,49,41,43,18,50,71,46.0
12071,Caleb Walker,WR,2,SE,49,43,40,58,53,50,79,39,24,22,49.0
12072,Trey Smith,LB,3,SE,59,62,68,60,50,50,46,88,87,65,59.0
12073,Bryce Scott,TE,2,SE,41,31,49,48,30,34,51,12,33,61,41.0
12074,Bryce Walker,WR,3,SE,58,59,50,60,61,56,24,63,98,22,58.0
12075,Zion Brown,S,3,SE,55,58,30,46,48,70,46,27,49,26,55.0
12076,Ethan Taylor,CB,2,SE,40,44,32,41,45,29,32,55,7,38,40.0
12077,Jalen Taylor,P,2,SE,48,22,55,41,22,22,88,12,58,29,48.0
12078,DeShawn Walker,OT,3,SE,53,33,57,25,68,31,50,54,43,79,53.0
12079,Zion White,TE,3,SE,59,70,64,57,42,49,53,61,91,14,59.0
12080,Tyler Williams,S,0,SE,4,15,-8,-5,3,4,41,63,8,8,4.0
12081,Trey Johnson,OG,3,SE,50,53,54,30,42,34,69,24,58,47,50.0
12082,Zion Brown,EDGE,2,SE,48,44,53,38,63,28,17,96,5,3,48.0
12083,Bryce Smith,CB,3,SE,56,58,48,63,55,44,55,85,5,92,56.0
12084,Bryce Smith,OG,4,SE,62,63,69,40,49,41,46,89,3,48,62.0
12085,Zion Smith,C,3,SE,56,45,61,31,37,60,24,22,69,73,56.0
12086,Jalen Taylor,P,4,SE,68,44,68,68,44,44,22,28,88,49,68.0
12087,Zion Williams,EDGE,3,SE,51,60,44,44,53,56,77,58,81,54,51.0
12088,Ethan Scott,QB,4,SE,64,51,69,66,55,69,92,60,59,39,64.0
12089,Trey Johnson,QB,4,SE,63,69,59,56,53,75,74,92,48,36,63.0
12090,Zion Brown,QB,3,SE,58,51,65,56,53,61,46,16,95,42,58.0
12091,Tyler Walker,QB,3,SE,51,51,55,49,44,53,88,100,12,92,51.0
12092,Tyler Walker,K,2,SE,45,25,49,41,25,25,52,51,18,3,45.0
12093,Trey Scott,QB,2,SE,47,43,43,51,39,51,6,38,70,9,47.0
12094,Ethan Brown,C,3,SE,60,30,74,34,30,59,90,54,12,26,60.0
12095,Trey Brown,TE,3,SE,58,64,63,65,33,45,25,16,30,92,58.0
12096,Jalen White,S,2,SE,40,47,35,31,36,43,95,55,31,12,40.0
12097,Ethan Walker,FB,3,SE,56,63,58,51,65,23,66,49,41,51,56.0
12098,Bryce White,QB,2,SE,47,32,48,54,39,50,69,65,65,40,47.0
12099,Bryce Johnson,CB,3,SE,54,51,45,60,65,35,70,11,96,71,54.0
12100,Caleb Smith,LB,2,SE,50,43,60,55,43,43,54,67,5,29,50.0
12101,Jalen Brown,OG,4,SE,69,68,81,44,45,41,55,76,21,85,69.0
12102,Tyler White,CB,3,SE,51,49,45,60,51,38,93,7,89,10,51.0
12103,Bryce Williams,FB,2,SE,43,48,53,39,45,1,6,80,65,56,43.0
12104,Ethan White,OT,3,SE,50,28,56,20,62,26,97,66,7,18,50.0
12105,Bryce White,S,3,SE,52,59,45,45,49,54,39,83,30,27,52.0
12106,DeShawn Brown,S,2,SE,48,53,48,43,44,49,32,12,24,18,48.0
12107,Zion Taylor,K,3,SE,52,42,47,57,42,42,43,53,65,13,52.0
12108,Trey Johnson,K,4,SE,62,42,62,62,42,42,65,25,41,56,62.0
12109,DeShawn White,P,2,SE,46,32,41,51,32,32,16,73,50,86,46.0
12110,Ethan Williams,P,4,SE,69,51,66,72,51,51,67,52,67,76,69.0
12111,Trey Brown,CB,3,SE,57,66,46,52,66,48,42,75,56,81,57.0
12112,Tyler Williams,DL,3,SE,57,48,69,58,56,34,67,6,75,23,57.0
12113,Bryce Scott,P,3,SE,57,37,63,51,37,37,55,40,88,29,57.0
12114,Trey Williams,CB,2,SE,42,50,30,39,53,27,50,18,85,1,42.0
12115,Caleb Smith,OG,2,SE,43,63,47,17,19,17,41,37,66,83,43.0
12116,Ethan Williams,LB,3,SE,57,56,52,66,52,52,65,95,13,44,57.0
12117,Bryce Brown,QB,3,SE,57,56,52,60,47,62,83,74,78,6,57.0
12118,Trey White,OT,3,SE,54,32,64,35,54,32,70,76,38,4,54.0
12119,DeShawn Scott,K,2,SE,50,38,50,50,38,38,64,41,86,15,50.0
12120,Jalen Williams,OT,2,SE,40,6,58,15,33,6,63,33,0,14,40.0
12121,Caleb Scott,OT,0,SE,21,7,27,-4,26,-1,17,97,19,48,21.0
12122,Trey Taylor,P,1,SE,31,9,34,28,9,9,69,16,92,87,31.0
12123,Jalen White,TE,2,SE,42,40,44,52,30,32,12,44,56,73,42.0
12124,Ethan Taylor,K,3,SE,51,37,50,52,37,37,21,30,28,66,51.0
12125,Trey Brown,CB,2,SE,49,52,44,47,51,51,89,65,54,75,49.0
12126,Tyler Scott,S,3,SE,58,58,34,50,52,74,96,48,48,25,58.0
12127,Jalen White,OT,3,SE,57,42,58,34,75,38,6,87,38,67,57.0
12128,Zion Taylor,LB,3,SE,50,66,46,50,42,42,53,11,38,58,50.0
12129,Ethan Johnson,S,3,SE,56,62,40,46,52,64,72,7,18,51,56.0
12130,Caleb Taylor,K,3,SE,53,35,58,48,35,35,67,59,90,78,53.0
12131,Zion Taylor,RB,3,SE,54,65,51,35,56,47,97,32,45,45,54.0
12132,DeShawn Brown,K,2,SE,45,33,43,47,33,33,76,18,4,44,45.0
12133,Caleb Walker,EDGE,1,SE,38,33,47,29,45,23,61,64,42,25,38.0
12134,Jalen Johnson,OT,2,SE,43,26,50,19,46,24,21,47,80,10,43.0
12135,Trey Taylor,OG,3,SE,58,64,60,40,52,44,86,28,62,65,58.0
12136,Ethan Williams,WR,2,SE,45,49,37,55,36,38,71,23,64,40,45.0
12137,Trey Walker,WR,3,SE,57,53,50,68,53,60,38,45,100,6,57.0
12138,Trey Williams,OG,4,SE,61,70,66,38,46,38,85,21,18,48,61.0
12139,Caleb Brown,TE,4,SE,70,73,76,71,57,61,75,92,39,36,70.0
12140,Trey Williams,EDGE,3,SE,52,60,50,44,51,52,41,68,16,14,52.0
12141,Bryce Scott,OT,2,SE,47,48,48,32,47,40,50,43,72,15,47.0
12142,Tyler Taylor,TE,3,SE,59,55,64,69,42,49,89,80,13,9,59.0
12143,Jalen White,K,2,SE,49,41,47,51,41,41,31,48,75,3,49.0
12144,Tyler White,LB,2,SE,42,47,46,44,34,34,26,57,10,15,42.0
12145,Caleb Walker,RB,3,SE,52,42,66,54,56,42,84,7,61,53,52.0
12146,Bryce Smith,FB,1,SE,40,46,46,44,36,4,19,96,99,99,40.0
12147,Ethan Walker,LB,3,SE,51,51,66,50,42,42,19,6,47,37,51.0
12148,DeShawn Walker,QB,2,SE,40,47,33,34,29,53,34,77,21,30,40.0
12149,Ethan White,K,2,SE,45,37,43,47,37,37,22,78,64,58,45.0
12150,DeShawn Taylor,WR,3,SE,59,56,53,71,51,63,84,17,1,82,59.0
12151,Jalen Smith,QB,3,SE,56,50,62,52,50,62,75,29,86,14,56.0
12152,Zion White,S,3,SE,55,53,34,45,59,66,95,36,56,55,55.0
12153,Ethan Scott,DL,2,SE,43,36,51,44,42,29,99,8,90,7,43.0
12154,Caleb Scott,QB,3,SE,52,51,57,44,45,61,14,71,81,96,52.0
12155,DeShawn White,EDGE,0,SE,22,23,29,11,30,-1,38,96,51,79,22.0
12156,Trey White,LB,4,SE,69,69,75,71,63,63,85,80,22,49,69.0
12157,Trey Scott,CB,3,SE,52,55,43,49,63,45,20,13,53,33,52.0
12158,Tyler White,DL,3,SE,52,42,60,60,47,33,61,100,10,62,52.0
12159,Trey Walker,OG,3,SE,60,68,72,31,28,26,22,74,73,58,60.0
12160,Ethan Walker,TE,3,SE,59,61,60,68,46,48,7,9,25,73,59.0
12161,Zion Brown,QB,2,SE,46,34,50,46,36,54,26,51,27,0,46.0
12162,Tyler Walker,OT,2,SE,41,29,49,24,37,23,39,38,30,42,41.0
12163,Bryce Taylor,LB,3,SE,50,50,53,55,43,43,70,88,51,49,50.0
12164,Jalen Taylor,DL,3,SE,51,41,53,57,54,39,71,12,42,94,51.0
12165,Tyler Taylor,OT,3,SE,60,25,73,26,69,23,2,75,57,59,60.0
12166,Bryce Brown,WR,4,SE,70,70,64,80,61,72,20,52,20,15,70.0
12167,Bryce Walker,CB,3,SE,57,67,51,57,51,53,64,32,52,60,57.0
12168,Zion White,FB,3,SE,54,59,54,65,47,33,57,16,85,36,54.0
12169,Trey Taylor,QB,3,SE,50,48,48,52,36,56,27,83,2,6,50.0
12170,Caleb Scott,S,3,SE,53,67,40,43,51,52,49,58,64,26,53.0
12171,DeShawn Smith,RB,3,SE,50,51,60,48,43,42,82,37,34,69,50.0
12172,DeShawn Walker,S,2,SE,46,52,39,36,51,45,25,20,80,81,46.0
12173,Trey Williams,C,3,SE,58,46,66,43,42,53,82,49,93,76,58.0
12174,Tyler Johnson,QB,1,SE,33,25,27,38,22,41,56,12,71,84,33.0
12175,Jalen Scott,K,4,SE,67,45,70,64,45,45,87,3,95,1,67.0
12176,Bryce Taylor,RB,3,SE,58,58,61,52,64,49,8,5,36,73,58.0
12177,Zion White,K,3,SE,50,38,44,56,38,38,61,81,77,92,50.0
12178,Jalen Walker,DL,2,SE,45,37,49,45,53,29,39,74,79,53,45.0
12179,Zion White,P,3,SE,59,51,59,59,51,51,44,65,63,12,59.0
12180,Jalen Brown,RB,4,SE,63,65,61,45,79,53,79,62,29,97,63.0
12181,Tyler Johnson,OG,2,SE,47,44,56,30,32,26,65,94,63,62,47.0
12182,Ethan Scott,OG,2,SE,48,52,57,31,25,25,29,75,54,86,48.0
12183,Ethan Johnson,WR,2,SE,42,43,28,50,53,18,5,91,4,42,42.0
12184,Jalen White,OT,3,SE,55,29,65,29,62,25,33,13,79,93,55.0
12185,Zion Walker,CB,2,SE,40,44,36,42,33,44,89,2,8,28,40.0
12186,DeShawn Scott,K,3,SE,53,31,54,52,31,31,45,98,60,18,53.0
12187,Caleb Walker,CB,3,SE,56,59,47,62,58,40,43,53,46,32,56.0
12188,Tyler Johnson,FB,2,SE,44,53,48,41,47,5,44,45,8,48,44.0
12189,Caleb Taylor,P,2,SE,44,30,43,45,30,30,63,39,45,89,44.0
12190,Trey White,QB,2,SE,44,40,42,53,32,42,52,6,82,44,44.0
12191,Trey White,OT,3,SE,51,44,56,36,49,38,60,92,67,52,51.0
12192,Jalen Scott,S,1,SE,31,45,28,23,24,29,14,91,7,54,31.0
12193,Bryce Johnson,OT,2,SE,44,19,55,13,46,17,94,100,29,96,44.0
12194,Tyler Williams,LB,0,SE,0,6,-6,4,-4,-4,10,71,75,18,0.0
12195,Ethan Johnson,QB,3,SE,54,40,50,69,43,52,29,91,77,83,54.0
12196,Trey Scott,K,2,SE,40,28,36,44,28,28,54,27,8,4,40.0
12197,Caleb Brown,S,3,SE,57,63,59,53,44,62,1,3,24,22,57.0
12198,Zion White,S,2,SE,43,44,34,36,44,48,50,15,43,47,43.0
12199,Trey Walker,QB,2,SE,47,38,54,52,39,44,69,77,75,18,47.0
12200,Bryce Taylor,TE,2,SE,40,40,43,45,32,31,58,8,100,1,40.0
12201,Ethan Taylor,C,2,SE,45,32,48,26,26,56,54,7,40,76,45.0
12202,Ethan Brown,CB,3,SE,53,67,45,48,48,55,57,60,95,62,53.0
12203,Zion Williams,OT,4,SE,61,44,72,47,55,38,68,97,29,52,61.0
12204,Jalen Brown,S,3,SE,58,58,39,50,54,71,76,17,78,82,58.0
12205,Trey Taylor,RB,3,SE,53,51,56,55,55,48,36,19,34,21,53.0
12206,Tyler Taylor,C,2,SE,40,21,45,18,17,52,19,67,25,6,40.0
12207,DeShawn Brown,OG,2,SE,48,54,50,40,42,34,34,4,45,25,48.0
12208,Caleb Taylor,EDGE,3,SE,55,57,60,45,58,44,72,84,91,86,55.0
12209,Jalen Taylor,S,3,SE,57,53,57,51,62,60,62,32,94,98,57.0
12210,DeShawn Smith,C,3,SE,59,39,67,28,35,64,8,10,53,48,59.0
12211,Trey Brown,FB,3,SE,50,54,54,51,55,17,66,71,84,35,50.0
12212,Caleb Johnson,TE,2,SE,43,37,42,49,49,39,28,11,63,18,43.0
12213,Jalen Williams,K,3,SE,53,29,55,51,29,29,30,54,82,33,53.0
12214,DeShawn Scott,DL,2,SE,46,40,49,44,50,43,42,36,28,58,46.0
12215,Caleb Walker,WR,2,SE,42,47,35,39,48,33,33,45,59,13,42.0
12216,Jalen Taylor,C,3,SE,51,26,62,27,26,52,5,38,35,3,51.0
12217,Tyler Walker,CB,4,SE,69,75,61,76,63,57,52,96,40,95,69.0
12218,Jalen Johnson,OG,2,SE,44,41,54,19,26,22,58,55,6,60,44.0
12219,DeShawn Johnson,FB,4,SE,70,72,72,78,70,46,80,36,46,36,70.0
12220,Bryce Walker,QB,2,SE,45,26,46,58,35,44,91,11,49,75,45.0
12221,Tyler Williams,OT,2,SE,46,24,52,16,58,22,4,55,17,77,46.0
12222,Trey Williams,P,2,SE,43,21,46,40,21,21,80,10,43,98,43.0
12223,Ethan Smith,CB,0,SE,23,24,14,26,31,9,45,1,5,37,23.0
12224,Ethan Smith,RB,2,SE,44,54,45,35,36,39,3,17,53,2,44.0
12225,DeShawn Walker,EDGE,3,SE,59,59,70,49,62,35,44,5,9,27,59.0
12226,Jalen Taylor,EDGE,2,SE,45,53,49,37,37,41,65,80,42,34,45.0
12227,Ethan Taylor,WR,2,SE,47,48,36,58,48,31,65,13,5,3,47.0
12228,Ethan Williams,DL,3,SE,54,47,53,59,54,55,72,20,61,92,54.0
12229,Ethan Walker,LB,2,SE,47,53,41,53,41,41,28,44,20,14,47.0
12230,Tyler Taylor,LB,2,SE,41,44,38,49,33,33,7,13,97,46,41.0
12231,DeShawn Smith,OG,3,SE,51,51,66,20,18,18,88,30,64,88,51.0
12232,DeShawn Walker,DL,3,SE,58,53,53,65,57,65,79,77,32,8,58.0
12233,Jalen Brown,OG,4,SE,64,76,62,45,62,54,20,40,46,26,64.0
12234,Ethan White,P,3,SE,52,42,49,55,42,42,14,3,64,98,52.0
12235,Tyler Walker,EDGE,4,SE,61,69,59,53,60,61,41,88,43,76,61.0
12236,Trey Smith,EDGE,3,SE,54,64,55,46,47,52,4,12,88,98,54.0
12237,Tyler White,CB,4,SE,61,65,55,67,54,56,16,20,25,27,61.0
12238,Tyler Williams,C,2,SE,40,40,36,23,32,55,22,18,82,82,40.0
12239,Jalen White,EDGE,3,SE,50,51,52,43,53,46,6,74,96,21,50.0
12240,Zion White,P,3,SE,54,36,53,55,36,36,44,5,35,96,54.0
12241,DeShawn Scott,OT,3,SE,53,24,64,31,59,24,83,43,43,58,53.0
12242,Ethan Walker,DL,2,SE,47,39,60,47,43,28,7,84,91,15,47.0
12243,Caleb Scott,QB,4,SE,60,59,59,57,50,69,96,23,75,42,60.0
12244,Jalen Johnson,EDGE,1,SE,36,31,48,27,41,16,14,61,8,47,36.0
12245,Zion Johnson,QB,2,SE,47,28,52,54,37,50,64,89,27,3,47.0
12246,Trey Walker,C,2,SE,41,27,51,25,19,35,81,82,75,62,41.0
12247,Tyler Williams,K,1,SE,34,10,36,32,10,10,95,93,61,34,34.0
12248,Ethan Taylor,RB,3,SE,52,58,53,33,58,43,14,99,22,57,52.0
12249,Bryce White,OT,4,SE,66,51,75,48,61,49,11,19,90,20,66.0
12250,Caleb White,S,4,SE,67,80,58,58,62,67,69,74,38,25,67.0
12251,Caleb Brown,FB,3,SE,52,60,50,52,56,28,70,60,60,90,52.0
12252,Bryce Smith,FB,3,SE,56,59,59,53,65,29,51,55,73,18,56.0
12253,Bryce Johnson,TE,3,SE,59,61,68,58,44,50,83,92,67,44,59.0
12254,Ethan Williams,EDGE,3,SE,53,61,53,41,62,33,85,6,83,100,53.0
12255,Jalen Taylor,FB,0,SE,24,20,35,19,33,-3,36,24,40,26,24.0
12256,Bryce Brown,S,2,SE,44,43,42,39,44,48,34,27,10,50,44.0
12257,Jalen Smith,C,3,SE,52,23,63,15,23,58,58,92,7,90,52.0
12258,Tyler Walker,S,3,SE,57,60,45,48,66,57,54,91,78,45,57.0
12259,Caleb Walker,CB,2,SE,40,37,33,51,42,21,46,6,57,0,40.0
12260,Bryce Smith,QB,0,SE,28,26,26,34,17,28,5,53,19,53,28.0
12261,Zion Williams,RB,2,SE,41,53,37,13,51,29,40,19,51,57,41.0
12262,Jalen Brown,TE,2,SE,47,43,55,53,31,37,9,69,94,98,47.0
12263,Jalen Williams,P,3,SE,56,34,55,57,34,34,13,55,40,85,56.0
12264,Caleb White,RB,2,SE,45,50,47,41,40,41,12,86,98,85,45.0
12265,Tyler Walker,C,4,SE,69,51,75,47,49,76,84,23,88,89,69.0
12266,Tyler Taylor,DL,2,SE,40,31,43,43,47,23,57,20,98,70,40.0
12267,DeShawn White,C,2,SE,47,8,64,16,8,49,53,80,83,60,47.0
12268,Zion Walker,LB,3,SE,59,67,51,67,51,51,20,88,81,35,59.0
12269,Bryce Brown,TE,1,SE,31,27,32,36,31,26,27,23,43,5,31.0
12270,Bryce Scott,TE,3,SE,55,62,64,50,40,46,46,31,96,51,55.0
12271,Bryce Williams,WR,3,SE,53,61,46,54,52,39,23,80,91,100,53.0
12272,Tyler Scott,LB,1,SE,38,38,26,48,36,36,55,28,100,30,38.0
12273,Tyler Walker,K,3,SE,53,35,56,50,35,35,36,85,14,63,53.0
12274,Trey White,QB,3,SE,53,42,52,65,43,50,7,82,53,82,53.0
12275,Bryce Taylor,OG,2,SE,43,39,51,31,31,25,47,71,38,31,43.0
12276,Bryce Brown,QB,3,SE,55,35,59,63,43,59,19,81,77,84,55.0
12277,Jalen White,TE,2,SE,40,37,51,41,21,33,89,15,45,89,40.0
12278,Jalen Williams,FB,2,SE,43,44,49,52,38,16,64,41,70,94,43.0
12279,Caleb Smith,DL,3,SE,59,45,63,65,69,33,66,39,71,43,59.0
12280,Trey Johnson,OT,3,SE,54,30,66,26,52,28,24,43,36,79,54.0
12281,Caleb Taylor,C,3,SE,58,43,63,44,39,65,17,49,6,35,58.0
12282,Caleb Walker,K,2,SE,43,25,42,44,25,25,1,31,6,10,43.0
12283,Trey White,RB,2,SE,47,56,52,29,43,38,76,85,99,18,47.0
12284,Bryce White,DL,2,SE,42,33,51,51,33,24,30,92,2,50,42.0
12285,Bryce Smith,OT,3,SE,58,42,62,38,68,40,68,29,95,30,58.0
12286,Bryce Brown,DL,3,SE,51,44,65,46,52,30,7,38,66,58,51.0
12287,DeShawn Johnson,WR,0,SE,16,25,13,15,7,14,52,12,57,84,16.0
12288,Ethan Scott,QB,3,SE,51,33,47,68,40,49,6,25,86,22,51.0
12289,Tyler Smith,EDGE,2,SE,48,56,50,44,36,52,69,98,69,52,48.0
12290,Tyler Scott,FB,2,SE,42,54,39,39,49,9,65,16,19,0,42.0
12291,Bryce White,DL,2,SE,41,31,43,51,39,29,44,33,47,17,41.0
12292,Zion Williams,CB,0,SE,16,15,7,22,23,0,79,66,76,4,16.0
12293,Ethan Johnson,EDGE,0,SE,10,15,13,7,-1,15,63,46,97,100,10.0
12294,Trey Brown,CB,4,SE,63,80,56,56,55,68,22,86,25,7,63.0
12295,Trey Scott,FB,3,SE,58,63,63,55,59,31,54,75,50,19,58.0
12296,Tyler Scott,QB,3,SE,59,43,55,69,46,65,44,54,9,67,59.0
12297,Bryce Scott,QB,3,SE,51,49,53,51,40,55,0,65,64,94,51.0
12298,Trey Walker,S,2,SE,43,54,46,36,39,39,78,2,84,86,43.0
12299,Zion Taylor,P,2,SE,48,32,52,44,32,32,84,52,42,61,48.0
12300,Zion White,TE,3,SE,56,49,57,66,54,48,18,74,28,29,56.0
12301,Bryce Williams,P,3,SE,51,43,49,53,43,43,9,98,19,56,51.0
12302,DeShawn Brown,S,2,SE,46,59,51,39,43,39,79,72,41,76,46.0
12303,Zion Scott,S,3,SE,53,52,24,40,62,64,74,5,18,65,53.0
12304,DeShawn Williams,OG,2,SE,45,59,53,15,17,15,52,25,47,13,45.0
12305,Zion White,CB,3,SE,60,69,51,63,58,46,53,70,98,56,60.0
12306,Trey Johnson,WR,2,SE,44,58,37,37,46,26,12,73,73,84,44.0
12307,Tyler Walker,S,3,SE,55,49,38,47,62,65,47,29,57,48,55.0
12308,DeShawn White,RB,4,SE,70,71,83,51,70,59,20,21,21,70,70.0
12309,Ethan Taylor,QB,2,SE,40,19,45,50,29,41,68,65,64,87,40.0
12310,Trey Johnson,TE,3,SE,57,59,67,60,32,46,27,29,99,30,57.0
12311,Trey Johnson,TE,3,SE,57,56,73,53,33,49,45,70,45,41,57.0
12312,Tyler Smith,FB,2,SE,46,59,44,48,46,10,7,94,31,37,46.0
12313,DeShawn Johnson,DL,3,SE,58,51,63,63,54,49,23,99,25,37,58.0
12314,Trey Scott,FB,3,SE,58,69,59,64,52,22,8,18,91,86,58.0
12315,Tyler Taylor,OT,4,SE,66,46,70,40,80,46,49,57,67,73,66.0
12316,Ethan Walker,CB,0,SE,29,38,24,30,20,29,50,90,75,74,29.0
12317,Ethan Walker,S,0,SE,5,12,-1,-2,-3,10,84,48,8,48,5.0
12318,Jalen Walker,RB,4,SE,65,72,62,42,78,54,58,24,22,63,65.0
12319,DeShawn Williams,FB,3,SE,59,58,58,62,66,50,74,54,64,5,59.0
12320,Caleb Johnson,OG,3,SE,53,57,53,40,53,45,14,46,22,90,53.0
12321,Tyler Taylor,WR,3,SE,51,59,44,44,57,43,11,25,43,6,51.0
12322,Jalen White,WR,3,SE,53,49,43,67,53,45,8,79,24,19,53.0
12323,Tyler Scott,DL,3,SE,59,48,66,58,68,39,66,21,66,57,59.0
12324,Zion Williams,WR,3,SE,60,72,51,61,59,37,41,79,28,65,60.0
12325,Bryce Smith,CB,3,SE,59,58,52,67,62,42,54,86,80,16,59.0
12326,Caleb Smith,TE,3,SE,52,59,53,57,39,41,6,41,64,87,52.0
12327,Caleb Walker,RB,3,SE,51,55,60,52,37,46,11,22,91,96,51.0
12328,DeShawn Taylor,C,2,SE,50,26,58,28,24,59,59,34,80,10,50.0
12329,Tyler Taylor,CB,3,SE,54,58,46,52,61,48,99,67,100,12,54.0
12330,Ethan White,RB,2,SE,40,45,41,37,38,33,20,77,34,57,40.0
12331,Tyler Brown,S,3,SE,51,58,49,46,41,55,30,52,95,6,51.0
12332,Trey Smith,QB,2,SE,47,37,47,50,38,53,90,16,34,67,47.0
12333,Tyler Brown,OG,3,SE,51,56,60,22,28,26,83,3,48,22,51.0
12334,Tyler Walker,CB,3,SE,54,63,47,56,50,44,68,75,40,47,54.0
12335,DeShawn Johnson,FB,3,SE,52,56,61,46,60,10,87,62,98,69,52.0
12336,Zion Smith,TE,2,SE,49,49,45,58,49,42,29,72,82,100,49.0
12337,Ethan Smith,K,3,SE,50,32,49,51,32,32,99,26,50,64,50.0
12338,DeShawn Taylor,K,3,SE,54,48,51,57,48,48,59,64,31,69,54.0
12339,Jalen Scott,DL,1,SE,32,26,32,42,26,28,70,68,1,81,32.0
12340,Trey White,P,2,SE,42,30,44,40,30,30,43,76,60,84,42.0
12341,DeShawn Smith,LB,4,SE,63,71,70,63,53,53,92,49,84,67,63.0
12342,Caleb Johnson,RB,3,SE,59,53,74,57,57,50,31,51,85,89,59.0
12343,Ethan Williams,WR,3,SE,51,50,41,65,49,38,72,55,68,2,51.0
12344,Trey Taylor,QB,3,SE,52,37,57,65,43,45,90,94,18,45,52.0
12345,Zion Smith,OT,3,SE,50,52,48,39,57,44,35,1,36,66,50.0
12346,Trey Scott,OG,3,SE,59,55,66,40,50,42,65,21,65,92,59.0
12347,DeShawn White,K,2,SE,42,18,42,42,18,18,97,19,76,42,42.0
12348,Trey Smith,WR,3,SE,55,64,46,50,62,40,49,27,95,11,55.0
12349,Bryce Smith,WR,3,SE,60,56,53,65,65,60,60,32,40,39,60.0
12350,Bryce Taylor,TE,2,SE,47,54,44,57,35,35,79,97,41,81,47.0
12351,DeShawn White,EDGE,2,SE,44,45,55,37,38,31,10,84,55,6,44.0
12352,DeShawn Williams,WR,3,SE,55,67,46,52,59,32,84,51,60,81,55.0
12353,Jalen Johnson,FB,1,SE,39,41,36,46,44,24,48,50,90,1,39.0
12354,Tyler Scott,EDGE,3,SE,58,59,63,51,62,43,84,3,10,43,58.0
12355,Jalen Williams,FB,3,SE,53,48,63,54,60,26,26,15,86,22,53.0
12356,Caleb Scott,TE,3,SE,55,60,60,54,43,48,65,18,33,39,55.0
12357,Ethan Walker,K,5,SE,85,69,83,87,69,69,76,1,29,97,85.0
12358,Trey Brown,C,2,SE,46,43,51,34,37,39,72,69,34,35,46.0
12359,Zion Smith,S,3,SE,59,56,36,48,72,66,57,89,30,18,59.0
12360,Zion White,DL,2,SE,46,42,54,50,32,46,9,41,68,90,46.0
12361,Zion Johnson,K,3,SE,53,35,56,50,35,35,82,56,39,29,53.0
12362,Bryce Johnson,S,3,SE,54,62,49,48,42,60,29,6,38,20,54.0
12363,Zion Johnson,RB,3,SE,52,66,54,26,49,42,65,85,87,88,52.0
12364,Trey Williams,RB,1,SE,32,37,41,29,20,25,67,3,79,99,32.0
12365,Trey Williams,WR,0,SE,11,5,2,22,14,9,100,79,80,21,11.0
12366,Caleb Johnson,LB,4,SE,70,76,73,71,63,63,30,90,76,43,70.0
12367,Ethan Williams,FB,3,SE,55,55,55,63,55,43,2,33,70,35,55.0
12368,DeShawn White,TE,2,SE,50,52,60,48,33,42,23,87,88,97,50.0
12369,Zion Johnson,FB,3,SE,51,63,53,53,49,9,2,42,79,67,51.0
12370,Zion Williams,C,2,SE,41,33,45,26,25,44,7,2,5,77,41.0
12371,Ethan Smith,WR,3,SE,60,66,54,64,56,49,10,14,79,52,60.0
12372,Caleb White,S,3,SE,56,66,44,48,45,63,1,44,39,85,56.0
12373,DeShawn Brown,CB,2,SE,46,46,38,50,51,36,83,36,64,14,46.0
12374,Jalen Smith,EDGE,4,SE,66,77,63,57,67,59,88,23,48,63,66.0
12375,Tyler Walker,RB,3,SE,58,59,63,39,68,47,99,83,1,27,58.0
12376,Tyler Scott,EDGE,3,SE,54,61,53,41,67,33,9,75,34,93,54.0
12377,Caleb Taylor,RB,2,SE,44,40,58,36,44,34,25,74,43,55,44.0
12378,Caleb Taylor,TE,2,SE,46,49,48,47,42,39,58,78,36,87,46.0
12379,Jalen Brown,QB,2,SE,41,27,45,48,33,41,87,95,90,74,41.0
12380,DeShawn Walker,EDGE,1,SE,33,40,41,26,23,22,75,65,98,28,33.0
12381,Bryce Williams,K,2,SE,47,35,47,47,35,35,9,24,99,75,47.0
12382,Ethan Johnson,LB,2,SE,40,53,48,37,29,29,90,80,92,41,40.0
12383,DeShawn Brown,CB,3,SE,55,52,44,62,68,32,44,47,71,18,55.0
12384,Ethan Brown,S,2,SE,45,39,28,39,43,60,41,34,60,84,45.0
12385,Bryce Johnson,EDGE,3,SE,60,68,58,52,62,54,87,90,30,89,60.0
12386,Caleb Taylor,TE,3,SE,51,46,68,48,28,44,80,83,63,71,51.0
12387,Jalen Smith,P,2,SE,42,22,42,42,22,22,26,31,97,19,42.0
12388,Bryce Walker,LB,3,SE,51,39,48,63,49,49,57,26,67,4,51.0
12389,Ethan Johnson,LB,3,SE,53,43,51,63,51,51,64,51,15,26,53.0
12390,Caleb Brown,QB,3,SE,55,38,54,72,44,50,60,43,46,52,55.0
12391,DeShawn Johnson,FB,3,SE,52,53,58,54,52,28,28,80,31,86,52.0
12392,Trey Scott,OT,3,SE,56,31,67,27,57,31,93,4,54,4,56.0
12393,Jalen Smith,OG,3,SE,51,56,66,22,14,14,37,41,49,88,51.0
12394,Tyler Smith,FB,3,SE,59,55,70,66,56,32,70,93,62,90,59.0
12395,DeShawn Taylor,S,3,SE,59,58,34,48,66,69,7,57,91,38,59.0
12396,Bryce Williams,OG,3,SE,50,48,59,31,35,27,8,37,49,91,50.0
12397,Zion Johnson,RB,2,SE,50,44,64,56,43,44,34,46,91,38,50.0
12398,Tyler Johnson,C,3,SE,60,47,67,50,41,60,49,56,73,76,60.0
12399,Bryce Smith,P,3,SE,58,46,60,56,46,46,99,70,64,12,58.0
12400,Bryce White,OT,3,SE,58,56,56,41,69,50,24,73,78,7,58.0
12401,Caleb Walker,OG,3,SE,52,60,56,34,40,32,71,94,78,34,52.0
12402,Bryce Williams,FB,2,SE,45,42,52,40,56,24,69,87,87,34,45.0
12403,Ethan White,OT,3,SE,56,25,69,22,59,25,53,36,4,15,56.0
12404,Jalen Walker,P,3,SE,55,35,57,53,35,35,60,85,15,74,55.0
12405,Caleb White,DL,2,SE,42,39,39,47,38,51,49,37,85,26,42.0
12406,Zion White,LB,4,SE,63,56,61,73,59,59,43,88,77,32,63.0
12407,Jalen Brown,S,3,SE,50,63,36,39,52,48,90,66,74,4,50.0
12408,DeShawn White,TE,2,SE,50,48,57,54,35,42,62,78,86,77,50.0
12409,Caleb Williams,OT,2,SE,41,34,42,17,50,28,95,40,88,16,41.0
12410,Ethan Smith,LB,3,SE,57,48,60,66,52,52,75,64,46,84,57.0
12411,Tyler Brown,QB,3,SE,54,52,50,51,44,66,32,80,49,15,54.0
12412,Bryce Brown,OT,3,SE,51,40,56,38,54,34,64,30,8,100,51.0
12413,DeShawn White,DL,2,SE,50,42,51,60,43,48,39,77,0,76,50.0
12414,Zion Scott,RB,0,SE,16,12,28,24,6,12,35,62,52,98,16.0
12415,DeShawn Johnson,OG,3,SE,55,52,58,38,54,46,63,25,9,82,55.0
12416,Bryce Taylor,TE,3,SE,56,71,57,57,37,45,94,34,1,15,56.0
12417,Tyler Johnson,OG,0,SE,0,9,6,-21,-18,-24,27,53,9,11,0.0
12418,Trey White,LB,3,SE,50,51,58,53,41,41,28,91,14,95,50.0
12419,DeShawn Johnson,P,3,SE,57,35,58,56,35,35,7,50,18,41,57.0
12420,Jalen Johnson,OG,2,SE,44,43,57,16,17,15,36,8,48,59,44.0
12421,Caleb White,OT,3,SE,53,35,63,33,50,31,71,86,34,44,53.0
12422,Bryce Scott,EDGE,4,SE,62,62,65,56,62,62,61,12,83,74,62.0
12423,Zion Williams,C,3,SE,58,48,64,33,42,57,59,44,48,10,58.0
12424,Zion Scott,C,3,SE,56,44,60,40,38,63,98,41,15,53,56.0
12425,Ethan White,FB,2,SE,44,49,49,40,48,14,38,76,81,89,44.0
12426,Trey White,S,3,SE,60,56,55,56,54,71,20,48,85,2,60.0
12427,Tyler Johnson,LB,2,SE,42,45,36,51,35,35,30,90,44,20,42.0
12428,DeShawn Brown,S,2,SE,45,56,38,38,37,47,28,89,47,92,45.0
12429,Trey Taylor,OG,2,SE,43,51,55,9,11,9,8,0,85,25,43.0
12430,Tyler Walker,TE,3,SE,56,60,72,48,32,48,19,56,53,95,56.0
12431,Bryce Taylor,RB,1,SE,35,44,37,22,30,29,87,96,36,95,35.0
12432,Caleb Williams,WR,4,SE,61,66,54,56,68,55,54,15,55,96,61.0
12433,Zion Taylor,OG,3,SE,52,41,62,39,42,34,96,77,97,40,52.0
12434,Tyler Scott,QB,2,SE,44,30,42,52,30,50,54,56,19,20,44.0
12435,Bryce Taylor,S,3,SE,51,50,54,48,44,57,88,15,30,36,51.0
12436,Trey Scott,TE,2,SE,50,44,50,55,54,47,10,68,76,30,50.0
12437,Bryce Williams,OT,3,SE,54,35,59,30,67,29,5,68,44,84,54.0
12438,Bryce Williams,TE,3,SE,54,47,61,62,39,46,98,83,56,13,54.0
12439,Jalen Williams,FB,3,SE,54,65,50,66,48,24,47,51,54,37,54.0
12440,Bryce Walker,QB,3,SE,60,55,63,65,49,59,78,45,39,24,60.0
12441,Caleb Taylor,P,2,SE,44,36,42,46,36,36,20,19,16,12,44.0
12442,Bryce Scott,DL,1,SE,36,26,35,48,35,26,76,13,19,1,36.0
12443,Ethan Taylor,C,3,SE,60,27,75,32,25,61,45,98,43,34,60.0
12444,Trey Scott,RB,2,SE,42,53,38,18,50,32,83,57,24,44,42.0
12445,Trey Brown,K,0,SE,29,5,31,27,5,5,81,21,50,60,29.0
12446,DeShawn Williams,RB,2,SE,44,45,45,25,59,33,25,9,96,18,44.0
12447,Trey Williams,QB,3,SE,53,47,55,59,45,51,19,2,64,20,53.0
12448,DeShawn Smith,K,4,SE,65,39,66,64,39,39,50,65,42,59,65.0
12449,Zion White,S,2,SE,48,56,29,38,43,56,35,24,36,100,48.0
12450,Bryce Smith,CB,1,SE,30,45,21,24,28,28,24,83,14,51,30.0
12451,Trey Johnson,DL,3,SE,50,45,48,59,43,55,55,44,87,42,50.0
12452,Jalen Smith,OG,3,SE,51,54,62,28,26,22,97,88,86,38,51.0
12453,Jalen Taylor,S,3,SE,56,60,50,50,54,59,39,68,65,36,56.0
12454,Trey Brown,K,2,SE,40,26,41,39,26,26,12,90,54,76,40.0
12455,DeShawn Johnson,WR,3,SE,53,54,45,61,53,42,91,41,34,99,53.0
12456,Zion Brown,OG,2,SE,46,52,57,29,17,17,67,63,93,47,46.0
12457,Trey Williams,FB,4,SE,70,63,83,63,83,43,60,56,51,45,70.0
12458,Tyler Walker,S,2,SE,48,53,45,39,50,48,22,7,23,70,48.0
12459,Caleb Smith,QB,3,SE,54,49,59,60,46,49,45,67,24,30,54.0
12460,Jalen White,K,3,SE,52,38,49,55,38,38,22,21,10,41,52.0
12461,Zion Taylor,WR,2,SE,42,35,35,59,34,47,29,47,22,18,42.0
12462,Bryce Brown,P,3,SE,50,38,52,48,38,38,8,89,44,72,50.0
12463,Trey Scott,C,0,SE,18,2,22,-6,-4,30,67,86,90,98,18.0
12464,Jalen Walker,S,3,SE,54,60,28,42,55,63,49,40,24,30,54.0
12465,Jalen Williams,K,4,SE,60,42,61,59,42,42,38,90,78,30,60.0
12466,Zion Brown,CB,2,SE,50,55,47,53,39,55,30,33,68,58,50.0
12467,Tyler Brown,LB,3,SE,50,41,59,58,42,42,83,67,1,29,50.0
12468,Trey Brown,QB,4,SE,63,61,69,61,55,65,86,60,20,23,63.0
12469,Zion Scott,EDGE,0,SE,13,14,19,4,19,-6,54,41,77,23,13.0
12470,Zion Brown,S,3,SE,60,59,40,51,60,72,64,11,41,32,60.0
12471,DeShawn Williams,FB,3,SE,55,59,59,63,55,19,38,82,43,64,55.0
12472,Jalen Smith,FB,2,SE,42,44,39,50,44,30,85,43,62,99,42.0
12473,DeShawn White,OT,3,SE,60,40,72,40,53,38,22,12,32,92,60.0
12474,Caleb Brown,S,2,SE,49,51,23,37,55,58,56,68,33,18,49.0
12475,Zion Williams,OT,3,SE,51,35,55,34,62,31,62,8,53,64,51.0
12476,Ethan Walker,DL,3,SE,51,45,51,53,55,47,96,30,57,47,51.0
12477,Bryce Johnson,K,3,SE,55,41,54,56,41,41,56,59,49,66,55.0
12478,Ethan Scott,LB,4,SE,69,70,77,72,60,60,82,36,63,23,69.0
12479,Zion Scott,TE,1,SE,38,38,38,42,37,32,83,66,36,93,38.0
12480,DeShawn Johnson,EDGE,3,SE,57,59,62,47,63,40,91,72,71,32,57.0
12481,Jalen Scott,DL,2,SE,48,45,54,49,40,48,88,63,3,57,48.0
12482,Jalen Williams,CB,3,SE,55,57,51,60,50,51,55,88,13,60,55.0
12483,Ethan Walker,WR,2,SE,47,53,38,46,54,31,22,46,24,37,47.0
12484,DeShawn Taylor,K,3,SE,60,46,55,65,46,46,45,46,38,100,60.0
12485,Ethan Scott,FB,2,SE,49,47,57,56,48,22,52,14,92,62,49.0
12486,Zion Johnson,EDGE,3,SE,52,60,52,40,61,32,38,26,41,60,52.0
12487,Trey White,OG,2,SE,40,52,44,16,24,18,96,11,12,86,40.0
12488,Zion Smith,QB,2,SE,44,47,41,42,34,51,98,8,86,74,44.0
12489,DeShawn Smith,TE,2,SE,42,50,46,42,26,34,87,6,93,19,42.0
12490,Ethan Brown,CB,3,SE,55,52,48,63,59,41,50,79,48,48,55.0
12491,Ethan Smith,EDGE,3,SE,57,54,64,52,56,53,80,8,69,13,57.0
12492,Trey Walker,OG,0,SE,0,13,-1,-19,-5,-13,31,47,26,60,0.0
12493,Zion Taylor,C,2,SE,46,17,57,17,15,53,60,31,78,3,46.0
12494,Tyler White,QB,3,SE,53,55,51,53,44,57,29,54,93,43,53.0
12495,DeShawn White,DL,5,SE,71,65,71,81,65,67,15,32,61,29,71.0
12496,Ethan Brown,EDGE,3,SE,57,67,55,49,55,54,70,10,31,13,57.0
12497,DeShawn Walker,LB,2,SE,41,48,37,48,32,32,84,22,41,79,41.0
12498,DeShawn Williams,FB,3,SE,59,62,62,68,56,32,22,5,12,11,59.0
12499,Ethan Brown,QB,3,SE,53,53,45,53,39,65,17,22,22,0,53.0
12500,Caleb Scott,CB,4,SE,69,67,65,74,66,71,80,58,53,36,69.0
12501,Zion Scott,RB,3,SE,60,72,58,42,58,54,53,52,13,1,60.0
12502,Jalen Johnson,WR,2,SE,43,51,36,48,37,29,32,26,80,37,43.0
12503,Trey Taylor,TE,3,SE,50,51,64,45,29,43,16,73,35,65,50.0
12504,Ethan Walker,K,3,SE,56,44,54,58,44,44,18,59,97,80,56.0
12505,Trey Williams,OG,3,SE,52,48,68,29,20,20,34,93,92,2,52.0
12506,DeShawn Williams,LB,3,SE,57,56,55,65,51,51,82,96,87,28,57.0
12507,Trey Williams,C,3,SE,59,32,72,28,32,57,80,43,3,97,59.0
12508,Zion Walker,WR,2,SE,44,44,38,46,45,46,87,11,48,70,44.0
12509,DeShawn Brown,S,3,SE,59,70,62,50,64,50,5,79,80,85,59.0
12510,Ethan Smith,P,1,SE,33,11,36,30,11,11,65,5,95,33,33.0
12511,Trey Johnson,CB,3,SE,53,68,44,50,49,46,92,34,93,18,53.0
12512,Caleb Taylor,P,3,SE,54,42,52,56,42,42,18,95,42,6,54.0
12513,Caleb Taylor,QB,3,SE,51,38,54,60,40,50,8,68,48,88,51.0
12514,Ethan Walker,K,4,SE,64,52,60,68,52,52,76,16,50,75,64.0
12515,DeShawn Williams,QB,3,SE,58,43,59,69,48,57,43,66,69,21,58.0
12516,DeShawn Walker,WR,0,SE,13,22,7,7,15,6,45,78,90,58,13.0
12517,Jalen Smith,WR,2,SE,40,46,31,45,41,21,42,2,94,88,40.0
12518,Zion Scott,FB,3,SE,55,59,59,51,59,31,54,9,36,87,55.0
12519,Trey Johnson,OT,3,SE,57,40,60,34,71,38,68,62,19,32,57.0
12520,Ethan Williams,LB,0,SE,7,1,10,14,2,2,31,29,8,11,7.0
12521,Bryce Johnson,QB,2,SE,49,49,47,48,36,57,77,95,60,74,49.0
12522,Bryce Smith,RB,3,SE,57,66,58,58,44,54,44,79,84,14,57.0
12523,DeShawn Walker,TE,3,SE,52,49,57,55,46,45,3,92,48,20,52.0
12524,Ethan Scott,RB,3,SE,58,61,62,58,53,52,29,34,49,71,58.0
12525,Bryce Johnson,WR,2,SE,48,49,43,49,49,48,47,87,66,87,48.0
12526,Bryce Walker,OG,2,SE,44,43,51,21,31,27,21,35,78,55,44.0
12527,DeShawn Scott,RB,0,SE,27,24,30,20,38,18,87,98,14,10,27.0
12528,Zion Scott,CB,3,SE,55,59,47,65,51,35,63,11,71,43,55.0
12529,Caleb Taylor,TE,3,E,55,52,62,61,37,47,78,41,92,41,55.0
12530,Zion Taylor,OG,3,E,57,59,69,38,29,29,60,79,76,89,57.0
12531,Tyler Taylor,TE,3,E,51,61,55,47,41,43,11,76,47,17,51.0
12532,Caleb Scott,C,4,E,62,39,67,39,37,78,1,78,36,79,62.0
12533,Bryce Scott,CB,3,E,57,56,50,56,66,55,84,33,16,22,57.0
12534,Jalen Scott,OG,2,E,47,66,56,16,12,12,63,25,20,91,47.0
12535,Trey Smith,CB,3,E,51,61,41,50,51,44,40,80,65,37,51.0
12536,Ethan Williams,C,3,E,50,15,63,18,15,58,44,68,49,77,50.0
12537,Trey Williams,WR,3,E,60,60,54,66,59,56,74,62,53,40,60.0
12538,Zion White,C,3,E,60,50,66,50,44,59,33,83,16,1,60.0
12539,Jalen Brown,DL,3,E,52,44,56,50,58,45,54,2,78,53,52.0
12540,DeShawn White,C,3,E,55,33,65,27,29,57,82,46,93,21,55.0
12541,Caleb Johnson,DL,2,E,45,38,56,40,48,29,41,26,55,29,45.0
12542,Trey Brown,DL,3,E,58,51,57,61,62,56,25,68,23,73,58.0
12543,Tyler Walker,OG,2,E,40,52,44,21,24,18,78,40,44,44,40.0
12544,Ethan Johnson,C,3,E,58,28,68,28,28,68,6,73,59,81,58.0
12545,Tyler Scott,OG,4,E,60,60,61,55,61,53,38,41,49,60,60.0
12546,Zion Williams,C,1,E,33,9,41,9,5,43,71,37,34,49,33.0
12547,Bryce Taylor,OG,3,E,57,67,67,27,27,27,10,57,67,53,57.0
12548,Caleb Smith,FB,3,E,53,44,64,52,64,32,18,50,52,22,53.0
12549,Jalen Scott,K,2,E,45,23,50,40,23,23,33,72,31,36,45.0
12550,Zion Smith,C,2,E,49,24,56,19,22,62,82,38,86,9,49.0
12551,DeShawn Johnson,CB,2,E,43,46,36,54,36,27,53,66,75,98,43.0
12552,Trey Taylor,K,4,E,60,42,61,59,42,42,7,65,37,70,60.0
12553,Bryce White,C,1,E,38,22,46,13,16,39,92,95,12,44,38.0
12554,Jalen Johnson,RB,3,E,51,51,53,53,52,45,9,29,55,23,51.0
12555,Tyler White,OT,3,E,50,28,56,27,61,28,27,82,16,18,50.0
12556,Jalen Taylor,TE,3,E,57,54,66,60,42,48,79,60,98,12,57.0
12557,Trey Williams,P,3,E,56,36,54,58,36,36,10,79,54,82,56.0
12558,DeShawn Brown,P,3,E,50,34,52,48,34,34,42,35,65,29,50.0
12559,Ethan Walker,OT,2,E,44,39,51,30,34,33,76,6,14,57,44.0
12560,DeShawn Scott,S,3,E,55,58,43,48,55,60,60,10,53,28,55.0
12561,DeShawn Walker,CB,2,E,50,59,43,58,36,42,80,34,60,2,50.0
12562,Tyler Brown,CB,2,E,43,48,36,39,48,43,90,28,26,36,43.0
12563,Tyler Williams,OT,5,E,89,81,93,71,91,75,5,79,93,79,89.0
12564,Zion Williams,OG,2,E,40,41,51,21,15,15,42,65,77,72,40.0
12565,Ethan Taylor,EDGE,3,E,51,58,54,42,53,34,35,61,92,12,51.0
12566,Trey Williams,TE,3,E,54,49,58,62,44,46,40,81,1,90,54.0
12567,Caleb White,CB,2,E,50,50,38,56,62,26,81,48,67,61,50.0
12568,Trey White,OT,2,E,48,30,54,22,57,24,14,48,73,50,48.0
12569,Tyler Walker,FB,3,E,59,62,67,58,60,26,50,34,99,84,59.0
12570,Tyler Taylor,TE,4,E,66,75,66,69,54,57,100,86,97,42,66.0
12571,Jalen Taylor,LB,3,E,51,45,54,58,46,46,18,78,63,28,51.0
12572,Bryce White,DL,3,E,50,46,58,52,40,47,100,38,98,46,50.0
12573,Tyler Johnson,FB,2,E,43,44,49,43,49,13,35,4,18,70,43.0
12574,DeShawn Brown,C,2,E,41,39,47,25,31,31,87,55,50,24,41.0
12575,Jalen Johnson,RB,3,E,59,71,59,31,64,47,90,26,53,48,59.0
12576,Trey Williams,K,5,E,85,77,83,87,77,77,51,96,50,80,85.0
12577,DeShawn Smith,C,3,E,53,26,62,18,26,62,3,81,89,75,53.0
12578,Bryce White,C,2,E,44,16,52,11,16,57,39,45,89,78,44.0
12579,DeShawn Taylor,EDGE,2,E,46,55,48,33,53,23,12,76,0,35,46.0
12580,Trey Taylor,K,3,E,54,34,56,52,34,34,99,63,52,16,54.0
12581,Jalen White,RB,3,E,52,65,51,41,43,47,99,71,98,49,52.0
12582,Trey Johnson,C,3,E,50,20,60,30,20,60,56,1,35,93,50.0
12583,Ethan Johnson,DL,3,E,54,44,62,64,48,32,75,70,85,42,54.0
12584,Bryce Williams,P,3,E,50,44,45,55,44,44,39,35,28,45,50.0
12585,Bryce Williams,WR,3,E,54,52,43,61,62,43,22,51,99,73,54.0
12586,DeShawn Scott,OT,3,E,54,32,64,31,56,28,39,87,60,44,54.0
12587,Jalen Taylor,FB,2,E,46,50,50,48,48,16,87,24,35,33,46.0
12588,Jalen Walker,QB,1,E,31,33,25,33,19,37,61,81,57,6,31.0
12589,Jalen Scott,K,1,E,30,6,30,30,6,6,63,62,52,39,30.0
12590,DeShawn Walker,FB,2,E,42,39,44,47,49,27,7,74,37,4,42.0
12591,Trey Williams,EDGE,3,E,50,49,57,39,59,30,16,63,77,29,50.0
12592,DeShawn Taylor,C,2,E,42,28,52,23,22,35,93,72,66,22,42.0
12593,Tyler Johnson,RB,1,E,33,37,38,34,24,28,4,87,70,9,33.0
12594,DeShawn White,QB,2,E,45,43,49,38,36,55,97,30,68,28,45.0
12595,Bryce Scott,LB,3,E,52,53,48,59,47,47,58,55,32,2,52.0
12596,Ethan Smith,TE,3,E,53,60,46,63,50,43,50,12,78,59,53.0
12597,Bryce Brown,OT,3,E,56,52,56,35,65,44,36,50,45,44,56.0
12598,Tyler Scott,LB,2,E,50,47,50,58,44,44,63,10,2,96,50.0
12599,Jalen Brown,RB,2,E,45,62,38,22,45,38,25,66,21,45,45.0
12600,Trey Brown,LB,2,E,45,38,40,56,42,42,49,19,49,45,45.0
12601,Bryce Smith,K,2,E,48,24,50,46,24,24,20,0,66,56,48.0
12602,Trey Brown,S,3,E,50,60,28,38,53,53,70,21,13,15,50.0
12603,Caleb Taylor,P,2,E,40,26,39,41,26,26,43,77,27,35,40.0
12604,Caleb Taylor,OT,3,E,59,52,60,45,68,46,36,40,18,1,59.0
12605,Zion Taylor,OG,2,E,40,47,45,16,25,21,59,89,29,64,40.0
12606,Ethan Williams,S,3,E,55,51,35,45,70,60,82,14,75,38,55.0
12607,DeShawn Williams,OT,2,E,46,39,51,31,44,33,42,83,42,75,46.0
12608,Caleb White,P,2,E,49,25,49,49,25,25,41,0,66,45,49.0
12609,DeShawn Taylor,WR,4,E,68,68,56,72,82,48,66,31,77,28,68.0
12610,Ethan Smith,WR,3,E,56,66,48,56,54,42,79,23,86,63,56.0
12611,Tyler Taylor,K,2,E,50,32,47,53,32,32,37,83,99,90,50.0
12612,Caleb Brown,CB,3,E,57,72,48,54,53,50,18,65,99,69,57.0
12613,Caleb Williams,EDGE,0,E,22,31,19,13,24,18,92,28,72,99,22.0
12614,DeShawn White,FB,3,E,51,63,48,53,51,21,55,65,53,78,51.0
12615,Jalen Taylor,TE,3,E,55,61,63,53,39,45,22,84,20,1,55.0
12616,DeShawn Taylor,RB,3,E,58,60,64,46,61,48,72,99,82,83,58.0
12617,Bryce Scott,RB,1,E,40,42,44,25,47,30,40,64,4,40,40.0
12618,DeShawn Brown,C,2,E,44,16,56,13,14,47,46,74,36,72,44.0
12619,Zion Taylor,OT,5,E,78,69,81,62,84,63,58,39,14,64,78.0
12620,DeShawn Taylor,TE,3,E,53,61,47,60,51,44,91,41,7,91,53.0
12621,Caleb Walker,WR,4,E,66,68,62,72,58,67,97,81,3,83,66.0
12622,Jalen Brown,OG,3,E,60,62,64,42,52,46,84,56,19,46,60.0
12623,Jalen Williams,WR,3,E,53,47,41,65,61,43,5,60,12,72,53.0
12624,Trey White,DL,4,E,69,58,76,66,82,46,72,74,21,54,69.0
12625,Jalen Johnson,C,3,E,50,11,67,19,11,52,28,34,86,98,50.0
12626,Zion Johnson,CB,3,E,57,70,46,52,61,48,10,79,43,46,57.0
12627,Jalen Walker,FB,2,E,48,58,53,49,47,3,4,7,9,80,48.0
12628,Bryce Brown,LB,2,E,50,38,56,60,44,44,56,93,10,41,50.0
12629,Caleb Brown,K,3,E,54,32,55,53,32,32,90,32,38,32,54.0
12630,Caleb Smith,K,3,E,59,47,59,59,47,47,9,44,19,13,59.0
12631,Zion Johnson,OT,4,E,68,70,66,52,75,62,73,0,81,54,68.0
12632,DeShawn Scott,DL,0,E,8,3,12,9,7,3,39,10,96,39,8.0
12633,Zion Williams,OT,4,E,60,27,75,32,61,25,77,22,9,24,60.0
12634,Caleb Williams,C,2,E,49,48,52,32,40,46,47,55,2,83,49.0
12635,Ethan Taylor,C,4,E,67,58,70,51,52,73,19,62,70,14,67.0
12636,Tyler Walker,P,3,E,56,42,57,55,42,42,96,35,65,37,56.0
12637,Bryce Johnson,C,3,E,55,34,66,40,30,53,67,99,29,86,55.0
12638,Bryce Taylor,TE,1,E,38,44,43,45,13,25,23,31,47,100,38.0
12639,Trey Brown,FB,0,E,24,20,35,30,24,-6,74,57,28,85,24.0
12640,Trey Johnson,LB,3,E,55,53,69,56,46,46,88,73,57,27,55.0
12641,Tyler Smith,LB,2,E,48,53,46,51,43,43,9,1,48,100,48.0
12642,DeShawn Smith,EDGE,5,E,74,75,78,69,70,75,10,37,41,2,74.0
12643,Bryce Williams,OT,2,E,49,36,56,26,48,32,8,37,77,45,49.0
12644,Ethan Scott,CB,3,E,59,70,50,50,64,62,42,82,92,98,59.0
12645,Caleb Johnson,C,2,E,46,11,59,9,11,54,87,57,92,73,46.0
12646,Caleb White,P,3,E,57,45,59,55,45,45,39,40,54,70,57.0
12647,Jalen Williams,RB,3,E,59,64,59,58,55,55,89,63,41,95,59.0
12648,Bryce Williams,QB,2,E,44,30,52,49,39,42,15,65,59,82,44.0
12649,Zion Williams,S,3,E,59,65,48,49,57,64,23,95,17,59,59.0
12650,DeShawn Scott,OT,3,E,51,20,64,25,55,18,17,19,44,31,51.0
12651,Ethan White,CB,2,E,40,49,35,41,31,40,29,17,84,95,40.0
12652,Ethan Smith,FB,3,E,56,65,55,63,55,23,100,23,84,87,56.0
12653,Bryce Smith,S,3,E,55,63,31,45,48,66,79,49,8,62,55.0
12654,Caleb White,OT,2,E,49,36,52,30,60,30,45,26,34,86,49.0
12655,Ethan Johnson,K,3,E,59,51,57,61,51,51,64,89,88,1,59.0
12656,Zion Johnson,CB,2,E,50,42,42,63,56,31,89,78,3,93,50.0
12657,Ethan Smith,RB,3,E,55,71,50,39,49,50,34,38,60,88,55.0
12658,Trey White,DL,3,E,60,52,64,60,62,56,80,94,57,73,60.0
12659,Ethan White,FB,3,E,53,61,56,56,54,14,13,35,36,64,53.0
12660,Jalen White,C,4,E,66,41,73,43,41,78,84,49,47,69,66.0
12661,Caleb White,K,3,E,54,46,52,56,46,46,42,58,32,26,54.0
12662,Jalen Taylor,S,4,E,62,69,65,57,54,63,59,34,77,13,62.0
12663,DeShawn Scott,CB,3,E,53,57,43,55,57,44,19,89,80,58,53.0
12664,Tyler Smith,P,3,E,59,51,51,67,51,51,61,32,10,87,59.0
12665,Tyler Scott,S,3,E,60,70,38,50,54,68,99,47,68,84,60.0
12666,Ethan Walker,RB,5,E,77,89,82,54,71,68,4,62,100,16,77.0
12667,Caleb Scott,EDGE,3,E,58,64,60,48,58,52,43,61,88,72,58.0
12668,Trey Smith,CB,3,E,59,63,49,67,59,40,95,90,71,49,59.0
12669,Bryce Scott,WR,4,E,62,54,54,70,68,66,50,100,37,99,62.0
12670,Caleb Scott,OG,1,E,33,29,44,12,12,12,73,89,54,85,33.0
12671,Tyler Brown,K,3,E,55,39,53,57,39,39,70,66,48,48,55.0
12672,Jalen Walker,EDGE,4,E,64,58,78,54,71,38,55,9,85,96,64.0
12673,Caleb White,OT,0,E,22,10,22,-1,39,6,90,68,86,48,22.0
12674,DeShawn Walker,WR,3,E,59,69,54,56,56,50,28,1,49,90,59.0
12675,Caleb White,TE,3,E,56,51,61,58,52,52,67,69,72,28,56.0
12676,Bryce Brown,OG,3,E,57,57,65,44,41,37,88,86,35,60,57.0
12677,DeShawn Smith,EDGE,1,E,33,40,40,22,32,13,27,84,82,72,33.0
12678,Zion Scott,OG,3,E,55,66,66,30,22,22,70,91,63,56,55.0
12679,Ethan Walker,EDGE,3,E,53,64,51,42,56,42,42,32,8,97,53.0
12680,Trey Johnson,DL,2,E,47,42,51,50,42,45,47,15,7,82,47.0
12681,DeShawn Walker,P,3,E,57,39,62,52,39,39,63,55,30,77,57.0
12682,DeShawn Johnson,P,3,E,50,34,48,52,34,34,55,92,90,57,50.0
12683,Ethan White,RB,3,E,56,61,58,45,59,46,72,100,62,95,56.0
12684,Tyler Walker,LB,2,E,41,40,39,48,36,36,38,86,22,68,41.0
12685,Zion Scott,TE,3,E,57,68,70,50,30,46,97,62,56,38,57.0
12686,Caleb Taylor,WR,3,E,60,66,51,67,57,44,32,0,81,53,60.0
12687,DeShawn Walker,RB,2,E,42,52,50,28,30,34,99,23,55,3,42.0
12688,DeShawn White,WR,2,E,40,48,30,46,39,18,17,87,26,75,40.0
12689,Jalen Brown,DL,5,E,76,68,77,84,76,65,90,64,89,46,76.0
12690,DeShawn Johnson,TE,2,E,44,49,52,39,33,37,11,18,8,73,44.0
12691,Caleb Taylor,C,2,E,48,37,57,32,29,41,72,83,46,2,48.0
12692,Trey Johnson,P,5,E,73,63,74,72,63,63,74,82,9,23,73.0
12693,Bryce Scott,FB,3,E,60,71,61,61,61,21,17,40,2,93,60.0
12694,Caleb Taylor,LB,3,E,57,51,60,64,52,52,19,20,82,81,57.0
12695,Zion Taylor,RB,2,E,42,53,45,26,35,35,34,34,29,36,42.0
12696,DeShawn Brown,EDGE,1,E,32,40,34,28,20,36,84,68,61,71,32.0
12697,Caleb Brown,EDGE,2,E,48,62,50,38,44,30,74,92,75,17,48.0
12698,Zion Scott,OT,2,E,43,38,50,27,34,30,78,59,6,25,43.0
12699,Ethan Taylor,P,3,E,57,39,54,60,39,39,19,33,53,16,57.0
12700,DeShawn White,FB,3,E,54,61,61,58,50,12,67,64,69,48,54.0
12701,DeShawn White,FB,3,E,57,64,64,60,56,12,32,53,17,51,57.0
12702,Caleb Brown,FB,2,E,45,53,43,41,53,21,43,80,37,87,45.0
12703,Bryce Williams,EDGE,2,E,49,54,49,40,51,46,28,71,94,80,49.0
12704,Tyler White,S,2,E,48,50,22,38,45,62,59,42,11,66,48.0
12705,Tyler White,LB,1,E,34,43,31,37,27,27,17,49,84,32,34.0
12706,Tyler Scott,C,2,E,43,8,56,9,6,52,100,81,28,68,43.0
12707,Ethan Walker,CB,3,E,57,63,47,65,53,41,86,53,28,3,57.0
12708,Jalen Smith,QB,0,E,23,16,22,29,15,24,75,68,95,62,23.0
12709,Bryce Taylor,K,2,E,41,27,40,42,27,27,1,97,94,79,41.0
12710,Trey Johnson,S,2,E,41,44,16,30,43,51,2,70,18,89,41.0
12711,DeShawn Williams,OT,3,E,60,27,71,25,71,27,48,72,91,95,60.0
12712,Jalen Brown,S,3,E,50,56,32,42,47,57,19,71,69,77,50.0
12713,Zion Johnson,OT,3,E,60,22,74,23,69,22,11,80,61,11,60.0
12714,Zion Williams,OG,2,E,43,57,52,15,12,12,1,12,17,44,43.0
12715,Bryce White,OT,2,E,40,22,46,13,47,20,24,27,98,17,40.0
12716,DeShawn White,P,3,E,59,47,59,59,47,47,28,15,88,53,59.0
12717,Zion Brown,EDGE,3,E,60,58,75,54,53,43,74,83,17,95,60.0
12718,Caleb Scott,CB,1,E,38,40,28,46,42,16,8,100,54,31,38.0
12719,Ethan Williams,EDGE,3,E,54,52,60,48,56,46,77,92,72,33,54.0
12720,Ethan Walker,P,2,E,47,33,42,52,33,33,93,14,29,88,47.0
12721,Jalen Brown,QB,3,E,59,56,56,58,50,68,85,68,82,3,59.0
12722,Tyler Taylor,DL,2,E,49,41,53,47,58,36,89,7,97,61,49.0
12723,Zion Johnson,K,3,E,54,38,58,50,38,38,22,49,12,90,54.0
12724,Trey Johnson,TE,3,E,60,60,64,69,42,49,35,48,69,90,60.0
12725,Trey Brown,LB,3,E,54,54,51,61,49,49,20,47,86,58,54.0
12726,Caleb Johnson,QB,3,E,51,54,54,44,44,58,42,60,16,77,51.0
12727,Tyler Taylor,C,4,E,63,50,74,44,46,51,78,43,11,51,63.0
12728,Zion Walker,OG,3,E,52,39,61,36,45,39,82,12,17,4,52.0
12729,DeShawn Williams,QB,2,E,42,38,46,34,34,54,45,44,13,66,42.0
12730,Zion Brown,TE,1,E,34,36,48,32,8,24,24,13,79,38,34.0
12731,Ethan Brown,LB,2,E,46,40,46,52,44,44,53,18,25,26,46.0
12732,Zion Williams,P,4,E,65,55,60,70,55,55,69,100,97,46,65.0
12733,Jalen Johnson,CB,3,E,51,58,44,56,43,45,91,68,61,54,51.0
12734,Bryce Brown,RB,3,E,50,58,50,44,44,46,63,0,93,58,50.0
12735,Ethan Johnson,K,4,E,64,38,69,59,38,38,34,30,73,90,64.0
12736,Zion Scott,S,3,E,59,70,53,50,55,59,52,12,92,9,59.0
12737,DeShawn Taylor,TE,4,E,67,64,77,69,50,59,6,42,77,6,67.0
12738,Jalen Walker,CB,4,E,60,67,55,61,52,63,25,21,71,30,60.0
12739,DeShawn Brown,S,3,E,60,66,51,54,57,63,34,41,70,88,60.0
12740,Bryce Smith,WR,3,E,53,50,44,66,50,49,59,8,39,21,53.0
12741,Caleb Scott,CB,2,E,49,47,43,55,48,47,72,86,75,10,49.0
12742,Trey White,CB,3,E,60,68,50,56,66,55,75,31,1,46,60.0
12743,Zion Scott,C,2,E,49,13,61,14,13,61,46,77,64,99,49.0
12744,Trey White,CB,2,E,44,45,37,46,47,40,40,20,31,34,44.0
12745,Ethan Walker,S,3,E,52,49,39,43,60,58,62,30,54,62,52.0
12746,DeShawn Walker,S,3,E,50,50,30,40,60,55,40,46,85,83,50.0
12747,Tyler White,CB,3,E,60,72,52,58,54,60,14,26,33,2,60.0
12748,Bryce Walker,LB,3,E,53,51,46,62,50,50,30,46,83,71,53.0
12749,DeShawn Williams,OG,3,E,51,55,60,24,28,28,75,74,20,94,51.0
12750,Trey Brown,LB,3,E,52,59,42,59,47,47,5,26,55,57,52.0
12751,DeShawn Williams,EDGE,3,E,50,47,58,43,51,42,43,91,69,57,50.0
12752,Trey Scott,QB,0,E,14,5,19,10,7,23,26,31,53,95,14.0
12753,Caleb Johnson,CB,2,E,44,49,39,51,33,40,100,27,50,12,44.0
12754,Bryce Taylor,P,4,E,68,44,68,68,44,44,38,29,65,25,68.0
12755,Zion Smith,TE,2,E,41,40,44,48,30,32,23,100,36,75,41.0
12756,Tyler Taylor,K,0,E,21,15,18,24,15,15,11,99,29,45,21.0
12757,Jalen Taylor,P,3,E,52,40,46,58,40,40,46,92,70,28,52.0
12758,DeShawn Johnson,QB,2,E,43,31,41,48,30,51,23,48,56,68,43.0
12759,DeShawn Smith,S,2,E,40,40,34,34,43,43,77,69,31,5,40.0
12760,Ethan Williams,TE,3,E,60,63,62,66,48,50,47,45,61,93,60.0
12761,Trey Brown,WR,3,E,57,56,47,61,66,47,74,41,72,60,57.0
12762,Bryce Scott,OT,3,E,60,33,69,28,70,31,74,44,31,69,60.0
12763,Bryce Brown,P,0,E,23,5,26,20,5,5,71,58,18,18,23.0
12764,DeShawn White,DL,0,E,8,0,9,20,3,-3,71,10,49,82,8.0
12765,Jalen White,QB,2,E,40,33,35,48,29,43,2,3,87,32,40.0
12766,Ethan Williams,QB,2,E,40,41,39,42,32,41,24,49,60,6,40.0
12767,Ethan Williams,TE,3,E,59,60,68,55,49,53,2,27,93,38,59.0
12768,Jalen Smith,FB,3,E,59,62,62,56,68,32,36,8,63,92,59.0
12769,Tyler Williams,TE,2,E,44,49,44,54,27,32,58,41,37,2,44.0
12770,Bryce Brown,DL,1,E,32,20,26,44,40,22,64,16,100,77,32.0
12771,Ethan Williams,DL,3,E,59,47,68,65,60,33,72,26,17,79,59.0
12772,Tyler Taylor,C,3,E,51,25,65,31,23,46,46,71,32,79,51.0
12773,Trey White,OG,2,E,40,46,44,21,28,24,66,33,53,47,40.0
12774,DeShawn Williams,P,3,E,54,36,57,51,36,36,98,58,74,71,54.0
12775,Bryce Scott,FB,2,E,40,46,41,44,38,16,9,12,25,25,40.0
12776,Bryce Walker,DL,2,E,47,35,56,47,54,24,12,36,93,55,47.0
12777,Zion White,P,1,E,30,12,33,27,12,12,60,63,88,71,30.0
12778,Trey Taylor,TE,0,E,20,25,15,31,14,9,14,33,19,33,20.0
12779,DeShawn White,QB,3,E,50,40,46,59,36,54,17,90,78,71,50.0
12780,Caleb Taylor,QB,4,E,68,69,71,64,60,73,34,72,72,88,68.0
12781,Tyler Smith,QB,3,E,54,41,49,63,39,61,88,75,92,75,54.0
12782,Ethan Taylor,P,3,E,53,35,52,54,35,35,63,46,63,79,53.0
12783,Ethan Brown,CB,2,E,48,56,42,54,36,43,15,43,46,60,48.0
12784,Trey Walker,K,3,E,51,39,51,51,39,39,13,56,39,31,51.0
12785,Tyler Brown,DL,0,E,2,-4,-1,8,3,3,57,52,2,33,2.0
12786,DeShawn Smith,WR,2,E,48,53,41,43,55,42,63,81,25,20,48.0
12787,Tyler Taylor,TE,2,E,43,45,40,47,47,37,57,47,55,50,43.0
12788,Jalen Smith,CB,3,E,60,65,49,67,60,43,62,79,99,68,60.0
12789,Trey White,FB,3,E,51,60,60,48,52,0,43,89,42,7,51.0
12790,Ethan Johnson,WR,3,E,57,60,48,60,58,52,77,16,22,24,57.0
12791,Bryce Taylor,CB,3,E,52,53,43,61,53,34,80,83,78,13,52.0
12792,Tyler Walker,OT,3,E,57,25,69,35,64,25,2,89,30,56,57.0
12793,DeShawn Brown,LB,1,E,39,28,41,50,34,34,76,45,3,1,39.0
12794,Tyler Brown,K,2,E,48,38,47,49,38,38,1,72,53,99,48.0
12795,Zion Scott,K,3,E,58,36,61,55,36,36,25,18,39,48,58.0
12796,Caleb Walker,OT,3,E,54,46,62,40,45,40,34,73,32,61,54.0
12797,Caleb Scott,LB,2,E,42,50,49,42,32,32,76,40,97,33,42.0
12798,DeShawn White,P,3,E,59,37,60,58,37,37,17,80,93,96,59.0
12799,DeShawn White,FB,3,E,60,67,62,66,60,24,37,34,18,38,60.0
12800,Caleb White,S,2,E,49,52,42,44,42,56,96,57,38,84,49.0
12801,Ethan Johnson,S,2,E,40,48,43,36,33,39,68,58,47,65,40.0
12802,Tyler Johnson,K,3,E,54,42,56,52,42,42,89,87,52,68,54.0
12803,Bryce Walker,S,2,E,45,54,35,38,41,47,58,58,17,80,45.0
12804,Bryce Williams,RB,3,E,54,65,57,38,47,47,54,41,84,18,54.0
12805,Tyler Johnson,S,3,E,53,51,37,43,59,61,77,31,81,24,53.0
12806,Bryce Brown,K,3,E,55,37,60,50,37,37,61,53,1,17,55.0
12807,DeShawn Scott,LB,2,E,47,36,52,56,42,42,66,48,49,77,47.0
12808,Bryce Smith,CB,3,E,60,70,52,61,53,58,12,34,69,11,60.0
12809,Zion Johnson,LB,0,E,30,25,29,37,27,27,32,94,42,72,30.0
12810,Tyler Williams,K,2,E,48,36,44,52,36,36,34,56,10,94,48.0
12811,Jalen White,C,3,E,53,33,57,30,31,68,28,31,61,7,53.0
12812,Tyler Scott,EDGE,3,E,57,57,63,51,58,46,85,21,56,98,57.0
12813,Tyler Smith,FB,3,E,50,58,48,49,57,23,22,58,69,10,50.0
12814,Trey White,P,2,E,44,24,44,44,24,24,49,84,8,69,44.0
12815,DeShawn Scott,C,3,E,54,38,58,34,36,64,95,16,5,16,54.0
12816,Bryce White,P,3,E,58,46,58,58,46,46,5,8,76,89,58.0
12817,Ethan Scott,S,2,E,45,47,38,39,37,54,26,25,50,60,45.0
12818,Ethan Scott,TE,0,E,28,24,31,35,23,19,1,48,40,90,28.0
12819,Tyler Brown,TE,0,E,12,2,16,14,18,10,46,43,34,36,12.0
12820,Jalen Brown,K,2,E,40,32,40,40,32,32,27,49,79,93,40.0
12821,DeShawn Williams,QB,3,E,52,49,53,53,44,55,82,35,95,50,52.0
12822,Zion Scott,EDGE,1,E,37,45,34,31,34,41,10,97,4,74,37.0
12823,Tyler Taylor,FB,3,E,58,71,61,57,57,13,73,37,78,77,58.0
12824,Jalen Walker,CB,0,E,8,13,-3,21,4,-19,39,49,22,87,8.0
12825,Jalen Scott,P,3,E,53,31,58,48,31,31,30,65,93,92,53.0
12826,Bryce White,S,3,E,60,54,48,52,69,67,37,8,84,31,60.0
12827,DeShawn White,DL,2,E,45,36,57,50,39,22,74,12,13,21,45.0
12828,Caleb Smith,FB,3,E,56,59,64,52,58,26,62,26,42,97,56.0
12829,DeShawn Scott,OG,3,E,52,53,55,39,47,41,11,6,18,86,52.0
12830,DeShawn Scott,DL,2,E,50,42,42,66,46,54,12,11,71,19,50.0
12831,Ethan Taylor,FB,3,E,56,59,64,49,67,17,66,31,97,75,56.0
12832,Tyler Walker,CB,3,E,55,50,44,65,67,30,10,45,13,99,55.0
12833,Jalen Walker,C,3,E,55,48,60,45,42,53,42,99,71,45,55.0
12834,Bryce Taylor,CB,2,E,50,57,39,48,58,39,37,28,17,27,50.0
12835,Caleb Taylor,WR,3,E,54,59,47,59,50,45,30,67,91,94,54.0
12836,Zion Brown,RB,2,E,48,57,41,30,59,39,42,82,34,5,48.0
12837,Jalen Williams,LB,3,E,54,57,54,58,48,48,46,59,8,0,54.0
12838,Bryce White,RB,4,E,69,70,73,64,71,61,83,87,31,18,69.0
12839,Jalen White,P,3,E,52,40,52,52,40,40,20,27,69,69,52.0
12840,Zion Taylor,S,3,E,58,58,39,50,54,71,10,83,94,59,58.0
12841,Tyler Smith,OT,3,E,54,21,65,24,65,21,40,95,21,77,54.0
12842,Zion Walker,K,3,E,55,39,57,53,39,39,16,14,72,62,55.0
12843,Ethan Johnson,WR,2,E,43,56,35,43,39,24,73,17,80,88,43.0
12844,Zion Johnson,OG,3,E,60,56,75,40,31,29,38,71,29,30,60.0
12845,DeShawn White,C,3,E,60,28,76,37,28,56,39,53,93,94,60.0
12846,Zion Williams,S,2,E,42,40,25,34,44,52,20,70,33,76,42.0
12847,Trey Walker,RB,3,E,54,52,55,59,57,49,98,53,92,54,54.0
12848,DeShawn Smith,RB,3,E,51,52,53,49,54,43,70,82,38,89,51.0
12849,Trey Smith,WR,1,E,32,42,24,24,40,18,60,26,93,41,32.0
12850,Zion Walker,TE,2,E,42,51,41,41,40,35,82,90,63,49,42.0
12851,Bryce Walker,CB,0,E,22,33,9,21,30,1,28,78,17,12,22.0
12852,Caleb Williams,WR,3,E,60,61,52,68,57,55,32,57,96,33,60.0
12853,DeShawn Walker,K,1,E,40,32,40,40,32,32,12,15,74,37,40.0
12854,Trey Taylor,RB,2,E,49,54,56,37,44,42,32,15,1,9,49.0
12855,Bryce White,QB,2,E,42,36,50,47,35,36,38,76,66,95,42.0
12856,Trey Scott,RB,4,E,69,69,83,71,55,63,17,68,89,72,69.0
12857,Caleb Johnson,RB,2,E,42,42,47,39,44,33,61,92,57,48,42.0
12858,DeShawn White,FB,1,E,32,37,27,40,36,14,49,99,81,62,32.0
12859,Caleb White,DL,3,E,56,50,53,62,57,57,61,80,95,0,56.0
12860,Jalen Scott,OT,4,E,61,47,71,44,53,43,12,34,71,3,61.0
12861,DeShawn Williams,S,2,E,40,47,24,29,46,41,5,51,19,48,40.0
12862,Tyler Smith,RB,3,E,58,64,58,34,70,46,11,7,69,19,58.0
12863,Bryce Johnson,WR,3,E,60,63,54,64,58,54,58,63,13,3,60.0
12864,Zion Williams,CB,2,E,47,47,35,56,54,24,8,56,35,75,47.0
12865,DeShawn Williams,OT,3,E,51,37,57,30,54,33,87,92,56,25,51.0
12866,Jalen Walker,K,3,E,59,45,54,64,45,45,14,7,19,73,59.0
12867,Zion Smith,WR,3,E,53,57,48,54,52,48,97,66,48,88,53.0
12868,Bryce Brown,WR,2,E,50,57,45,57,35,49,6,14,27,37,50.0
12869,Bryce Johnson,FB,3,E,52,54,54,62,46,34,47,83,73,84,52.0
12870,Bryce Smith,QB,2,E,44,30,36,53,29,54,60,81,34,82,44.0
12871,Jalen Brown,LB,0,E,20,24,31,21,9,9,4,48,77,37,20.0
12872,Bryce Brown,OT,2,E,44,27,51,20,47,25,2,7,34,77,44.0
12873,Tyler Williams,QB,3,E,58,53,63,60,52,57,59,50,7,64,58.0
12874,Zion Walker,LB,2,E,42,34,50,48,36,36,97,65,93,14,42.0
12875,Caleb Williams,QB,3,E,54,52,58,51,43,60,75,35,18,12,54.0
12876,DeShawn White,S,2,E,44,49,40,37,42,46,39,73,31,28,44.0
12877,Zion Walker,TE,3,E,52,52,53,60,41,44,15,69,18,29,52.0
12878,Jalen Walker,RB,2,E,42,36,53,40,45,33,14,95,87,6,42.0
12879,Trey White,FB,3,E,59,65,60,70,52,32,89,36,59,50,59.0
12880,Tyler Johnson,LB,1,E,35,40,24,43,31,31,100,32,38,30,35.0
12881,Jalen Taylor,C,3,E,58,40,64,39,36,66,73,96,12,3,58.0
12882,Ethan Walker,S,3,E,54,57,29,45,47,69,20,50,48,51,54.0
12883,Tyler Johnson,LB,2,E,40,50,33,43,35,35,96,91,66,99,40.0
12884,Ethan Smith,QB,2,E,41,45,45,29,33,53,46,42,10,11,41.0
12885,Caleb Scott,EDGE,3,E,53,67,51,45,46,50,79,3,3,59,53.0
12886,Caleb Williams,LB,0,E,28,32,39,29,17,17,6,5,80,36,28.0
12887,Jalen Walker,TE,3,E,60,58,75,54,43,54,36,86,81,11,60.0
12888,Trey Walker,OT,2,E,44,16,52,19,58,14,38,21,72,75,44.0
12889,Trey White,WR,2,E,41,45,30,48,45,20,77,61,69,78,41.0
12890,DeShawn Smith,QB,2,E,49,34,50,56,36,54,12,90,27,90,49.0
12891,Caleb Johnson,EDGE,3,E,52,59,57,45,44,46,99,1,93,67,52.0
12892,Zion White,TE,2,E,40,40,57,33,17,33,6,84,29,70,40.0
12893,Jalen Scott,OT,2,E,44,26,46,18,62,24,94,97,76,57,44.0
12894,DeShawn White,EDGE,3,E,57,61,53,53,57,65,92,93,71,23,57.0
12895,Bryce Brown,OT,3,E,50,23,63,22,49,21,27,56,74,33,50.0
12896,DeShawn Smith,EDGE,1,E,30,27,43,19,36,3,0,29,20,73,30.0
12897,Tyler Scott,C,3,E,52,41,57,29,35,55,3,77,63,49,52.0
12898,Ethan Brown,DL,3,E,54,45,60,63,47,41,35,72,49,82,54.0
12899,Tyler Brown,OT,2,E,42,26,46,25,53,22,39,70,87,49,42.0
12900,Zion Johnson,OG,2,E,50,60,46,36,54,46,36,22,63,40,50.0
12901,Ethan Johnson,WR,3,E,52,54,39,59,60,32,36,73,6,78,52.0
12902,Caleb Scott,OG,2,E,46,57,57,11,13,13,40,76,54,1,46.0
12903,Caleb Johnson,S,3,E,60,62,57,52,68,58,52,64,56,77,60.0
12904,Zion Johnson,DL,3,E,51,43,61,51,49,37,12,28,30,36,51.0
12905,Tyler White,QB,3,E,59,55,51,57,47,75,94,70,59,0,59.0
12906,Trey White,S,4,E,70,72,68,62,73,71,74,87,26,90,70.0
12907,Zion Johnson,WR,3,E,58,64,55,57,51,61,27,69,49,81,58.0
12908,Ethan Scott,EDGE,3,E,51,49,58,43,55,39,20,18,36,1,51.0
12909,Trey Johnson,RB,2,E,49,45,61,44,50,39,69,29,2,76,49.0
12910,Ethan Taylor,DL,2,E,49,44,53,46,50,50,98,43,37,56,49.0
12911,Jalen Scott,OG,0,E,5,4,10,-17,-2,-10,63,45,96,57,5.0
12912,Trey Williams,QB,3,E,58,51,61,62,48,59,43,67,60,38,58.0
12913,Ethan White,K,4,E,65,53,61,69,53,53,31,77,58,82,65.0
12914,DeShawn White,K,2,E,48,30,47,49,30,30,9,77,30,10,48.0
12915,Jalen Williams,K,2,E,46,26,46,46,26,26,96,30,24,19,46.0
12916,Trey Johnson,CB,1,E,32,41,25,40,18,24,30,12,12,39,32.0
12917,Tyler Brown,P,2,E,46,34,40,52,34,34,41,70,73,11,46.0
12918,DeShawn Taylor,K,3,E,56,44,58,54,44,44,24,53,43,34,56.0
12919,Caleb Brown,P,4,E,65,49,65,65,49,49,69,26,36,12,65.0
12920,Zion Williams,P,4,E,67,49,68,66,49,49,56,60,87,98,67.0
12921,Jalen Brown,WR,3,E,50,58,46,50,41,50,67,59,94,65,50.0
12922,Ethan Johnson,EDGE,0,E,20,27,28,13,10,9,0,18,59,95,20.0
12923,Jalen Williams,QB,2,E,45,30,44,59,35,42,58,10,97,44,45.0
12924,Zion White,RB,3,E,50,46,60,48,52,40,11,64,11,7,50.0
12925,Trey Taylor,S,3,E,58,69,42,47,59,59,29,64,55,62,58.0
12926,Jalen Johnson,QB,2,E,50,34,52,59,43,50,70,33,52,62,50.0
12927,Trey Walker,P,2,E,46,24,49,43,24,24,6,53,57,7,46.0
12928,Ethan Smith,FB,2,E,42,34,54,46,46,18,85,69,92,82,42.0
12929,Caleb Johnson,WR,3,E,51,53,44,62,43,44,30,100,59,67,51.0
12930,Trey Scott,K,3,E,57,45,59,55,45,45,0,0,27,81,57.0
12931,Bryce White,TE,3,E,59,58,59,65,55,53,51,92,9,58,59.0
12932,Trey Taylor,CB,2,E,47,54,38,47,48,41,53,16,34,98,47.0
12933,Trey Williams,S,3,E,60,72,55,52,52,61,50,86,23,16,60.0
12934,Ethan White,S,1,E,31,46,29,24,20,30,83,10,10,10,31.0
12935,Tyler White,CB,3,E,60,62,52,58,68,57,9,7,70,61,60.0
12936,Tyler Walker,OT,3,E,57,50,62,40,56,42,20,39,62,15,57.0
12937,Bryce White,WR,4,E,70,84,60,76,62,44,60,0,71,52,70.0
12938,Caleb Williams,S,2,E,42,51,47,37,35,40,45,82,9,17,42.0
12939,Zion Scott,P,3,E,51,37,52,50,37,37,22,77,85,44,51.0
12940,Jalen Taylor,RB,2,E,50,58,46,50,46,46,69,67,47,58,50.0
12941,Bryce Walker,P,4,E,66,58,60,72,58,58,7,88,66,11,66.0
12942,Zion Brown,OG,2,E,49,53,51,35,43,39,39,86,79,48,49.0
12943,Bryce Walker,QB,3,E,52,32,56,64,43,50,66,11,15,84,52.0
12944,Zion Brown,FB,2,E,44,38,58,42,50,14,86,84,3,5,44.0
12945,Trey Taylor,QB,0,E,14,-1,9,30,1,13,21,98,61,45,14.0
12946,Caleb Scott,WR,3,E,57,58,49,65,57,46,19,8,65,59,57.0
12947,Jalen Johnson,C,2,E,40,19,47,21,15,49,30,49,86,4,40.0
12948,Ethan Scott,C,3,E,56,58,54,45,50,63,13,31,62,18,56.0
12949,Tyler Brown,CB,0,E,5,6,0,9,1,6,80,29,72,67,5.0
12950,Bryce Johnson,TE,2,E,42,37,54,45,22,33,11,39,5,61,42.0
12951,Zion Taylor,P,3,E,57,43,54,60,43,43,63,69,35,55,57.0
12952,Bryce Taylor,EDGE,3,E,53,54,55,46,59,43,42,7,15,47,53.0
12953,Bryce Walker,TE,0,E,24,28,19,32,23,16,91,65,57,31,24.0
12954,Trey White,QB,3,E,57,52,56,60,45,62,84,18,51,70,57.0
12955,Zion Smith,FB,0,E,4,3,8,9,11,-23,90,66,30,37,4.0
12956,Ethan Johnson,C,2,E,40,7,55,19,7,40,91,56,48,5,40.0
12957,Tyler White,QB,5,E,89,69,85,109,77,85,34,19,60,29,89.0
12958,Trey Walker,RB,2,E,43,45,48,20,55,30,10,69,21,24,43.0
12959,Trey Smith,LB,3,E,53,47,50,62,50,50,2,65,14,42,53.0
12960,Tyler Smith,K,3,E,57,43,60,54,43,43,0,4,47,67,57.0
12961,Tyler Brown,S,3,E,58,58,44,50,56,68,36,83,70,5,58.0
12962,Ethan Taylor,WR,4,E,66,69,57,67,74,52,94,73,7,49,66.0
12963,Bryce Smith,DL,1,E,37,28,31,46,41,38,72,15,41,35,37.0
12964,Trey Scott,WR,3,E,52,44,44,64,53,56,44,83,64,62,52.0
12965,Zion Walker,K,3,E,54,42,56,52,42,42,64,25,65,23,54.0
12966,DeShawn Williams,WR,2,E,49,47,44,50,52,54,73,68,32,75,49.0
12967,DeShawn Johnson,CB,3,E,55,58,48,66,48,39,55,93,57,87,55.0
12968,Ethan Taylor,DL,2,E,44,34,34,58,48,46,35,7,71,1,44.0
12969,DeShawn Smith,WR,3,E,59,57,51,61,67,56,55,83,87,80,59.0
12970,Bryce Scott,RB,2,E,46,56,38,32,54,38,22,27,49,45,46.0
12971,Tyler Johnson,OT,2,NE,47,24,56,21,53,20,70,0,4,46,47.0
12972,DeShawn Scott,DL,2,NE,41,39,42,45,32,49,0,83,10,1,41.0
12973,Jalen Smith,OG,3,NE,59,63,71,31,31,27,82,74,63,33,59.0
12974,Bryce Williams,QB,2,NE,45,28,42,57,33,48,93,35,71,87,45.0
12975,Zion Williams,QB,2,NE,45,29,49,55,36,43,55,25,74,92,45.0
12976,Jalen Scott,OT,3,NE,57,25,69,35,64,25,76,85,79,8,57.0
12977,DeShawn Taylor,WR,3,NE,59,70,52,60,56,40,31,68,62,95,59.0
12978,Zion Williams,FB,2,NE,50,49,64,43,57,11,39,88,84,85,50.0
12979,Trey Johnson,OG,3,NE,55,59,60,30,44,36,1,50,31,71,55.0
12980,Ethan Scott,K,2,NE,47,29,48,46,29,29,61,67,25,82,47.0
12981,Ethan Taylor,TE,3,NE,59,48,70,59,54,55,65,14,88,58,59.0
12982,Zion Walker,FB,3,NE,51,57,57,54,50,12,58,44,22,7,51.0
12983,Trey Scott,C,1,NE,32,28,32,11,20,41,46,46,76,17,32.0
12984,Trey Johnson,LB,2,NE,46,41,54,50,40,40,92,16,67,57,46.0
12985,Caleb Smith,FB,3,NE,57,64,64,60,56,12,65,99,81,49,57.0
12986,Bryce Walker,OG,3,NE,56,67,67,21,23,23,12,86,44,86,56.0
12987,Caleb Walker,OT,3,NE,57,41,65,34,57,37,91,1,2,82,57.0
12988,DeShawn Scott,OG,3,NE,55,70,58,30,38,34,4,96,97,92,55.0
12989,Zion Brown,FB,3,NE,52,50,55,58,56,34,75,78,70,33,52.0
12990,Bryce White,CB,1,NE,31,32,20,38,39,8,67,10,41,99,31.0
12991,Tyler White,TE,2,NE,41,38,48,42,31,36,18,4,65,13,41.0
12992,Ethan Williams,CB,3,NE,57,55,49,67,59,40,65,73,28,92,57.0
12993,Trey Williams,OG,2,NE,44,44,46,36,42,36,58,1,41,19,44.0
12994,Tyler Taylor,QB,3,NE,54,43,53,66,44,51,63,81,100,5,54.0
12995,Zion Brown,EDGE,4,NE,62,65,66,51,71,41,56,6,55,1,62.0
12996,Jalen Walker,P,3,NE,57,51,56,58,51,51,3,29,33,33,57.0
12997,Tyler Scott,LB,2,NE,47,39,52,53,43,43,28,17,67,12,47.0
12998,Zion Walker,LB,3,NE,50,54,55,54,40,40,93,1,0,27,50.0
12999,Tyler Smith,QB,2,NE,50,43,45,54,41,57,100,45,83,29,50.0
13000,Caleb Williams,WR,4,NE,62,62,50,70,68,48,87,81,80,3,62.0
13001,Bryce Johnson,QB,3,NE,50,40,46,59,41,52,18,7,84,40,50.0
13002,Tyler Johnson,RB,0,NE,14,12,20,11,17,6,80,65,65,59,14.0
13003,Zion White,TE,3,NE,53,64,62,51,27,41,88,32,18,6,53.0
13004,Tyler Scott,OG,3,NE,55,57,66,24,30,28,72,12,46,99,55.0
13005,Caleb White,C,4,NE,68,58,70,51,54,77,39,99,39,46,68.0
13006,DeShawn Taylor,OT,2,NE,44,33,53,27,35,29,12,46,16,82,44.0
13007,DeShawn Walker,P,4,NE,68,62,67,69,62,62,32,35,52,89,68.0
13008,Bryce Taylor,OT,3,NE,57,42,58,34,75,38,18,7,46,6,57.0
13009,Bryce Williams,OT,0,NE,3,-16,16,-13,-6,-22,28,5,89,13,3.0
13010,Ethan Johnson,K,2,NE,48,24,50,46,24,24,7,54,77,94,48.0
13011,Tyler Taylor,FB,3,NE,51,51,61,53,49,21,11,81,63,65,51.0
13012,Caleb Johnson,EDGE,4,NE,70,69,81,63,68,54,43,79,54,80,70.0
13013,Jalen Scott,CB,3,NE,59,53,51,66,68,47,63,49,42,22,59.0
13014,DeShawn White,OT,3,NE,55,39,59,33,66,35,60,90,9,12,55.0
13015,Ethan Walker,P,4,NE,70,50,76,64,50,50,43,51,46,1,70.0
13016,DeShawn White,TE,2,NE,47,54,44,47,51,41,66,44,93,46,47.0
13017,Caleb Scott,C,3,NE,59,48,64,51,42,62,43,67,54,7,59.0
13018,Caleb White,OT,2,NE,42,13,53,8,49,11,84,24,26,90,42.0
13019,Ethan Scott,P,1,NE,36,30,35,37,30,30,73,19,98,45,36.0
13020,Bryce White,S,2,NE,40,52,20,28,44,40,13,23,61,41,40.0
13021,Ethan Smith,P,3,NE,53,35,56,50,35,35,2,82,10,17,53.0
13022,Zion Brown,EDGE,3,NE,53,54,64,46,47,40,14,65,19,97,53.0
13023,Zion Johnson,WR,3,NE,60,60,57,63,55,67,54,31,63,6,60.0
13024,Zion Williams,S,3,NE,54,62,34,42,63,54,44,54,94,32,54.0
13025,Tyler Taylor,S,1,NE,31,35,7,19,38,37,51,55,8,7,31.0
13026,Zion Walker,LB,3,NE,60,52,68,67,53,53,97,30,96,33,60.0
13027,Caleb Williams,TE,3,NE,55,50,56,62,52,50,76,48,64,55,55.0
13028,Jalen White,WR,3,NE,54,66,45,59,48,31,2,42,71,61,54.0
13029,Tyler Walker,FB,2,NE,49,42,62,46,58,22,90,22,29,28,49.0
13030,Tyler Smith,OT,3,NE,55,40,60,31,62,36,15,23,57,75,55.0
13031,Bryce Williams,WR,2,NE,49,44,44,64,38,56,3,46,67,100,49.0
13032,Ethan Johnson,OT,2,NE,40,23,47,15,46,15,82,68,99,19,40.0
13033,Trey White,S,3,NE,52,52,36,44,60,56,60,34,82,37,52.0
13034,Trey White,P,3,NE,54,40,57,51,40,40,18,21,15,86,54.0
13035,Zion Scott,OT,4,NE,67,57,73,54,65,53,58,31,14,56,67.0
13036,Bryce Johnson,WR,0,NE,27,29,20,24,35,23,57,30,42,57,27.0
13037,DeShawn Johnson,C,3,NE,56,47,59,38,39,63,83,100,88,10,56.0
13038,Zion Taylor,RB,2,NE,41,43,41,26,53,31,31,12,64,59,41.0
13039,Zion Taylor,OG,3,NE,50,59,51,31,43,37,42,40,73,7,50.0
13040,Jalen Scott,OT,3,NE,60,50,70,47,49,42,44,3,63,70,60.0
13041,DeShawn White,C,3,NE,60,40,72,38,36,54,0,24,6,84,60.0
13042,Jalen Taylor,FB,2,NE,43,49,54,39,45,-5,1,77,95,27,43.0
13043,Caleb Taylor,CB,3,NE,50,64,40,52,46,32,49,100,12,73,50.0
13044,Caleb White,TE,2,NE,49,58,60,43,28,39,32,27,28,92,49.0
13045,Trey Taylor,LB,3,NE,54,56,55,60,46,46,17,16,82,72,54.0
13046,Trey Williams,S,2,NE,44,43,23,33,58,48,81,60,44,19,44.0
13047,Ethan White,K,4,NE,65,51,64,66,51,51,54,13,98,62,65.0
13048,Trey Johnson,RB,3,NE,51,49,53,48,59,43,51,24,9,80,51.0
13049,Zion Scott,C,3,NE,58,42,62,36,38,69,30,56,65,67,58.0
13050,Ethan Walker,RB,3,NE,53,58,59,36,54,43,57,49,27,37,53.0
13051,Trey Scott,WR,2,NE,45,51,36,54,41,26,72,38,43,14,45.0
13052,Bryce Smith,OG,3,NE,53,60,65,26,21,21,88,52,58,12,53.0
13053,Jalen Johnson,CB,2,NE,40,36,32,50,43,26,19,65,7,38,40.0
13054,Bryce Smith,QB,1,NE,34,32,40,32,26,36,38,90,69,94,34.0
13055,Bryce White,WR,2,NE,50,61,43,53,43,34,24,10,51,3,50.0
13056,Trey Brown,CB,2,NE,44,48,36,54,37,30,12,40,75,24,44.0
13057,Ethan Smith,S,3,NE,56,62,40,46,52,64,36,2,40,72,56.0
13058,Bryce Scott,OG,3,NE,51,49,62,36,30,26,69,25,26,48,51.0
13059,Ethan Smith,C,3,NE,53,28,60,23,26,66,64,80,55,48,53.0
13060,Ethan Johnson,FB,3,NE,52,52,62,53,53,19,71,78,12,21,52.0
13061,DeShawn Smith,FB,3,NE,50,57,47,60,48,26,91,61,71,43,50.0
13062,Trey Smith,K,3,NE,51,31,51,51,31,31,15,42,67,32,51.0
13063,Tyler Smith,S,3,NE,51,57,43,45,43,57,79,3,93,99,51.0
13064,Jalen Brown,RB,2,NE,46,60,52,20,38,36,88,8,68,37,46.0
13065,Zion Scott,P,2,NE,45,37,43,47,37,37,67,44,50,52,45.0
13066,DeShawn Johnson,OG,4,NE,65,68,72,41,48,46,31,78,48,73,65.0
13067,Jalen Taylor,P,3,NE,53,41,49,57,41,41,45,77,39,42,53.0
13068,Trey White,EDGE,2,NE,49,43,57,39,63,27,27,20,90,3,49.0
13069,Zion Brown,TE,4,NE,70,72,74,75,58,59,47,91,38,82,70.0
13070,Bryce White,CB,2,NE,46,48,36,57,45,25,35,68,60,78,46.0
13071,Ethan Taylor,FB,3,NE,51,57,52,49,59,21,33,54,56,66,51.0
13072,Trey Scott,WR,3,NE,60,57,48,68,71,45,71,9,78,85,60.0
13073,DeShawn Johnson,QB,2,NE,49,39,47,47,39,63,30,75,30,5,49.0
13074,Tyler Brown,K,2,NE,42,28,43,41,28,28,66,52,20,81,42.0
13075,Ethan Scott,DL,2,NE,40,32,44,48,32,36,55,80,51,86,40.0
13076,DeShawn White,DL,0,NE,23,13,22,27,32,13,26,85,43,31,23.0
13077,Ethan Johnson,C,2,NE,40,23,47,29,19,44,31,2,31,9,40.0
13078,Zion Smith,P,2,NE,47,31,45,49,31,31,37,45,95,66,47.0
13079,DeShawn Walker,EDGE,3,NE,51,58,55,46,41,49,100,23,19,65,51.0
13080,Bryce Smith,C,2,NE,44,18,54,13,14,51,82,53,48,80,44.0
13081,Caleb Brown,C,2,NE,50,30,58,22,24,56,99,94,95,42,50.0
13082,Tyler Taylor,RB,3,NE,52,47,65,43,56,41,96,89,62,63,52.0
13083,Jalen Brown,EDGE,3,NE,50,54,57,42,45,41,53,44,84,81,50.0
13084,Jalen Walker,K,3,NE,58,38,56,60,38,38,64,8,36,16,58.0
13085,Trey Williams,LB,4,NE,66,66,60,75,61,61,27,49,29,90,66.0
13086,Ethan Brown,OT,2,NE,40,30,46,23,40,22,12,90,77,13,40.0
13087,DeShawn Williams,OG,2,NE,49,40,62,33,30,24,46,16,0,33,49.0
13088,Bryce Smith,WR,4,NE,65,71,62,68,53,68,89,88,93,46,65.0
13089,Caleb Brown,S,3,NE,54,58,35,42,63,57,2,37,27,20,54.0
13090,Caleb Johnson,FB,3,NE,53,63,48,61,51,29,66,67,100,94,53.0
13091,Tyler Walker,TE,3,NE,52,47,60,50,49,48,37,33,56,57,52.0
13092,Zion Smith,LB,3,NE,59,57,61,66,52,52,73,43,29,75,59.0
13093,Zion Williams,OT,3,NE,58,41,61,38,73,37,21,14,3,76,58.0
13094,DeShawn Brown,S,3,NE,59,64,64,52,66,52,65,71,84,79,59.0
13095,Trey Brown,DL,3,NE,54,48,48,60,57,60,95,83,62,39,54.0
13096,Zion Smith,K,4,NE,66,50,68,64,50,50,75,70,42,47,66.0
13097,Bryce Walker,OG,3,NE,57,59,60,42,52,44,68,84,23,71,57.0
13098,Bryce Smith,LB,0,NE,17,14,8,27,15,15,47,34,39,40,17.0
13099,Zion Smith,LB,3,NE,60,49,53,73,59,59,25,69,44,97,60.0
13100,Jalen Johnson,WR,3,NE,57,54,51,65,54,61,81,5,35,30,57.0
13101,Caleb Brown,LB,3,NE,60,53,61,69,55,55,75,25,83,48,60.0
13102,Caleb Brown,P,2,NE,44,26,45,43,26,26,57,82,63,49,44.0
13103,DeShawn Scott,WR,3,NE,57,55,52,58,60,62,3,55,64,63,57.0
13104,DeShawn Taylor,C,2,NE,50,30,62,31,24,45,80,32,24,6,50.0
13105,Caleb Brown,S,2,NE,46,39,23,37,55,58,86,36,47,64,46.0
13106,Tyler Smith,WR,5,NE,73,64,64,88,73,76,1,99,32,1,73.0
13107,Tyler Williams,EDGE,3,NE,57,63,63,51,49,49,58,47,98,59,57.0
13108,Trey Williams,TE,3,NE,57,64,64,55,39,49,64,92,60,4,57.0
13109,Jalen Williams,RB,3,NE,52,51,51,50,61,45,75,92,87,1,52.0
13110,Bryce Williams,TE,3,NE,57,52,64,56,56,52,4,60,6,3,57.0
13111,Bryce Brown,EDGE,4,NE,70,75,75,63,63,67,6,46,77,52,70.0
13112,DeShawn Taylor,P,3,NE,57,31,58,56,31,31,75,98,81,7,57.0
13113,Ethan Walker,QB,2,NE,49,40,54,53,43,48,42,8,32,57,49.0
13114,Trey Williams,OT,2,NE,43,31,43,20,60,27,0,7,12,38,43.0
13115,Ethan White,RB,3,NE,57,73,57,33,51,49,73,77,29,45,57.0
13116,Bryce Johnson,EDGE,3,NE,59,57,74,53,52,42,79,26,30,88,59.0
13117,Bryce Williams,OG,1,NE,36,33,44,22,24,16,21,99,97,1,36.0
13118,Tyler Johnson,P,2,NE,42,28,45,39,28,28,6,40,72,40,42.0
13119,Jalen Brown,FB,3,NE,59,66,56,61,65,35,85,81,55,52,59.0
13120,DeShawn Williams,LB,3,NE,60,70,53,64,54,54,21,84,92,20,60.0
13121,Ethan Scott,RB,2,NE,46,50,51,34,48,35,38,47,19,60,46.0
13122,Trey Smith,C,3,NE,56,50,62,42,42,51,15,5,54,45,56.0
13123,Zion Taylor,WR,1,NE,33,39,24,44,25,17,92,34,86,1,33.0
13124,Tyler White,QB,3,NE,54,50,58,54,47,56,28,1,13,91,54.0
13125,Ethan Brown,P,3,NE,54,36,59,49,36,36,92,53,9,6,54.0
13126,Caleb Johnson,S,4,NE,60,70,61,54,56,57,50,27,59,98,60.0
13127,Ethan White,WR,4,NE,68,73,61,77,56,65,38,10,47,82,68.0
13128,Zion Williams,OT,3,NE,50,26,58,28,59,24,12,77,90,27,50.0
13129,Ethan Taylor,FB,3,NE,56,62,57,59,57,29,60,69,23,47,56.0
13130,Jalen Brown,P,2,NE,45,33,39,51,33,33,54,58,82,85,45.0
13131,Tyler Smith,TE,3,NE,54,70,56,52,36,44,18,29,13,3,54.0
13132,Ethan Taylor,OG,5,NE,79,90,85,56,57,57,92,69,48,74,79.0
13133,DeShawn Walker,CB,2,NE,42,49,31,49,41,22,82,0,90,51,42.0
13134,Zion White,QB,3,NE,59,48,62,61,51,64,7,3,47,6,59.0
13135,Trey White,EDGE,3,NE,60,55,69,51,70,39,8,73,2,16,60.0
13136,Ethan Williams,K,2,NE,47,35,45,49,35,35,75,56,75,58,47.0
13137,Tyler Scott,C,2,NE,49,29,61,24,27,42,53,54,25,9,49.0
13138,Caleb Johnson,RB,2,NE,41,43,43,29,49,31,0,38,88,100,41.0
13139,DeShawn Walker,RB,3,NE,55,61,58,39,57,46,59,99,31,85,55.0
13140,Tyler Smith,OG,3,NE,59,63,60,48,56,50,74,23,33,42,59.0
13141,Bryce Johnson,FB,3,NE,52,52,62,50,54,22,49,62,24,24,52.0
13142,Tyler Johnson,LB,3,NE,52,63,50,55,43,43,10,79,28,95,52.0
13143,DeShawn Smith,EDGE,3,NE,55,55,62,47,58,40,12,68,43,88,55.0
13144,Jalen White,TE,3,NE,52,47,65,49,38,47,53,11,15,75,52.0
13145,Jalen White,P,4,NE,67,51,67,67,51,51,76,34,51,81,67.0
13146,Caleb White,CB,3,NE,55,67,49,58,40,55,9,0,98,83,55.0
13147,DeShawn Scott,CB,2,NE,40,38,34,52,38,22,99,35,70,10,40.0
13148,Jalen White,TE,3,NE,59,66,66,57,41,51,42,51,26,80,59.0
13149,Bryce Johnson,S,3,NE,50,58,50,44,40,53,31,40,6,41,50.0
13150,Trey Brown,OT,2,NE,47,48,52,36,36,40,16,65,48,18,47.0
13151,Tyler Taylor,RB,2,NE,46,52,50,28,50,34,47,55,86,48,46.0
13152,DeShawn Taylor,DL,3,NE,53,48,63,56,41,47,78,22,27,94,53.0
13153,Bryce Smith,P,2,NE,43,31,45,41,31,31,53,41,9,14,43.0
13154,DeShawn Scott,S,3,NE,56,54,38,46,72,58,45,64,84,91,56.0
13155,DeShawn Williams,OT,4,NE,60,49,65,52,63,43,56,62,35,35,60.0
13156,Tyler Walker,OT,2,NE,46,25,57,21,44,21,87,47,30,35,46.0
13157,Zion Johnson,S,2,NE,40,39,25,31,42,49,64,29,46,91,40.0
13158,Trey Williams,OG,4,NE,69,64,76,57,60,54,22,55,92,46,69.0
13159,Trey White,P,4,NE,70,62,70,70,62,62,42,10,65,75,70.0
13160,Bryce Williams,S,2,NE,46,49,17,33,50,57,92,3,92,82,46.0
13161,Ethan Smith,CB,2,NE,43,54,36,39,39,46,72,93,73,82,43.0
13162,Jalen Scott,EDGE,4,NE,70,70,79,58,77,47,40,78,91,21,70.0
13163,Tyler Williams,FB,2,NE,44,47,47,46,46,20,16,54,13,54,44.0
13164,Caleb Johnson,P,2,NE,44,32,44,44,32,32,40,15,39,43,44.0
13165,Caleb Scott,LB,3,NE,50,50,56,54,42,42,92,1,1,95,50.0
13166,Ethan Taylor,CB,3,NE,56,57,49,61,54,53,90,86,18,43,56.0
13167,Trey Walker,DL,3,NE,58,48,63,64,56,47,26,14,79,99,58.0
13168,Jalen White,QB,4,NE,62,62,58,68,52,62,6,7,57,21,62.0
13169,Trey Smith,WR,2,NE,45,49,43,47,35,51,22,61,79,92,45.0
13170,Tyler Scott,P,1,NE,31,9,36,26,9,9,33,98,31,81,31.0
13171,Tyler Taylor,TE,2,NE,41,41,37,50,41,34,6,52,80,49,41.0
13172,DeShawn White,OT,2,NE,41,13,53,12,43,13,13,63,84,75,41.0
13173,Zion Smith,RB,3,NE,55,54,56,56,60,48,58,79,37,52,55.0
13174,Jalen Brown,K,3,NE,55,43,51,59,43,43,63,82,10,59,55.0
13175,Caleb Johnson,EDGE,3,NE,57,59,69,51,47,45,2,51,64,12,57.0
13176,Jalen Williams,K,2,NE,50,28,55,45,28,28,77,81,77,37,50.0
13177,Bryce Scott,RB,1,NE,38,45,39,34,32,33,95,30,96,51,38.0
13178,Caleb White,QB,2,NE,48,40,40,56,32,56,12,26,44,15,48.0
13179,Trey Walker,DL,2,NE,41,30,39,52,44,30,12,21,26,8,41.0
13180,Tyler Taylor,EDGE,2,NE,45,42,59,38,42,27,88,47,60,94,45.0
13181,Zion Williams,S,3,NE,58,57,61,53,60,59,55,81,68,6,58.0
13182,Zion Scott,TE,2,NE,45,39,57,45,30,39,12,63,76,90,45.0
13183,Ethan Williams,QB,0,NE,29,21,31,38,20,25,18,14,85,80,29.0
13184,Trey Smith,C,3,NE,59,22,78,34,22,53,78,91,80,80,59.0
13185,Bryce Johnson,TE,3,NE,54,62,58,54,38,46,18,71,73,31,54.0
13186,Trey Williams,C,3,NE,59,28,72,35,28,62,25,91,54,99,59.0
13187,Ethan Williams,CB,3,NE,59,63,49,70,57,35,42,57,51,9,59.0
13188,DeShawn Walker,QB,3,NE,50,32,56,56,42,52,63,3,33,23,50.0
13189,Trey Johnson,K,2,NE,48,36,50,46,36,36,97,99,3,32,48.0
13190,DeShawn Scott,OT,3,NE,50,30,58,33,53,30,80,10,65,88,50.0
13191,Trey Walker,S,3,NE,53,53,34,43,58,61,76,95,73,92,53.0
13192,Zion Williams,K,2,NE,45,27,48,42,27,27,72,87,90,79,45.0
13193,Ethan White,FB,3,NE,56,69,54,62,52,20,8,51,5,46,56.0
13194,Zion Taylor,QB,2,NE,46,35,53,54,37,41,84,87,21,74,46.0
13195,DeShawn Williams,FB,0,NE,25,34,29,25,27,-17,57,50,15,18,25.0
13196,Tyler Scott,RB,3,NE,57,57,66,54,54,48,0,100,91,77,57.0
13197,Jalen Brown,K,1,NE,30,18,26,34,18,18,6,77,45,13,30.0
13198,Bryce Scott,OT,4,NE,67,46,74,45,75,44,10,5,96,13,67.0
13199,Caleb Walker,EDGE,3,NE,56,57,52,49,66,56,44,22,28,83,56.0
13200,Bryce Brown,LB,3,NE,56,58,57,59,51,51,35,78,74,28,56.0
13201,Tyler Walker,K,2,NE,45,39,44,46,39,39,14,66,96,54,45.0
